timestamp_utc,elapsed_s,mode,led,polar_deg,azimuth_deg,sample_index,dac_code,target_current_a,led_current_a,bridge_temperature_c,sgt_tia_v,sol_tia_v,external_pd_v
2026-07-28T16:36:25.740354+00:00,70.275171,open,dark,-90.000,-90.000,0,0,,0.000710227,39.7526,4.897010803,4.903645039,1.649609923
2026-07-28T16:36:25.891034+00:00,70.425854,open,dark,-90.000,-90.000,1,0,,0.000710227,39.7102,4.896994114,4.903634071,1.649760127
2026-07-28T16:36:26.041555+00:00,70.576386,open,dark,-90.000,-90.000,2,0,,0.000710227,39.6585,4.896995544,4.903666973,1.649568200
2026-07-28T16:36:26.192050+00:00,70.726879,open,dark,-90.000,-90.000,3,0,,0.000710227,39.6068,4.897032261,4.903691292,1.649742961
2026-07-28T16:36:26.342518+00:00,70.877345,open,dark,-90.000,-90.000,4,0,,0.000710227,39.5504,4.897076607,4.903706551,1.649657845
2026-07-28T16:36:26.493006+00:00,71.027836,open,dark,-90.000,-90.000,5,0,,0.000710227,39.4870,4.897140980,4.903784275,1.649127245
2026-07-28T16:36:26.643354+00:00,71.178185,open,dark,-90.000,-90.000,6,0,,0.000710227,39.4355,4.897191525,4.903832436,1.649605036
2026-07-28T16:36:26.793724+00:00,71.328554,open,dark,-90.000,-90.000,7,0,,0.000681818,39.3746,4.897227764,4.903863907,1.649644375
2026-07-28T16:36:26.944202+00:00,71.479033,open,dark,-90.000,-90.000,8,0,,0.000710227,39.3184,4.897258759,4.903930664,1.649573088
2026-07-28T16:36:27.094667+00:00,71.629498,open,dark,-90.000,-90.000,9,0,,0.000710227,39.2576,4.897292614,4.903959751,1.649625301
2026-07-28T16:36:27.245019+00:00,71.779851,open,dark,-90.000,-90.000,10,0,,0.000710227,39.1922,4.897308826,4.903974533,1.649456382
2026-07-28T16:36:27.395358+00:00,71.930187,open,dark,-90.000,-90.000,11,0,,0.000681818,39.1315,4.897330284,4.904002190,1.649621129
2026-07-28T16:36:27.545639+00:00,72.080471,open,dark,-90.000,-90.000,12,0,,0.000710227,39.0709,4.897330284,4.904005051,1.649722457
2026-07-28T16:36:27.696022+00:00,72.230854,open,dark,-90.000,-90.000,13,0,,0.000710227,39.0080,4.897338867,4.903990746,1.649535537
2026-07-28T16:36:27.846327+00:00,72.381158,open,dark,-90.000,-90.000,14,0,,0.000710227,38.9452,4.897334576,4.904011250,1.649516463
2026-07-28T16:36:27.996743+00:00,72.531574,open,dark,-90.000,-90.000,15,0,,0.000710227,38.8824,4.897334099,4.904008865,1.649646759
2026-07-28T16:36:28.147094+00:00,72.681926,open,dark,-90.000,-90.000,16,0,,0.000710227,38.8220,4.897331715,4.904006004,1.649545431
2026-07-28T16:36:28.297538+00:00,72.832368,open,dark,-90.000,-90.000,17,0,,0.000710227,38.7616,4.897318840,4.903985023,1.649559140
2026-07-28T16:36:28.448001+00:00,72.982832,open,dark,-90.000,-90.000,18,0,,0.000710227,38.6967,4.897299290,4.903994560,1.649389744
2026-07-28T16:36:28.598305+00:00,73.133137,open,dark,-90.000,-90.000,19,0,,0.000710227,38.6342,4.897298336,4.904005051,1.649481773
2026-07-28T16:36:32.792271+00:00,77.327099,open,rgb,-90.000,-90.000,0,700,,0.258750000,38.4630,4.043889523,4.043818474,1.648995161
2026-07-28T16:36:32.942771+00:00,77.477601,open,rgb,-90.000,-90.000,1,700,,0.258721591,38.5000,4.044058800,4.043933868,1.649049878
2026-07-28T16:36:33.093173+00:00,77.628002,open,rgb,-90.000,-90.000,2,700,,0.258750000,38.5393,4.044015884,4.043921947,1.649209261
2026-07-28T16:36:33.243589+00:00,77.778419,open,rgb,-90.000,-90.000,3,700,,0.258721591,38.5717,4.043983936,4.043874741,1.649008393
2026-07-28T16:36:33.393955+00:00,77.928787,open,rgb,-90.000,-90.000,4,700,,0.258806818,38.6110,4.044046402,4.044030666,1.649208307
2026-07-28T16:36:33.544405+00:00,78.079236,open,rgb,-90.000,-90.000,5,700,,0.258778409,38.6434,4.043996811,4.043931007,1.649338961
2026-07-28T16:36:33.694743+00:00,78.229573,open,rgb,-90.000,-90.000,6,700,,0.258721591,38.6805,4.044170856,4.044025421,1.649298668
2026-07-28T16:36:33.845094+00:00,78.379924,open,rgb,-90.000,-90.000,7,700,,0.258806818,38.7060,4.044280529,4.044188499,1.649100661
2026-07-28T16:36:33.995551+00:00,78.530381,open,rgb,-90.000,-90.000,8,700,,0.258721591,38.7361,4.044085026,4.044011116,1.648962498
2026-07-28T16:36:34.145946+00:00,78.680777,open,rgb,-90.000,-90.000,9,700,,0.258778409,38.7756,4.044258595,4.044174671,1.649244905
2026-07-28T16:36:34.296518+00:00,78.831347,open,rgb,-90.000,-90.000,10,700,,0.258778409,38.8127,4.044249535,4.044172287,1.649349213
2026-07-28T16:36:34.446863+00:00,78.981694,open,rgb,-90.000,-90.000,11,700,,0.258778409,38.8475,4.044320107,4.044219017,1.649137735
2026-07-28T16:36:34.598854+00:00,79.133679,open,rgb,-90.000,-90.000,12,700,,0.258664773,38.8847,4.044137478,4.043951511,1.649244189
2026-07-28T16:36:34.749363+00:00,79.284191,open,rgb,-90.000,-90.000,13,700,,0.258693182,38.9149,4.044343948,4.044255733,1.648577690
2026-07-28T16:36:34.899949+00:00,79.434776,open,rgb,-90.000,-90.000,14,700,,0.258806818,38.9591,4.044425964,4.044226170,1.649241805
2026-07-28T16:36:35.050360+00:00,79.585187,open,rgb,-90.000,-90.000,15,700,,0.258778409,38.9963,4.044205666,4.044078827,1.649402618
2026-07-28T16:36:35.200673+00:00,79.735504,open,rgb,-90.000,-90.000,16,700,,0.258778409,39.0313,4.044156551,4.044060230,1.649152637
2026-07-28T16:36:35.350969+00:00,79.885800,open,rgb,-90.000,-90.000,17,700,,0.258778409,39.0662,4.044318676,4.044281960,1.649204135
2026-07-28T16:36:35.501123+00:00,80.035954,open,rgb,-90.000,-90.000,18,700,,0.258778409,39.0965,4.044217587,4.044158459,1.649399996
2026-07-28T16:36:35.651390+00:00,80.186221,open,rgb,-90.000,-90.000,19,700,,0.258806818,39.1245,4.044247627,4.044164658,1.649211764
2026-07-28T16:36:38.332773+00:00,82.867601,open,rgb,-90.000,-75.000,0,700,,0.258693182,39.5903,4.044978142,4.044624329,1.649022818
2026-07-28T16:36:38.483276+00:00,83.018106,open,rgb,-90.000,-75.000,1,700,,0.258750000,39.6256,4.045163631,4.044719219,1.649037242
2026-07-28T16:36:38.633606+00:00,83.168436,open,rgb,-90.000,-75.000,2,700,,0.258721591,39.6538,4.045054913,4.044712543,1.649363399
2026-07-28T16:36:38.783906+00:00,83.318738,open,rgb,-90.000,-75.000,3,700,,0.258750000,39.6891,4.045053005,4.044620514,1.649180293
2026-07-28T16:36:38.934053+00:00,83.468885,open,rgb,-90.000,-75.000,4,700,,0.258806818,39.7197,4.045163155,4.044832230,1.649324298
2026-07-28T16:36:39.084302+00:00,83.619131,open,rgb,-90.000,-75.000,5,700,,0.258778409,39.7455,4.045172691,4.044789791,1.649164200
2026-07-28T16:36:39.234498+00:00,83.769330,open,rgb,-90.000,-75.000,6,700,,0.258778409,39.7715,4.045242310,4.044848442,1.649138808
2026-07-28T16:36:39.384612+00:00,83.919442,open,rgb,-90.000,-75.000,7,700,,0.258863636,39.8021,4.045148849,4.044852257,1.649356484
2026-07-28T16:36:39.534825+00:00,84.069656,open,rgb,-90.000,-75.000,8,700,,0.258806818,39.8280,4.045078278,4.044755936,1.649010777
2026-07-28T16:36:39.685117+00:00,84.219947,open,rgb,-90.000,-75.000,9,700,,0.258750000,39.8587,4.045247078,4.044917583,1.649378777
2026-07-28T16:36:39.835237+00:00,84.370063,open,rgb,-90.000,-75.000,10,700,,0.258806818,39.8846,4.045154572,4.044137955,1.649412632
2026-07-28T16:36:39.985695+00:00,84.520521,open,rgb,-90.000,-75.000,11,700,,0.258863636,39.9129,4.045019150,4.044571400,1.649226904
2026-07-28T16:36:40.136154+00:00,84.670979,open,rgb,-90.000,-75.000,12,700,,0.258835227,39.9484,4.045101643,4.044697762,1.649329662
2026-07-28T16:36:40.286664+00:00,84.821494,open,rgb,-90.000,-75.000,13,700,,0.258778409,39.9673,4.045075417,4.044670105,1.648582816
2026-07-28T16:36:40.436959+00:00,84.971790,open,rgb,-90.000,-75.000,14,700,,0.258892045,39.9980,4.045225620,4.044855118,1.649213433
2026-07-28T16:36:40.587191+00:00,85.122022,open,rgb,-90.000,-75.000,15,700,,0.258920455,40.0193,4.045130730,4.044832706,1.649340630
2026-07-28T16:36:40.737391+00:00,85.272222,open,rgb,-90.000,-75.000,16,700,,0.258835227,40.0311,4.045183182,4.044770718,1.649175167
2026-07-28T16:36:40.887705+00:00,85.422532,open,rgb,-90.000,-75.000,17,700,,0.258835227,40.0500,4.045283318,4.044913292,1.649264216
2026-07-28T16:36:41.038084+00:00,85.572912,open,rgb,-90.000,-75.000,18,700,,0.258835227,40.0524,4.045229912,4.044786453,1.649401903
2026-07-28T16:36:41.188521+00:00,85.723350,open,rgb,-90.000,-75.000,19,700,,0.258863636,40.0618,4.045310974,4.044814587,1.649247408
2026-07-28T16:36:43.870161+00:00,88.404990,open,rgb,-90.000,-60.000,0,700,,0.258750000,40.4582,4.045843124,4.045149326,1.649041533
2026-07-28T16:36:44.020759+00:00,88.555589,open,rgb,-90.000,-60.000,1,700,,0.258806818,40.4940,4.046053886,4.045287132,1.649245143
2026-07-28T16:36:44.171196+00:00,88.706026,open,rgb,-90.000,-60.000,2,700,,0.258778409,40.5226,4.045962334,4.045234203,1.649255753
2026-07-28T16:36:44.321617+00:00,88.856449,open,rgb,-90.000,-60.000,3,700,,0.258750000,40.5488,4.046128273,4.045181751,1.649041057
2026-07-28T16:36:44.472012+00:00,89.006844,open,rgb,-90.000,-60.000,4,700,,0.258778409,40.5750,4.046108246,4.045350075,1.649177551
2026-07-28T16:36:44.622372+00:00,89.157203,open,rgb,-90.000,-60.000,5,700,,0.258750000,40.5965,4.046051979,4.045336246,1.649044275
2026-07-28T16:36:44.772702+00:00,89.307533,open,rgb,-90.000,-60.000,6,700,,0.258778409,40.6251,4.046213150,4.045528889,1.649014235
2026-07-28T16:36:44.923187+00:00,89.458017,open,rgb,-90.000,-60.000,7,700,,0.258750000,40.6538,4.046122074,4.045380592,1.649233222
2026-07-28T16:36:45.073900+00:00,89.608716,open,rgb,-90.000,-60.000,8,700,,0.258806818,40.6777,4.045922279,4.045032501,1.648994923
2026-07-28T16:36:45.224553+00:00,89.759381,open,rgb,-90.000,-60.000,9,700,,0.259090909,40.7063,4.046010017,4.045260429,1.649064779
2026-07-28T16:36:45.374996+00:00,89.909824,open,rgb,-90.000,-60.000,10,700,,0.258778409,40.7255,4.045932293,4.045161724,1.649226427
2026-07-28T16:36:45.525278+00:00,90.060110,open,rgb,-90.000,-60.000,11,700,,0.258806818,40.7494,4.046069622,4.045242786,1.649146795
2026-07-28T16:36:45.675541+00:00,90.210370,open,rgb,-90.000,-60.000,12,700,,0.258863636,40.7709,4.046070576,4.045292377,1.649117470
2026-07-28T16:36:45.825798+00:00,90.360628,open,rgb,-90.000,-60.000,13,700,,0.258806818,40.7757,4.045903683,4.045234680,1.648333073
2026-07-28T16:36:45.976056+00:00,90.510886,open,rgb,-90.000,-60.000,14,700,,0.258892045,40.7925,4.046058178,4.045362473,1.649178982
2026-07-28T16:36:46.126424+00:00,90.661256,open,rgb,-90.000,-60.000,15,700,,0.258806818,40.8020,4.046010494,4.045279503,1.649338245
2026-07-28T16:36:46.276790+00:00,90.811616,open,rgb,-90.000,-60.000,16,700,,0.258892045,40.8212,4.046003342,4.045289040,1.649096251
2026-07-28T16:36:46.427212+00:00,90.962043,open,rgb,-90.000,-60.000,17,700,,0.258863636,40.8475,4.046136379,4.045393467,1.649222493
2026-07-28T16:36:46.577550+00:00,91.112382,open,rgb,-90.000,-60.000,18,700,,0.258806818,40.8691,4.046035767,4.045303822,1.649295211
2026-07-28T16:36:46.727967+00:00,91.262797,open,rgb,-90.000,-60.000,19,700,,0.258835227,40.8955,4.046209335,4.045308590,1.649194717
2026-07-28T16:36:49.409935+00:00,93.944762,open,rgb,-90.000,-45.000,0,700,,0.258920455,41.2465,4.046954155,4.045837402,1.649252057
2026-07-28T16:36:49.560425+00:00,94.095256,open,rgb,-90.000,-45.000,1,700,,0.258892045,41.2634,4.047054768,4.045988083,1.649287462
2026-07-28T16:36:49.710864+00:00,94.245691,open,rgb,-90.000,-45.000,2,700,,0.258778409,41.2802,4.046956062,4.045846939,1.649206400
2026-07-28T16:36:49.861370+00:00,94.396199,open,rgb,-90.000,-45.000,3,700,,0.258863636,41.2851,4.047040939,4.045962334,1.649307728
2026-07-28T16:36:50.011913+00:00,94.546740,open,rgb,-90.000,-45.000,4,700,,0.258806818,41.2802,4.046994209,4.045904160,1.649466395
2026-07-28T16:36:50.162373+00:00,94.697203,open,rgb,-90.000,-45.000,5,700,,0.258806818,41.2899,4.046962261,4.045946121,1.649278402
2026-07-28T16:36:50.312743+00:00,94.847574,open,rgb,-90.000,-45.000,6,700,,0.258863636,41.2996,4.047175884,4.046064854,1.649160981
2026-07-28T16:36:50.463322+00:00,94.998149,open,rgb,-90.000,-45.000,7,700,,0.258920455,41.3189,4.047129154,4.045997143,1.649350405
2026-07-28T16:36:50.613642+00:00,95.148472,open,rgb,-90.000,-45.000,8,700,,0.258835227,41.3189,4.047103882,4.045969486,1.649114847
2026-07-28T16:36:50.763929+00:00,95.298760,open,rgb,-90.000,-45.000,9,700,,0.258806818,41.3454,4.047218800,4.046175957,1.649236202
2026-07-28T16:36:50.914122+00:00,95.448952,open,rgb,-90.000,-45.000,10,700,,0.258778409,41.3647,4.047157288,4.046060085,1.649240851
2026-07-28T16:36:51.064518+00:00,95.599348,open,rgb,-90.000,-45.000,11,700,,0.258835227,41.3937,4.047296524,4.046036720,1.649126291
2026-07-28T16:36:51.215010+00:00,95.749840,open,rgb,-90.000,-45.000,12,700,,0.258892045,41.4227,4.047242641,4.046073437,1.649323344
2026-07-28T16:36:51.365319+00:00,95.900151,open,rgb,-90.000,-45.000,13,700,,0.258778409,41.4445,4.047268867,4.046102524,1.648428798
2026-07-28T16:36:51.515703+00:00,96.050531,open,rgb,-90.000,-45.000,14,700,,0.258863636,41.4808,4.047244072,4.046148777,1.649281859
2026-07-28T16:36:51.665977+00:00,96.200809,open,rgb,-90.000,-45.000,15,700,,0.258835227,41.5026,4.047263622,4.046191216,1.649294972
2026-07-28T16:36:51.816147+00:00,96.350977,open,rgb,-90.000,-45.000,16,700,,0.258835227,41.5244,4.047275543,4.046146393,1.649095535
2026-07-28T16:36:51.966391+00:00,96.501222,open,rgb,-90.000,-45.000,17,700,,0.258778409,41.5486,4.047463417,4.046319962,1.649240851
2026-07-28T16:36:52.116677+00:00,96.651508,open,rgb,-90.000,-45.000,18,700,,0.258778409,41.5704,4.047523499,4.046499252,1.649200797
2026-07-28T16:36:52.266903+00:00,96.801734,open,rgb,-90.000,-45.000,19,700,,0.258778409,41.5874,4.047734261,4.046489716,1.649039388
2026-07-28T16:36:54.948409+00:00,99.483234,open,rgb,-90.000,-30.000,0,700,,0.258778409,41.7695,4.048943996,4.047190666,1.648432970
2026-07-28T16:36:55.099063+00:00,99.633888,open,rgb,-90.000,-30.000,1,700,,0.258806818,41.8206,4.048635483,4.047115326,1.649261832
2026-07-28T16:36:55.249698+00:00,99.784522,open,rgb,-90.000,-30.000,2,700,,0.258863636,41.8473,4.048539162,4.046942711,1.649216413
2026-07-28T16:36:55.400223+00:00,99.935054,open,rgb,-90.000,-30.000,3,700,,0.258835227,41.8717,4.048714161,4.047029972,1.649217129
2026-07-28T16:36:55.550639+00:00,100.085470,open,rgb,-90.000,-30.000,4,700,,0.258835227,41.8985,4.048650742,4.047055721,1.649403453
2026-07-28T16:36:55.701577+00:00,100.236402,open,rgb,-90.000,-30.000,5,700,,0.258863636,41.9326,4.048652649,4.047061920,1.649105072
2026-07-28T16:36:55.852149+00:00,100.386979,open,rgb,-90.000,-30.000,6,700,,0.258863636,41.9570,4.048750877,4.047165394,1.649307251
2026-07-28T16:36:56.002634+00:00,100.537463,open,rgb,-90.000,-30.000,7,700,,0.258806818,41.9838,4.048771381,4.047217369,1.649383664
2026-07-28T16:36:56.153136+00:00,100.687964,open,rgb,-90.000,-30.000,8,700,,0.258806818,42.0107,4.048734665,4.047065735,1.649076939
2026-07-28T16:36:56.303301+00:00,100.838129,open,rgb,-90.000,-30.000,9,700,,0.258863636,42.0375,4.048768044,4.047204018,1.649293065
2026-07-28T16:36:56.453764+00:00,100.988595,open,rgb,-90.000,-30.000,10,700,,0.258835227,42.0546,4.048673153,4.047135830,1.649267197
2026-07-28T16:36:56.604261+00:00,101.139088,open,rgb,-90.000,-30.000,11,700,,0.258892045,42.0766,4.048832893,4.047275066,1.649180293
2026-07-28T16:36:56.754665+00:00,101.289495,open,rgb,-90.000,-30.000,12,700,,0.258835227,42.0962,4.048876286,4.047412872,1.649192929
2026-07-28T16:36:56.905061+00:00,101.439892,open,rgb,-90.000,-30.000,13,700,,0.258721591,42.1084,4.048796177,4.047270298,1.648216367
2026-07-28T16:36:57.055451+00:00,101.590282,open,rgb,-90.000,-30.000,14,700,,0.258977273,42.1304,4.048871517,4.047351837,1.649244428
2026-07-28T16:36:57.205813+00:00,101.740644,open,rgb,-90.000,-30.000,15,700,,0.258835227,42.1280,4.048841000,4.047364712,1.649346471
2026-07-28T16:36:57.356211+00:00,101.891042,open,rgb,-90.000,-30.000,16,700,,0.258863636,42.1402,4.048852444,4.047229767,1.649164438
2026-07-28T16:36:57.506588+00:00,102.041420,open,rgb,-90.000,-30.000,17,700,,0.258863636,42.1622,4.048813820,4.047307968,1.649446368
2026-07-28T16:36:57.657007+00:00,102.191839,open,rgb,-90.000,-30.000,18,700,,0.258806818,42.1794,4.048865318,4.047345161,1.649322391
2026-07-28T16:36:57.807297+00:00,102.342130,open,rgb,-90.000,-30.000,19,700,,0.258806818,42.1989,4.049021721,4.047512054,1.649201751
2026-07-28T16:37:00.488749+00:00,105.023574,open,rgb,-90.000,-15.000,0,700,,0.258806818,42.4763,4.049748898,4.047812462,1.649119973
2026-07-28T16:37:00.639278+00:00,105.174109,open,rgb,-90.000,-15.000,1,700,,0.258892045,42.4935,4.049765587,4.047949791,1.649426103
2026-07-28T16:37:00.789630+00:00,105.324461,open,rgb,-90.000,-15.000,2,700,,0.258863636,42.4788,4.049734116,4.047990322,1.649257421
2026-07-28T16:37:00.940665+00:00,105.475490,open,rgb,-90.000,-15.000,3,700,,0.258863636,42.4837,4.049839497,4.048018932,1.649253726
2026-07-28T16:37:01.091301+00:00,105.626130,open,rgb,-90.000,-15.000,4,700,,0.258892045,42.4763,4.049772739,4.047922134,1.649476409
2026-07-28T16:37:01.241706+00:00,105.776535,open,rgb,-90.000,-15.000,5,700,,0.258863636,42.4591,4.049797535,4.047993660,1.649168968
2026-07-28T16:37:01.392220+00:00,105.927049,open,rgb,-90.000,-15.000,6,700,,0.258920455,42.4542,4.049830914,4.048072338,1.649265170
2026-07-28T16:37:01.542716+00:00,106.077546,open,rgb,-90.000,-15.000,7,700,,0.258863636,42.4689,4.049834728,4.048011303,1.649397492
2026-07-28T16:37:01.693159+00:00,106.227987,open,rgb,-90.000,-15.000,8,700,,0.258892045,42.5058,4.049929142,4.048029900,1.649190545
2026-07-28T16:37:01.843570+00:00,106.378400,open,rgb,-90.000,-15.000,9,700,,0.258863636,42.5354,4.049899101,4.048158646,1.649198532
2026-07-28T16:37:01.993943+00:00,106.528773,open,rgb,-90.000,-15.000,10,700,,0.258920455,42.5551,4.049839497,4.048064709,1.649174929
2026-07-28T16:37:02.144352+00:00,106.679181,open,rgb,-90.000,-15.000,11,700,,0.258892045,42.5846,4.050192356,4.048373222,1.649261355
2026-07-28T16:37:02.294751+00:00,106.829583,open,rgb,-90.000,-15.000,12,700,,0.258806818,42.6044,4.050034046,4.048269749,1.649482250
2026-07-28T16:37:02.445071+00:00,106.979901,open,rgb,-90.000,-15.000,13,700,,0.258778409,42.6191,4.050099373,4.048240185,1.648616314
2026-07-28T16:37:02.595419+00:00,107.130250,open,rgb,-90.000,-15.000,14,700,,0.258778409,42.6241,4.050171375,4.048392773,1.649281859
2026-07-28T16:37:02.745698+00:00,107.280530,open,rgb,-90.000,-15.000,15,700,,0.258806818,42.6216,4.050146103,4.048300266,1.649364352
2026-07-28T16:37:02.896034+00:00,107.430865,open,rgb,-90.000,-15.000,16,700,,0.258863636,42.6512,4.050194263,4.048269272,1.649344802
2026-07-28T16:37:03.046376+00:00,107.581206,open,rgb,-90.000,-15.000,17,700,,0.258835227,42.6858,4.050212860,4.048455715,1.649373412
2026-07-28T16:37:03.196728+00:00,107.731560,open,rgb,-90.000,-15.000,18,700,,0.258835227,42.7006,4.050180435,4.048385143,1.649203181
2026-07-28T16:37:03.347014+00:00,107.881846,open,rgb,-90.000,-15.000,19,700,,0.258806818,42.7154,4.050290108,4.048451900,1.649260879
2026-07-28T16:37:06.028376+00:00,110.563203,open,rgb,-90.000,0.000,0,700,,0.258920455,42.9753,4.050721169,4.049094200,1.649354339
2026-07-28T16:37:06.179095+00:00,110.713921,open,rgb,-90.000,0.000,1,700,,0.258863636,42.9902,4.050693512,4.049174309,1.649407744
2026-07-28T16:37:06.329774+00:00,110.864601,open,rgb,-90.000,0.000,2,700,,0.258892045,43.0076,4.050749779,4.049233913,1.649300337
2026-07-28T16:37:06.480339+00:00,111.015168,open,rgb,-90.000,0.000,3,700,,0.258892045,43.0349,4.050837994,4.049266815,1.649249792
2026-07-28T16:37:06.630763+00:00,111.165592,open,rgb,-90.000,0.000,4,700,,0.258892045,43.0647,4.050777912,4.049334049,1.649497390
2026-07-28T16:37:06.781189+00:00,111.316020,open,rgb,-90.000,0.000,5,700,,0.258863636,43.0870,4.050764084,4.049274921,1.649243712
2026-07-28T16:37:06.931592+00:00,111.466424,open,rgb,-90.000,0.000,6,700,,0.258920455,43.1119,4.050852776,4.049373150,1.649273753
2026-07-28T16:37:07.081955+00:00,111.616784,open,rgb,-90.000,0.000,7,700,,0.258948864,43.1268,4.051014900,4.049567223,1.649271369
2026-07-28T16:37:07.232428+00:00,111.767258,open,rgb,-90.000,0.000,8,700,,0.258835227,43.1393,4.051162720,4.049556732,1.649163365
2026-07-28T16:37:07.383121+00:00,111.917949,open,rgb,-90.000,0.000,9,700,,0.258948864,43.1592,4.051012516,4.049557686,1.649495482
2026-07-28T16:37:07.533632+00:00,112.068463,open,rgb,-90.000,0.000,10,700,,0.258806818,43.1716,4.050978184,4.049540043,1.649301291
2026-07-28T16:37:07.684017+00:00,112.218849,open,rgb,-90.000,0.000,11,700,,0.258835227,43.1915,4.051057816,4.049640179,1.649341106
2026-07-28T16:37:07.834363+00:00,112.369195,open,rgb,-90.000,0.000,12,700,,0.258806818,43.2090,4.051024914,4.049628258,1.649537921
2026-07-28T16:37:07.984641+00:00,112.519472,open,rgb,-90.000,0.000,13,700,,0.258835227,43.2189,4.051040649,4.049592972,1.648630977
2026-07-28T16:37:08.135128+00:00,112.669959,open,rgb,-90.000,0.000,14,700,,0.258863636,43.2389,4.051193237,4.049705029,1.649285197
2026-07-28T16:37:08.285484+00:00,112.820315,open,rgb,-90.000,0.000,15,700,,0.258806818,43.2563,4.051088810,4.049558640,1.649339199
2026-07-28T16:37:08.435887+00:00,112.970716,open,rgb,-90.000,0.000,16,700,,0.258863636,43.2762,4.051275730,4.049607277,1.649307251
2026-07-28T16:37:08.586330+00:00,113.121156,open,rgb,-90.000,0.000,17,700,,0.258835227,43.2937,4.051177979,4.049547195,1.649461031
2026-07-28T16:37:08.736339+00:00,113.271168,open,rgb,-90.000,0.000,18,700,,0.259090909,43.3137,4.050947189,4.049407005,1.649305224
2026-07-28T16:37:08.886730+00:00,113.421561,open,rgb,-90.000,0.000,19,700,,0.258977273,43.3286,4.050999641,4.049545288,1.649390697
2026-07-28T16:37:11.568251+00:00,116.103079,open,rgb,-90.000,15.000,0,700,,0.258892045,43.5812,4.052276134,4.049793243,1.649331570
2026-07-28T16:37:11.718699+00:00,116.253529,open,rgb,-90.000,15.000,1,700,,0.258977273,43.6038,4.052183151,4.049766541,1.649466395
2026-07-28T16:37:11.869201+00:00,116.404027,open,rgb,-90.000,15.000,2,700,,0.258892045,43.6264,4.052147388,4.049794197,1.649245739
2026-07-28T16:37:12.019777+00:00,116.554608,open,rgb,-90.000,15.000,3,700,,0.258892045,43.6489,4.052282333,4.049955368,1.649195671
2026-07-28T16:37:12.170200+00:00,116.705032,open,rgb,-90.000,15.000,4,700,,0.258863636,43.6665,4.052220345,4.049867153,1.649426341
2026-07-28T16:37:12.320539+00:00,116.855369,open,rgb,-90.000,15.000,5,700,,0.258920455,43.6766,4.052234650,4.049836159,1.649110436
2026-07-28T16:37:12.471010+00:00,117.005840,open,rgb,-90.000,15.000,6,700,,0.258892045,43.6766,4.052224636,4.049914360,1.649405360
2026-07-28T16:37:12.621454+00:00,117.156285,open,rgb,-90.000,15.000,7,700,,0.258892045,43.6766,4.052223206,4.049888611,1.649293542
2026-07-28T16:37:12.771739+00:00,117.306571,open,rgb,-90.000,15.000,8,700,,0.258920455,43.6791,4.052388191,4.049936295,1.649160504
2026-07-28T16:37:12.922017+00:00,117.456848,open,rgb,-90.000,15.000,9,700,,0.259005682,43.6966,4.052290440,4.049949169,1.649470806
2026-07-28T16:37:13.072440+00:00,117.607270,open,rgb,-90.000,15.000,10,700,,0.258835227,43.7092,4.052305698,4.049932957,1.649206638
2026-07-28T16:37:13.222742+00:00,117.757574,open,rgb,-90.000,15.000,11,700,,0.258863636,43.7142,4.052401543,4.050055504,1.649226189
2026-07-28T16:37:13.373329+00:00,117.908156,open,rgb,-90.000,15.000,12,700,,0.258920455,43.6866,4.052324772,4.050036430,1.649402618
2026-07-28T16:37:13.523797+00:00,118.058627,open,rgb,-90.000,15.000,13,700,,0.258835227,43.6866,4.052247047,4.049790382,1.648551583
2026-07-28T16:37:13.674150+00:00,118.208982,open,rgb,-90.000,15.000,14,700,,0.258977273,43.7167,4.052301407,4.049897194,1.649514675
2026-07-28T16:37:13.824486+00:00,118.359319,open,rgb,-90.000,15.000,15,700,,0.258948864,43.7318,4.052354336,4.050175667,1.649367452
2026-07-28T16:37:13.974824+00:00,118.509655,open,rgb,-90.000,15.000,16,700,,0.258835227,43.7519,4.052640915,4.050295830,1.649277687
2026-07-28T16:37:14.125154+00:00,118.659984,open,rgb,-90.000,15.000,17,700,,0.258835227,43.7695,4.052621365,4.050253868,1.649309158
2026-07-28T16:37:14.275562+00:00,118.810394,open,rgb,-90.000,15.000,18,700,,0.258835227,43.7922,4.052642822,4.050293922,1.649155378
2026-07-28T16:37:14.425949+00:00,118.960780,open,rgb,-90.000,15.000,19,700,,0.258835227,43.8198,4.052780151,4.050282478,1.649271131
2026-07-28T16:37:17.107196+00:00,121.642023,open,rgb,-90.000,30.000,0,700,,0.258977273,44.1049,4.053305626,4.050668240,1.649250031
2026-07-28T16:37:17.257519+00:00,121.792349,open,rgb,-90.000,30.000,1,700,,0.258892045,44.1201,4.052972794,4.050387859,1.649482012
2026-07-28T16:37:17.407780+00:00,121.942612,open,rgb,-90.000,30.000,2,700,,0.258892045,44.1378,4.052919865,4.050298214,1.649274230
2026-07-28T16:37:17.557970+00:00,122.092801,open,rgb,-90.000,30.000,3,700,,0.258948864,44.1530,4.053074837,4.050475121,1.649348974
2026-07-28T16:37:17.708121+00:00,122.242954,open,rgb,-90.000,30.000,4,700,,0.258920455,44.1682,4.052938938,4.050407887,1.649376512
2026-07-28T16:37:17.858392+00:00,122.393223,open,rgb,-90.000,30.000,5,700,,0.258920455,44.1834,4.053035259,4.050274372,1.649198294
2026-07-28T16:37:18.008570+00:00,122.543400,open,rgb,-90.000,30.000,6,700,,0.258977273,44.1986,4.053043365,4.050396919,1.649429083
2026-07-28T16:37:18.158688+00:00,122.693520,open,rgb,-90.000,30.000,7,700,,0.258920455,44.1859,4.052945614,4.050330639,1.649319887
2026-07-28T16:37:18.308910+00:00,122.843741,open,rgb,-90.000,30.000,8,700,,0.258920455,44.1808,4.053081989,4.050477028,1.649424195
2026-07-28T16:37:18.459053+00:00,122.993884,open,rgb,-90.000,30.000,9,700,,0.259005682,44.1986,4.052873611,4.050240040,1.649448037
2026-07-28T16:37:18.609290+00:00,123.144120,open,rgb,-90.000,30.000,10,700,,0.258977273,44.2138,4.051007748,4.048180103,1.649281859
2026-07-28T16:37:18.759721+00:00,123.294552,open,rgb,-90.000,30.000,11,700,,0.258977273,44.2290,4.050024986,4.047312737,1.649443150
2026-07-28T16:37:18.909993+00:00,123.444826,open,rgb,-90.000,30.000,12,700,,0.258948864,44.2340,4.050042152,4.047403336,1.649535537
2026-07-28T16:37:19.060411+00:00,123.595242,open,rgb,-90.000,30.000,13,700,,0.258892045,44.2315,4.050112247,4.047176838,1.648699045
2026-07-28T16:37:19.210700+00:00,123.745532,open,rgb,-90.000,30.000,14,700,,0.259005682,44.2493,4.050133705,4.047497749,1.649392366
2026-07-28T16:37:19.361172+00:00,123.895999,open,rgb,-90.000,30.000,15,700,,0.258863636,44.2594,4.050256729,4.047449112,1.649288893
2026-07-28T16:37:19.511733+00:00,124.046561,open,rgb,-90.000,30.000,16,700,,0.258892045,44.2848,4.050467968,4.047665596,1.649400473
2026-07-28T16:37:19.662157+00:00,124.196989,open,rgb,-90.000,30.000,17,700,,0.258892045,44.3025,4.052372932,4.049679279,1.649402142
2026-07-28T16:37:19.812486+00:00,124.347318,open,rgb,-90.000,30.000,18,700,,0.258948864,44.3101,4.052482128,4.049748421,1.649246931
2026-07-28T16:37:19.962882+00:00,124.497713,open,rgb,-90.000,30.000,19,700,,0.258920455,44.3305,4.052562237,4.049711227,1.649362326
2026-07-28T16:37:22.644409+00:00,127.179237,open,rgb,-90.000,45.000,0,700,,0.258863636,44.4957,4.053879738,4.050851822,1.649294019
2026-07-28T16:37:22.794854+00:00,127.329685,open,rgb,-90.000,45.000,1,700,,0.258835227,44.5110,4.053792477,4.050720692,1.649529815
2026-07-28T16:37:22.945184+00:00,127.480015,open,rgb,-90.000,45.000,2,700,,0.258863636,44.5187,4.053683758,4.050717354,1.649295211
2026-07-28T16:37:23.095558+00:00,127.630388,open,rgb,-90.000,45.000,3,700,,0.258835227,44.5416,4.053855896,4.050826550,1.649325013
2026-07-28T16:37:23.245972+00:00,127.780803,open,rgb,-90.000,45.000,4,700,,0.258892045,44.5696,4.053781509,4.050773144,1.649501801
2026-07-28T16:37:23.396332+00:00,127.931162,open,rgb,-90.000,45.000,5,700,,0.258892045,44.6002,4.053945065,4.050768852,1.649304748
2026-07-28T16:37:23.546658+00:00,128.081490,open,rgb,-90.000,45.000,6,700,,0.258948864,44.6206,4.053903103,4.050750256,1.649535179
2026-07-28T16:37:23.697081+00:00,128.231912,open,rgb,-90.000,45.000,7,700,,0.258863636,44.6257,4.053839684,4.050808907,1.649343133
2026-07-28T16:37:23.847447+00:00,128.382277,open,rgb,-90.000,45.000,8,700,,0.258892045,44.6309,4.053960323,4.050871849,1.649478316
2026-07-28T16:37:23.997800+00:00,128.532631,open,rgb,-90.000,45.000,9,700,,0.258892045,44.6309,4.053966045,4.050956726,1.649471760
2026-07-28T16:37:24.148370+00:00,128.683200,open,rgb,-90.000,45.000,10,700,,0.258863636,44.6334,4.053959370,4.050909042,1.649117708
2026-07-28T16:37:24.298734+00:00,128.833565,open,rgb,-90.000,45.000,11,700,,0.258863636,44.6385,4.054085732,4.051045895,1.649304271
2026-07-28T16:37:24.449047+00:00,128.983878,open,rgb,-90.000,45.000,12,700,,0.258863636,44.6334,4.054078102,4.051131725,1.649321914
2026-07-28T16:37:24.599324+00:00,129.134157,open,rgb,-90.000,45.000,13,700,,0.258778409,44.6385,4.054109573,4.051009178,1.648543835
2026-07-28T16:37:24.749621+00:00,129.284453,open,rgb,-90.000,45.000,14,700,,0.258948864,44.6640,4.054067135,4.051069736,1.649445176
2026-07-28T16:37:24.899994+00:00,129.434824,open,rgb,-90.000,45.000,15,700,,0.258863636,44.6819,4.054005623,4.050976753,1.649191022
2026-07-28T16:37:25.050708+00:00,129.585533,open,rgb,-90.000,45.000,16,700,,0.258863636,44.7049,4.053839207,4.050881863,1.649284720
2026-07-28T16:37:25.201238+00:00,129.736069,open,rgb,-90.000,45.000,17,700,,0.258920455,44.7330,4.053844452,4.050832272,1.649440289
2026-07-28T16:37:25.351831+00:00,129.886659,open,rgb,-90.000,45.000,18,700,,0.258948864,44.7509,4.053789139,4.050694942,1.649285674
2026-07-28T16:37:25.502323+00:00,130.037153,open,rgb,-90.000,45.000,19,700,,0.258948864,44.7663,4.053905487,4.050928116,1.649430037
2026-07-28T16:37:28.183756+00:00,132.718584,open,rgb,-90.000,60.000,0,700,,0.259062500,45.0022,4.054475307,4.051458836,1.649395585
2026-07-28T16:37:28.334220+00:00,132.869050,open,rgb,-90.000,60.000,1,700,,0.258977273,45.0176,4.054507732,4.051505089,1.649426818
2026-07-28T16:37:28.484649+00:00,133.019479,open,rgb,-90.000,60.000,2,700,,0.258977273,45.0356,4.054465294,4.051386833,1.649162412
2026-07-28T16:37:28.634999+00:00,133.169830,open,rgb,-90.000,60.000,3,700,,0.258977273,45.0484,4.054537773,4.051575184,1.649300814
2026-07-28T16:37:28.785316+00:00,133.320147,open,rgb,-90.000,60.000,4,700,,0.258977273,45.0587,4.054517746,4.051790237,1.649263740
2026-07-28T16:37:28.935590+00:00,133.470421,open,rgb,-90.000,60.000,5,700,,0.258863636,45.0639,4.054848671,4.051702976,1.649173617
2026-07-28T16:37:29.085935+00:00,133.620765,open,rgb,-90.000,60.000,6,700,,0.258948864,45.0767,4.054730892,4.051730156,1.649476409
2026-07-28T16:37:29.236312+00:00,133.771143,open,rgb,-90.000,60.000,7,700,,0.258920455,45.0973,4.054708004,4.051800251,1.649240255
2026-07-28T16:37:29.386628+00:00,133.921460,open,rgb,-90.000,60.000,8,700,,0.258948864,45.1153,4.054862022,4.051874161,1.649315238
2026-07-28T16:37:29.537033+00:00,134.071864,open,rgb,-90.000,60.000,9,700,,0.258863636,45.1308,4.054867744,4.051927567,1.649239302
2026-07-28T16:37:29.687294+00:00,134.222126,open,rgb,-90.000,60.000,10,700,,0.258977273,45.1462,4.054891586,4.051786423,1.649032593
2026-07-28T16:37:29.837643+00:00,134.372473,open,rgb,-90.000,60.000,11,700,,0.258863636,45.1591,4.054953098,4.051912308,1.649232984
2026-07-28T16:37:29.987995+00:00,134.522827,open,rgb,-90.000,60.000,12,700,,0.258835227,45.1643,4.054723740,4.051879406,1.649333596
2026-07-28T16:37:30.138376+00:00,134.673202,open,rgb,-90.000,60.000,13,700,,0.258863636,45.1668,4.054681778,4.051682472,1.648825049
2026-07-28T16:37:30.288767+00:00,134.823598,open,rgb,-90.000,60.000,14,700,,0.259005682,45.1720,4.054671288,4.051632881,1.649427295
2026-07-28T16:37:30.439169+00:00,134.973999,open,rgb,-90.000,60.000,15,700,,0.258977273,45.1849,4.054629803,4.051677704,1.649171472
2026-07-28T16:37:30.589570+00:00,135.124402,open,rgb,-90.000,60.000,16,700,,0.258977273,45.2004,4.054765224,4.051777840,1.649215221
2026-07-28T16:37:30.739963+00:00,135.274794,open,rgb,-90.000,60.000,17,700,,0.258920455,45.2158,4.054694176,4.051762104,1.649451256
2026-07-28T16:37:30.890253+00:00,135.425084,open,rgb,-90.000,60.000,18,700,,0.258977273,45.2365,4.054774761,4.051709652,1.649146080
2026-07-28T16:37:31.040567+00:00,135.575398,open,rgb,-90.000,60.000,19,700,,0.259005682,45.2571,4.054799557,4.051808357,1.649251819
2026-07-28T16:37:33.721949+00:00,138.256777,open,rgb,-90.000,75.000,0,700,,0.258892045,45.4769,4.055924892,4.052837372,1.649209738
2026-07-28T16:37:33.872565+00:00,138.407395,open,rgb,-90.000,75.000,1,700,,0.258892045,45.4950,4.055790424,4.052726746,1.649415374
2026-07-28T16:37:34.022922+00:00,138.557753,open,rgb,-90.000,75.000,2,700,,0.258977273,45.5080,4.055888653,4.052707672,1.649264693
2026-07-28T16:37:34.173280+00:00,138.708110,open,rgb,-90.000,75.000,3,700,,0.258892045,45.5106,4.055846691,4.052752495,1.649439335
2026-07-28T16:37:34.323623+00:00,138.858455,open,rgb,-90.000,75.000,4,700,,0.258948864,45.5028,4.055836201,4.052803516,1.649332404
2026-07-28T16:37:34.473976+00:00,139.008805,open,rgb,-90.000,75.000,5,700,,0.258920455,45.4925,4.055938721,4.052865982,1.649191976
2026-07-28T16:37:34.624340+00:00,139.159172,open,rgb,-90.000,75.000,6,700,,0.258920455,45.5080,4.055884361,4.052826881,1.649454236
2026-07-28T16:37:34.774738+00:00,139.309566,open,rgb,-90.000,75.000,7,700,,0.258863636,45.5106,4.055862904,4.052787781,1.649127483
2026-07-28T16:37:34.925015+00:00,139.459846,open,rgb,-90.000,75.000,8,700,,0.258863636,45.5158,4.055969715,4.052911758,1.649359226
2026-07-28T16:37:35.075501+00:00,139.610329,open,rgb,-90.000,75.000,9,700,,0.258863636,45.5339,4.055613995,4.052556515,1.649523020
2026-07-28T16:37:35.225960+00:00,139.760791,open,rgb,-90.000,75.000,10,700,,0.259005682,45.5677,4.055704594,4.052523613,1.649407506
2026-07-28T16:37:35.376244+00:00,139.911075,open,rgb,-90.000,75.000,11,700,,0.259034091,45.5936,4.055795193,4.052730560,1.649452448
2026-07-28T16:37:35.526612+00:00,140.061444,open,rgb,-90.000,75.000,12,700,,0.258948864,45.6092,4.055635452,4.052730560,1.649327517
2026-07-28T16:37:35.676964+00:00,140.211795,open,rgb,-90.000,75.000,13,700,,0.258948864,45.6300,4.055792809,4.052723885,1.648833036
2026-07-28T16:37:35.827262+00:00,140.362094,open,rgb,-90.000,75.000,14,700,,0.258977273,45.6612,4.055757523,4.052709579,1.649544954
2026-07-28T16:37:35.977571+00:00,140.512402,open,rgb,-90.000,75.000,15,700,,0.258948864,45.6768,4.055814743,4.052723885,1.649273038
2026-07-28T16:37:36.127972+00:00,140.662803,open,rgb,-90.000,75.000,16,700,,0.258977273,45.6950,4.055872917,4.052812576,1.649391890
2026-07-28T16:37:36.277983+00:00,140.812811,open,rgb,-90.000,75.000,17,700,,0.258892045,45.7028,4.055830002,4.052761555,1.649464130
2026-07-28T16:37:36.428533+00:00,140.963363,open,rgb,-90.000,75.000,18,700,,0.259005682,45.7184,4.055912495,4.052686214,1.649340868
2026-07-28T16:37:36.578895+00:00,141.113726,open,rgb,-90.000,75.000,19,700,,0.258977273,45.7288,4.055881023,4.052811623,1.649455190
2026-07-28T16:37:39.260492+00:00,143.795319,open,rgb,-90.000,90.000,0,700,,0.258892045,45.9191,4.058285713,4.053663731,1.649322867
2026-07-28T16:37:39.411057+00:00,143.945887,open,rgb,-90.000,90.000,1,700,,0.258920455,45.9035,4.058245182,4.053616047,1.649374366
2026-07-28T16:37:39.561450+00:00,144.096281,open,rgb,-90.000,90.000,2,700,,0.258863636,45.9139,4.058174133,4.053256035,1.649167538
2026-07-28T16:37:39.711925+00:00,144.246756,open,rgb,-90.000,90.000,3,700,,0.258863636,45.9322,4.054612160,4.049945354,1.649241090
2026-07-28T16:37:39.862216+00:00,144.397048,open,rgb,-90.000,90.000,4,700,,0.258806818,45.9453,4.054335117,4.049720764,1.649077177
2026-07-28T16:37:40.012504+00:00,144.547334,open,rgb,-90.000,90.000,5,700,,0.258892045,45.9662,4.054389477,4.049832344,1.649281025
2026-07-28T16:37:40.163222+00:00,144.698049,open,rgb,-90.000,90.000,6,700,,0.258977273,45.9792,4.056121349,4.051557541,1.649586201
2026-07-28T16:37:40.313638+00:00,144.848469,open,rgb,-90.000,90.000,7,700,,0.259034091,45.9636,4.056150913,4.051588058,1.649427295
2026-07-28T16:37:40.464005+00:00,144.998836,open,rgb,-90.000,90.000,8,700,,0.259005682,45.9636,4.056373596,4.051775455,1.649338245
2026-07-28T16:37:40.614341+00:00,145.149173,open,rgb,-90.000,90.000,9,700,,0.258920455,45.9819,4.056338787,4.051696301,1.649416804
2026-07-28T16:37:40.764692+00:00,145.299524,open,rgb,-90.000,90.000,10,700,,0.258948864,46.0028,4.056419373,4.051596165,1.649268150
2026-07-28T16:37:40.915120+00:00,145.449949,open,rgb,-90.000,90.000,11,700,,0.259034091,46.0263,4.056264400,4.051753044,1.649521351
2026-07-28T16:37:41.065515+00:00,145.600344,open,rgb,-90.000,90.000,12,700,,0.258977273,46.0368,4.056386471,4.052011490,1.649341822
2026-07-28T16:37:41.215861+00:00,145.750693,open,rgb,-90.000,90.000,13,700,,0.258920455,46.0368,4.056508064,4.051898003,1.648747206
2026-07-28T16:37:41.366171+00:00,145.901003,open,rgb,-90.000,90.000,14,700,,0.258920455,46.0551,4.056473732,4.051878929,1.649502993
2026-07-28T16:37:41.516467+00:00,146.051299,open,rgb,-90.000,90.000,15,700,,0.259005682,46.0630,4.056515217,4.051884651,1.649228573
2026-07-28T16:37:41.666813+00:00,146.201644,open,rgb,-90.000,90.000,16,700,,0.258948864,46.0839,4.056657791,4.052071571,1.649159312
2026-07-28T16:37:41.817194+00:00,146.352022,open,rgb,-90.000,90.000,17,700,,0.258892045,46.0996,4.056548119,4.051949501,1.649333119
2026-07-28T16:37:41.967587+00:00,146.502417,open,rgb,-90.000,90.000,18,700,,0.259005682,46.0996,4.056691170,4.051944733,1.649244189
2026-07-28T16:37:42.117777+00:00,146.652606,open,rgb,-90.000,90.000,19,700,,0.259005682,46.1127,4.056668282,4.052076817,1.649297476
2026-07-28T16:37:52.901034+00:00,157.435862,open,dark,-75.000,-90.000,0,0,,0.000710227,46.5575,4.896714211,4.903646469,1.649606466
2026-07-28T16:37:53.051389+00:00,157.586219,open,dark,-75.000,-90.000,1,0,,0.000710227,46.5020,4.896906853,4.903665543,1.649608493
2026-07-28T16:37:53.201551+00:00,157.736383,open,dark,-75.000,-90.000,2,0,,0.000710227,46.4413,4.896749973,4.903688908,1.649692655
2026-07-28T16:37:53.351834+00:00,157.886656,open,dark,-75.000,-90.000,3,0,,0.000710227,46.3676,4.896933079,4.903646469,1.649404645
2026-07-28T16:37:53.502321+00:00,158.037150,open,dark,-75.000,-90.000,4,0,,0.000710227,46.3097,4.896949768,4.903641224,1.649646044
2026-07-28T16:37:53.652615+00:00,158.187446,open,dark,-75.000,-90.000,5,0,,0.000710227,46.2387,4.896972656,4.903652668,1.649893641
2026-07-28T16:37:53.802847+00:00,158.337675,open,dark,-75.000,-90.000,6,0,,0.000681818,46.1704,4.896957874,4.903621197,1.649721742
2026-07-28T16:37:53.953096+00:00,158.487927,open,dark,-75.000,-90.000,7,0,,0.000710227,46.0996,4.896955490,4.903630733,1.649738789
2026-07-28T16:37:54.103330+00:00,158.638161,open,dark,-75.000,-90.000,8,0,,0.000710227,46.0289,4.896962166,4.903644085,1.649619699
2026-07-28T16:37:54.253498+00:00,158.788329,open,dark,-75.000,-90.000,9,0,,0.000710227,45.9609,4.896948338,4.903663158,1.649498343
2026-07-28T16:37:54.403659+00:00,158.938490,open,dark,-75.000,-90.000,10,0,,0.000710227,45.8956,4.896951199,4.903641701,1.649661183
2026-07-28T16:37:54.553920+00:00,159.088750,open,dark,-75.000,-90.000,11,0,,0.000710227,45.8226,4.896951199,4.903646469,1.649384141
2026-07-28T16:37:54.704210+00:00,159.239042,open,dark,-75.000,-90.000,12,0,,0.000710227,45.7548,4.896952629,4.903649330,1.649512053
2026-07-28T16:37:54.854345+00:00,159.389176,open,dark,-75.000,-90.000,13,0,,0.000710227,45.6820,4.896962166,4.903630733,1.649827480
2026-07-28T16:37:55.004658+00:00,159.539486,open,dark,-75.000,-90.000,14,0,,0.000681818,45.6170,4.896939278,4.903629303,1.648961306
2026-07-28T16:37:55.155232+00:00,159.690059,open,dark,-75.000,-90.000,15,0,,0.000710227,45.5469,4.896931171,4.903603554,1.649543762
2026-07-28T16:37:55.305654+00:00,159.840478,open,dark,-75.000,-90.000,16,0,,0.000710227,45.4795,4.896920681,4.903601646,1.649419069
2026-07-28T16:37:55.456187+00:00,159.991019,open,dark,-75.000,-90.000,17,0,,0.000710227,45.4096,4.896934986,4.903609276,1.649401188
2026-07-28T16:37:55.606539+00:00,160.141371,open,dark,-75.000,-90.000,18,0,,0.000710227,45.3423,4.896931648,4.903588295,1.649564505
2026-07-28T16:37:55.756846+00:00,160.291678,open,dark,-75.000,-90.000,19,0,,0.000710227,45.2674,4.896931171,4.903598309,1.649383903
2026-07-28T16:37:59.950721+00:00,164.485549,open,rgb,-75.000,-90.000,0,700,,0.258750000,44.8226,4.055735588,4.051486015,1.646700025
2026-07-28T16:38:00.101018+00:00,164.635844,open,rgb,-75.000,-90.000,1,700,,0.258693182,44.8354,4.055619240,4.051245689,1.646535993
2026-07-28T16:38:00.251586+00:00,164.786414,open,rgb,-75.000,-90.000,2,700,,0.258778409,44.8636,4.058318615,4.051316261,1.646703959
2026-07-28T16:38:00.402009+00:00,164.936841,open,rgb,-75.000,-90.000,3,700,,0.258778409,44.8867,4.058639526,4.051265240,1.646899223
2026-07-28T16:38:00.552445+00:00,165.087275,open,rgb,-75.000,-90.000,4,700,,0.258778409,44.9200,4.059298515,4.051259041,1.645992756
2026-07-28T16:38:00.702841+00:00,165.237672,open,rgb,-75.000,-90.000,5,700,,0.258835227,44.9482,4.057832241,4.051359653,1.646744967
2026-07-28T16:38:00.853163+00:00,165.387995,open,rgb,-75.000,-90.000,6,700,,0.258806818,44.9739,4.056992054,4.051381588,1.646648049
2026-07-28T16:38:01.003438+00:00,165.538270,open,rgb,-75.000,-90.000,7,700,,0.258835227,45.0022,4.057190895,4.051599503,1.646640182
2026-07-28T16:38:01.153960+00:00,165.688791,open,rgb,-75.000,-90.000,8,700,,0.258778409,45.0279,4.057272434,4.051631451,1.646553278
2026-07-28T16:38:01.304256+00:00,165.839083,open,rgb,-75.000,-90.000,9,700,,0.258778409,45.0510,4.057100296,4.051472664,1.646311402
2026-07-28T16:38:01.454593+00:00,165.989423,open,rgb,-75.000,-90.000,10,700,,0.258892045,45.0870,4.057222366,4.051550865,1.646657586
2026-07-28T16:38:01.604785+00:00,166.139615,open,rgb,-75.000,-90.000,11,700,,0.258863636,45.1102,4.057295799,4.051684856,1.646635532
2026-07-28T16:38:01.755046+00:00,166.289877,open,rgb,-75.000,-90.000,12,700,,0.258778409,45.1385,4.057423592,4.051551819,1.646413445
2026-07-28T16:38:01.905144+00:00,166.439975,open,rgb,-75.000,-90.000,13,700,,0.258806818,45.1668,4.057301521,4.051688671,1.646688342
2026-07-28T16:38:02.055318+00:00,166.590149,open,rgb,-75.000,-90.000,14,700,,0.258806818,45.1926,4.057300091,4.051681042,1.646533966
2026-07-28T16:38:02.205534+00:00,166.740366,open,rgb,-75.000,-90.000,15,700,,0.258835227,45.2210,4.057659626,4.052037716,1.646575809
2026-07-28T16:38:02.355722+00:00,166.890553,open,rgb,-75.000,-90.000,16,700,,0.258778409,45.2468,4.057549953,4.051916599,1.646843314
2026-07-28T16:38:02.506041+00:00,167.040869,open,rgb,-75.000,-90.000,17,700,,0.258750000,45.2700,4.057603836,4.052042484,1.646670699
2026-07-28T16:38:02.656535+00:00,167.191364,open,rgb,-75.000,-90.000,18,700,,0.258750000,45.2958,4.057794571,4.052204132,1.646526217
2026-07-28T16:38:02.806888+00:00,167.341719,open,rgb,-75.000,-90.000,19,700,,0.258721591,45.3165,4.057699680,4.052093506,1.646642685
2026-07-28T16:38:05.488932+00:00,170.023760,open,rgb,-75.000,-75.000,0,700,,0.258806818,45.6976,4.058598042,4.051935196,1.646872163
2026-07-28T16:38:05.639239+00:00,170.174070,open,rgb,-75.000,-75.000,1,700,,0.258806818,45.7158,4.058601379,4.051886559,1.646530867
2026-07-28T16:38:05.789492+00:00,170.324323,open,rgb,-75.000,-75.000,2,700,,0.258863636,45.7392,4.058784962,4.052022934,1.646674633
2026-07-28T16:38:05.939876+00:00,170.474708,open,rgb,-75.000,-75.000,3,700,,0.258835227,45.7522,4.058717251,4.051894665,1.646786451
2026-07-28T16:38:06.090251+00:00,170.625082,open,rgb,-75.000,-75.000,4,700,,0.258892045,45.7705,4.058786392,4.051915646,1.646085501
2026-07-28T16:38:06.240653+00:00,170.775483,open,rgb,-75.000,-75.000,5,700,,0.258920455,45.7861,4.058790207,4.052000046,1.646797419
2026-07-28T16:38:06.391167+00:00,170.925998,open,rgb,-75.000,-75.000,6,700,,0.258892045,45.8043,4.058677673,4.051881790,1.646605492
2026-07-28T16:38:06.541618+00:00,171.076449,open,rgb,-75.000,-75.000,7,700,,0.258863636,45.8278,4.058773994,4.052046299,1.646744251
2026-07-28T16:38:06.692100+00:00,171.226931,open,rgb,-75.000,-75.000,8,700,,0.258835227,45.8513,4.058825970,4.052081585,1.646688342
2026-07-28T16:38:06.842470+00:00,171.377301,open,rgb,-75.000,-75.000,9,700,,0.258863636,45.8695,4.058758736,4.051984787,1.646530628
2026-07-28T16:38:06.992891+00:00,171.527722,open,rgb,-75.000,-75.000,10,700,,0.258863636,45.8904,4.058901787,4.052149296,1.646607757
2026-07-28T16:38:07.143204+00:00,171.678036,open,rgb,-75.000,-75.000,11,700,,0.258863636,45.9061,4.058957577,4.052263737,1.646832585
2026-07-28T16:38:07.293776+00:00,171.828602,open,rgb,-75.000,-75.000,12,700,,0.258835227,45.9244,4.059074402,4.052272320,1.646661401
2026-07-28T16:38:07.444374+00:00,171.979205,open,rgb,-75.000,-75.000,13,700,,0.258778409,45.9426,4.059201241,4.052439213,1.646695614
2026-07-28T16:38:07.594752+00:00,172.129582,open,rgb,-75.000,-75.000,14,700,,0.258778409,45.9583,4.059017658,4.052306652,1.646421194
2026-07-28T16:38:07.745149+00:00,172.279980,open,rgb,-75.000,-75.000,15,700,,0.258778409,45.9792,4.059280872,4.052526951,1.646635056
2026-07-28T16:38:07.895571+00:00,172.430403,open,rgb,-75.000,-75.000,16,700,,0.258750000,45.9975,4.059213161,4.052495003,1.646638513
2026-07-28T16:38:08.046017+00:00,172.580849,open,rgb,-75.000,-75.000,17,700,,0.258806818,46.0054,4.059114933,4.052402973,1.646432161
2026-07-28T16:38:08.196577+00:00,172.731402,open,rgb,-75.000,-75.000,18,700,,0.258835227,46.0263,4.059022427,4.052262306,1.646786213
2026-07-28T16:38:08.347184+00:00,172.882015,open,rgb,-75.000,-75.000,19,700,,0.258835227,46.0473,4.059014797,4.052247524,1.646736622
2026-07-28T16:38:11.028545+00:00,175.563372,open,rgb,-75.000,-60.000,0,700,,0.258863636,46.3702,4.060469151,4.052819252,1.646805525
2026-07-28T16:38:11.179184+00:00,175.714013,open,rgb,-75.000,-60.000,1,700,,0.258863636,46.3913,4.061403275,4.053011894,1.646635294
2026-07-28T16:38:11.329625+00:00,175.864457,open,rgb,-75.000,-60.000,2,700,,0.258835227,46.4071,4.060654163,4.053121567,1.646447301
2026-07-28T16:38:11.479995+00:00,176.014826,open,rgb,-75.000,-60.000,3,700,,0.258806818,46.4202,4.060507774,4.053066730,1.646448612
2026-07-28T16:38:11.630424+00:00,176.165255,open,rgb,-75.000,-60.000,4,700,,0.258835227,46.4361,4.060751915,4.053085327,1.645815015
2026-07-28T16:38:11.780752+00:00,176.315583,open,rgb,-75.000,-60.000,5,700,,0.258863636,46.4519,4.060787201,4.053166389,1.646517396
2026-07-28T16:38:11.931124+00:00,176.465951,open,rgb,-75.000,-60.000,6,700,,0.258806818,46.4598,4.060473442,4.052971363,1.646359921
2026-07-28T16:38:12.081651+00:00,176.616482,open,rgb,-75.000,-60.000,7,700,,0.258892045,46.4756,4.060628414,4.053072929,1.646658540
2026-07-28T16:38:12.232047+00:00,176.766878,open,rgb,-75.000,-60.000,8,700,,0.258863636,46.4862,4.060690880,4.053133011,1.646690249
2026-07-28T16:38:12.382354+00:00,176.917186,open,rgb,-75.000,-60.000,9,700,,0.258835227,46.4651,4.060529709,4.053099632,1.646479845
2026-07-28T16:38:12.532689+00:00,177.067520,open,rgb,-75.000,-60.000,10,700,,0.258835227,46.4572,4.060666084,4.053191662,1.646577239
2026-07-28T16:38:12.682989+00:00,177.217821,open,rgb,-75.000,-60.000,11,700,,0.258835227,46.4677,4.060674667,4.053104877,1.646563530
2026-07-28T16:38:12.833337+00:00,177.368167,open,rgb,-75.000,-60.000,12,700,,0.258892045,46.4915,4.060833454,4.053102016,1.646574974
2026-07-28T16:38:12.983700+00:00,177.518531,open,rgb,-75.000,-60.000,13,700,,0.258835227,46.5178,4.061026096,4.053309441,1.646683216
2026-07-28T16:38:13.134026+00:00,177.668857,open,rgb,-75.000,-60.000,14,700,,0.258835227,46.5337,4.060986519,4.053261757,1.646435380
2026-07-28T16:38:13.284163+00:00,177.818990,open,rgb,-75.000,-60.000,15,700,,0.258892045,46.5522,4.060888767,4.053326607,1.646484733
2026-07-28T16:38:13.434672+00:00,177.969503,open,rgb,-75.000,-60.000,16,700,,0.258806818,46.5628,4.060748577,4.053192139,1.646714211
2026-07-28T16:38:13.585006+00:00,178.119837,open,rgb,-75.000,-60.000,17,700,,0.258806818,46.5813,4.060853958,4.053209305,1.646569848
2026-07-28T16:38:13.735320+00:00,178.270151,open,rgb,-75.000,-60.000,18,700,,0.258863636,46.5918,4.061389923,4.053393364,1.646632671
2026-07-28T16:38:13.885674+00:00,178.420505,open,rgb,-75.000,-60.000,19,700,,0.258863636,46.5945,4.061377048,4.053340435,1.646574736
2026-07-28T16:38:16.567558+00:00,181.102386,open,rgb,-75.000,-45.000,0,700,,0.258806818,46.7030,4.064500332,4.055392265,1.646678567
2026-07-28T16:38:16.718029+00:00,181.252860,open,rgb,-75.000,-45.000,1,700,,0.258835227,46.7162,4.064496517,4.055252552,1.646496654
2026-07-28T16:38:16.868536+00:00,181.403362,open,rgb,-75.000,-45.000,2,700,,0.258863636,46.7189,4.064524651,4.055201530,1.646728873
2026-07-28T16:38:17.018965+00:00,181.553794,open,rgb,-75.000,-45.000,3,700,,0.258835227,46.7215,4.064435482,4.055266380,1.646719813
2026-07-28T16:38:17.169360+00:00,181.704190,open,rgb,-75.000,-45.000,4,700,,0.258920455,46.7427,4.064520359,4.055387497,1.645926833
2026-07-28T16:38:17.319711+00:00,181.854543,open,rgb,-75.000,-45.000,5,700,,0.258920455,46.7772,4.064545631,4.055401325,1.646743536
2026-07-28T16:38:17.469978+00:00,182.004811,open,rgb,-75.000,-45.000,6,700,,0.258863636,46.7852,4.064485550,4.055286884,1.646535754
2026-07-28T16:38:17.620385+00:00,182.155217,open,rgb,-75.000,-45.000,7,700,,0.258863636,46.7799,4.064583302,4.055443764,1.646692276
2026-07-28T16:38:17.770670+00:00,182.305502,open,rgb,-75.000,-45.000,8,700,,0.258863636,46.7958,4.064571381,4.055388927,1.646740794
2026-07-28T16:38:17.921039+00:00,182.455866,open,rgb,-75.000,-45.000,9,700,,0.258892045,46.8250,4.064593792,4.055309772,1.646515965
2026-07-28T16:38:18.071708+00:00,182.606537,open,rgb,-75.000,-45.000,10,700,,0.258835227,46.8489,4.064655304,4.055483818,1.646646023
2026-07-28T16:38:18.222097+00:00,182.756928,open,rgb,-75.000,-45.000,11,700,,0.258863636,46.8648,4.064537525,4.055365086,1.646591187
2026-07-28T16:38:18.372465+00:00,182.907295,open,rgb,-75.000,-45.000,12,700,,0.258863636,46.8808,4.064628124,4.055519104,1.646640897
2026-07-28T16:38:18.522828+00:00,183.057658,open,rgb,-75.000,-45.000,13,700,,0.258892045,46.8994,4.064669132,4.055499554,1.646747351
2026-07-28T16:38:18.673152+00:00,183.207984,open,rgb,-75.000,-45.000,14,700,,0.258806818,46.9153,4.064664841,4.055441380,1.646481514
2026-07-28T16:38:18.823521+00:00,183.358353,open,rgb,-75.000,-45.000,15,700,,0.258892045,46.9366,4.064702511,4.055583477,1.646623850
2026-07-28T16:38:18.973967+00:00,183.508797,open,rgb,-75.000,-45.000,16,700,,0.258863636,46.9499,4.064627171,4.055541992,1.646691203
2026-07-28T16:38:19.124449+00:00,183.659279,open,rgb,-75.000,-45.000,17,700,,0.258863636,46.9499,4.064834595,4.055480480,1.646538377
2026-07-28T16:38:19.274760+00:00,183.809587,open,rgb,-75.000,-45.000,18,700,,0.258863636,46.9499,4.064669132,4.055549622,1.646661997
2026-07-28T16:38:19.425468+00:00,183.960298,open,rgb,-75.000,-45.000,19,700,,0.258806818,46.9473,4.064640522,4.055481911,1.646579623
2026-07-28T16:38:22.107516+00:00,186.642344,open,rgb,-75.000,-30.000,0,700,,0.258835227,47.1339,4.065762520,4.055934429,1.648028374
2026-07-28T16:38:22.258003+00:00,186.792834,open,rgb,-75.000,-30.000,1,700,,0.258863636,47.1606,4.065853119,4.055870056,1.647757649
2026-07-28T16:38:22.408408+00:00,186.943240,open,rgb,-75.000,-30.000,2,700,,0.258920455,47.1846,4.065820694,4.055979729,1.647300363
2026-07-28T16:38:22.558725+00:00,187.093556,open,rgb,-75.000,-30.000,3,700,,0.258892045,47.1980,4.065725327,4.055924416,1.647032261
2026-07-28T16:38:22.708998+00:00,187.243829,open,rgb,-75.000,-30.000,4,700,,0.258920455,47.2087,4.065885067,4.056064606,1.646368742
2026-07-28T16:38:22.859281+00:00,187.394113,open,rgb,-75.000,-30.000,5,700,,0.258863636,47.2354,4.065834045,4.055997372,1.647150517
2026-07-28T16:38:23.009647+00:00,187.544476,open,rgb,-75.000,-30.000,6,700,,0.258835227,47.2488,4.065828800,4.055957317,1.647004485
2026-07-28T16:38:23.160049+00:00,187.694881,open,rgb,-75.000,-30.000,7,700,,0.258892045,47.2649,4.065924644,4.056104183,1.647154093
2026-07-28T16:38:23.310315+00:00,187.845147,open,rgb,-75.000,-30.000,8,700,,0.258863636,47.2756,4.065811634,4.055964470,1.647294044
2026-07-28T16:38:23.460662+00:00,187.995493,open,rgb,-75.000,-30.000,9,700,,0.258977273,47.2970,4.065970898,4.055924892,1.647108674
2026-07-28T16:38:23.610995+00:00,188.145827,open,rgb,-75.000,-30.000,10,700,,0.258920455,47.3131,4.065907955,4.056041718,1.647317410
2026-07-28T16:38:23.761260+00:00,188.296091,open,rgb,-75.000,-30.000,11,700,,0.258835227,47.3211,4.065922260,4.056014061,1.647087216
2026-07-28T16:38:23.911544+00:00,188.446377,open,rgb,-75.000,-30.000,12,700,,0.258892045,47.3318,4.066032887,4.056201458,1.647086978
2026-07-28T16:38:24.061949+00:00,188.596776,open,rgb,-75.000,-30.000,13,700,,0.258806818,47.3453,4.065924644,4.056087017,1.647185922
2026-07-28T16:38:24.212509+00:00,188.747339,open,rgb,-75.000,-30.000,14,700,,0.258835227,47.3533,4.065843582,4.056030750,1.647070885
2026-07-28T16:38:24.363011+00:00,188.897842,open,rgb,-75.000,-30.000,15,700,,0.258920455,47.3640,4.065948009,4.056130409,1.647252083
2026-07-28T16:38:24.513553+00:00,189.048383,open,rgb,-75.000,-30.000,16,700,,0.258863636,47.3560,4.065891743,4.056053162,1.647227883
2026-07-28T16:38:24.664001+00:00,189.198831,open,rgb,-75.000,-30.000,17,700,,0.258920455,47.3372,4.066014290,4.056076050,1.647254467
2026-07-28T16:38:24.814296+00:00,189.349128,open,rgb,-75.000,-30.000,18,700,,0.258892045,47.3426,4.066037178,4.056184769,1.647208571
2026-07-28T16:38:24.964670+00:00,189.499496,open,rgb,-75.000,-30.000,19,700,,0.258892045,47.3533,4.065960884,4.056135178,1.647035241
2026-07-28T16:38:27.646705+00:00,192.181533,open,rgb,-75.000,-15.000,0,700,,0.258920455,47.5090,4.062637329,4.056613922,1.647089958
2026-07-28T16:38:27.797149+00:00,192.331981,open,rgb,-75.000,-15.000,1,700,,0.258892045,47.5198,4.062954426,4.056615353,1.647047877
2026-07-28T16:38:27.947553+00:00,192.482384,open,rgb,-75.000,-15.000,2,700,,0.258948864,47.4983,4.063277721,4.056676865,1.647086978
2026-07-28T16:38:28.098001+00:00,192.632831,open,rgb,-75.000,-15.000,3,700,,0.258892045,47.4714,4.063067913,4.056315899,1.646820426
2026-07-28T16:38:28.248477+00:00,192.783307,open,rgb,-75.000,-15.000,4,700,,0.258977273,47.4660,4.063267231,4.056450844,1.646369934
2026-07-28T16:38:28.398835+00:00,192.933666,open,rgb,-75.000,-15.000,5,700,,0.258920455,47.4875,4.063288212,4.056387424,1.647202969
2026-07-28T16:38:28.549165+00:00,193.083996,open,rgb,-75.000,-15.000,6,700,,0.258948864,47.5090,4.063853264,4.056352139,1.647028446
2026-07-28T16:38:28.699565+00:00,193.234397,open,rgb,-75.000,-15.000,7,700,,0.258892045,47.5090,4.064935684,4.056472301,1.647116542
2026-07-28T16:38:28.849915+00:00,193.384748,open,rgb,-75.000,-15.000,8,700,,0.258892045,47.4902,4.065759659,4.056406975,1.647112846
2026-07-28T16:38:29.000214+00:00,193.535046,open,rgb,-75.000,-15.000,9,700,,0.258920455,47.4929,4.066254616,4.056333065,1.646928072
2026-07-28T16:38:29.150595+00:00,193.685425,open,rgb,-75.000,-15.000,10,700,,0.258948864,47.5010,4.064968586,4.056371689,1.647175908
2026-07-28T16:38:29.300889+00:00,193.835721,open,rgb,-75.000,-15.000,11,700,,0.258835227,47.5010,4.064348221,4.056586742,1.646991491
2026-07-28T16:38:29.451151+00:00,193.985977,open,rgb,-75.000,-15.000,12,700,,0.258920455,47.5144,4.064017773,4.056829929,1.646872163
2026-07-28T16:38:29.601488+00:00,194.136318,open,rgb,-75.000,-15.000,13,700,,0.258835227,47.5332,4.063810825,4.056596279,1.647157311
2026-07-28T16:38:29.751748+00:00,194.286579,open,rgb,-75.000,-15.000,14,700,,0.258863636,47.5548,4.063934803,4.056800365,1.646994233
2026-07-28T16:38:29.901975+00:00,194.436807,open,rgb,-75.000,-15.000,15,700,,0.258892045,47.5655,4.064172745,4.056894302,1.646998882
2026-07-28T16:38:30.052109+00:00,194.586939,open,rgb,-75.000,-15.000,16,700,,0.258778409,47.5467,4.065288544,4.056936264,1.646995187
2026-07-28T16:38:30.203559+00:00,194.738384,open,rgb,-75.000,-15.000,17,700,,0.258778409,47.5790,4.065683842,4.056750298,1.646990538
2026-07-28T16:38:30.353921+00:00,194.888751,open,rgb,-75.000,-15.000,18,700,,0.258892045,47.5844,4.065971851,4.056706905,1.647166848
2026-07-28T16:38:30.504124+00:00,195.038957,open,rgb,-75.000,-15.000,19,700,,0.258863636,47.6005,4.065902710,4.056564331,1.646973491
2026-07-28T16:38:33.185501+00:00,197.720328,open,rgb,-75.000,0.000,0,700,,0.258750000,47.6949,4.065328121,4.058630943,1.647067666
2026-07-28T16:38:33.335979+00:00,197.870806,open,rgb,-75.000,0.000,1,700,,0.258721591,47.6949,4.065510750,4.058747768,1.647133350
2026-07-28T16:38:33.486174+00:00,198.021006,open,rgb,-75.000,0.000,2,700,,0.258778409,47.7111,4.065398693,4.058663368,1.647292018
2026-07-28T16:38:33.636476+00:00,198.171308,open,rgb,-75.000,0.000,3,700,,0.258778409,47.7138,4.065335274,4.058631897,1.646961451
2026-07-28T16:38:33.786645+00:00,198.321478,open,rgb,-75.000,0.000,4,700,,0.258835227,47.6841,4.065478802,4.058814526,1.646471262
2026-07-28T16:38:33.936898+00:00,198.471729,open,rgb,-75.000,0.000,5,700,,0.258778409,47.6760,4.065554619,4.058836460,1.647119164
2026-07-28T16:38:34.087100+00:00,198.621929,open,rgb,-75.000,0.000,6,700,,0.258750000,47.7111,4.065379143,4.058589458,1.646955132
2026-07-28T16:38:34.237398+00:00,198.772229,open,rgb,-75.000,0.000,7,700,,0.258863636,47.7408,4.064552784,4.057952881,1.647150517
2026-07-28T16:38:34.387596+00:00,198.922426,open,rgb,-75.000,0.000,8,700,,0.258892045,47.7084,4.064321518,4.057286263,1.647096038
2026-07-28T16:38:34.537796+00:00,199.072626,open,rgb,-75.000,0.000,9,700,,0.258835227,47.7138,4.063745975,4.056730270,1.647132874
2026-07-28T16:38:34.687969+00:00,199.222800,open,rgb,-75.000,0.000,10,700,,0.258920455,47.7435,4.063653946,4.056570053,1.647229552
2026-07-28T16:38:34.838188+00:00,199.373019,open,rgb,-75.000,0.000,11,700,,0.258892045,47.7651,4.063738823,4.056653023,1.647151470
2026-07-28T16:38:34.988413+00:00,199.523244,open,rgb,-75.000,0.000,12,700,,0.258863636,47.7813,4.063897133,4.056691647,1.647060156
2026-07-28T16:38:35.138546+00:00,199.673374,open,rgb,-75.000,0.000,13,700,,0.258920455,47.8003,4.063444614,4.056346416,1.647344351
2026-07-28T16:38:35.289023+00:00,199.823855,open,rgb,-75.000,0.000,14,700,,0.258920455,47.8111,4.062601566,4.055514812,1.647096276
2026-07-28T16:38:35.440029+00:00,199.974854,open,rgb,-75.000,0.000,15,700,,0.258948864,47.8273,4.062615871,4.055620670,1.647178531
2026-07-28T16:38:35.590652+00:00,200.125483,open,rgb,-75.000,0.000,16,700,,0.258835227,47.8462,4.062535286,4.055550098,1.647121429
2026-07-28T16:38:35.741091+00:00,200.275922,open,rgb,-75.000,0.000,17,700,,0.258948864,47.8435,4.062665939,4.055705547,1.647240996
2026-07-28T16:38:35.891509+00:00,200.426340,open,rgb,-75.000,0.000,18,700,,0.258977273,47.8462,4.062629700,4.055603981,1.647238135
2026-07-28T16:38:36.042046+00:00,200.576874,open,rgb,-75.000,0.000,19,700,,0.258892045,47.8517,4.062647343,4.055661678,1.647076488
2026-07-28T16:38:38.723643+00:00,203.258471,open,rgb,-75.000,15.000,0,700,,0.258778409,47.8679,4.063712597,4.056870461,1.647193670
2026-07-28T16:38:38.874181+00:00,203.409011,open,rgb,-75.000,15.000,1,700,,0.258863636,47.9058,4.063521862,4.055870056,1.647180557
2026-07-28T16:38:39.024539+00:00,203.559370,open,rgb,-75.000,15.000,2,700,,0.258806818,47.9410,4.063302994,4.056188583,1.647306442
2026-07-28T16:38:39.174893+00:00,203.709724,open,rgb,-75.000,15.000,3,700,,0.258806818,47.9763,4.063535690,4.056222916,1.647117496
2026-07-28T16:38:39.325192+00:00,203.860023,open,rgb,-75.000,15.000,4,700,,0.258778409,47.9899,4.064074993,4.056743622,1.646496654
2026-07-28T16:38:39.475555+00:00,204.010386,open,rgb,-75.000,15.000,5,700,,0.258409091,48.0143,4.063755989,4.056472301,1.647185683
2026-07-28T16:38:39.625939+00:00,204.160769,open,rgb,-75.000,15.000,6,700,,0.258636364,48.0007,4.063814163,4.056056023,1.647014260
2026-07-28T16:38:39.776245+00:00,204.311073,open,rgb,-75.000,15.000,7,700,,0.258778409,47.9736,4.065506458,4.058289051,1.647135377
2026-07-28T16:38:39.926499+00:00,204.461330,open,rgb,-75.000,15.000,8,700,,0.258693182,47.9763,4.064228535,4.056268692,1.647098899
2026-07-28T16:38:40.076654+00:00,204.611484,open,rgb,-75.000,15.000,9,700,,0.258892045,47.9899,4.064030647,4.056834698,1.647257686
2026-07-28T16:38:40.226996+00:00,204.761823,open,rgb,-75.000,15.000,10,700,,0.258664773,48.0279,4.063761234,4.056799412,1.647356987
2026-07-28T16:38:40.377384+00:00,204.912214,open,rgb,-75.000,15.000,11,700,,0.258750000,48.0442,4.063240051,4.056345463,1.647179723
2026-07-28T16:38:40.527630+00:00,205.062460,open,rgb,-75.000,15.000,12,700,,0.258750000,48.0496,4.064430714,4.057695866,1.647294283
2026-07-28T16:38:40.678054+00:00,205.212879,open,rgb,-75.000,15.000,13,700,,0.258750000,48.0224,4.064360619,4.057369709,1.647325993
2026-07-28T16:38:40.828435+00:00,205.363266,open,rgb,-75.000,15.000,14,700,,0.258835227,47.9980,4.063739300,4.056597233,1.647197127
2026-07-28T16:38:40.978642+00:00,205.513473,open,rgb,-75.000,15.000,15,700,,0.258750000,47.9275,4.061971188,4.055139542,1.647288442
2026-07-28T16:38:41.128929+00:00,205.663759,open,rgb,-75.000,15.000,16,700,,0.258636364,47.9031,4.061496735,4.054880619,1.647094369
2026-07-28T16:38:41.279210+00:00,205.814040,open,rgb,-75.000,15.000,17,700,,0.258721591,47.9329,4.062284470,4.055070400,1.647319913
2026-07-28T16:38:41.429352+00:00,205.964183,open,rgb,-75.000,15.000,18,700,,0.258693182,47.9410,4.063537598,4.056493282,1.647297382
2026-07-28T16:38:41.579590+00:00,206.114421,open,rgb,-75.000,15.000,19,700,,0.258806818,47.9112,4.063580513,4.056584358,1.647115827
2026-07-28T16:38:44.260675+00:00,208.795502,open,rgb,-75.000,30.000,0,700,,0.258920455,48.2455,4.064380646,4.057082653,1.646979094
2026-07-28T16:38:44.411251+00:00,208.946081,open,rgb,-75.000,30.000,1,700,,0.258835227,48.2455,4.064400196,4.057119846,1.647165656
2026-07-28T16:38:44.561634+00:00,209.096463,open,rgb,-75.000,30.000,2,700,,0.258863636,48.2592,4.064158440,4.056962490,1.647517204
2026-07-28T16:38:44.711940+00:00,209.246771,open,rgb,-75.000,30.000,3,700,,0.258892045,48.2537,4.064260483,4.057020664,1.647219300
2026-07-28T16:38:44.862102+00:00,209.396934,open,rgb,-75.000,30.000,4,700,,0.258863636,48.2565,4.064329624,4.057182789,1.646468043
2026-07-28T16:38:45.012299+00:00,209.547130,open,rgb,-75.000,30.000,5,700,,0.258920455,48.2810,4.064089298,4.056852341,1.647154570
2026-07-28T16:38:45.162797+00:00,209.697621,open,rgb,-75.000,30.000,6,700,,0.258920455,48.2592,4.063815594,4.056532860,1.646675110
2026-07-28T16:38:45.313294+00:00,209.848121,open,rgb,-75.000,30.000,7,700,,0.258977273,48.2674,4.063609600,4.056432247,1.647016644
2026-07-28T16:38:45.463597+00:00,209.998428,open,rgb,-75.000,30.000,8,700,,0.259005682,48.2537,4.064703465,4.057596684,1.647209525
2026-07-28T16:38:45.613805+00:00,210.148635,open,rgb,-75.000,30.000,9,700,,0.258721591,48.2401,4.064569950,4.057430267,1.647280097
2026-07-28T16:38:45.763999+00:00,210.298831,open,rgb,-75.000,30.000,10,700,,0.258750000,48.2455,4.064511299,4.057298660,1.647427320
2026-07-28T16:38:45.914350+00:00,210.449175,open,rgb,-75.000,30.000,11,700,,0.258778409,48.2592,4.064441204,4.057227135,1.647142649
2026-07-28T16:38:46.064692+00:00,210.599521,open,rgb,-75.000,30.000,12,700,,0.258806818,48.2783,4.064421177,4.057323933,1.647297382
2026-07-28T16:38:46.214954+00:00,210.749783,open,rgb,-75.000,30.000,13,700,,0.258778409,48.3001,4.064441204,4.057335854,1.647227407
2026-07-28T16:38:46.365254+00:00,210.900083,open,rgb,-75.000,30.000,14,700,,0.258750000,48.3192,4.064504623,4.057319641,1.647168279
2026-07-28T16:38:46.515524+00:00,211.050354,open,rgb,-75.000,30.000,15,700,,0.258806818,48.3383,4.064395905,4.057348251,1.647329450
2026-07-28T16:38:46.665809+00:00,211.200638,open,rgb,-75.000,30.000,16,700,,0.258835227,48.3547,4.064382553,4.057356358,1.647107005
2026-07-28T16:38:46.816052+00:00,211.350884,open,rgb,-75.000,30.000,17,700,,0.258778409,48.3793,4.064541817,4.057474136,1.647306442
2026-07-28T16:38:46.966426+00:00,211.501253,open,rgb,-75.000,30.000,18,700,,0.258721591,48.3875,4.064401150,4.057344913,1.647482038
2026-07-28T16:38:47.116697+00:00,211.651527,open,rgb,-75.000,30.000,19,700,,0.258806818,48.3657,4.064448357,4.057260036,1.647311091
2026-07-28T16:38:49.797916+00:00,214.332744,open,rgb,-75.000,45.000,0,700,,0.258693182,48.4888,4.068067551,4.058079720,1.647046924
2026-07-28T16:38:49.948427+00:00,214.483256,open,rgb,-75.000,45.000,1,700,,0.258664773,48.5271,4.068357944,4.058292389,1.647361636
2026-07-28T16:38:50.098887+00:00,214.633715,open,rgb,-75.000,45.000,2,700,,0.258750000,48.5600,4.068099976,4.058085442,1.647439480
2026-07-28T16:38:50.249434+00:00,214.784234,open,rgb,-75.000,45.000,3,700,,0.258778409,48.5930,4.068138599,4.058012486,1.647224426
2026-07-28T16:38:50.399786+00:00,214.934616,open,rgb,-75.000,45.000,4,700,,0.258721591,48.5902,4.068192959,4.058166504,1.646698117
2026-07-28T16:38:50.549945+00:00,215.084776,open,rgb,-75.000,45.000,5,700,,0.258750000,48.6039,4.068046093,4.057999134,1.647342324
2026-07-28T16:38:50.700139+00:00,215.234969,open,rgb,-75.000,45.000,6,700,,0.258806818,48.6342,4.068134308,4.058125019,1.647402883
2026-07-28T16:38:50.850584+00:00,215.385415,open,rgb,-75.000,45.000,7,700,,0.258806818,48.6589,4.068227291,4.058188915,1.647333145
2026-07-28T16:38:51.000737+00:00,215.535569,open,rgb,-75.000,45.000,8,700,,0.258721591,48.6809,4.068099976,4.058125496,1.647145629
2026-07-28T16:38:51.151358+00:00,215.686184,open,rgb,-75.000,45.000,9,700,,0.258806818,48.6891,4.068220139,4.058314800,1.647274017
2026-07-28T16:38:51.301719+00:00,215.836548,open,rgb,-75.000,45.000,10,700,,0.258664773,48.6891,4.068174839,4.058199406,1.647351861
2026-07-28T16:38:51.451947+00:00,215.986778,open,rgb,-75.000,45.000,11,700,,0.258721591,48.7029,4.068255901,4.058022022,1.647154570
2026-07-28T16:38:51.602184+00:00,216.137015,open,rgb,-75.000,45.000,12,700,,0.258920455,48.7221,4.068263054,4.058174133,1.647431493
2026-07-28T16:38:51.752502+00:00,216.287333,open,rgb,-75.000,45.000,13,700,,0.258778409,48.7359,4.068222523,4.058219433,1.647252083
2026-07-28T16:38:51.902806+00:00,216.437637,open,rgb,-75.000,45.000,14,700,,0.258750000,48.7524,4.068325043,4.058299541,1.647188544
2026-07-28T16:38:52.052969+00:00,216.587801,open,rgb,-75.000,45.000,15,700,,0.258750000,48.7744,4.068309307,4.058284283,1.647392154
2026-07-28T16:38:52.203159+00:00,216.737989,open,rgb,-75.000,45.000,16,700,,0.258721591,48.7855,4.068456650,4.058475971,1.647196174
2026-07-28T16:38:52.353355+00:00,216.888186,open,rgb,-75.000,45.000,17,700,,0.258721591,48.7937,4.068573952,4.058559895,1.647186875
2026-07-28T16:38:52.503519+00:00,217.038351,open,rgb,-75.000,45.000,18,700,,0.258693182,48.8020,4.068472862,4.058462620,1.647386551
2026-07-28T16:38:52.653574+00:00,217.188405,open,rgb,-75.000,45.000,19,700,,0.258750000,48.8213,4.068574429,4.058496475,1.647239804
2026-07-28T16:38:55.335091+00:00,219.869917,open,rgb,-75.000,60.000,0,700,,0.258778409,49.0063,4.068928242,4.058497429,1.647142410
2026-07-28T16:38:55.485630+00:00,220.020460,open,rgb,-75.000,60.000,1,700,,0.258806818,49.0229,4.069043159,4.058551788,1.647270322
2026-07-28T16:38:55.636024+00:00,220.170853,open,rgb,-75.000,60.000,2,700,,0.258778409,49.0367,4.068981647,4.058552742,1.647278428
2026-07-28T16:38:55.786518+00:00,220.321348,open,rgb,-75.000,60.000,3,700,,0.258806818,49.0091,4.069055557,4.058478355,1.647239089
2026-07-28T16:38:55.936910+00:00,220.471742,open,rgb,-75.000,60.000,4,700,,0.258750000,48.9621,4.068984509,4.058571339,1.646704674
2026-07-28T16:38:56.087290+00:00,220.622118,open,rgb,-75.000,60.000,5,700,,0.258835227,48.9344,4.069005013,4.058603764,1.647188544
2026-07-28T16:38:56.237744+00:00,220.772573,open,rgb,-75.000,60.000,6,700,,0.258750000,48.9372,4.069162369,4.058724880,1.647124887
2026-07-28T16:38:56.387621+00:00,220.922446,open,rgb,-75.000,60.000,7,700,,0.258693182,48.9648,4.069093227,4.058651447,1.647344828
2026-07-28T16:38:56.537972+00:00,221.072802,open,rgb,-75.000,60.000,8,700,,0.258835227,48.9731,4.068982124,4.058576584,1.647094131
2026-07-28T16:38:56.688287+00:00,221.223117,open,rgb,-75.000,60.000,9,700,,0.258750000,48.9952,4.069121361,4.058661938,1.647216201
2026-07-28T16:38:56.838643+00:00,221.373469,open,rgb,-75.000,60.000,10,700,,0.258750000,49.0146,4.069048405,4.058563709,1.647250533
2026-07-28T16:38:56.988945+00:00,221.523776,open,rgb,-75.000,60.000,11,700,,0.258778409,49.0478,4.069210529,4.058674812,1.647171736
2026-07-28T16:38:57.139367+00:00,221.674196,open,rgb,-75.000,60.000,12,700,,0.258778409,49.0755,4.069179535,4.058733463,1.647240758
2026-07-28T16:38:57.289638+00:00,221.824469,open,rgb,-75.000,60.000,13,700,,0.258778409,49.0949,4.069016457,4.058553696,1.647084117
2026-07-28T16:38:57.439954+00:00,221.974786,open,rgb,-75.000,60.000,14,700,,0.258863636,49.1088,4.069116592,4.058615685,1.647360921
2026-07-28T16:38:57.590128+00:00,222.124959,open,rgb,-75.000,60.000,15,700,,0.258778409,49.1088,4.069083214,4.058615208,1.647394896
2026-07-28T16:38:57.740591+00:00,222.275417,open,rgb,-75.000,60.000,16,700,,0.258835227,49.1032,4.069060326,4.058577538,1.647151470
2026-07-28T16:38:57.890957+00:00,222.425785,open,rgb,-75.000,60.000,17,700,,0.258863636,49.0644,4.069203377,4.058764458,1.647285700
2026-07-28T16:38:58.041137+00:00,222.575967,open,rgb,-75.000,60.000,18,700,,0.258750000,49.0672,4.069109440,4.058675289,1.647285461
2026-07-28T16:38:58.191615+00:00,222.726446,open,rgb,-75.000,60.000,19,700,,0.258835227,49.0644,4.069211006,4.058666229,1.647261739
2026-07-28T16:39:00.873033+00:00,225.407861,open,rgb,-75.000,75.000,0,700,,0.258778409,49.1448,4.070024014,4.059131622,1.647153139
2026-07-28T16:39:01.023721+00:00,225.558551,open,rgb,-75.000,75.000,1,700,,0.258750000,49.1781,4.070111275,4.059220791,1.647292018
2026-07-28T16:39:01.174188+00:00,225.709018,open,rgb,-75.000,75.000,2,700,,0.258778409,49.2003,4.070027351,4.059123516,1.647266150
2026-07-28T16:39:01.324765+00:00,225.859592,open,rgb,-75.000,75.000,3,700,,0.258750000,49.1726,4.070064545,4.059124947,1.647275448
2026-07-28T16:39:01.475450+00:00,226.010280,open,rgb,-75.000,75.000,4,700,,0.258693182,49.1753,4.070055485,4.059180260,1.646816730
2026-07-28T16:39:01.625825+00:00,226.160650,open,rgb,-75.000,75.000,5,700,,0.258806818,49.1837,4.069884777,4.059156895,1.647176623
2026-07-28T16:39:01.776455+00:00,226.311284,open,rgb,-75.000,75.000,6,700,,0.258806818,49.2198,4.070190907,4.059323311,1.647252560
2026-07-28T16:39:01.926876+00:00,226.461707,open,rgb,-75.000,75.000,7,700,,0.258778409,49.2392,4.070128441,4.059193134,1.647477865
2026-07-28T16:39:02.077233+00:00,226.612062,open,rgb,-75.000,75.000,8,700,,0.258835227,49.2420,4.070188046,4.059283257,1.647226095
2026-07-28T16:39:02.227708+00:00,226.762539,open,rgb,-75.000,75.000,9,700,,0.258835227,49.2420,4.070457935,4.059614658,1.647197843
2026-07-28T16:39:02.378030+00:00,226.912862,open,rgb,-75.000,75.000,10,700,,0.258664773,49.2448,4.070425510,4.059532166,1.647053242
2026-07-28T16:39:02.528379+00:00,227.063210,open,rgb,-75.000,75.000,11,700,,0.258693182,49.2642,4.070511818,4.059574604,1.647107720
2026-07-28T16:39:02.678690+00:00,227.213521,open,rgb,-75.000,75.000,12,700,,0.258778409,49.2948,4.070205212,4.059386730,1.647497177
2026-07-28T16:39:02.828978+00:00,227.363810,open,rgb,-75.000,75.000,13,700,,0.258778409,49.3115,4.070279598,4.059391022,1.647281528
2026-07-28T16:39:02.979375+00:00,227.514202,open,rgb,-75.000,75.000,14,700,,0.258750000,49.3338,4.070326805,4.059408188,1.647308707
2026-07-28T16:39:03.129809+00:00,227.664638,open,rgb,-75.000,75.000,15,700,,0.258750000,49.3588,4.070231915,4.059348583,1.647347450
2026-07-28T16:39:03.280175+00:00,227.815007,open,rgb,-75.000,75.000,16,700,,0.258750000,49.3755,4.070235252,4.059315205,1.647165656
2026-07-28T16:39:03.430591+00:00,227.965420,open,rgb,-75.000,75.000,17,700,,0.258778409,49.3867,4.070271969,4.059494019,1.647192955
2026-07-28T16:39:03.580888+00:00,228.115719,open,rgb,-75.000,75.000,18,700,,0.258750000,49.3923,4.070138454,4.059319019,1.647258878
2026-07-28T16:39:03.731080+00:00,228.265912,open,rgb,-75.000,75.000,19,700,,0.258778409,49.4146,4.070257664,4.059404373,1.647281528
2026-07-28T16:39:06.412333+00:00,230.947161,open,rgb,-75.000,90.000,0,700,,0.258693182,49.5542,4.070778847,4.059951782,1.647167802
2026-07-28T16:39:06.562663+00:00,231.097492,open,rgb,-75.000,90.000,1,700,,0.258778409,49.5765,4.070866585,4.059900284,1.647260070
2026-07-28T16:39:06.712885+00:00,231.247716,open,rgb,-75.000,90.000,2,700,,0.258664773,49.5849,4.070799828,4.059923649,1.647299886
2026-07-28T16:39:06.863670+00:00,231.398495,open,rgb,-75.000,90.000,3,700,,0.258721591,49.6017,4.070640087,4.060100555,1.647257209
2026-07-28T16:39:07.014140+00:00,231.548970,open,rgb,-75.000,90.000,4,700,,0.258664773,49.6129,4.071004391,4.060256004,1.646809101
2026-07-28T16:39:07.164513+00:00,231.699343,open,rgb,-75.000,90.000,5,700,,0.258693182,49.6297,4.071285248,4.060321331,1.647238851
2026-07-28T16:39:07.314888+00:00,231.849716,open,rgb,-75.000,90.000,6,700,,0.258721591,49.6465,4.071314812,4.060398102,1.647363901
2026-07-28T16:39:07.465147+00:00,231.999979,open,rgb,-75.000,90.000,7,700,,0.258664773,49.6577,4.071332932,4.060417175,1.647387266
2026-07-28T16:39:07.615319+00:00,232.150150,open,rgb,-75.000,90.000,8,700,,0.258607955,49.6717,4.071440220,4.060377598,1.647162676
2026-07-28T16:39:07.765567+00:00,232.300399,open,rgb,-75.000,90.000,9,700,,0.258664773,49.6857,4.071464062,4.060540199,1.647304773
2026-07-28T16:39:07.915994+00:00,232.450826,open,rgb,-75.000,90.000,10,700,,0.258664773,49.6942,4.071195126,4.060377598,1.647190809
2026-07-28T16:39:08.066403+00:00,232.601234,open,rgb,-75.000,90.000,11,700,,0.258778409,49.7166,4.071397781,4.060517311,1.647356510
2026-07-28T16:39:08.216824+00:00,232.751653,open,rgb,-75.000,90.000,12,700,,0.258693182,49.7334,4.071320534,4.060496330,1.647415400
2026-07-28T16:39:08.367272+00:00,232.902103,open,rgb,-75.000,90.000,13,700,,0.258721591,49.7390,4.071185589,4.060305595,1.647292018
2026-07-28T16:39:08.517639+00:00,233.052470,open,rgb,-75.000,90.000,14,700,,0.258693182,49.7587,4.071337700,4.060455799,1.647457600
2026-07-28T16:39:08.668131+00:00,233.202961,open,rgb,-75.000,90.000,15,700,,0.258693182,49.7615,4.071407795,4.060519218,1.647321343
2026-07-28T16:39:08.818268+00:00,233.353100,open,rgb,-75.000,90.000,16,700,,0.258750000,49.7643,4.071531773,4.060434818,1.647119522
2026-07-28T16:39:08.968442+00:00,233.503274,open,rgb,-75.000,90.000,17,700,,0.258721591,49.7699,4.071438313,4.060583115,1.647315264
2026-07-28T16:39:09.118691+00:00,233.653520,open,rgb,-75.000,90.000,18,700,,0.258721591,49.7699,4.071394444,4.060466766,1.647281528
2026-07-28T16:39:09.268890+00:00,233.803722,open,rgb,-75.000,90.000,19,700,,0.258693182,49.7839,4.071476936,4.060634613,1.647236943
2026-07-28T16:39:20.050742+00:00,244.585571,open,dark,-60.000,-90.000,0,0,,0.000710227,49.9696,4.896890640,4.903545856,1.649705172
2026-07-28T16:39:20.201199+00:00,244.736025,open,dark,-60.000,-90.000,1,0,,0.000681818,49.9077,4.896907806,4.903522015,1.649462461
2026-07-28T16:39:20.351774+00:00,244.886604,open,dark,-60.000,-90.000,2,0,,0.000710227,49.8542,4.896904469,4.903536797,1.649671197
2026-07-28T16:39:20.502207+00:00,245.037038,open,dark,-60.000,-90.000,3,0,,0.000710227,49.7839,4.896881104,4.903556824,1.649765730
2026-07-28T16:39:20.652589+00:00,245.187418,open,dark,-60.000,-90.000,4,0,,0.000710227,49.7222,4.896970749,4.903560638,1.649533749
2026-07-28T16:39:20.803121+00:00,245.337954,open,dark,-60.000,-90.000,5,0,,0.000710227,49.6549,4.896908283,4.903549671,1.649131179
2026-07-28T16:39:20.953475+00:00,245.488306,open,dark,-60.000,-90.000,6,0,,0.000710227,49.5737,4.896912098,4.903533936,1.649502754
2026-07-28T16:39:21.103780+00:00,245.638611,open,dark,-60.000,-90.000,7,0,,0.000681818,49.5011,4.896911621,4.903549194,1.649618030
2026-07-28T16:39:21.254224+00:00,245.789055,open,dark,-60.000,-90.000,8,0,,0.000710227,49.4257,4.896916866,4.903546333,1.649695396
2026-07-28T16:39:21.404575+00:00,245.939406,open,dark,-60.000,-90.000,9,0,,0.000681818,49.3421,4.896926880,4.903553009,1.649566293
2026-07-28T16:39:21.554883+00:00,246.089715,open,dark,-60.000,-90.000,10,0,,0.000681818,49.2698,4.896924496,4.903546333,1.649605513
2026-07-28T16:39:21.705184+00:00,246.240015,open,dark,-60.000,-90.000,11,0,,0.000681818,49.1864,4.896926403,4.903550625,1.649712682
2026-07-28T16:39:21.855542+00:00,246.390374,open,dark,-60.000,-90.000,12,0,,0.000710227,49.1088,4.896932125,4.903538704,1.649533272
2026-07-28T16:39:22.005822+00:00,246.540655,open,dark,-60.000,-90.000,13,0,,0.000681818,49.0367,4.896910191,4.903533459,1.649792790
2026-07-28T16:39:22.156124+00:00,246.690955,open,dark,-60.000,-90.000,14,0,,0.000681818,48.9648,4.896918297,4.903549194,1.649686337
2026-07-28T16:39:22.306270+00:00,246.841102,open,dark,-60.000,-90.000,15,0,,0.000681818,48.8958,4.896951199,4.903555393,1.649598479
2026-07-28T16:39:22.456482+00:00,246.991311,open,dark,-60.000,-90.000,16,0,,0.000681818,48.8213,4.896943092,4.903575420,1.649674892
2026-07-28T16:39:22.606344+00:00,247.141167,open,dark,-60.000,-90.000,17,0,,0.000710227,48.7469,4.896887302,4.903550625,1.649549127
2026-07-28T16:39:22.757072+00:00,247.291899,open,dark,-60.000,-90.000,18,0,,0.000681818,48.6809,4.896945000,4.903588772,1.649758577
2026-07-28T16:39:22.907557+00:00,247.442387,open,dark,-60.000,-90.000,19,0,,0.000681818,48.6067,4.896947861,4.903559208,1.649725437
2026-07-28T16:39:27.101370+00:00,251.636197,open,rgb,-60.000,-90.000,0,700,,0.258863636,48.1012,4.060035706,4.052748203,1.645507932
2026-07-28T16:39:27.251919+00:00,251.786749,open,rgb,-60.000,-90.000,1,700,,0.258806818,48.1230,4.062262535,4.052590370,1.645729542
2026-07-28T16:39:27.402270+00:00,251.937103,open,rgb,-60.000,-90.000,2,700,,0.258863636,48.1529,4.064088345,4.052116394,1.645552754
2026-07-28T16:39:27.552672+00:00,252.087501,open,rgb,-60.000,-90.000,3,700,,0.259034091,48.1910,4.063722610,4.052861691,1.645445824
2026-07-28T16:39:27.703279+00:00,252.238108,open,rgb,-60.000,-90.000,4,700,,0.258806818,48.1938,4.063593864,4.052364826,1.645316958
2026-07-28T16:39:27.853205+00:00,252.388026,open,rgb,-60.000,-90.000,5,700,,0.258835227,48.2210,4.063420296,4.052323341,1.645412683
2026-07-28T16:39:28.004045+00:00,252.538874,open,rgb,-60.000,-90.000,6,700,,0.258835227,48.2483,4.064035416,4.052550316,1.645412207
2026-07-28T16:39:28.154542+00:00,252.689371,open,rgb,-60.000,-90.000,7,700,,0.258835227,48.2674,4.064315319,4.052926064,1.645262718
2026-07-28T16:39:28.304979+00:00,252.839810,open,rgb,-60.000,-90.000,8,700,,0.258835227,48.2919,4.064625740,4.053174496,1.645433903
2026-07-28T16:39:28.455348+00:00,252.990178,open,rgb,-60.000,-90.000,9,700,,0.258835227,48.3110,4.064635754,4.053024769,1.645509601
2026-07-28T16:39:28.605692+00:00,253.140523,open,rgb,-60.000,-90.000,10,700,,0.258835227,48.3356,4.064701080,4.053373814,1.645326257
2026-07-28T16:39:28.756181+00:00,253.291012,open,rgb,-60.000,-90.000,11,700,,0.258892045,48.3575,4.064648628,4.053874493,1.645361423
2026-07-28T16:39:28.906566+00:00,253.441398,open,rgb,-60.000,-90.000,12,700,,0.258806818,48.3793,4.064584255,4.053713799,1.645274758
2026-07-28T16:39:29.056898+00:00,253.591730,open,rgb,-60.000,-90.000,13,700,,0.258806818,48.3985,4.064873695,4.053933620,1.645229578
2026-07-28T16:39:29.207257+00:00,253.742088,open,rgb,-60.000,-90.000,14,700,,0.258721591,48.4176,4.063883781,4.052920341,1.645536900
2026-07-28T16:39:29.357573+00:00,253.892405,open,rgb,-60.000,-90.000,15,700,,0.258750000,48.4395,4.063275337,4.052308083,1.645458341
2026-07-28T16:39:29.507968+00:00,254.042801,open,rgb,-60.000,-90.000,16,700,,0.258806818,48.4559,4.062712669,4.051714420,1.645403147
2026-07-28T16:39:29.658282+00:00,254.193114,open,rgb,-60.000,-90.000,17,700,,0.258806818,48.4751,4.062242508,4.051385880,1.645362854
2026-07-28T16:39:29.808567+00:00,254.343399,open,rgb,-60.000,-90.000,18,700,,0.258778409,48.5025,4.063571930,4.052472591,1.645357251
2026-07-28T16:39:29.958844+00:00,254.493673,open,rgb,-60.000,-90.000,19,700,,0.258835227,48.5271,4.064011097,4.052896023,1.645435095
2026-07-28T16:39:32.640254+00:00,257.175082,open,rgb,-60.000,-75.000,0,700,,0.258806818,48.8792,4.065166950,4.053065300,1.645381212
2026-07-28T16:39:32.791148+00:00,257.325977,open,rgb,-60.000,-75.000,1,700,,0.258750000,48.8958,4.064922810,4.052857399,1.645408988
2026-07-28T16:39:32.941561+00:00,257.476393,open,rgb,-60.000,-75.000,2,700,,0.258863636,48.9151,4.064033508,4.051593304,1.645431519
2026-07-28T16:39:33.092755+00:00,257.627582,open,rgb,-60.000,-75.000,3,700,,0.258750000,48.9372,4.065927505,4.051872730,1.645433903
2026-07-28T16:39:33.243179+00:00,257.778007,open,rgb,-60.000,-75.000,4,700,,0.258750000,48.9482,4.066262245,4.052215576,1.645286679
2026-07-28T16:39:33.393490+00:00,257.928321,open,rgb,-60.000,-75.000,5,700,,0.258721591,48.9648,4.066503525,4.052493095,1.645251513
2026-07-28T16:39:33.543730+00:00,258.078561,open,rgb,-60.000,-75.000,6,700,,0.258664773,48.9897,4.066257000,4.052030563,1.645820856
2026-07-28T16:39:33.693964+00:00,258.228793,open,rgb,-60.000,-75.000,7,700,,0.258835227,49.0035,4.066308975,4.051886559,1.645609975
2026-07-28T16:39:33.844202+00:00,258.379033,open,rgb,-60.000,-75.000,8,700,,0.258778409,49.0229,4.066268444,4.051970959,1.645701051
2026-07-28T16:39:33.994313+00:00,258.529146,open,rgb,-60.000,-75.000,9,700,,0.258806818,49.0367,4.066187859,4.051891327,1.645573378
2026-07-28T16:39:34.144604+00:00,258.679431,open,rgb,-60.000,-75.000,10,700,,0.258835227,49.0534,4.064177513,4.049290180,1.645424604
2026-07-28T16:39:34.294738+00:00,258.829568,open,rgb,-60.000,-75.000,11,700,,0.258892045,49.0755,4.064264297,4.049044609,1.645642161
2026-07-28T16:39:34.445050+00:00,258.979880,open,rgb,-60.000,-75.000,12,700,,0.258806818,49.0977,4.064176559,4.048857689,1.645480514
2026-07-28T16:39:34.595327+00:00,259.130160,open,rgb,-60.000,-75.000,13,700,,0.258920455,49.1171,4.064474106,4.049035072,1.645566940
2026-07-28T16:39:34.745482+00:00,259.280313,open,rgb,-60.000,-75.000,14,700,,0.258750000,49.1254,4.064222336,4.048785210,1.645632863
2026-07-28T16:39:34.895600+00:00,259.430432,open,rgb,-60.000,-75.000,15,700,,0.258920455,49.1476,4.063878059,4.049024582,1.645438790
2026-07-28T16:39:35.045720+00:00,259.580551,open,rgb,-60.000,-75.000,16,700,,0.258863636,49.1587,4.063543797,4.049088478,1.645383120
2026-07-28T16:39:35.196126+00:00,259.730953,open,rgb,-60.000,-75.000,17,700,,0.258863636,49.1698,4.063349724,4.049053669,1.645390272
2026-07-28T16:39:35.346657+00:00,259.881488,open,rgb,-60.000,-75.000,18,700,,0.258948864,49.1920,4.063533783,4.049516678,1.645452976
2026-07-28T16:39:35.497021+00:00,260.031853,open,rgb,-60.000,-75.000,19,700,,0.258920455,49.2170,4.063535690,4.049796104,1.645525694
2026-07-28T16:39:38.178112+00:00,262.712939,open,rgb,-60.000,-60.000,0,700,,0.258750000,49.3951,4.063273907,4.051003933,1.645188808
2026-07-28T16:39:38.328533+00:00,262.863355,open,rgb,-60.000,-60.000,1,700,,0.258721591,49.3588,4.063146591,4.050626755,1.645259380
2026-07-28T16:39:38.478825+00:00,263.013653,open,rgb,-60.000,-60.000,2,700,,0.258892045,49.2976,4.063345909,4.050905228,1.645233512
2026-07-28T16:39:38.629117+00:00,263.163947,open,rgb,-60.000,-60.000,3,700,,0.258863636,49.2920,4.064233780,4.051653385,1.645500541
2026-07-28T16:39:38.779391+00:00,263.314222,open,rgb,-60.000,-60.000,4,700,,0.258693182,49.2726,4.064391613,4.051750183,1.645294785
2026-07-28T16:39:38.929554+00:00,263.464383,open,rgb,-60.000,-60.000,5,700,,0.258863636,49.3032,4.064534664,4.051755905,1.645274997
2026-07-28T16:39:39.079799+00:00,263.614630,open,rgb,-60.000,-60.000,6,700,,0.258835227,49.3115,4.064265251,4.051590919,1.645720005
2026-07-28T16:39:39.229986+00:00,263.764817,open,rgb,-60.000,-60.000,7,700,,0.258863636,49.3477,4.064452171,4.052186489,1.645506859
2026-07-28T16:39:39.380280+00:00,263.915111,open,rgb,-60.000,-60.000,8,700,,0.258721591,49.3560,4.064935684,4.052579880,1.645357251
2026-07-28T16:39:39.530460+00:00,264.065291,open,rgb,-60.000,-60.000,9,700,,0.258721591,49.3755,4.064651012,4.052276611,1.645370007
2026-07-28T16:39:39.680632+00:00,264.215464,open,rgb,-60.000,-60.000,10,700,,0.258750000,49.4118,4.064693928,4.052417755,1.645388007
2026-07-28T16:39:39.830750+00:00,264.365581,open,rgb,-60.000,-60.000,11,700,,0.258835227,49.4369,4.064619541,4.052366734,1.645567179
2026-07-28T16:39:39.980894+00:00,264.515725,open,rgb,-60.000,-60.000,12,700,,0.258721591,49.4592,4.064672470,4.052406311,1.645355344
2026-07-28T16:39:40.131172+00:00,264.666003,open,rgb,-60.000,-60.000,13,700,,0.258664773,49.4843,4.064926147,4.052696705,1.645340204
2026-07-28T16:39:40.281545+00:00,264.816372,open,rgb,-60.000,-60.000,14,700,,0.258579545,49.4927,4.064448833,4.052188396,1.645355344
2026-07-28T16:39:40.431999+00:00,264.966830,open,rgb,-60.000,-60.000,15,700,,0.258750000,49.5374,4.064542770,4.052192688,1.645281792
2026-07-28T16:39:40.582132+00:00,265.116964,open,rgb,-60.000,-60.000,16,700,,0.258806818,49.5458,4.064512730,4.052317619,1.645416856
2026-07-28T16:39:40.732444+00:00,265.267275,open,rgb,-60.000,-60.000,17,700,,0.258835227,49.5570,4.064392567,4.052208900,1.645295501
2026-07-28T16:39:40.882632+00:00,265.417463,open,rgb,-60.000,-60.000,18,700,,0.258863636,49.5793,4.064547539,4.052361488,1.645396113
2026-07-28T16:39:41.032772+00:00,265.567604,open,rgb,-60.000,-60.000,19,700,,0.258806818,49.5905,4.064481735,4.052299023,1.645408034
2026-07-28T16:39:43.714018+00:00,268.248845,open,rgb,-60.000,-45.000,0,700,,0.258835227,49.6801,4.065128326,4.053094387,1.645291567
2026-07-28T16:39:43.864581+00:00,268.399412,open,rgb,-60.000,-45.000,1,700,,0.258806818,49.6493,4.064898014,4.052795410,1.645260096
2026-07-28T16:39:44.014984+00:00,268.549815,open,rgb,-60.000,-45.000,2,700,,0.258892045,49.6549,4.065244198,4.053159714,1.645581841
2026-07-28T16:39:44.165350+00:00,268.700178,open,rgb,-60.000,-45.000,3,700,,0.258806818,49.6689,4.065206528,4.053211689,1.645555258
2026-07-28T16:39:44.315889+00:00,268.850720,open,rgb,-60.000,-45.000,4,700,,0.258778409,49.6829,4.065230370,4.053170204,1.645464182
2026-07-28T16:39:44.466299+00:00,269.001127,open,rgb,-60.000,-45.000,5,700,,0.258778409,49.6801,4.065217495,4.053220272,1.645484924
2026-07-28T16:39:44.616835+00:00,269.151665,open,rgb,-60.000,-45.000,6,700,,0.258778409,49.6970,4.065238476,4.053173065,1.645478845
2026-07-28T16:39:44.767298+00:00,269.302130,open,rgb,-60.000,-45.000,7,700,,0.258806818,49.6829,4.065292358,4.053130627,1.645401001
2026-07-28T16:39:44.917632+00:00,269.452464,open,rgb,-60.000,-45.000,8,700,,0.258778409,49.6829,4.065302372,4.053248882,1.645387769
2026-07-28T16:39:45.068078+00:00,269.602906,open,rgb,-60.000,-45.000,9,700,,0.258806818,49.6773,4.065286160,4.053016663,1.645192027
2026-07-28T16:39:45.218719+00:00,269.753547,open,rgb,-60.000,-45.000,10,700,,0.258806818,49.7026,4.065165043,4.053173542,1.645193458
2026-07-28T16:39:45.369149+00:00,269.903981,open,rgb,-60.000,-45.000,11,700,,0.258806818,49.7250,4.065030098,4.052959442,1.645592332
2026-07-28T16:39:45.519507+00:00,270.054340,open,rgb,-60.000,-45.000,12,700,,0.258892045,49.7418,4.064985275,4.052947044,1.645387530
2026-07-28T16:39:45.669801+00:00,270.204633,open,rgb,-60.000,-45.000,13,700,,0.258863636,49.7559,4.065257549,4.053255081,1.645388484
2026-07-28T16:39:45.820170+00:00,270.355003,open,rgb,-60.000,-45.000,14,700,,0.258778409,49.7559,4.065047741,4.053009033,1.645406604
2026-07-28T16:39:45.970472+00:00,270.505304,open,rgb,-60.000,-45.000,15,700,,0.258835227,49.7839,4.065135956,4.052981853,1.645436168
2026-07-28T16:39:46.120850+00:00,270.655676,open,rgb,-60.000,-45.000,16,700,,0.258892045,49.8036,4.065052986,4.053047180,1.645528674
2026-07-28T16:39:46.271347+00:00,270.806176,open,rgb,-60.000,-45.000,17,700,,0.258835227,49.8036,4.065064907,4.052990913,1.645319939
2026-07-28T16:39:46.421805+00:00,270.956636,open,rgb,-60.000,-45.000,18,700,,0.258806818,49.8120,4.065177917,4.053111553,1.645325780
2026-07-28T16:39:46.572154+00:00,271.106986,open,rgb,-60.000,-45.000,19,700,,0.258863636,49.7924,4.065191269,4.053143978,1.645442009
2026-07-28T16:39:49.253552+00:00,273.788376,open,rgb,-60.000,-30.000,0,700,,0.258835227,49.8570,4.065833569,4.053646088,1.645420194
2026-07-28T16:39:49.404157+00:00,273.938987,open,rgb,-60.000,-30.000,1,700,,0.258863636,49.8542,4.065658569,4.053555489,1.645254493
2026-07-28T16:39:49.554676+00:00,274.089507,open,rgb,-60.000,-30.000,2,700,,0.258863636,49.8514,4.065767765,4.053656578,1.645577192
2026-07-28T16:39:49.705044+00:00,274.239875,open,rgb,-60.000,-30.000,3,700,,0.258750000,49.8486,4.065707684,4.053605080,1.645644665
2026-07-28T16:39:49.855359+00:00,274.390191,open,rgb,-60.000,-30.000,4,700,,0.258892045,49.8542,4.065830231,4.053688526,1.645405054
2026-07-28T16:39:50.005691+00:00,274.540523,open,rgb,-60.000,-30.000,5,700,,0.258806818,49.8598,4.065890789,4.053793907,1.645394325
2026-07-28T16:39:50.156160+00:00,274.690988,open,rgb,-60.000,-30.000,6,700,,0.258806818,49.8542,4.065793037,4.053704262,1.645370960
2026-07-28T16:39:50.306728+00:00,274.841557,open,rgb,-60.000,-30.000,7,700,,0.258892045,49.8683,4.065912247,4.053799629,1.645333767
2026-07-28T16:39:50.457143+00:00,274.991973,open,rgb,-60.000,-30.000,8,700,,0.258920455,49.8767,4.065937519,4.053821087,1.645352364
2026-07-28T16:39:50.607379+00:00,275.142211,open,rgb,-60.000,-30.000,9,700,,0.258806818,49.8739,4.065786362,4.053723335,1.645223975
2026-07-28T16:39:50.757529+00:00,275.292362,open,rgb,-60.000,-30.000,10,700,,0.258835227,49.8880,4.065932274,4.053815365,1.645434380
2026-07-28T16:39:50.907811+00:00,275.442641,open,rgb,-60.000,-30.000,11,700,,0.258778409,49.8992,4.065891743,4.053824902,1.645456672
2026-07-28T16:39:51.058213+00:00,275.593039,open,rgb,-60.000,-30.000,12,700,,0.258778409,49.8908,4.065903664,4.053754330,1.645226121
2026-07-28T16:39:51.208505+00:00,275.743336,open,rgb,-60.000,-30.000,13,700,,0.258835227,49.9020,4.066089630,4.054068565,1.645401716
2026-07-28T16:39:51.358805+00:00,275.893635,open,rgb,-60.000,-30.000,14,700,,0.258721591,49.9020,4.065908432,4.053875446,1.645275712
2026-07-28T16:39:51.508978+00:00,276.043809,open,rgb,-60.000,-30.000,15,700,,0.258721591,49.9077,4.065936565,4.053932190,1.645304084
2026-07-28T16:39:51.659178+00:00,276.194010,open,rgb,-60.000,-30.000,16,700,,0.258863636,49.8851,4.065938473,4.053880215,1.645385385
2026-07-28T16:39:51.809281+00:00,276.344112,open,rgb,-60.000,-30.000,17,700,,0.258806818,49.8908,4.065868855,4.053813934,1.645237088
2026-07-28T16:39:51.959509+00:00,276.494341,open,rgb,-60.000,-30.000,18,700,,0.258806818,49.9077,4.066000938,4.053954124,1.645324111
2026-07-28T16:39:52.109610+00:00,276.644441,open,rgb,-60.000,-30.000,19,700,,0.258778409,49.9020,4.065880299,4.053775787,1.645564795
2026-07-28T16:39:54.790793+00:00,279.325621,open,rgb,-60.000,-15.000,0,700,,0.258750000,50.1164,4.066742420,4.054502010,1.645489097
2026-07-28T16:39:54.941039+00:00,279.475870,open,rgb,-60.000,-15.000,1,700,,0.258693182,50.1051,4.066661358,4.054381847,1.645288706
2026-07-28T16:39:55.091384+00:00,279.626213,open,rgb,-60.000,-15.000,2,700,,0.258750000,50.1051,4.066738605,4.054560661,1.645394564
2026-07-28T16:39:55.242212+00:00,279.777034,open,rgb,-60.000,-15.000,3,700,,0.258778409,50.1108,4.066481590,4.054078579,1.645449758
2026-07-28T16:39:55.392880+00:00,279.927708,open,rgb,-60.000,-15.000,4,700,,0.258863636,50.1305,4.066557407,4.054240227,1.645297647
2026-07-28T16:39:55.543340+00:00,280.078170,open,rgb,-60.000,-15.000,5,700,,0.258806818,50.1475,4.066541672,4.054334641,1.645455360
2026-07-28T16:39:55.693774+00:00,280.228605,open,rgb,-60.000,-15.000,6,700,,0.258750000,50.1503,4.066380501,4.054245949,1.645323753
2026-07-28T16:39:55.844202+00:00,280.379033,open,rgb,-60.000,-15.000,7,700,,0.258920455,50.1617,4.066601276,4.054334164,1.645355105
2026-07-28T16:39:55.994515+00:00,280.529347,open,rgb,-60.000,-15.000,8,700,,0.258835227,50.1786,4.066565514,4.054309845,1.645441771
2026-07-28T16:39:56.144838+00:00,280.679668,open,rgb,-60.000,-15.000,9,700,,0.258863636,50.2041,4.066376209,4.054197788,1.645169497
2026-07-28T16:39:56.294859+00:00,280.829687,open,rgb,-60.000,-15.000,10,700,,0.258892045,50.2381,4.066527367,4.054351807,1.645580649
2026-07-28T16:39:56.445379+00:00,280.980210,open,rgb,-60.000,-15.000,11,700,,0.258835227,50.2579,4.066626072,4.054418564,1.645419478
2026-07-28T16:39:56.595753+00:00,281.130585,open,rgb,-60.000,-15.000,12,700,,0.258721591,50.2749,4.066702843,4.054284573,1.645226359
2026-07-28T16:39:56.746030+00:00,281.280862,open,rgb,-60.000,-15.000,13,700,,0.258863636,50.2891,4.066854954,4.054581642,1.645335317
2026-07-28T16:39:56.896350+00:00,281.431183,open,rgb,-60.000,-15.000,14,700,,0.258750000,50.2863,4.066567898,4.054355621,1.645196557
2026-07-28T16:39:57.046716+00:00,281.581546,open,rgb,-60.000,-15.000,15,700,,0.258863636,50.3005,4.066714764,4.054522038,1.645282984
2026-07-28T16:39:57.197192+00:00,281.732023,open,rgb,-60.000,-15.000,16,700,,0.258721591,50.3203,4.066595078,4.054418564,1.645468593
2026-07-28T16:39:57.347581+00:00,281.882411,open,rgb,-60.000,-15.000,17,700,,0.258806818,50.3317,4.066533089,4.054321289,1.645249367
2026-07-28T16:39:57.498014+00:00,282.032844,open,rgb,-60.000,-15.000,18,700,,0.258806818,50.3544,4.066630363,4.054432869,1.645488858
2026-07-28T16:39:57.648294+00:00,282.183123,open,rgb,-60.000,-15.000,19,700,,0.258806818,50.3629,4.066640854,4.054472923,1.645511746
2026-07-28T16:40:00.329378+00:00,284.864205,open,rgb,-60.000,0.000,0,700,,0.258693182,50.1758,4.065952778,4.054569721,1.645551801
2026-07-28T16:40:00.480004+00:00,285.014835,open,rgb,-60.000,0.000,1,700,,0.258835227,50.1730,4.065814495,4.054418087,1.645307660
2026-07-28T16:40:00.630356+00:00,285.165187,open,rgb,-60.000,0.000,2,700,,0.258806818,50.2296,4.065990448,4.054580688,1.645527720
2026-07-28T16:40:00.780720+00:00,285.315553,open,rgb,-60.000,0.000,3,700,,0.258806818,50.2579,4.065933704,4.054531574,1.645521998
2026-07-28T16:40:00.931054+00:00,285.465886,open,rgb,-60.000,0.000,4,700,,0.258863636,50.2296,4.065999031,4.054471493,1.645414829
2026-07-28T16:40:01.081357+00:00,285.616187,open,rgb,-60.000,0.000,5,700,,0.258835227,50.1475,4.065966606,4.054577351,1.645598412
2026-07-28T16:40:01.231868+00:00,285.766699,open,rgb,-60.000,0.000,6,700,,0.258835227,50.0910,4.065930367,4.054515839,1.645308137
2026-07-28T16:40:01.382399+00:00,285.917227,open,rgb,-60.000,0.000,7,700,,0.258920455,50.0825,4.066082478,4.054712296,1.645369172
2026-07-28T16:40:01.532649+00:00,286.067480,open,rgb,-60.000,0.000,8,700,,0.258778409,50.1051,4.065961361,4.054560661,1.645665884
2026-07-28T16:40:01.682960+00:00,286.217790,open,rgb,-60.000,0.000,9,700,,0.258778409,50.1249,4.065938950,4.054525375,1.645399928
2026-07-28T16:40:01.833130+00:00,286.367962,open,rgb,-60.000,0.000,10,700,,0.258863636,50.0938,4.066041946,4.054670334,1.645522833
2026-07-28T16:40:01.983295+00:00,286.518127,open,rgb,-60.000,0.000,11,700,,0.258806818,50.0656,4.065977097,4.054587841,1.645575523
2026-07-28T16:40:02.133548+00:00,286.668378,open,rgb,-60.000,0.000,12,700,,0.258750000,50.0882,4.066060066,4.054523945,1.645521522
2026-07-28T16:40:02.283848+00:00,286.818678,open,rgb,-60.000,0.000,13,700,,0.258835227,50.1503,4.066284657,4.055119038,1.645495653
2026-07-28T16:40:02.434207+00:00,286.969038,open,rgb,-60.000,0.000,14,700,,0.258664773,50.1956,4.066159248,4.054812431,1.645298123
2026-07-28T16:40:02.584557+00:00,287.119388,open,rgb,-60.000,0.000,15,700,,0.258693182,50.2664,4.066258430,4.054934502,1.645457625
2026-07-28T16:40:02.734848+00:00,287.269680,open,rgb,-60.000,0.000,16,700,,0.258750000,50.3033,4.066244125,4.054839134,1.645676374
2026-07-28T16:40:02.885141+00:00,287.419973,open,rgb,-60.000,0.000,17,700,,0.258721591,50.3061,4.066253662,4.054886341,1.645490289
2026-07-28T16:40:03.035444+00:00,287.570276,open,rgb,-60.000,0.000,18,700,,0.258806818,50.3005,4.066285610,4.054954529,1.645458102
2026-07-28T16:40:03.185741+00:00,287.720572,open,rgb,-60.000,0.000,19,700,,0.258806818,50.3033,4.066325188,4.054967880,1.645335555
2026-07-28T16:40:05.867013+00:00,290.401840,open,rgb,-60.000,15.000,0,700,,0.258806818,50.6935,4.065464497,4.054990768,1.645665407
2026-07-28T16:40:06.017496+00:00,290.552327,open,rgb,-60.000,15.000,1,700,,0.258835227,50.7106,4.065414429,4.054931164,1.645455837
2026-07-28T16:40:06.167834+00:00,290.702666,open,rgb,-60.000,15.000,2,700,,0.258835227,50.7021,4.065437794,4.055049419,1.645529866
2026-07-28T16:40:06.318122+00:00,290.852950,open,rgb,-60.000,15.000,3,700,,0.258863636,50.6649,4.065476418,4.055048466,1.645551085
2026-07-28T16:40:06.468427+00:00,291.003257,open,rgb,-60.000,15.000,4,700,,0.258806818,50.6249,4.065622807,4.055122852,1.645422220
2026-07-28T16:40:06.618636+00:00,291.153468,open,rgb,-60.000,15.000,5,700,,0.258948864,50.5964,4.065509796,4.055108070,1.645651460
2026-07-28T16:40:06.768868+00:00,291.303700,open,rgb,-60.000,15.000,6,700,,0.258835227,50.5850,4.065491199,4.055080891,1.645425558
2026-07-28T16:40:06.919073+00:00,291.453905,open,rgb,-60.000,15.000,7,700,,0.258892045,50.5393,4.065576077,4.055193424,1.645481467
2026-07-28T16:40:07.069153+00:00,291.603985,open,rgb,-60.000,15.000,8,700,,0.258806818,50.5251,4.065505028,4.055183411,1.645609975
2026-07-28T16:40:07.219457+00:00,291.754285,open,rgb,-60.000,15.000,9,700,,0.258835227,50.5251,4.065550327,4.055069447,1.645399928
2026-07-28T16:40:07.370034+00:00,291.904862,open,rgb,-60.000,15.000,10,700,,0.258835227,50.4966,4.065879822,4.055467129,1.645381212
2026-07-28T16:40:07.520528+00:00,292.055358,open,rgb,-60.000,15.000,11,700,,0.258721591,50.4311,4.065814495,4.055429459,1.645316958
2026-07-28T16:40:07.670987+00:00,292.205818,open,rgb,-60.000,15.000,12,700,,0.258693182,50.4368,4.065929413,4.055531502,1.645340204
2026-07-28T16:40:07.821314+00:00,292.356146,open,rgb,-60.000,15.000,13,700,,0.258806818,50.4454,4.065959930,4.055590630,1.645526171
2026-07-28T16:40:07.971606+00:00,292.506437,open,rgb,-60.000,15.000,14,700,,0.258721591,50.4653,4.065771103,4.055464745,1.645319223
2026-07-28T16:40:08.121963+00:00,292.656795,open,rgb,-60.000,15.000,15,700,,0.258750000,50.4994,4.065846443,4.055496216,1.645469069
2026-07-28T16:40:08.272369+00:00,292.807200,open,rgb,-60.000,15.000,16,700,,0.258778409,50.4937,4.065700054,4.055372238,1.645720243
2026-07-28T16:40:08.422716+00:00,292.957547,open,rgb,-60.000,15.000,17,700,,0.258721591,50.4937,4.065835953,4.055369854,1.645495892
2026-07-28T16:40:08.573077+00:00,293.107909,open,rgb,-60.000,15.000,18,700,,0.258693182,50.4681,4.065847397,4.055451870,1.645534754
2026-07-28T16:40:08.723437+00:00,293.258268,open,rgb,-60.000,15.000,19,700,,0.258721591,50.4539,4.065745354,4.055377007,1.645418525
2026-07-28T16:40:11.404963+00:00,295.939792,open,rgb,-60.000,30.000,0,700,,0.258806818,50.8223,4.065968037,4.056056976,1.645506859
2026-07-28T16:40:11.555571+00:00,296.090399,open,rgb,-60.000,30.000,1,700,,0.258835227,50.8223,4.066030502,4.056010723,1.645291090
2026-07-28T16:40:11.706003+00:00,296.240834,open,rgb,-60.000,30.000,2,700,,0.258835227,50.8223,4.065980434,4.056114674,1.645400763
2026-07-28T16:40:11.856392+00:00,296.391222,open,rgb,-60.000,30.000,3,700,,0.258750000,50.8280,4.065889359,4.056022167,1.645310163
2026-07-28T16:40:12.006616+00:00,296.541444,open,rgb,-60.000,30.000,4,700,,0.258863636,50.8510,4.065941334,4.056134224,1.645441055
2026-07-28T16:40:12.157010+00:00,296.691839,open,rgb,-60.000,30.000,5,700,,0.258750000,50.8682,4.065906525,4.056055069,1.645651698
2026-07-28T16:40:12.307246+00:00,296.842076,open,rgb,-60.000,30.000,6,700,,0.258806818,50.8854,4.065973282,4.056126595,1.645430684
2026-07-28T16:40:12.457469+00:00,296.992301,open,rgb,-60.000,30.000,7,700,,0.258863636,50.9026,4.066036224,4.056228638,1.645350695
2026-07-28T16:40:12.607740+00:00,297.142571,open,rgb,-60.000,30.000,8,700,,0.258778409,50.8969,4.065989971,4.056136131,1.645491719
2026-07-28T16:40:12.758228+00:00,297.293060,open,rgb,-60.000,30.000,9,700,,0.258863636,50.8883,4.066079617,4.056014538,1.645417809
2026-07-28T16:40:12.908555+00:00,297.443387,open,rgb,-60.000,30.000,10,700,,0.258863636,50.8969,4.065960884,4.056135654,1.645618677
2026-07-28T16:40:13.058897+00:00,297.593729,open,rgb,-60.000,30.000,11,700,,0.258835227,50.8739,4.065782070,4.055960178,1.645509839
2026-07-28T16:40:13.209189+00:00,297.744021,open,rgb,-60.000,30.000,12,700,,0.258920455,50.8969,4.065924168,4.056020737,1.645650983
2026-07-28T16:40:13.359645+00:00,297.894473,open,rgb,-60.000,30.000,13,700,,0.258863636,50.9256,4.066100121,4.056337357,1.645684123
2026-07-28T16:40:13.510095+00:00,298.044927,open,rgb,-60.000,30.000,14,700,,0.258806818,50.9198,4.065865517,4.056034565,1.645381212
2026-07-28T16:40:13.660537+00:00,298.195367,open,rgb,-60.000,30.000,15,700,,0.258806818,50.9256,4.065987110,4.056109428,1.645689487
2026-07-28T16:40:13.811050+00:00,298.345882,open,rgb,-60.000,30.000,16,700,,0.258863636,50.9399,4.066078186,4.056181431,1.645578504
2026-07-28T16:40:13.961338+00:00,298.496170,open,rgb,-60.000,30.000,17,700,,0.258721591,50.9285,4.066181660,4.056138992,1.645222545
2026-07-28T16:40:14.111645+00:00,298.646478,open,rgb,-60.000,30.000,18,700,,0.258863636,50.9198,4.066246510,4.056449890,1.645547986
2026-07-28T16:40:14.261994+00:00,298.796824,open,rgb,-60.000,30.000,19,700,,0.258721591,50.9055,4.066232681,4.056425095,1.645326495
2026-07-28T16:40:16.943243+00:00,301.478072,open,rgb,-60.000,45.000,0,700,,0.258835227,51.1011,4.066953182,4.057181358,1.645590663
2026-07-28T16:40:17.093508+00:00,301.628338,open,rgb,-60.000,45.000,1,700,,0.258863636,51.1069,4.067094803,4.057150841,1.645432234
2026-07-28T16:40:17.243868+00:00,301.778699,open,rgb,-60.000,45.000,2,700,,0.258778409,51.1213,4.067053795,4.057295799,1.645551085
2026-07-28T16:40:17.394049+00:00,301.928880,open,rgb,-60.000,45.000,3,700,,0.258806818,51.1242,4.067130566,4.057329178,1.645254970
2026-07-28T16:40:17.544188+00:00,302.079020,open,rgb,-60.000,45.000,4,700,,0.258750000,51.1328,4.067216873,4.057485104,1.645482540
2026-07-28T16:40:17.694375+00:00,302.229204,open,rgb,-60.000,45.000,5,700,,0.258721591,51.1386,4.067173958,4.057336330,1.645721793
2026-07-28T16:40:17.844574+00:00,302.379405,open,rgb,-60.000,45.000,6,700,,0.258806818,51.1559,4.067069530,4.057347298,1.645464659
2026-07-28T16:40:17.994721+00:00,302.529553,open,rgb,-60.000,45.000,7,700,,0.258806818,51.1732,4.067210197,4.057449341,1.645626307
2026-07-28T16:40:18.144933+00:00,302.679765,open,rgb,-60.000,45.000,8,700,,0.258721591,51.1674,4.067137718,4.057410240,1.645588398
2026-07-28T16:40:18.295079+00:00,302.829910,open,rgb,-60.000,45.000,9,700,,0.258778409,51.1905,4.067269802,4.057456017,1.645509124
2026-07-28T16:40:18.445274+00:00,302.980106,open,rgb,-60.000,45.000,10,700,,0.258750000,51.2165,4.067224026,4.057438850,1.645625830
2026-07-28T16:40:18.595614+00:00,303.130445,open,rgb,-60.000,45.000,11,700,,0.258778409,51.2338,4.067262650,4.057534695,1.645424604
2026-07-28T16:40:18.745722+00:00,303.280553,open,rgb,-60.000,45.000,12,700,,0.258721591,51.2512,4.067345142,4.057548046,1.645408034
2026-07-28T16:40:18.896024+00:00,303.430856,open,rgb,-60.000,45.000,13,700,,0.258721591,51.2714,4.067501545,4.057793617,1.645483494
2026-07-28T16:40:19.046079+00:00,303.580909,open,rgb,-60.000,45.000,14,700,,0.258721591,51.2888,4.067100525,4.057289124,1.645318151
2026-07-28T16:40:19.196351+00:00,303.731182,open,rgb,-60.000,45.000,15,700,,0.258863636,51.3264,4.067200661,4.057479858,1.645389915
2026-07-28T16:40:19.346675+00:00,303.881502,open,rgb,-60.000,45.000,16,700,,0.258806818,51.3380,4.067016125,4.057325363,1.645461559
2026-07-28T16:40:19.496967+00:00,304.031799,open,rgb,-60.000,45.000,17,700,,0.258835227,51.3583,4.067173958,4.057407856,1.645505667
2026-07-28T16:40:19.647631+00:00,304.182457,open,rgb,-60.000,45.000,18,700,,0.258863636,51.3698,4.067310810,4.057616234,1.644851923
2026-07-28T16:40:19.798224+00:00,304.333050,open,rgb,-60.000,45.000,19,700,,0.258806818,51.3756,4.067079544,4.057327747,1.644670010
2026-07-28T16:40:22.479907+00:00,307.014735,open,rgb,-60.000,60.000,0,700,,0.258750000,51.5469,4.067560673,4.057856083,1.645343304
2026-07-28T16:40:22.630362+00:00,307.165193,open,rgb,-60.000,60.000,1,700,,0.258806818,51.5615,4.067707539,4.057988167,1.645428538
2026-07-28T16:40:22.780714+00:00,307.315544,open,rgb,-60.000,60.000,2,700,,0.258835227,51.5760,4.067648411,4.058037758,1.645490766
2026-07-28T16:40:22.931062+00:00,307.465893,open,rgb,-60.000,60.000,3,700,,0.258892045,51.5760,4.067516327,4.057907104,1.645322323
2026-07-28T16:40:23.081353+00:00,307.616185,open,rgb,-60.000,60.000,4,700,,0.258750000,51.5876,4.067677975,4.058041096,1.645433664
2026-07-28T16:40:23.231742+00:00,307.766573,open,rgb,-60.000,60.000,5,700,,0.258806818,51.5935,4.067568302,4.057890892,1.645709038
2026-07-28T16:40:23.382044+00:00,307.916875,open,rgb,-60.000,60.000,6,700,,0.258863636,51.6080,4.067558289,4.057901859,1.645596504
2026-07-28T16:40:23.532408+00:00,308.067239,open,rgb,-60.000,60.000,7,700,,0.258750000,51.6197,4.067671776,4.058040142,1.645537734
2026-07-28T16:40:23.682651+00:00,308.217483,open,rgb,-60.000,60.000,8,700,,0.258806818,51.6255,4.067477226,4.057864666,1.645492315
2026-07-28T16:40:23.833002+00:00,308.367833,open,rgb,-60.000,60.000,9,700,,0.258835227,51.6401,4.067711353,4.058034897,1.645627022
2026-07-28T16:40:23.983259+00:00,308.518090,open,rgb,-60.000,60.000,10,700,,0.258778409,51.6517,4.067642689,4.058071613,1.645530820
2026-07-28T16:40:24.133528+00:00,308.668361,open,rgb,-60.000,60.000,11,700,,0.258835227,51.6517,4.067654133,4.058017254,1.645318389
2026-07-28T16:40:24.283880+00:00,308.818709,open,rgb,-60.000,60.000,12,700,,0.258778409,51.6634,4.067769527,4.058057785,1.645416141
2026-07-28T16:40:24.434191+00:00,308.969023,open,rgb,-60.000,60.000,13,700,,0.258778409,51.6692,4.067829132,4.058213711,1.645631671
2026-07-28T16:40:24.584478+00:00,309.119310,open,rgb,-60.000,60.000,14,700,,0.258778409,51.6721,4.067693233,4.057923317,1.645499110
2026-07-28T16:40:24.734876+00:00,309.269708,open,rgb,-60.000,60.000,15,700,,0.258806818,51.6954,4.067688465,4.058074951,1.645679951
2026-07-28T16:40:24.885332+00:00,309.420162,open,rgb,-60.000,60.000,16,700,,0.258806818,51.6954,4.067658901,4.057978630,1.645455122
2026-07-28T16:40:25.035750+00:00,309.570581,open,rgb,-60.000,60.000,17,700,,0.258806818,51.7013,4.067829609,4.058177948,1.645472527
2026-07-28T16:40:25.186177+00:00,309.721004,open,rgb,-60.000,60.000,18,700,,0.258778409,51.6925,4.067568302,4.057938576,1.645517945
2026-07-28T16:40:25.336876+00:00,309.871702,open,rgb,-60.000,60.000,19,700,,0.258750000,51.6925,4.067418575,4.057851315,1.645296693
2026-07-28T16:40:28.018851+00:00,312.553678,open,rgb,-60.000,75.000,0,700,,0.258948864,51.8590,4.067559719,4.058073997,1.645390987
2026-07-28T16:40:28.169362+00:00,312.704193,open,rgb,-60.000,75.000,1,700,,0.258920455,51.8532,4.067717075,4.058216095,1.645355582
2026-07-28T16:40:28.320016+00:00,312.854844,open,rgb,-60.000,75.000,2,700,,0.258977273,51.8386,4.067668438,4.058177948,1.645503044
2026-07-28T16:40:28.470407+00:00,313.005239,open,rgb,-60.000,75.000,3,700,,0.258835227,51.8327,4.067541599,4.058023453,1.645305991
2026-07-28T16:40:28.620735+00:00,313.155567,open,rgb,-60.000,75.000,4,700,,0.259005682,51.8386,4.067696095,4.058150291,1.645468116
2026-07-28T16:40:28.771102+00:00,313.305934,open,rgb,-60.000,75.000,5,700,,0.258892045,51.8444,4.067573071,4.058051109,1.645663142
2026-07-28T16:40:28.921472+00:00,313.456304,open,rgb,-60.000,75.000,6,700,,0.258920455,51.8649,4.067679882,4.058078766,1.645535946
2026-07-28T16:40:29.071793+00:00,313.606625,open,rgb,-60.000,75.000,7,700,,0.258920455,51.8795,4.067697048,4.058215141,1.645587921
2026-07-28T16:40:29.222156+00:00,313.756987,open,rgb,-60.000,75.000,8,700,,0.258863636,51.8854,4.067855835,4.058358192,1.645411253
2026-07-28T16:40:29.372563+00:00,313.907396,open,rgb,-60.000,75.000,9,700,,0.258835227,51.9029,4.067955494,4.058493614,1.645498633
2026-07-28T16:40:29.522828+00:00,314.057661,open,rgb,-60.000,75.000,10,700,,0.258806818,51.9235,4.067836285,4.058381081,1.645637274
2026-07-28T16:40:29.673152+00:00,314.207983,open,rgb,-60.000,75.000,11,700,,0.258863636,51.9352,4.067840576,4.058342934,1.645488858
2026-07-28T16:40:29.823525+00:00,314.358356,open,rgb,-60.000,75.000,12,700,,0.258863636,51.9528,4.067945004,4.058502674,1.645529151
2026-07-28T16:40:29.973963+00:00,314.508794,open,rgb,-60.000,75.000,13,700,,0.258778409,51.9381,4.068072796,4.058579445,1.645643592
2026-07-28T16:40:30.124364+00:00,314.659196,open,rgb,-60.000,75.000,14,700,,0.258806818,51.9117,4.067986012,4.058391571,1.645618916
2026-07-28T16:40:30.274758+00:00,314.809586,open,rgb,-60.000,75.000,15,700,,0.258892045,51.9176,4.067767143,4.058300972,1.645646334
2026-07-28T16:40:30.425227+00:00,314.960058,open,rgb,-60.000,75.000,16,700,,0.258835227,51.9352,4.067749023,4.058250904,1.645426869
2026-07-28T16:40:30.575996+00:00,315.110821,open,rgb,-60.000,75.000,17,700,,0.258863636,51.9498,4.068035126,4.058567047,1.645510316
2026-07-28T16:40:30.726605+00:00,315.261431,open,rgb,-60.000,75.000,18,700,,0.258835227,51.9528,4.067773342,4.058267593,1.645065546
2026-07-28T16:40:30.876631+00:00,315.411457,open,rgb,-60.000,75.000,19,700,,0.258977273,51.9381,4.067615509,4.058231831,1.645481467
2026-07-28T16:40:33.558514+00:00,318.093341,open,rgb,-60.000,90.000,0,700,,0.258863636,52.0290,4.068025112,4.058745384,1.645188093
2026-07-28T16:40:33.708895+00:00,318.243726,open,rgb,-60.000,90.000,1,700,,0.258892045,52.0614,4.068353653,4.059088230,1.645555496
2026-07-28T16:40:33.859129+00:00,318.393954,open,rgb,-60.000,90.000,2,700,,0.258892045,52.0849,4.068490982,4.059239388,1.645511031
2026-07-28T16:40:34.009485+00:00,318.544316,open,rgb,-60.000,90.000,3,700,,0.258863636,52.0966,4.068468094,4.059153080,1.645296693
2026-07-28T16:40:34.159764+00:00,318.694595,open,rgb,-60.000,90.000,4,700,,0.258892045,52.1172,4.068409920,4.059177399,1.645446420
2026-07-28T16:40:34.309976+00:00,318.844806,open,rgb,-60.000,90.000,5,700,,0.258806818,52.1290,4.068305016,4.059066296,1.645437121
2026-07-28T16:40:34.460161+00:00,318.994993,open,rgb,-60.000,90.000,6,700,,0.258892045,52.1407,4.068476200,4.059196472,1.645266414
2026-07-28T16:40:34.610299+00:00,319.145132,open,rgb,-60.000,90.000,7,700,,0.258892045,52.1555,4.068471432,4.059216976,1.645381451
2026-07-28T16:40:34.760459+00:00,319.295290,open,rgb,-60.000,90.000,8,700,,0.258863636,52.1614,4.068336010,4.059079170,1.645207882
2026-07-28T16:40:34.910732+00:00,319.445563,open,rgb,-60.000,90.000,9,700,,0.258892045,52.1761,4.068517685,4.059214115,1.645441055
2026-07-28T16:40:35.061050+00:00,319.595881,open,rgb,-60.000,90.000,10,700,,0.258863636,52.1849,4.068406105,4.059175491,1.645557165
2026-07-28T16:40:35.211424+00:00,319.746255,open,rgb,-60.000,90.000,11,700,,0.258892045,52.1967,4.068454742,4.059180260,1.645285964
2026-07-28T16:40:35.362282+00:00,319.897110,open,rgb,-60.000,90.000,12,700,,0.258863636,52.2055,4.068320751,4.059063911,1.645417571
2026-07-28T16:40:35.512715+00:00,320.047546,open,rgb,-60.000,90.000,13,700,,0.258892045,52.2173,4.068411827,4.059136391,1.645447612
2026-07-28T16:40:35.663176+00:00,320.198003,open,rgb,-60.000,90.000,14,700,,0.258806818,52.2262,4.068279266,4.059011936,1.645424843
2026-07-28T16:40:35.813651+00:00,320.348481,open,rgb,-60.000,90.000,15,700,,0.259005682,52.2468,4.068135738,4.058906555,1.645723224
2026-07-28T16:40:35.964040+00:00,320.498869,open,rgb,-60.000,90.000,16,700,,0.258977273,52.2557,4.068052292,4.058852196,1.645519853
2026-07-28T16:40:36.115120+00:00,320.649944,open,rgb,-60.000,90.000,17,700,,0.259005682,52.2616,4.067781925,4.058949471,1.645591617
2026-07-28T16:40:36.265969+00:00,320.800797,open,rgb,-60.000,90.000,18,700,,0.258920455,52.2203,4.068198681,4.058989525,1.645560622
2026-07-28T16:40:36.416506+00:00,320.951336,open,rgb,-60.000,90.000,19,700,,0.259005682,52.1967,4.068209648,4.058949471,1.645437121
2026-07-28T16:40:47.198050+00:00,331.732878,open,dark,-45.000,-90.000,0,0,,0.000681818,52.3827,4.896816730,4.903506279,1.649691224
2026-07-28T16:40:47.348670+00:00,331.883499,open,dark,-45.000,-90.000,1,0,,0.000681818,52.3206,4.896814346,4.903507233,1.649665117
2026-07-28T16:40:47.499085+00:00,332.033915,open,dark,-45.000,-90.000,2,0,,0.000681818,52.2586,4.896810532,4.903496742,1.649446130
2026-07-28T16:40:47.649472+00:00,332.184304,open,dark,-45.000,-90.000,3,0,,0.000681818,52.1937,4.896792889,4.903498173,1.649650455
2026-07-28T16:40:47.799793+00:00,332.334625,open,dark,-45.000,-90.000,4,0,,0.000681818,52.1231,4.896803856,4.903487682,1.649518132
2026-07-28T16:40:47.950085+00:00,332.484917,open,dark,-45.000,-90.000,5,0,,0.000681818,52.0525,4.896813869,4.903498173,1.649491072
2026-07-28T16:40:48.100494+00:00,332.635325,open,dark,-45.000,-90.000,6,0,,0.000681818,51.9821,4.896809578,4.903498173,1.649562836
2026-07-28T16:40:48.250856+00:00,332.785686,open,dark,-45.000,-90.000,7,0,,0.000681818,51.9029,4.896819115,4.903477669,1.649294019
2026-07-28T16:40:48.401171+00:00,332.936002,open,dark,-45.000,-90.000,8,0,,0.000681818,51.8269,4.896814346,4.903482437,1.649499893
2026-07-28T16:40:48.551618+00:00,333.086448,open,dark,-45.000,-90.000,9,0,,0.000681818,51.7450,4.896818161,4.903482914,1.649513245
2026-07-28T16:40:48.702003+00:00,333.236834,open,dark,-45.000,-90.000,10,0,,0.000681818,51.6692,4.896820068,4.903485298,1.649461269
2026-07-28T16:40:48.852315+00:00,333.387147,open,dark,-45.000,-90.000,11,0,,0.000681818,51.5906,4.896825790,4.903489113,1.649485707
2026-07-28T16:40:49.002652+00:00,333.537484,open,dark,-45.000,-90.000,12,0,,0.000681818,51.5120,4.896817684,4.903503418,1.649429560
2026-07-28T16:40:49.153038+00:00,333.687870,open,dark,-45.000,-90.000,13,0,,0.000681818,51.4365,4.896841526,4.903514385,1.649496198
2026-07-28T16:40:49.303572+00:00,333.838399,open,dark,-45.000,-90.000,14,0,,0.000710227,51.3583,4.896845341,4.903506279,1.649695158
2026-07-28T16:40:49.454006+00:00,333.988836,open,dark,-45.000,-90.000,15,0,,0.000681818,51.2685,4.896856308,4.903502941,1.648872137
2026-07-28T16:40:49.604470+00:00,334.139301,open,dark,-45.000,-90.000,16,0,,0.000681818,51.2078,4.896859169,4.903518200,1.649639010
2026-07-28T16:40:49.754831+00:00,334.289662,open,dark,-45.000,-90.000,17,0,,0.000681818,51.1299,4.896855831,4.903513908,1.649623871
2026-07-28T16:40:49.905073+00:00,334.439905,open,dark,-45.000,-90.000,18,0,,0.000681818,51.0492,4.896847725,4.903525829,1.649438858
2026-07-28T16:40:50.055324+00:00,334.590155,open,dark,-45.000,-90.000,19,0,,0.000681818,50.9802,4.896845341,4.903497219,1.649690747
2026-07-28T16:40:54.249139+00:00,338.783966,open,rgb,-45.000,-90.000,0,700,,0.258153409,50.3658,4.057905674,4.058331490,1.643551588
2026-07-28T16:40:54.399790+00:00,338.934622,open,rgb,-45.000,-90.000,1,700,,0.258835227,50.3913,4.057868481,4.058459759,1.643575788
2026-07-28T16:40:54.550196+00:00,339.085026,open,rgb,-45.000,-90.000,2,700,,0.258721591,50.4027,4.057833672,4.058294296,1.643418789
2026-07-28T16:40:54.700682+00:00,339.235513,open,rgb,-45.000,-90.000,3,700,,0.258096591,50.4311,4.057954311,4.058436871,1.643643379
2026-07-28T16:40:54.851116+00:00,339.385947,open,rgb,-45.000,-90.000,4,700,,0.258437500,50.4539,4.057993412,4.058669567,1.643699288
2026-07-28T16:40:55.001469+00:00,339.536302,open,rgb,-45.000,-90.000,5,700,,0.258323864,50.4653,4.057983398,4.058475018,1.643063068
2026-07-28T16:40:55.151704+00:00,339.686535,open,rgb,-45.000,-90.000,6,700,,0.258948864,50.5051,4.058093548,4.058586121,1.643646359
2026-07-28T16:40:55.302229+00:00,339.837057,open,rgb,-45.000,-90.000,7,700,,0.258437500,50.5251,4.057717800,4.058156490,1.643612385
2026-07-28T16:40:55.452563+00:00,339.987391,open,rgb,-45.000,-90.000,8,700,,0.258437500,50.5593,4.057883263,4.058297157,1.643626094
2026-07-28T16:40:55.603099+00:00,340.137930,open,rgb,-45.000,-90.000,9,700,,0.258551136,50.5793,4.057926655,4.058426380,1.643640757
2026-07-28T16:40:55.753487+00:00,340.288318,open,rgb,-45.000,-90.000,10,700,,0.258721591,50.5964,4.057825565,4.058331490,1.643469095
2026-07-28T16:40:55.903877+00:00,340.438709,open,rgb,-45.000,-90.000,11,700,,0.258238636,50.6221,4.057987690,4.058462143,1.643739820
2026-07-28T16:40:56.054267+00:00,340.589099,open,rgb,-45.000,-90.000,12,700,,0.258352273,50.6392,4.057951450,4.058445454,1.643831849
2026-07-28T16:40:56.204544+00:00,340.739376,open,rgb,-45.000,-90.000,13,700,,0.258693182,50.6563,4.057918072,4.058386803,1.643452764
2026-07-28T16:40:56.355006+00:00,340.889835,open,rgb,-45.000,-90.000,14,700,,0.258664773,50.6849,4.058015823,4.058551311,1.643673658
2026-07-28T16:40:56.505498+00:00,341.040328,open,rgb,-45.000,-90.000,15,700,,0.258806818,50.7049,4.058005810,4.058506966,1.643677115
2026-07-28T16:40:56.656055+00:00,341.190884,open,rgb,-45.000,-90.000,16,700,,0.258778409,50.7278,4.058139324,4.058582306,1.643617511
2026-07-28T16:40:56.806397+00:00,341.341228,open,rgb,-45.000,-90.000,17,700,,0.258579545,50.7478,4.058184147,4.058674812,1.643659234
2026-07-28T16:40:56.956708+00:00,341.491539,open,rgb,-45.000,-90.000,18,700,,0.258210227,50.7650,4.058069229,4.058583260,1.643405318
2026-07-28T16:40:57.106693+00:00,341.641517,open,rgb,-45.000,-90.000,19,700,,0.258863636,50.7822,4.057692528,4.058587551,1.643596292
2026-07-28T16:40:59.788178+00:00,344.323007,open,rgb,-45.000,-75.000,0,700,,0.258465909,51.0867,4.058804035,4.058769703,1.643268585
2026-07-28T16:40:59.938661+00:00,344.473492,open,rgb,-45.000,-75.000,1,700,,0.258125000,51.1097,4.058728695,4.058773518,1.643475652
2026-07-28T16:41:00.089008+00:00,344.623839,open,rgb,-45.000,-75.000,2,700,,0.258750000,51.1184,4.058603764,4.058583736,1.643219113
2026-07-28T16:41:00.239355+00:00,344.774184,open,rgb,-45.000,-75.000,3,700,,0.257954545,51.1443,4.058700562,4.058720112,1.643577218
2026-07-28T16:41:00.389857+00:00,344.924685,open,rgb,-45.000,-75.000,4,700,,0.259119318,51.1530,4.058565140,4.058764458,1.643543005
2026-07-28T16:41:00.540395+00:00,345.075224,open,rgb,-45.000,-75.000,5,700,,0.258465909,51.1674,4.058569908,4.058510780,1.642937541
2026-07-28T16:41:00.690856+00:00,345.225686,open,rgb,-45.000,-75.000,6,700,,0.258039773,51.1905,4.058725357,4.058697224,1.643397570
2026-07-28T16:41:00.841212+00:00,345.376042,open,rgb,-45.000,-75.000,7,700,,0.258778409,51.1905,4.058497906,4.058467865,1.643343568
2026-07-28T16:41:00.991545+00:00,345.526378,open,rgb,-45.000,-75.000,8,700,,0.258380682,51.2107,4.058671474,4.058652401,1.643455386
2026-07-28T16:41:01.141895+00:00,345.676726,open,rgb,-45.000,-75.000,9,700,,0.258323864,51.2194,4.058648586,4.058626175,1.643487096
2026-07-28T16:41:01.292601+00:00,345.827427,open,rgb,-45.000,-75.000,10,700,,0.259119318,51.2194,4.058551311,4.058598518,1.643326044
2026-07-28T16:41:01.443096+00:00,345.977927,open,rgb,-45.000,-75.000,11,700,,0.258636364,51.2396,4.058697701,4.058753014,1.643531084
2026-07-28T16:41:01.594057+00:00,346.128884,open,rgb,-45.000,-75.000,12,700,,0.259090909,51.2483,4.058748245,4.058728695,1.643406272
2026-07-28T16:41:01.744685+00:00,346.279512,open,rgb,-45.000,-75.000,13,700,,0.258380682,51.2656,4.058702469,4.058579922,1.643178105
2026-07-28T16:41:01.895268+00:00,346.430099,open,rgb,-45.000,-75.000,14,700,,0.258551136,51.2859,4.058675289,4.058744431,1.643468380
2026-07-28T16:41:02.045512+00:00,346.580341,open,rgb,-45.000,-75.000,15,700,,0.258806818,51.2975,4.058842182,4.058834076,1.643341660
2026-07-28T16:41:02.196165+00:00,346.730995,open,rgb,-45.000,-75.000,16,700,,0.258806818,51.3090,4.058957577,4.058940411,1.643183947
2026-07-28T16:41:02.348604+00:00,346.883429,open,rgb,-45.000,-75.000,17,700,,0.258068182,51.3351,4.058579922,4.058553696,1.643623590
2026-07-28T16:41:02.498984+00:00,347.033812,open,rgb,-45.000,-75.000,18,700,,0.258494318,51.3351,4.058904648,4.058947086,1.643349648
2026-07-28T16:41:02.649327+00:00,347.184156,open,rgb,-45.000,-75.000,19,700,,0.259488636,51.3496,4.059011459,4.059067249,1.643543720
2026-07-28T16:41:05.330183+00:00,349.865010,open,rgb,-45.000,-60.000,0,700,,0.258579545,51.5556,4.059850693,4.059278488,1.643339157
2026-07-28T16:41:05.480691+00:00,350.015522,open,rgb,-45.000,-60.000,1,700,,0.258607955,51.5760,4.059774399,4.059209347,1.643390656
2026-07-28T16:41:05.631067+00:00,350.165897,open,rgb,-45.000,-60.000,2,700,,0.258522727,51.5818,4.059734821,4.059159756,1.643183470
2026-07-28T16:41:05.781479+00:00,350.316310,open,rgb,-45.000,-60.000,3,700,,0.258750000,51.5935,4.059806347,4.059255123,1.643351197
2026-07-28T16:41:05.931906+00:00,350.466738,open,rgb,-45.000,-60.000,4,700,,0.258607955,51.5876,4.059879303,4.059400558,1.643437624
2026-07-28T16:41:06.082185+00:00,350.617017,open,rgb,-45.000,-60.000,5,700,,0.258437500,51.5702,4.059894085,4.059142113,1.642915606
2026-07-28T16:41:06.232484+00:00,350.767315,open,rgb,-45.000,-60.000,6,700,,0.258607955,51.5906,4.059817791,4.059251785,1.643503308
2026-07-28T16:41:06.382960+00:00,350.917789,open,rgb,-45.000,-60.000,7,700,,0.258579545,51.5964,4.059779167,4.059191227,1.643318653
2026-07-28T16:41:06.533361+00:00,351.068194,open,rgb,-45.000,-60.000,8,700,,0.258721591,51.6109,4.059909821,4.059318066,1.643338442
2026-07-28T16:41:06.683714+00:00,351.218545,open,rgb,-45.000,-60.000,9,700,,0.258636364,51.6284,4.059846401,4.059199333,1.643490791
2026-07-28T16:41:06.834083+00:00,351.368914,open,rgb,-45.000,-60.000,10,700,,0.258693182,51.6430,4.059776306,4.059142590,1.643230796
2026-07-28T16:41:06.984453+00:00,351.519284,open,rgb,-45.000,-60.000,11,700,,0.258636364,51.6546,4.059931278,4.059322357,1.643338919
2026-07-28T16:41:07.134780+00:00,351.669607,open,rgb,-45.000,-60.000,12,700,,0.258607955,51.6634,4.059851646,4.059239864,1.643463731
2026-07-28T16:41:07.285836+00:00,351.820662,open,rgb,-45.000,-60.000,13,700,,0.258607955,51.6779,4.059927940,4.059145927,1.643322349
2026-07-28T16:41:07.436599+00:00,351.971423,open,rgb,-45.000,-60.000,14,700,,0.258636364,51.6954,4.060251236,4.059658527,1.643481255
2026-07-28T16:41:07.587032+00:00,352.121860,open,rgb,-45.000,-60.000,15,700,,0.258465909,51.6867,4.060107708,4.058896065,1.642931461
2026-07-28T16:41:07.737384+00:00,352.272211,open,rgb,-45.000,-60.000,16,700,,0.258636364,51.7071,4.060197353,4.059607983,1.643290639
2026-07-28T16:41:07.887782+00:00,352.422613,open,rgb,-45.000,-60.000,17,700,,0.258522727,51.7159,4.060145378,4.059532642,1.643462181
2026-07-28T16:41:08.038027+00:00,352.572856,open,rgb,-45.000,-60.000,18,700,,0.258607955,51.7363,4.059945107,4.059370995,1.643354058
2026-07-28T16:41:08.188409+00:00,352.723238,open,rgb,-45.000,-60.000,19,700,,0.258778409,51.7363,4.060051441,4.059482098,1.643285036
2026-07-28T16:41:10.869971+00:00,355.404799,open,rgb,-45.000,-45.000,0,700,,0.258750000,51.8532,4.060365677,4.058668613,1.643383622
2026-07-28T16:41:11.020481+00:00,355.555310,open,rgb,-45.000,-45.000,1,700,,0.258579545,51.8503,4.060243130,4.058602333,1.643552780
2026-07-28T16:41:11.170677+00:00,355.705508,open,rgb,-45.000,-45.000,2,700,,0.258664773,51.8503,4.060250759,4.058560371,1.643307447
2026-07-28T16:41:11.321023+00:00,355.855853,open,rgb,-45.000,-45.000,3,700,,0.258664773,51.8620,4.060385227,4.058700562,1.643453717
2026-07-28T16:41:11.471442+00:00,356.006273,open,rgb,-45.000,-45.000,4,700,,0.258522727,51.8649,4.060421944,4.058817387,1.643400192
2026-07-28T16:41:11.621937+00:00,356.156769,open,rgb,-45.000,-45.000,5,700,,0.258636364,51.8678,4.060434818,4.058648586,1.643036008
2026-07-28T16:41:11.772319+00:00,356.307152,open,rgb,-45.000,-45.000,6,700,,0.258664773,51.8883,4.060399532,4.058738708,1.643262029
2026-07-28T16:41:11.922636+00:00,356.457469,open,rgb,-45.000,-45.000,7,700,,0.258664773,51.9029,4.060245037,4.058591366,1.643087506
2026-07-28T16:41:12.073032+00:00,356.607861,open,rgb,-45.000,-45.000,8,700,,0.258522727,51.9235,4.060417175,4.058751583,1.643365264
2026-07-28T16:41:12.223537+00:00,356.758368,open,rgb,-45.000,-45.000,9,700,,0.258607955,51.9410,4.060258389,4.058643818,1.643552065
2026-07-28T16:41:12.374178+00:00,356.909007,open,rgb,-45.000,-45.000,10,700,,0.258693182,51.9469,4.060186386,4.058550358,1.643327713
2026-07-28T16:41:12.524582+00:00,357.059413,open,rgb,-45.000,-45.000,11,700,,0.258750000,51.9616,4.060334206,4.058707237,1.643517137
2026-07-28T16:41:12.674870+00:00,357.209702,open,rgb,-45.000,-45.000,12,700,,0.258636364,51.9674,4.060315132,4.058656216,1.643448353
2026-07-28T16:41:12.827466+00:00,357.362288,open,rgb,-45.000,-45.000,13,700,,0.258693182,51.9821,4.060585976,4.058573723,1.643324494
2026-07-28T16:41:12.978105+00:00,357.512931,open,rgb,-45.000,-45.000,14,700,,0.258920455,51.9850,4.060423851,4.058733940,1.643275023
2026-07-28T16:41:13.128670+00:00,357.663500,open,rgb,-45.000,-45.000,15,700,,0.258636364,51.9968,4.060309410,4.058665276,1.643244028
2026-07-28T16:41:13.278992+00:00,357.813818,open,rgb,-45.000,-45.000,16,700,,0.258750000,52.0114,4.060366631,4.058784008,1.643389702
2026-07-28T16:41:13.429536+00:00,357.964365,open,rgb,-45.000,-45.000,17,700,,0.258693182,52.0202,4.060421944,4.058742523,1.643407822
2026-07-28T16:41:13.580026+00:00,358.114855,open,rgb,-45.000,-45.000,18,700,,0.258693182,52.0290,4.060325146,4.058644295,1.643203497
2026-07-28T16:41:13.730475+00:00,358.265306,open,rgb,-45.000,-45.000,19,700,,0.258636364,52.0408,4.060438156,4.058739662,1.643438816
2026-07-28T16:41:16.411526+00:00,360.946355,open,rgb,-45.000,-30.000,0,700,,0.258721591,52.1466,4.059885979,4.058266163,1.643471718
2026-07-28T16:41:16.561825+00:00,361.096656,open,rgb,-45.000,-30.000,1,700,,0.258636364,52.1584,4.059921741,4.058265209,1.643509150
2026-07-28T16:41:16.712001+00:00,361.246833,open,rgb,-45.000,-30.000,2,700,,0.258693182,52.1643,4.059800148,4.058176517,1.643232942
2026-07-28T16:41:16.862201+00:00,361.397027,open,rgb,-45.000,-30.000,3,700,,0.258778409,52.1790,4.059969902,4.058360100,1.643409491
2026-07-28T16:41:17.012475+00:00,361.547307,open,rgb,-45.000,-30.000,4,700,,0.258664773,52.1790,4.060045719,4.058421612,1.643380165
2026-07-28T16:41:17.162654+00:00,361.697485,open,rgb,-45.000,-30.000,5,700,,0.258664773,52.1761,4.060241699,4.058455944,1.643156528
2026-07-28T16:41:17.312942+00:00,361.847773,open,rgb,-45.000,-30.000,6,700,,0.258693182,52.1849,4.060184956,4.058471203,1.643528342
2026-07-28T16:41:17.463551+00:00,361.998378,open,rgb,-45.000,-30.000,7,700,,0.258551136,52.1849,4.060096741,4.058425426,1.643155336
2026-07-28T16:41:17.614029+00:00,362.148859,open,rgb,-45.000,-30.000,8,700,,0.258721591,52.1672,4.060149670,4.058524132,1.643444180
2026-07-28T16:41:17.764525+00:00,362.299355,open,rgb,-45.000,-30.000,9,700,,0.258664773,52.1584,4.060106754,4.058465004,1.643634081
2026-07-28T16:41:17.915052+00:00,362.449879,open,rgb,-45.000,-30.000,10,700,,0.258636364,52.1702,4.060125828,4.058522701,1.643403411
2026-07-28T16:41:18.065595+00:00,362.600420,open,rgb,-45.000,-30.000,11,700,,0.258693182,52.1820,4.060103416,4.058490276,1.643107533
2026-07-28T16:41:18.216449+00:00,362.751275,open,rgb,-45.000,-30.000,12,700,,0.258948864,52.1996,4.060157776,4.058502197,1.643458366
2026-07-28T16:41:18.367125+00:00,362.901954,open,rgb,-45.000,-30.000,13,700,,0.258693182,52.1820,4.060235977,4.058475971,1.643353820
2026-07-28T16:41:18.517540+00:00,363.052372,open,rgb,-45.000,-30.000,14,700,,0.258806818,52.1937,4.060148239,4.058498859,1.643521547
2026-07-28T16:41:18.668021+00:00,363.202851,open,rgb,-45.000,-30.000,15,700,,0.258693182,52.2026,4.060162067,4.058498383,1.643302321
2026-07-28T16:41:18.818364+00:00,363.353195,open,rgb,-45.000,-30.000,16,700,,0.258664773,52.2114,4.060289860,4.058629036,1.643360972
2026-07-28T16:41:18.968684+00:00,363.503517,open,rgb,-45.000,-30.000,17,700,,0.258636364,52.2055,4.060200214,4.058564663,1.643551111
2026-07-28T16:41:19.119003+00:00,363.653833,open,rgb,-45.000,-30.000,18,700,,0.258636364,52.2026,4.060189247,4.058437824,1.643372655
2026-07-28T16:41:19.269493+00:00,363.804317,open,rgb,-45.000,-30.000,19,700,,0.258750000,52.1761,4.060224056,4.058470249,1.643559217
2026-07-28T16:41:21.950854+00:00,366.485682,open,rgb,-45.000,-15.000,0,700,,0.258778409,52.0584,4.060389996,4.059244156,1.643420219
2026-07-28T16:41:22.101248+00:00,366.636079,open,rgb,-45.000,-15.000,1,700,,0.258778409,52.0760,4.060320854,4.059162617,1.643618703
2026-07-28T16:41:22.251707+00:00,366.786536,open,rgb,-45.000,-15.000,2,700,,0.258664773,52.0907,4.060373783,4.059174538,1.643415570
2026-07-28T16:41:22.402195+00:00,366.937026,open,rgb,-45.000,-15.000,3,700,,0.258636364,52.0937,4.060377598,4.059293747,1.643521070
2026-07-28T16:41:22.552733+00:00,367.087562,open,rgb,-45.000,-15.000,4,700,,0.258693182,52.0937,4.060595512,4.059473515,1.643426299
2026-07-28T16:41:22.703146+00:00,367.237978,open,rgb,-45.000,-15.000,5,700,,0.258664773,52.0819,4.060391426,4.059308052,1.643265963
2026-07-28T16:41:22.853487+00:00,367.388318,open,rgb,-45.000,-15.000,6,700,,0.258750000,52.0819,4.060339451,4.059222221,1.643569708
2026-07-28T16:41:23.003863+00:00,367.538693,open,rgb,-45.000,-15.000,7,700,,0.258721591,52.0555,4.060317039,4.059191227,1.643324733
2026-07-28T16:41:23.154071+00:00,367.688902,open,rgb,-45.000,-15.000,8,700,,0.258778409,52.0349,4.060365677,4.059261322,1.643532038
2026-07-28T16:41:23.304267+00:00,367.839092,open,rgb,-45.000,-15.000,9,700,,0.258721591,52.0437,4.060529709,4.059375763,1.643632889
2026-07-28T16:41:23.455085+00:00,367.989911,open,rgb,-45.000,-15.000,10,700,,0.258750000,52.0467,4.060396194,4.059110641,1.642695189
2026-07-28T16:41:23.605628+00:00,368.140458,open,rgb,-45.000,-15.000,11,700,,0.258721591,52.0261,4.060479164,4.059334755,1.643536210
2026-07-28T16:41:23.756070+00:00,368.290900,open,rgb,-45.000,-15.000,12,700,,0.258664773,52.0173,4.060362816,4.059271336,1.643440247
2026-07-28T16:41:23.906400+00:00,368.441229,open,rgb,-45.000,-15.000,13,700,,0.258750000,52.0349,4.060505867,4.059339523,1.643394351
2026-07-28T16:41:24.056625+00:00,368.591456,open,rgb,-45.000,-15.000,14,700,,0.258721591,52.0555,4.060486317,4.059427738,1.643428326
2026-07-28T16:41:24.206821+00:00,368.741649,open,rgb,-45.000,-15.000,15,700,,0.258835227,52.0731,4.060391426,4.059310913,1.643186331
2026-07-28T16:41:24.357090+00:00,368.891920,open,rgb,-45.000,-15.000,16,700,,0.258693182,52.0760,4.060469627,4.059382439,1.643411160
2026-07-28T16:41:24.507250+00:00,369.042077,open,rgb,-45.000,-15.000,17,700,,0.258721591,52.0525,4.060319901,4.059227467,1.643689752
2026-07-28T16:41:24.657489+00:00,369.192320,open,rgb,-45.000,-15.000,18,700,,0.258693182,52.0349,4.060357094,4.059182167,1.643456817
2026-07-28T16:41:24.807653+00:00,369.342484,open,rgb,-45.000,-15.000,19,700,,0.258721591,52.0290,4.060432434,4.059320927,1.643690467
2026-07-28T16:41:27.489120+00:00,372.023949,open,rgb,-45.000,0.000,0,700,,0.258636364,52.2970,4.060486794,4.059598446,1.643507123
2026-07-28T16:41:27.639552+00:00,372.174380,open,rgb,-45.000,0.000,1,700,,0.258693182,52.2940,4.060523510,4.059576035,1.643534780
2026-07-28T16:41:27.790025+00:00,372.324857,open,rgb,-45.000,0.000,2,700,,0.258778409,52.3058,4.060601711,4.059528351,1.643350363
2026-07-28T16:41:27.940418+00:00,372.475250,open,rgb,-45.000,0.000,3,700,,0.258664773,52.3235,4.060515881,4.059624672,1.643497825
2026-07-28T16:41:28.090744+00:00,372.625574,open,rgb,-45.000,0.000,4,700,,0.258778409,52.3442,4.060574055,4.059656143,1.643431664
2026-07-28T16:41:28.241116+00:00,372.775946,open,rgb,-45.000,0.000,5,700,,0.258693182,52.3620,4.060490131,4.059600830,1.643390656
2026-07-28T16:41:28.391775+00:00,372.926605,open,rgb,-45.000,0.000,6,700,,0.258721591,52.3915,4.060461998,4.059579849,1.643617272
2026-07-28T16:41:28.542190+00:00,373.077022,open,rgb,-45.000,0.000,7,700,,0.258750000,52.4063,4.060358524,4.059521675,1.643378973
2026-07-28T16:41:28.693102+00:00,373.227928,open,rgb,-45.000,0.000,8,700,,0.258806818,52.4300,4.060488224,4.059609413,1.643520355
2026-07-28T16:41:28.843798+00:00,373.378627,open,rgb,-45.000,0.000,9,700,,0.258806818,52.4359,4.060396194,4.059510708,1.643689752
2026-07-28T16:41:28.994193+00:00,373.529025,open,rgb,-45.000,0.000,10,700,,0.258693182,52.4507,4.060442924,4.059442997,1.643529415
2026-07-28T16:41:29.144564+00:00,373.679394,open,rgb,-45.000,0.000,11,700,,0.258863636,52.4566,4.060487270,4.059631348,1.643556476
2026-07-28T16:41:29.294988+00:00,373.829818,open,rgb,-45.000,0.000,12,700,,0.258778409,52.4596,4.060296535,4.059454441,1.643425107
2026-07-28T16:41:29.445369+00:00,373.980199,open,rgb,-45.000,0.000,13,700,,0.258806818,52.4863,4.060364246,4.059593201,1.643657804
2026-07-28T16:41:29.595713+00:00,374.130544,open,rgb,-45.000,0.000,14,700,,0.258721591,52.5041,4.060418129,4.059628963,1.643625855
2026-07-28T16:41:29.746130+00:00,374.280960,open,rgb,-45.000,0.000,15,700,,0.258693182,52.5189,4.060363293,4.059521675,1.643433690
2026-07-28T16:41:29.896487+00:00,374.431318,open,rgb,-45.000,0.000,16,700,,0.258835227,52.5337,4.060585022,4.059694290,1.643550873
2026-07-28T16:41:30.046884+00:00,374.581716,open,rgb,-45.000,0.000,17,700,,0.258664773,52.5278,4.060436249,4.059584141,1.643559933
2026-07-28T16:41:30.197246+00:00,374.732076,open,rgb,-45.000,0.000,18,700,,0.258778409,52.5248,4.060619831,4.059547901,1.643358946
2026-07-28T16:41:30.347875+00:00,374.882701,open,rgb,-45.000,0.000,19,700,,0.258750000,52.5278,4.060594559,4.059718609,1.643476367
2026-07-28T16:41:33.029380+00:00,377.564208,open,rgb,-45.000,15.000,0,700,,0.258948864,52.3560,4.060765743,4.059010029,1.643503308
2026-07-28T16:41:33.180127+00:00,377.714957,open,rgb,-45.000,15.000,1,700,,0.258607955,52.3974,4.060706139,4.058953762,1.643602371
2026-07-28T16:41:33.330703+00:00,377.865531,open,rgb,-45.000,15.000,2,700,,0.258806818,52.4418,4.060801506,4.058983803,1.643498898
2026-07-28T16:41:33.481152+00:00,378.015984,open,rgb,-45.000,15.000,3,700,,0.258892045,52.4418,4.060836792,4.059042454,1.643471718
2026-07-28T16:41:33.631566+00:00,378.166396,open,rgb,-45.000,15.000,4,700,,0.258778409,52.4211,4.060809135,4.059091568,1.643355250
2026-07-28T16:41:33.781964+00:00,378.316796,open,rgb,-45.000,15.000,5,700,,0.258806818,52.3856,4.060768127,4.059020996,1.643574834
2026-07-28T16:41:33.932640+00:00,378.467465,open,rgb,-45.000,15.000,6,700,,0.258750000,52.3767,4.060735703,4.059013844,1.643560171
2026-07-28T16:41:34.083250+00:00,378.618076,open,rgb,-45.000,15.000,7,700,,0.258806818,52.3620,4.060667038,4.058874130,1.643337250
2026-07-28T16:41:34.233786+00:00,378.768617,open,rgb,-45.000,15.000,8,700,,0.258806818,52.3501,4.060849190,4.059015274,1.643545032
2026-07-28T16:41:34.384316+00:00,378.919145,open,rgb,-45.000,15.000,9,700,,0.258750000,52.3531,4.060742855,4.058940887,1.643597484
2026-07-28T16:41:34.534828+00:00,379.069658,open,rgb,-45.000,15.000,10,700,,0.258750000,52.3886,4.060812950,4.058938980,1.643594503
2026-07-28T16:41:34.685180+00:00,379.220011,open,rgb,-45.000,15.000,11,700,,0.258778409,52.3856,4.060801983,4.059062004,1.643642187
2026-07-28T16:41:34.835554+00:00,379.370385,open,rgb,-45.000,15.000,12,700,,0.258721591,52.3945,4.060760021,4.058983326,1.643465400
2026-07-28T16:41:34.986018+00:00,379.520846,open,rgb,-45.000,15.000,13,700,,0.258863636,52.4182,4.060882568,4.059133053,1.643534303
2026-07-28T16:41:35.136483+00:00,379.671315,open,rgb,-45.000,15.000,14,700,,0.258607955,52.4122,4.060770035,4.058988571,1.643648982
2026-07-28T16:41:35.286823+00:00,379.821653,open,rgb,-45.000,15.000,15,700,,0.258664773,52.4093,4.060684681,4.058913231,1.643397570
2026-07-28T16:41:35.437237+00:00,379.972066,open,rgb,-45.000,15.000,16,700,,0.258750000,52.4152,4.060811520,4.059041977,1.643566728
2026-07-28T16:41:35.587804+00:00,380.122634,open,rgb,-45.000,15.000,17,700,,0.258835227,52.3886,4.060836792,4.059043884,1.643586040
2026-07-28T16:41:35.738197+00:00,380.273029,open,rgb,-45.000,15.000,18,700,,0.258835227,52.3767,4.060914516,4.059029579,1.643477082
2026-07-28T16:41:35.888541+00:00,380.423373,open,rgb,-45.000,15.000,19,700,,0.258778409,52.3886,4.060905457,4.059097290,1.643440247
2026-07-28T16:41:38.569955+00:00,383.104782,open,rgb,-45.000,30.000,0,700,,0.258750000,52.7299,4.062122345,4.059590816,1.643514752
2026-07-28T16:41:38.720491+00:00,383.255320,open,rgb,-45.000,30.000,1,700,,0.258551136,52.7388,4.062155724,4.059601307,1.643468142
2026-07-28T16:41:38.870833+00:00,383.405664,open,rgb,-45.000,30.000,2,700,,0.258750000,52.7567,4.062260151,4.059615135,1.643350959
2026-07-28T16:41:39.021184+00:00,383.556015,open,rgb,-45.000,30.000,3,700,,0.258664773,52.7776,4.062200069,4.059614182,1.643453002
2026-07-28T16:41:39.171756+00:00,383.706581,open,rgb,-45.000,30.000,4,700,,0.258721591,52.7925,4.062310219,4.059746742,1.643348455
2026-07-28T16:41:39.322290+00:00,383.857120,open,rgb,-45.000,30.000,5,700,,0.258636364,52.8014,4.062201500,4.059687138,1.643458843
2026-07-28T16:41:39.472764+00:00,384.007594,open,rgb,-45.000,30.000,6,700,,0.258636364,52.8223,4.062190533,4.059633255,1.643544793
2026-07-28T16:41:39.623202+00:00,384.158032,open,rgb,-45.000,30.000,7,700,,0.258721591,52.8372,4.062150478,4.059617043,1.643364549
2026-07-28T16:41:39.773614+00:00,384.308443,open,rgb,-45.000,30.000,8,700,,0.258721591,52.8492,4.062201977,4.059725761,1.643366575
2026-07-28T16:41:39.923998+00:00,384.458828,open,rgb,-45.000,30.000,9,700,,0.258693182,52.8551,4.062247753,4.059687614,1.643382192
2026-07-28T16:41:40.074266+00:00,384.609098,open,rgb,-45.000,30.000,10,700,,0.258750000,52.8641,4.062375069,4.059712887,1.643224478
2026-07-28T16:41:40.224662+00:00,384.759491,open,rgb,-45.000,30.000,11,700,,0.258721591,52.8671,4.062000751,4.059506416,1.643487334
2026-07-28T16:41:40.375050+00:00,384.909878,open,rgb,-45.000,30.000,12,700,,0.258664773,52.8223,4.061949730,4.059466362,1.643344760
2026-07-28T16:41:40.525509+00:00,385.060339,open,rgb,-45.000,30.000,13,700,,0.258693182,52.8163,4.062057018,4.059509277,1.643470764
2026-07-28T16:41:40.675810+00:00,385.210641,open,rgb,-45.000,30.000,14,700,,0.258750000,52.8342,4.061990261,4.059496880,1.643738151
2026-07-28T16:41:40.825942+00:00,385.360773,open,rgb,-45.000,30.000,15,700,,0.258721591,52.8611,4.061941624,4.059429646,1.643455863
2026-07-28T16:41:40.976229+00:00,385.511060,open,rgb,-45.000,30.000,16,700,,0.258806818,52.8850,4.062005997,4.059484959,1.643649220
2026-07-28T16:41:41.126609+00:00,385.661441,open,rgb,-45.000,30.000,17,700,,0.258778409,52.8970,4.061989307,4.059532642,1.643593073
2026-07-28T16:41:41.276974+00:00,385.811804,open,rgb,-45.000,30.000,18,700,,0.258806818,52.9179,4.062061787,4.059490681,1.643562555
2026-07-28T16:41:41.427276+00:00,385.962108,open,rgb,-45.000,30.000,19,700,,0.258863636,52.9358,4.062040806,4.059572697,1.643704653
2026-07-28T16:41:44.108367+00:00,388.643194,open,rgb,-45.000,45.000,0,700,,0.258806818,52.9598,4.060607433,4.060655117,1.643595576
2026-07-28T16:41:44.258766+00:00,388.793593,open,rgb,-45.000,45.000,1,700,,0.258750000,52.9508,4.060884476,4.060886860,1.643556714
2026-07-28T16:41:44.409450+00:00,388.944238,open,rgb,-45.000,45.000,2,700,,0.258750000,52.9657,4.060996532,4.060970783,1.643434644
2026-07-28T16:41:44.559922+00:00,389.094752,open,rgb,-45.000,45.000,3,700,,0.258721591,52.9897,4.060913086,4.060949802,1.643516421
2026-07-28T16:41:44.710139+00:00,389.244970,open,rgb,-45.000,45.000,4,700,,0.258636364,53.0077,4.060973644,4.060999393,1.643273234
2026-07-28T16:41:44.860397+00:00,389.395227,open,rgb,-45.000,45.000,5,700,,0.258664773,53.0196,4.060832500,4.060885906,1.643635869
2026-07-28T16:41:45.010614+00:00,389.545445,open,rgb,-45.000,45.000,6,700,,0.258664773,53.0376,4.060891151,4.060991287,1.643702507
2026-07-28T16:41:45.160837+00:00,389.695669,open,rgb,-45.000,45.000,7,700,,0.258579545,53.0466,4.060691357,4.061040401,1.643432498
2026-07-28T16:41:45.311173+00:00,389.846003,open,rgb,-45.000,45.000,8,700,,0.258863636,53.0706,4.060549736,4.061153412,1.643484473
2026-07-28T16:41:45.461525+00:00,389.996354,open,rgb,-45.000,45.000,9,700,,0.258806818,53.0796,4.060486794,4.061078548,1.643406034
2026-07-28T16:41:45.611771+00:00,390.146602,open,rgb,-45.000,45.000,10,700,,0.258778409,53.0976,4.060553551,4.061172009,1.643485427
2026-07-28T16:41:45.761975+00:00,390.296803,open,rgb,-45.000,45.000,11,700,,0.258920455,53.1216,4.060448647,4.061020374,1.643681765
2026-07-28T16:41:45.912285+00:00,390.447116,open,rgb,-45.000,45.000,12,700,,0.258892045,53.1336,4.060435772,4.060989857,1.643520832
2026-07-28T16:41:46.062461+00:00,390.597292,open,rgb,-45.000,45.000,13,700,,0.258778409,53.1456,4.060512066,4.061141491,1.643591642
2026-07-28T16:41:46.212672+00:00,390.747504,open,rgb,-45.000,45.000,14,700,,0.258835227,53.1516,4.060582161,4.061151505,1.643597722
2026-07-28T16:41:46.363042+00:00,390.897870,open,rgb,-45.000,45.000,15,700,,0.258778409,53.1637,4.060640812,4.061050892,1.643405080
2026-07-28T16:41:46.513365+00:00,391.048197,open,rgb,-45.000,45.000,16,700,,0.258892045,53.1757,4.060510635,4.061118126,1.643687606
2026-07-28T16:41:46.663569+00:00,391.198400,open,rgb,-45.000,45.000,17,700,,0.258721591,53.1787,4.060605049,4.061120987,1.643477559
2026-07-28T16:41:46.813710+00:00,391.348541,open,rgb,-45.000,45.000,18,700,,0.258863636,53.1937,4.060719490,4.061296463,1.643422246
2026-07-28T16:41:46.963918+00:00,391.498750,open,rgb,-45.000,45.000,19,700,,0.258835227,53.2027,4.060571194,4.061149597,1.643603086
2026-07-28T16:41:49.645611+00:00,394.180436,open,rgb,-45.000,60.000,0,700,,0.258721591,53.2810,4.061839581,4.061751842,1.643493533
2026-07-28T16:41:49.796122+00:00,394.330950,open,rgb,-45.000,60.000,1,700,,0.258693182,53.2840,4.061723232,4.061563492,1.643371463
2026-07-28T16:41:49.946459+00:00,394.481289,open,rgb,-45.000,60.000,2,700,,0.258664773,53.2961,4.061832905,4.061647415,1.643656373
2026-07-28T16:41:50.096535+00:00,394.631366,open,rgb,-45.000,60.000,3,700,,0.258721591,53.3051,4.061774731,4.061635017,1.643692970
2026-07-28T16:41:50.246752+00:00,394.781583,open,rgb,-45.000,60.000,4,700,,0.258750000,53.3081,4.061903477,4.061677933,1.643474221
2026-07-28T16:41:50.397091+00:00,394.931918,open,rgb,-45.000,60.000,5,700,,0.258636364,53.2991,4.061588287,4.061407089,1.643755674
2026-07-28T16:41:50.547409+00:00,395.082241,open,rgb,-45.000,60.000,6,700,,0.258806818,53.3081,4.061556339,4.061434746,1.643849730
2026-07-28T16:41:50.697622+00:00,395.232454,open,rgb,-45.000,60.000,7,700,,0.258977273,53.2780,4.061690331,4.061416149,1.643602371
2026-07-28T16:41:50.847771+00:00,395.382602,open,rgb,-45.000,60.000,8,700,,0.258948864,53.2509,4.061716557,4.061487198,1.643723726
2026-07-28T16:41:50.997969+00:00,395.532801,open,rgb,-45.000,60.000,9,700,,0.258693182,53.2388,4.061609268,4.061487198,1.643542528
2026-07-28T16:41:51.148120+00:00,395.682952,open,rgb,-45.000,60.000,10,700,,0.258892045,53.2178,4.061715603,4.061604023,1.643635631
2026-07-28T16:41:51.298356+00:00,395.833187,open,rgb,-45.000,60.000,11,700,,0.258778409,53.1967,4.061483860,4.061364651,1.643902898
2026-07-28T16:41:51.448471+00:00,395.983302,open,rgb,-45.000,60.000,12,700,,0.258863636,53.1757,4.061608791,4.061445236,1.643618464
2026-07-28T16:41:51.598643+00:00,396.133475,open,rgb,-45.000,60.000,13,700,,0.258863636,53.1757,4.061755180,4.061515808,1.643670678
2026-07-28T16:41:51.748799+00:00,396.283631,open,rgb,-45.000,60.000,14,700,,0.258778409,53.1877,4.061661720,4.061408520,1.643717885
2026-07-28T16:41:51.899039+00:00,396.433870,open,rgb,-45.000,60.000,15,700,,0.258721591,53.2088,4.061762810,4.061500072,1.643705130
2026-07-28T16:41:52.049188+00:00,396.584021,open,rgb,-45.000,60.000,16,700,,0.258806818,53.2208,4.061751366,4.061593533,1.643693924
2026-07-28T16:41:52.199284+00:00,396.734117,open,rgb,-45.000,60.000,17,700,,0.258835227,53.2027,4.061785698,4.061583042,1.643568635
2026-07-28T16:41:52.349619+00:00,396.884450,open,rgb,-45.000,60.000,18,700,,0.258778409,53.1697,4.061874390,4.061720848,1.643520117
2026-07-28T16:41:52.499935+00:00,397.034767,open,rgb,-45.000,60.000,19,700,,0.258835227,53.1546,4.061940193,4.061783314,1.643827915
2026-07-28T16:41:55.181041+00:00,399.715870,open,rgb,-45.000,75.000,0,700,,0.258892045,53.4893,4.063320637,4.061840057,1.644114852
2026-07-28T16:41:55.331403+00:00,399.866228,open,rgb,-45.000,75.000,1,700,,0.258806818,53.4862,4.063350677,4.061878681,1.643846273
2026-07-28T16:41:55.481913+00:00,400.016739,open,rgb,-45.000,75.000,2,700,,0.258892045,53.5074,4.063289642,4.061777592,1.643725395
2026-07-28T16:41:55.632297+00:00,400.167127,open,rgb,-45.000,75.000,3,700,,0.258806818,53.5195,4.063165665,4.061745644,1.643891454
2026-07-28T16:41:55.782497+00:00,400.317328,open,rgb,-45.000,75.000,4,700,,0.258806818,53.5286,4.063298225,4.061788082,1.643664122
2026-07-28T16:41:55.932672+00:00,400.467504,open,rgb,-45.000,75.000,5,700,,0.258778409,53.5347,4.063146591,4.061762333,1.643934608
2026-07-28T16:41:56.082832+00:00,400.617663,open,rgb,-45.000,75.000,6,700,,0.258835227,53.5468,4.063172340,4.061750412,1.643883348
2026-07-28T16:41:56.232951+00:00,400.767783,open,rgb,-45.000,75.000,7,700,,0.258863636,53.5589,4.063226700,4.061686516,1.643895626
2026-07-28T16:41:56.383187+00:00,400.918014,open,rgb,-45.000,75.000,8,700,,0.259034091,53.5710,4.063208580,4.061794758,1.643993497
2026-07-28T16:41:56.533511+00:00,401.068340,open,rgb,-45.000,75.000,9,700,,0.258863636,53.5680,4.063171864,4.061668873,1.643772840
2026-07-28T16:41:56.683808+00:00,401.218638,open,rgb,-45.000,75.000,10,700,,0.258892045,53.5801,4.063238144,4.061798096,1.643976688
2026-07-28T16:41:56.833983+00:00,401.368813,open,rgb,-45.000,75.000,11,700,,0.258806818,53.5862,4.063184261,4.061713696,1.644183874
2026-07-28T16:41:56.984131+00:00,401.518962,open,rgb,-45.000,75.000,12,700,,0.258863636,53.6013,4.063282967,4.061738968,1.643869162
2026-07-28T16:41:57.134285+00:00,401.669117,open,rgb,-45.000,75.000,13,700,,0.258835227,53.6135,4.063330173,4.061861992,1.643834829
2026-07-28T16:41:57.284503+00:00,401.819333,open,rgb,-45.000,75.000,14,700,,0.258892045,53.6165,4.063298702,4.061843872,1.643833518
2026-07-28T16:41:57.434718+00:00,401.969549,open,rgb,-45.000,75.000,15,700,,0.258778409,53.6256,4.063434124,4.061915398,1.643689275
2026-07-28T16:41:57.584907+00:00,402.119738,open,rgb,-45.000,75.000,16,700,,0.258948864,53.6377,4.063324928,4.061861038,1.643959045
2026-07-28T16:41:57.735053+00:00,402.269885,open,rgb,-45.000,75.000,17,700,,0.258948864,53.6438,4.063277245,4.061841011,1.643771291
2026-07-28T16:41:57.885221+00:00,402.420054,open,rgb,-45.000,75.000,18,700,,0.258806818,53.6559,4.063411236,4.061922073,1.643780112
2026-07-28T16:41:58.035452+00:00,402.570284,open,rgb,-45.000,75.000,19,700,,0.258835227,53.6620,4.063332558,4.061866283,1.643960714
2026-07-28T16:42:00.716942+00:00,405.251769,open,rgb,-45.000,90.000,0,700,,0.258920455,53.7745,4.063662529,4.061994076,1.644024253
2026-07-28T16:42:00.867240+00:00,405.402071,open,rgb,-45.000,90.000,1,700,,0.258948864,53.7714,4.063543320,4.061869144,1.643706918
2026-07-28T16:42:01.017504+00:00,405.552333,open,rgb,-45.000,90.000,2,700,,0.258920455,53.7775,4.063511372,4.061856747,1.643873572
2026-07-28T16:42:01.167687+00:00,405.702517,open,rgb,-45.000,90.000,3,700,,0.258863636,53.7775,4.063348770,4.061710358,1.644161701
2026-07-28T16:42:01.318052+00:00,405.852879,open,rgb,-45.000,90.000,4,700,,0.258920455,53.7927,4.063637733,4.061947823,1.643977404
2026-07-28T16:42:01.468398+00:00,406.003228,open,rgb,-45.000,90.000,5,700,,0.258835227,53.7927,4.063565254,4.061980724,1.643914342
2026-07-28T16:42:01.618606+00:00,406.153436,open,rgb,-45.000,90.000,6,700,,0.258892045,53.8019,4.063473225,4.061879158,1.643792272
2026-07-28T16:42:01.768780+00:00,406.303612,open,rgb,-45.000,90.000,7,700,,0.258863636,53.8140,4.063669205,4.062008858,1.643761039
2026-07-28T16:42:01.918974+00:00,406.453805,open,rgb,-45.000,90.000,8,700,,0.258835227,53.8262,4.063562393,4.061919212,1.644011855
2026-07-28T16:42:02.069121+00:00,406.603952,open,rgb,-45.000,90.000,9,700,,0.258920455,53.8293,4.063392639,4.061786175,1.643804073
2026-07-28T16:42:02.219511+00:00,406.754340,open,rgb,-45.000,90.000,10,700,,0.258920455,53.8445,4.063546181,4.061909676,1.644151211
2026-07-28T16:42:02.369722+00:00,406.904553,open,rgb,-45.000,90.000,11,700,,0.258920455,53.8475,4.063529491,4.061898232,1.644180775
2026-07-28T16:42:02.519947+00:00,407.054778,open,rgb,-45.000,90.000,12,700,,0.258920455,53.8628,4.063613892,4.061845303,1.643950462
2026-07-28T16:42:02.670110+00:00,407.204942,open,rgb,-45.000,90.000,13,700,,0.258920455,53.8719,4.063635349,4.061987877,1.644091845
2026-07-28T16:42:02.820273+00:00,407.355105,open,rgb,-45.000,90.000,14,700,,0.258863636,53.8658,4.063629150,4.062000275,1.643911481
2026-07-28T16:42:02.970470+00:00,407.505302,open,rgb,-45.000,90.000,15,700,,0.258920455,53.8658,4.063710690,4.062079906,1.643835068
2026-07-28T16:42:03.120701+00:00,407.655532,open,rgb,-45.000,90.000,16,700,,0.258920455,53.8780,4.063635349,4.061908722,1.644088984
2026-07-28T16:42:03.270901+00:00,407.805732,open,rgb,-45.000,90.000,17,700,,0.258892045,53.8872,4.063573837,4.061948299,1.643760562
2026-07-28T16:42:03.421104+00:00,407.955934,open,rgb,-45.000,90.000,18,700,,0.258920455,53.9024,4.063719273,4.062060833,1.644046187
2026-07-28T16:42:03.571457+00:00,408.106288,open,rgb,-45.000,90.000,19,700,,0.258920455,53.9055,4.063570023,4.061951160,1.644062281
2026-07-28T16:42:14.351130+00:00,418.885955,open,dark,-30.000,-90.000,0,0,,0.000681818,53.8475,4.896903992,4.903545856,1.649564981
2026-07-28T16:42:14.501509+00:00,419.036339,open,dark,-30.000,-90.000,1,0,,0.000681818,53.8049,4.896891594,4.903557777,1.649659753
2026-07-28T16:42:14.651744+00:00,419.186575,open,dark,-30.000,-90.000,2,0,,0.000681818,53.7501,4.896902084,4.903544903,1.649615049
2026-07-28T16:42:14.801898+00:00,419.336729,open,dark,-30.000,-90.000,3,0,,0.000681818,53.7015,4.896902561,4.903541088,1.649612665
2026-07-28T16:42:14.952100+00:00,419.486932,open,dark,-30.000,-90.000,4,0,,0.000710227,53.6438,4.896903992,4.903557777,1.649658561
2026-07-28T16:42:15.102194+00:00,419.637026,open,dark,-30.000,-90.000,5,0,,0.000681818,53.5680,4.896893978,4.903549671,1.649373412
2026-07-28T16:42:15.252413+00:00,419.787244,open,dark,-30.000,-90.000,6,0,,0.000681818,53.4893,4.896894932,4.903546810,1.648809671
2026-07-28T16:42:15.402733+00:00,419.937559,open,dark,-30.000,-90.000,7,0,,0.000681818,53.4258,4.896874905,4.903536797,1.649680257
2026-07-28T16:42:15.553192+00:00,420.088022,open,dark,-30.000,-90.000,8,0,,0.000681818,53.3624,4.896888256,4.903548241,1.649478793
2026-07-28T16:42:15.703613+00:00,420.238444,open,dark,-30.000,-90.000,9,0,,0.000681818,53.2961,4.896878242,4.903530121,1.649649739
2026-07-28T16:42:15.853590+00:00,420.388411,open,dark,-30.000,-90.000,10,0,,0.000681818,53.2178,4.896829605,4.903519630,1.649486899
2026-07-28T16:42:16.004318+00:00,420.539144,open,dark,-30.000,-90.000,11,0,,0.000681818,53.1456,4.896880150,4.903524399,1.649586797
2026-07-28T16:42:16.154823+00:00,420.689653,open,dark,-30.000,-90.000,12,0,,0.000681818,53.0556,4.896891594,4.903538227,1.649665833
2026-07-28T16:42:16.304868+00:00,420.839696,open,dark,-30.000,-90.000,13,0,,0.000681818,52.9508,4.896882057,4.903531075,1.649481058
2026-07-28T16:42:16.455260+00:00,420.990088,open,dark,-30.000,-90.000,14,0,,0.000681818,52.8522,4.896879196,4.903517723,1.649574041
2026-07-28T16:42:16.605500+00:00,421.140331,open,dark,-30.000,-90.000,15,0,,0.000681818,52.7627,4.896882057,4.903529167,1.649582386
2026-07-28T16:42:16.755803+00:00,421.290635,open,dark,-30.000,-90.000,16,0,,0.000681818,52.6882,4.896889687,4.903527260,1.649331093
2026-07-28T16:42:16.905990+00:00,421.440821,open,dark,-30.000,-90.000,17,0,,0.000710227,52.6109,4.896896839,4.903538227,1.649609208
2026-07-28T16:42:17.056184+00:00,421.591016,open,dark,-30.000,-90.000,18,0,,0.000681818,52.5159,4.896885395,4.903534889,1.649556518
2026-07-28T16:42:17.206338+00:00,421.741170,open,dark,-30.000,-90.000,19,0,,0.000681818,52.4478,4.896880150,4.903516293,1.649542570
2026-07-28T16:42:21.400052+00:00,425.934879,open,rgb,-30.000,-90.000,0,700,,0.258806818,51.8473,4.058147907,4.060341358,1.640846491
2026-07-28T16:42:21.550572+00:00,426.085403,open,rgb,-30.000,-90.000,1,700,,0.258522727,51.8707,4.058306217,4.060503006,1.640788913
2026-07-28T16:42:21.700851+00:00,426.235681,open,rgb,-30.000,-90.000,2,700,,0.258267045,51.8971,4.058222771,4.060464382,1.640742540
2026-07-28T16:42:21.851102+00:00,426.385933,open,rgb,-30.000,-90.000,3,700,,0.258636364,51.9176,4.058139801,4.060344219,1.640564799
2026-07-28T16:42:22.001280+00:00,426.536112,open,rgb,-30.000,-90.000,4,700,,0.258352273,51.9498,4.058298111,4.060510159,1.640885115
2026-07-28T16:42:22.151461+00:00,426.686293,open,rgb,-30.000,-90.000,5,700,,0.257954545,51.9674,4.058275700,4.060486317,1.641044974
2026-07-28T16:42:22.301636+00:00,426.836469,open,rgb,-30.000,-90.000,6,700,,0.258778409,51.9880,4.058283329,4.060391426,1.640833139
2026-07-28T16:42:22.451836+00:00,426.986668,open,rgb,-30.000,-90.000,7,700,,0.258948864,52.0085,4.058442593,4.060713768,1.640961528
2026-07-28T16:42:22.601983+00:00,427.136812,open,rgb,-30.000,-90.000,8,700,,0.258977273,52.0173,4.058537960,4.060698509,1.640883565
2026-07-28T16:42:22.752267+00:00,427.287099,open,rgb,-30.000,-90.000,9,700,,0.258636364,52.0408,4.058662415,4.060885906,1.640913844
2026-07-28T16:42:22.902438+00:00,427.437271,open,rgb,-30.000,-90.000,10,700,,0.258664773,52.0584,4.058657169,4.060881615,1.640893579
2026-07-28T16:42:23.052490+00:00,427.587321,open,rgb,-30.000,-90.000,11,700,,0.258750000,52.0849,4.058389187,4.060582161,1.640642881
2026-07-28T16:42:23.202682+00:00,427.737513,open,rgb,-30.000,-90.000,12,700,,0.258892045,52.1113,4.058493614,4.060711384,1.640849710
2026-07-28T16:42:23.352859+00:00,427.887690,open,rgb,-30.000,-90.000,13,700,,0.258806818,52.1231,4.058503151,4.060703278,1.640976906
2026-07-28T16:42:23.503039+00:00,428.037870,open,rgb,-30.000,-90.000,14,700,,0.258494318,52.1496,4.058805943,4.060745239,1.640513062
2026-07-28T16:42:23.653125+00:00,428.187955,open,rgb,-30.000,-90.000,15,700,,0.258948864,52.1702,4.058506966,4.060757637,1.640858531
2026-07-28T16:42:23.803336+00:00,428.338168,open,rgb,-30.000,-90.000,16,700,,0.258721591,52.1879,4.058469772,4.060653687,1.640798211
2026-07-28T16:42:23.953488+00:00,428.488319,open,rgb,-30.000,-90.000,17,700,,0.258210227,52.2114,4.058560371,4.060796738,1.640805960
2026-07-28T16:42:24.103669+00:00,428.638501,open,rgb,-30.000,-90.000,18,700,,0.259005682,52.2350,4.058609486,4.060818672,1.640979767
2026-07-28T16:42:24.253788+00:00,428.788619,open,rgb,-30.000,-90.000,19,700,,0.258664773,52.2468,4.058613300,4.060777187,1.640752316
2026-07-28T16:42:26.935440+00:00,431.470266,open,rgb,-30.000,-75.000,0,700,,0.258579545,52.5545,4.059369087,4.061303616,1.640710473
2026-07-28T16:42:27.085791+00:00,431.620621,open,rgb,-30.000,-75.000,1,700,,0.258551136,52.5753,4.059489250,4.061467171,1.640759826
2026-07-28T16:42:27.236064+00:00,431.770893,open,rgb,-30.000,-75.000,2,700,,0.258664773,52.5901,4.059374809,4.061310291,1.640950561
2026-07-28T16:42:27.386320+00:00,431.921151,open,rgb,-30.000,-75.000,3,700,,0.258721591,52.6020,4.059425354,4.061303616,1.640682697
2026-07-28T16:42:27.536505+00:00,432.071336,open,rgb,-30.000,-75.000,4,700,,0.258778409,52.6198,4.059516907,4.061499596,1.640801311
2026-07-28T16:42:27.686660+00:00,432.221490,open,rgb,-30.000,-75.000,5,700,,0.258750000,52.6317,4.059446335,4.061397076,1.640919566
2026-07-28T16:42:27.836893+00:00,432.371724,open,rgb,-30.000,-75.000,6,700,,0.258693182,52.6525,4.059535980,4.061264038,1.640858531
2026-07-28T16:42:27.987082+00:00,432.521914,open,rgb,-30.000,-75.000,7,700,,0.258778409,52.6704,4.059477806,4.061415672,1.641042829
2026-07-28T16:42:28.137188+00:00,432.672020,open,rgb,-30.000,-75.000,8,700,,0.258607955,52.6823,4.059466362,4.061368942,1.640866995
2026-07-28T16:42:28.287332+00:00,432.822164,open,rgb,-30.000,-75.000,9,700,,0.258607955,52.6942,4.059597969,4.061503410,1.640734673
2026-07-28T16:42:28.437497+00:00,432.972329,open,rgb,-30.000,-75.000,10,700,,0.258664773,52.7120,4.059578419,4.061532974,1.640927076
2026-07-28T16:42:28.587659+00:00,433.122490,open,rgb,-30.000,-75.000,11,700,,0.258607955,52.7210,4.059538364,4.061446190,1.640721560
2026-07-28T16:42:28.737988+00:00,433.272818,open,rgb,-30.000,-75.000,12,700,,0.258636364,52.7329,4.059608459,4.061520576,1.640821099
2026-07-28T16:42:28.888254+00:00,433.423085,open,rgb,-30.000,-75.000,13,700,,0.258579545,52.7388,4.059566021,4.061509132,1.640812635
2026-07-28T16:42:29.038368+00:00,433.573200,open,rgb,-30.000,-75.000,14,700,,0.258750000,52.7567,4.060005665,4.061677456,1.640362382
2026-07-28T16:42:29.188601+00:00,433.723433,open,rgb,-30.000,-75.000,15,700,,0.258693182,52.7746,4.059711933,4.061673164,1.640738606
2026-07-28T16:42:29.338729+00:00,433.873560,open,rgb,-30.000,-75.000,16,700,,0.258579545,52.7776,4.059766293,4.061702728,1.640557647
2026-07-28T16:42:29.488893+00:00,434.023725,open,rgb,-30.000,-75.000,17,700,,0.258579545,52.7955,4.059845448,4.061755180,1.640828013
2026-07-28T16:42:29.639113+00:00,434.173941,open,rgb,-30.000,-75.000,18,700,,0.258579545,52.8104,4.059628963,4.061507702,1.641063333
2026-07-28T16:42:29.789437+00:00,434.324240,open,rgb,-30.000,-75.000,19,700,,0.258607955,52.8283,4.059576511,4.061510563,1.640798688
2026-07-28T16:42:32.470851+00:00,437.005678,open,rgb,-30.000,-60.000,0,700,,0.258806818,52.9987,4.060934067,4.062509537,1.640784264
2026-07-28T16:42:32.621173+00:00,437.156003,open,rgb,-30.000,-60.000,1,700,,0.258636364,52.9987,4.060983181,4.062550545,1.640879989
2026-07-28T16:42:32.771411+00:00,437.306242,open,rgb,-30.000,-60.000,2,700,,0.258551136,53.0017,4.061000824,4.062562466,1.640982270
2026-07-28T16:42:32.921628+00:00,437.456457,open,rgb,-30.000,-60.000,3,700,,0.258750000,53.0047,4.061010361,4.062591076,1.640733957
2026-07-28T16:42:33.071849+00:00,437.606681,open,rgb,-30.000,-60.000,4,700,,0.258607955,53.0166,4.061103821,4.062688828,1.640893340
2026-07-28T16:42:33.222096+00:00,437.756927,open,rgb,-30.000,-60.000,5,700,,0.258522727,53.0256,4.061137199,4.062778473,1.640735865
2026-07-28T16:42:33.372316+00:00,437.907146,open,rgb,-30.000,-60.000,6,700,,0.258664773,53.0316,4.061307430,4.062837601,1.640516400
2026-07-28T16:42:33.522478+00:00,438.057310,open,rgb,-30.000,-60.000,7,700,,0.258693182,53.0526,4.061174393,4.062791824,1.640885592
2026-07-28T16:42:33.672620+00:00,438.207451,open,rgb,-30.000,-60.000,8,700,,0.258693182,53.0586,4.061021328,4.062629700,1.640661001
2026-07-28T16:42:33.822869+00:00,438.357699,open,rgb,-30.000,-60.000,9,700,,0.258750000,53.0766,4.061116695,4.062693596,1.640845537
2026-07-28T16:42:33.973001+00:00,438.507832,open,rgb,-30.000,-60.000,10,700,,0.258664773,53.0856,4.061023235,4.062702179,1.640911698
2026-07-28T16:42:34.123229+00:00,438.658060,open,rgb,-30.000,-60.000,11,700,,0.258636364,53.1036,4.061125755,4.062701225,1.640696645
2026-07-28T16:42:34.273357+00:00,438.808188,open,rgb,-30.000,-60.000,12,700,,0.258636364,53.1186,4.061160564,4.062757969,1.640857935
2026-07-28T16:42:34.423518+00:00,438.958349,open,rgb,-30.000,-60.000,13,700,,0.258721591,53.1276,4.061084747,4.062664986,1.640683413
2026-07-28T16:42:34.573688+00:00,439.108519,open,rgb,-30.000,-60.000,14,700,,0.258636364,53.1426,4.061433315,4.062994957,1.640342593
2026-07-28T16:42:34.723829+00:00,439.258661,open,rgb,-30.000,-60.000,15,700,,0.258579545,53.1576,4.061121464,4.062734604,1.640785933
2026-07-28T16:42:34.873994+00:00,439.408824,open,rgb,-30.000,-60.000,16,700,,0.258664773,53.1667,4.061101913,4.062720776,1.640628457
2026-07-28T16:42:35.024248+00:00,439.559078,open,rgb,-30.000,-60.000,17,700,,0.258693182,53.1787,4.061002254,4.062629700,1.640727162
2026-07-28T16:42:35.174395+00:00,439.709226,open,rgb,-30.000,-60.000,18,700,,0.258721591,53.1877,4.060825825,4.062491417,1.641022563
2026-07-28T16:42:35.324572+00:00,439.859405,open,rgb,-30.000,-60.000,19,700,,0.258750000,53.1997,4.060864925,4.062510014,1.640760541
2026-07-28T16:42:38.005626+00:00,442.540455,open,rgb,-30.000,-45.000,0,700,,0.258693182,53.2991,4.060766220,4.062133312,1.640556931
2026-07-28T16:42:38.156036+00:00,442.690867,open,rgb,-30.000,-45.000,1,700,,0.258664773,53.3111,4.060868263,4.062206745,1.640671492
2026-07-28T16:42:38.306328+00:00,442.841160,open,rgb,-30.000,-45.000,2,700,,0.258664773,53.3111,4.060650349,4.062022686,1.640846729
2026-07-28T16:42:38.456538+00:00,442.991369,open,rgb,-30.000,-45.000,3,700,,0.258750000,53.3202,4.060647964,4.061919689,1.640662432
2026-07-28T16:42:38.606671+00:00,443.141502,open,rgb,-30.000,-45.000,4,700,,0.258806818,53.3232,4.060359478,4.061703682,1.640899539
2026-07-28T16:42:38.756859+00:00,443.291692,open,rgb,-30.000,-45.000,5,700,,0.258636364,53.3262,4.060056686,4.061498642,1.640746951
2026-07-28T16:42:38.907077+00:00,443.441908,open,rgb,-30.000,-45.000,6,700,,0.258863636,53.3352,4.060145378,4.061594486,1.640844584
2026-07-28T16:42:39.057265+00:00,443.592096,open,rgb,-30.000,-45.000,7,700,,0.258750000,53.3473,4.060130596,4.061591148,1.640843391
2026-07-28T16:42:39.207539+00:00,443.742370,open,rgb,-30.000,-45.000,8,700,,0.258750000,53.3473,4.060086727,4.061501026,1.640630960
2026-07-28T16:42:39.357775+00:00,443.892604,open,rgb,-30.000,-45.000,9,700,,0.258806818,53.3564,4.060221672,4.061668873,1.640799642
2026-07-28T16:42:39.508103+00:00,444.042934,open,rgb,-30.000,-45.000,10,700,,0.258693182,53.3413,4.060160637,4.061563492,1.640902877
2026-07-28T16:42:39.658285+00:00,444.193116,open,rgb,-30.000,-45.000,11,700,,0.258693182,53.3443,4.060205936,4.061494350,1.640716672
2026-07-28T16:42:39.808452+00:00,444.343284,open,rgb,-30.000,-45.000,12,700,,0.258750000,53.3443,4.060165882,4.061630249,1.640888214
2026-07-28T16:42:39.958597+00:00,444.493429,open,rgb,-30.000,-45.000,13,700,,0.258721591,53.3443,4.060145855,4.061550140,1.640757680
2026-07-28T16:42:40.108770+00:00,444.643600,open,rgb,-30.000,-45.000,14,700,,0.258750000,53.3533,4.060408115,4.061806679,1.640512824
2026-07-28T16:42:40.259124+00:00,444.793953,open,rgb,-30.000,-45.000,15,700,,0.258721591,53.3594,4.059904575,4.061318398,1.641006947
2026-07-28T16:42:40.409563+00:00,444.944390,open,rgb,-30.000,-45.000,16,700,,0.258806818,53.3443,4.059841156,4.061276436,1.640798926
2026-07-28T16:42:40.560019+00:00,445.094849,open,rgb,-30.000,-45.000,17,700,,0.258750000,53.3533,4.060047626,4.061460018,1.640856504
2026-07-28T16:42:40.710256+00:00,445.245087,open,rgb,-30.000,-45.000,18,700,,0.258721591,53.3654,4.059903145,4.061296463,1.640825272
2026-07-28T16:42:40.860446+00:00,445.395278,open,rgb,-30.000,-45.000,19,700,,0.258721591,53.3805,4.060024261,4.061318874,1.640718341
2026-07-28T16:42:43.541486+00:00,448.076314,open,rgb,-30.000,-30.000,0,700,,0.258863636,53.5044,4.055961609,4.057274342,1.640688539
2026-07-28T16:42:43.691839+00:00,448.226668,open,rgb,-30.000,-30.000,1,700,,0.258892045,53.5256,4.057264805,4.059081554,1.640769601
2026-07-28T16:42:43.842087+00:00,448.376917,open,rgb,-30.000,-30.000,2,700,,0.258835227,53.5195,4.058893204,4.060150146,1.640795231
2026-07-28T16:42:43.992292+00:00,448.527124,open,rgb,-30.000,-30.000,3,700,,0.258920455,53.5286,4.056330204,4.057728767,1.640765667
2026-07-28T16:42:44.142468+00:00,448.677299,open,rgb,-30.000,-30.000,4,700,,0.258948864,53.5498,4.055980682,4.057461739,1.640751243
2026-07-28T16:42:44.292653+00:00,448.827485,open,rgb,-30.000,-30.000,5,700,,0.258863636,53.5650,4.056616306,4.058092117,1.640562773
2026-07-28T16:42:44.442952+00:00,448.977783,open,rgb,-30.000,-30.000,6,700,,0.258920455,53.5740,4.055637360,4.057363510,1.640849471
2026-07-28T16:42:44.593110+00:00,449.127941,open,rgb,-30.000,-30.000,7,700,,0.258863636,53.5801,4.055786133,4.057570457,1.640765905
2026-07-28T16:42:44.743325+00:00,449.278157,open,rgb,-30.000,-30.000,8,700,,0.258863636,53.5801,4.055335045,4.056910992,1.640449524
2026-07-28T16:42:44.893479+00:00,449.428310,open,rgb,-30.000,-30.000,9,700,,0.258892045,53.5831,4.055068970,4.056798935,1.640762091
2026-07-28T16:42:45.043621+00:00,449.578451,open,rgb,-30.000,-30.000,10,700,,0.258778409,53.5498,4.055006027,4.056700706,1.640736699
2026-07-28T16:42:45.194135+00:00,449.728963,open,rgb,-30.000,-30.000,11,700,,0.258835227,53.5438,4.055214405,4.056584358,1.640724182
2026-07-28T16:42:45.344442+00:00,449.879272,open,rgb,-30.000,-30.000,12,700,,0.258920455,53.5528,4.055114269,4.056765079,1.640867472
2026-07-28T16:42:45.494863+00:00,450.029689,open,rgb,-30.000,-30.000,13,700,,0.258920455,53.5619,4.055125237,4.056725025,1.640616059
2026-07-28T16:42:45.645270+00:00,450.180100,open,rgb,-30.000,-30.000,14,700,,0.258920455,53.5740,4.055692196,4.057157516,1.640477419
2026-07-28T16:42:45.795509+00:00,450.330338,open,rgb,-30.000,-30.000,15,700,,0.258863636,53.5831,4.055180073,4.056761265,1.641091585
2026-07-28T16:42:45.945779+00:00,450.480609,open,rgb,-30.000,-30.000,16,700,,0.258892045,53.6013,4.060195923,4.061534882,1.640783787
2026-07-28T16:42:46.095990+00:00,450.630821,open,rgb,-30.000,-30.000,17,700,,0.258863636,53.6074,4.060356617,4.061723709,1.640887737
2026-07-28T16:42:46.246144+00:00,450.780973,open,rgb,-30.000,-30.000,18,700,,0.258892045,53.5922,4.060233116,4.061613560,1.640762568
2026-07-28T16:42:46.396522+00:00,450.931351,open,rgb,-30.000,-30.000,19,700,,0.258863636,53.5680,4.060343742,4.061667442,1.640817404
2026-07-28T16:42:49.078233+00:00,453.613060,open,rgb,-30.000,-15.000,0,700,,0.258892045,53.5892,4.060895443,4.062160492,1.640593886
2026-07-28T16:42:49.228534+00:00,453.763364,open,rgb,-30.000,-15.000,1,700,,0.258806818,53.6195,4.060832977,4.062289715,1.640896082
2026-07-28T16:42:49.378970+00:00,453.913798,open,rgb,-30.000,-15.000,2,700,,0.258863636,53.6408,4.060841084,4.062250137,1.640804529
2026-07-28T16:42:49.529254+00:00,454.064086,open,rgb,-30.000,-15.000,3,700,,0.258835227,53.6590,4.060976982,4.062337399,1.640665412
2026-07-28T16:42:49.679458+00:00,454.214289,open,rgb,-30.000,-15.000,4,700,,0.258778409,53.6772,4.060894489,4.062316418,1.640918732
2026-07-28T16:42:49.829625+00:00,454.364458,open,rgb,-30.000,-15.000,5,700,,0.258835227,53.6772,4.061024666,4.062459946,1.640623331
2026-07-28T16:42:49.979759+00:00,454.514590,open,rgb,-30.000,-15.000,6,700,,0.258806818,53.6742,4.061131954,4.062600613,1.640779138
2026-07-28T16:42:50.129857+00:00,454.664687,open,rgb,-30.000,-15.000,7,700,,0.258750000,53.6681,4.061155796,4.062521935,1.640776634
2026-07-28T16:42:50.280174+00:00,454.815003,open,rgb,-30.000,-15.000,8,700,,0.258806818,53.6802,4.061163902,4.062440872,1.640630960
2026-07-28T16:42:50.430400+00:00,454.965227,open,rgb,-30.000,-15.000,9,700,,0.258835227,53.7076,4.060925961,4.062366486,1.640883565
2026-07-28T16:42:50.580671+00:00,455.115502,open,rgb,-30.000,-15.000,10,700,,0.258835227,53.7228,4.060909748,4.062323093,1.640820861
2026-07-28T16:42:50.730861+00:00,455.265693,open,rgb,-30.000,-15.000,11,700,,0.258750000,53.7410,4.061104774,4.062476635,1.640769124
2026-07-28T16:42:50.881025+00:00,455.415856,open,rgb,-30.000,-15.000,12,700,,0.258778409,53.7501,4.061028957,4.062482834,1.640714407
2026-07-28T16:42:51.031171+00:00,455.566003,open,rgb,-30.000,-15.000,13,700,,0.258920455,53.7532,4.061064243,4.062370300,1.640522480
2026-07-28T16:42:51.181493+00:00,455.716318,open,rgb,-30.000,-15.000,14,700,,0.258892045,53.7623,4.061330795,4.062660694,1.640409946
2026-07-28T16:42:51.331827+00:00,455.866658,open,rgb,-30.000,-15.000,15,700,,0.258835227,53.7593,4.060981274,4.062420845,1.640947819
2026-07-28T16:42:51.481979+00:00,456.016810,open,rgb,-30.000,-15.000,16,700,,0.258863636,53.7714,4.061030865,4.062405109,1.640696406
2026-07-28T16:42:51.632159+00:00,456.166990,open,rgb,-30.000,-15.000,17,700,,0.258863636,53.7805,4.061085701,4.062509537,1.640724421
2026-07-28T16:42:51.782308+00:00,456.317141,open,rgb,-30.000,-15.000,18,700,,0.258835227,53.7866,4.061043739,4.062468529,1.640498400
2026-07-28T16:42:51.932541+00:00,456.467369,open,rgb,-30.000,-15.000,19,700,,0.258892045,53.7958,4.061151028,4.062582970,1.640493512
2026-07-28T16:42:54.613719+00:00,459.148546,open,rgb,-30.000,0.000,0,700,,0.258863636,53.9207,4.061481953,4.062569618,1.640586972
2026-07-28T16:42:54.764099+00:00,459.298929,open,rgb,-30.000,0.000,1,700,,0.258948864,53.9360,4.061371803,4.062731743,1.640849710
2026-07-28T16:42:54.914295+00:00,459.449127,open,rgb,-30.000,0.000,2,700,,0.258750000,53.9269,4.061333656,4.062696457,1.640736938
2026-07-28T16:42:55.064478+00:00,459.599309,open,rgb,-30.000,0.000,3,700,,0.258863636,53.9238,4.061398506,4.062830925,1.640821576
2026-07-28T16:42:55.214795+00:00,459.749627,open,rgb,-30.000,0.000,4,700,,0.258863636,53.9146,4.061445236,4.062801361,1.640822053
2026-07-28T16:42:55.365334+00:00,459.900159,open,rgb,-30.000,0.000,5,700,,0.258778409,53.9146,4.061332703,4.062715530,1.640577674
2026-07-28T16:42:55.516108+00:00,460.050933,open,rgb,-30.000,0.000,6,700,,0.258778409,53.9269,4.061394691,4.062777042,1.640784264
2026-07-28T16:42:55.666674+00:00,460.201503,open,rgb,-30.000,0.000,7,700,,0.258835227,53.9360,4.061292171,4.062699795,1.640917301
2026-07-28T16:42:55.817175+00:00,460.352007,open,rgb,-30.000,0.000,8,700,,0.258948864,53.9513,4.061459064,4.062697411,1.640726209
2026-07-28T16:42:55.967565+00:00,460.502397,open,rgb,-30.000,0.000,9,700,,0.258750000,53.9666,4.061345577,4.062811375,1.640832543
2026-07-28T16:42:56.117924+00:00,460.652756,open,rgb,-30.000,0.000,10,700,,0.258863636,53.9696,4.061410904,4.062849998,1.640656114
2026-07-28T16:42:56.268415+00:00,460.803243,open,rgb,-30.000,0.000,11,700,,0.258721591,53.9696,4.061537743,4.062898636,1.640785933
2026-07-28T16:42:56.418892+00:00,460.953721,open,rgb,-30.000,0.000,12,700,,0.258835227,53.9879,4.061346054,4.062749863,1.641061544
2026-07-28T16:42:56.569357+00:00,461.104189,open,rgb,-30.000,0.000,13,700,,0.258806818,54.0032,4.061439037,4.062795162,1.640840173
2026-07-28T16:42:56.719751+00:00,461.254582,open,rgb,-30.000,0.000,14,700,,0.258892045,54.0246,4.061753750,4.063060760,1.640547395
2026-07-28T16:42:56.870032+00:00,461.404864,open,rgb,-30.000,0.000,15,700,,0.258835227,54.0155,4.061518669,4.062768936,1.640920997
2026-07-28T16:42:57.020398+00:00,461.555230,open,rgb,-30.000,0.000,16,700,,0.258835227,53.9452,4.061586380,4.062726974,1.640806198
2026-07-28T16:42:57.170705+00:00,461.705533,open,rgb,-30.000,0.000,17,700,,0.258806818,53.9207,4.061532974,4.062814236,1.641022325
2026-07-28T16:42:57.321191+00:00,461.856023,open,rgb,-30.000,0.000,18,700,,0.258778409,53.8506,4.061512470,4.062901497,1.640746951
2026-07-28T16:42:57.471573+00:00,462.006402,open,rgb,-30.000,0.000,19,700,,0.258863636,53.8140,4.061554909,4.062956810,1.640667796
2026-07-28T16:43:00.153469+00:00,464.688298,open,rgb,-30.000,15.000,0,700,,0.258750000,53.8232,4.061979294,4.063090801,1.641267419
2026-07-28T16:43:00.304017+00:00,464.838847,open,rgb,-30.000,15.000,1,700,,0.258778409,53.8628,4.061826706,4.063154697,1.641545057
2026-07-28T16:43:00.454851+00:00,464.989678,open,rgb,-30.000,15.000,2,700,,0.258664773,53.8933,4.061493397,4.062866688,1.641369462
2026-07-28T16:43:00.605379+00:00,465.140208,open,rgb,-30.000,15.000,3,700,,0.258778409,53.9330,4.061660290,4.063020229,1.641436577
2026-07-28T16:43:00.755895+00:00,465.290726,open,rgb,-30.000,15.000,4,700,,0.258778409,53.9482,4.061747551,4.063046455,1.641365528
2026-07-28T16:43:00.906245+00:00,465.441077,open,rgb,-30.000,15.000,5,700,,0.258863636,53.9513,4.061520576,4.062870979,1.641131878
2026-07-28T16:43:01.056604+00:00,465.591436,open,rgb,-30.000,15.000,6,700,,0.258778409,53.9696,4.061665058,4.062941551,1.641513228
2026-07-28T16:43:01.206967+00:00,465.741799,open,rgb,-30.000,15.000,7,700,,0.258835227,53.9666,4.061677933,4.063013554,1.641432166
2026-07-28T16:43:01.357451+00:00,465.892276,open,rgb,-30.000,15.000,8,700,,0.258806818,53.9574,4.061778069,4.062929630,1.641222239
2026-07-28T16:43:01.507852+00:00,466.042682,open,rgb,-30.000,15.000,9,700,,0.258920455,53.9666,4.061698914,4.063072681,1.641447544
2026-07-28T16:43:01.658058+00:00,466.192887,open,rgb,-30.000,15.000,10,700,,0.258920455,53.9941,4.061666012,4.062949181,1.641263008
2026-07-28T16:43:01.808325+00:00,466.343157,open,rgb,-30.000,15.000,11,700,,0.258863636,54.0246,4.061730862,4.063051224,1.641392946
2026-07-28T16:43:01.958456+00:00,466.493287,open,rgb,-30.000,15.000,12,700,,0.258693182,54.0155,4.061660290,4.062986851,1.641564727
2026-07-28T16:43:02.108652+00:00,466.643484,open,rgb,-30.000,15.000,13,700,,0.258892045,53.9727,4.061588764,4.062936306,1.641304731
2026-07-28T16:43:02.258800+00:00,466.793632,open,rgb,-30.000,15.000,14,700,,0.258835227,53.9727,4.061890125,4.063153267,1.641128302
2026-07-28T16:43:02.409010+00:00,466.943840,open,rgb,-30.000,15.000,15,700,,0.258892045,54.0032,4.061666012,4.062973499,1.641435623
2026-07-28T16:43:02.559170+00:00,467.093999,open,rgb,-30.000,15.000,16,700,,0.258892045,54.0277,4.061996460,4.063253880,1.641333818
2026-07-28T16:43:02.709330+00:00,467.244156,open,rgb,-30.000,15.000,17,700,,0.258835227,54.0246,4.062095642,4.063404083,1.640774488
2026-07-28T16:43:02.859839+00:00,467.394667,open,rgb,-30.000,15.000,18,700,,0.258551136,54.0307,4.061848640,4.063259125,1.641185164
2026-07-28T16:43:03.010769+00:00,467.545596,open,rgb,-30.000,15.000,19,700,,0.258892045,54.0583,4.061714172,4.063041687,1.641500115
2026-07-28T16:43:05.692672+00:00,470.227498,open,rgb,-30.000,30.000,0,700,,0.258977273,54.2638,4.061596870,4.062898636,1.641831398
2026-07-28T16:43:05.843154+00:00,470.377985,open,rgb,-30.000,30.000,1,700,,0.258920455,54.2761,4.061462879,4.062829971,1.642103076
2026-07-28T16:43:05.993476+00:00,470.528307,open,rgb,-30.000,30.000,2,700,,0.258693182,54.2884,4.061398983,4.062829018,1.641860485
2026-07-28T16:43:06.143938+00:00,470.678769,open,rgb,-30.000,30.000,3,700,,0.258806818,54.3038,4.061652660,4.063021183,1.641837239
2026-07-28T16:43:06.294278+00:00,470.829106,open,rgb,-30.000,30.000,4,700,,0.258806818,54.3130,4.061417580,4.062816143,1.642227173
2026-07-28T16:43:06.444792+00:00,470.979622,open,rgb,-30.000,30.000,5,700,,0.258693182,54.2884,4.061442852,4.062766075,1.641937137
2026-07-28T16:43:06.595138+00:00,471.129969,open,rgb,-30.000,30.000,6,700,,0.258835227,54.2607,4.061565876,4.062954903,1.642005920
2026-07-28T16:43:06.745476+00:00,471.280305,open,rgb,-30.000,30.000,7,700,,0.258750000,54.2454,4.061382771,4.062819958,1.642088652
2026-07-28T16:43:06.895774+00:00,471.430605,open,rgb,-30.000,30.000,8,700,,0.258835227,54.2392,4.061488628,4.062818050,1.642004967
2026-07-28T16:43:07.046030+00:00,471.580862,open,rgb,-30.000,30.000,9,700,,0.258863636,54.2423,4.061492443,4.062933922,1.642062306
2026-07-28T16:43:07.196354+00:00,471.731185,open,rgb,-30.000,30.000,10,700,,0.258806818,54.2577,4.061376095,4.062770844,1.641837955
2026-07-28T16:43:07.346859+00:00,471.881685,open,rgb,-30.000,30.000,11,700,,0.258806818,54.2792,4.061547279,4.062915802,1.642037153
2026-07-28T16:43:07.497460+00:00,472.032291,open,rgb,-30.000,30.000,12,700,,0.258778409,54.2853,4.061578751,4.063087463,1.641997933
2026-07-28T16:43:07.647869+00:00,472.182699,open,rgb,-30.000,30.000,13,700,,0.258863636,54.2853,4.061779022,4.063100338,1.641795039
2026-07-28T16:43:07.798193+00:00,472.333024,open,rgb,-30.000,30.000,14,700,,0.258750000,54.3007,4.062022209,4.063267708,1.641599178
2026-07-28T16:43:07.948532+00:00,472.483363,open,rgb,-30.000,30.000,15,700,,0.258664773,54.3069,4.061686516,4.063158989,1.641979337
2026-07-28T16:43:08.099014+00:00,472.633842,open,rgb,-30.000,30.000,16,700,,0.258750000,54.3223,4.061771393,4.063067436,1.642003059
2026-07-28T16:43:08.249487+00:00,472.784317,open,rgb,-30.000,30.000,17,700,,0.258721591,54.3438,4.061711311,4.063163280,1.642094374
2026-07-28T16:43:08.399972+00:00,472.934797,open,rgb,-30.000,30.000,18,700,,0.258778409,54.3376,4.061697483,4.063125610,1.641866088
2026-07-28T16:43:08.550483+00:00,473.085313,open,rgb,-30.000,30.000,19,700,,0.258778409,54.3161,4.061793327,4.063234806,1.641979098
2026-07-28T16:43:11.231790+00:00,475.766618,open,rgb,-30.000,45.000,0,700,,0.258750000,54.4980,4.060911179,4.062542915,1.641136527
2026-07-28T16:43:11.382268+00:00,475.917097,open,rgb,-30.000,45.000,1,700,,0.258948864,54.5165,4.060875416,4.062489033,1.641229272
2026-07-28T16:43:11.532681+00:00,476.067511,open,rgb,-30.000,45.000,2,700,,0.258806818,54.5042,4.060857296,4.062474251,1.640998602
2026-07-28T16:43:11.683003+00:00,476.217833,open,rgb,-30.000,45.000,3,700,,0.258863636,54.5104,4.060913086,4.062567711,1.641249299
2026-07-28T16:43:11.833320+00:00,476.368150,open,rgb,-30.000,45.000,4,700,,0.258892045,54.5135,4.060739040,4.062421799,1.641435623
2026-07-28T16:43:11.983689+00:00,476.518521,open,rgb,-30.000,45.000,5,700,,0.258636364,54.5320,4.060892105,4.062465668,1.641205430
2026-07-28T16:43:12.134179+00:00,476.669011,open,rgb,-30.000,45.000,6,700,,0.258863636,54.5382,4.060934067,4.062621593,1.641194940
2026-07-28T16:43:12.284547+00:00,476.819375,open,rgb,-30.000,45.000,7,700,,0.258721591,54.5444,4.060828686,4.062492371,1.641164660
2026-07-28T16:43:12.434967+00:00,476.969797,open,rgb,-30.000,45.000,8,700,,0.258806818,54.5691,4.061035156,4.062600613,1.641179085
2026-07-28T16:43:12.585123+00:00,477.119954,open,rgb,-30.000,45.000,9,700,,0.258835227,54.5877,4.060953140,4.062552929,1.641347051
2026-07-28T16:43:12.735324+00:00,477.270156,open,rgb,-30.000,45.000,10,700,,0.258863636,54.5908,4.060857773,4.062519073,1.640981555
2026-07-28T16:43:12.885466+00:00,477.420297,open,rgb,-30.000,45.000,11,700,,0.258721591,54.5815,4.061056137,4.062673569,1.641129971
2026-07-28T16:43:13.035555+00:00,477.570387,open,rgb,-30.000,45.000,12,700,,0.258693182,54.5505,4.060942650,4.062577724,1.641281843
2026-07-28T16:43:13.185825+00:00,477.720654,open,rgb,-30.000,45.000,13,700,,0.258806818,54.5320,4.060977936,4.062501907,1.641080618
2026-07-28T16:43:13.336437+00:00,477.871263,open,rgb,-30.000,45.000,14,700,,0.258721591,54.5351,4.061197758,4.062661171,1.640939832
2026-07-28T16:43:13.486747+00:00,478.021576,open,rgb,-30.000,45.000,15,700,,0.258750000,54.5413,4.061016083,4.062687397,1.641168833
2026-07-28T16:43:13.636303+00:00,478.171128,open,rgb,-30.000,45.000,16,700,,0.258892045,54.5351,4.061128139,4.062740326,1.640985727
2026-07-28T16:43:13.786661+00:00,478.321492,open,rgb,-30.000,45.000,17,700,,0.258892045,54.5475,4.061094284,4.062720776,1.641119242
2026-07-28T16:43:13.937213+00:00,478.472042,open,rgb,-30.000,45.000,18,700,,0.258835227,54.5505,4.061014652,4.062586308,1.640768886
2026-07-28T16:43:14.087608+00:00,478.622437,open,rgb,-30.000,45.000,19,700,,0.258806818,54.5413,4.060994148,4.062732697,1.641205192
2026-07-28T16:43:16.768969+00:00,481.303796,open,rgb,-30.000,60.000,0,700,,0.258835227,54.6434,4.061917305,4.062932014,1.640757203
2026-07-28T16:43:16.919301+00:00,481.454128,open,rgb,-30.000,60.000,1,700,,0.258693182,54.6713,4.061932564,4.062960148,1.640784979
2026-07-28T16:43:17.069660+00:00,481.604491,open,rgb,-30.000,60.000,2,700,,0.258920455,54.6806,4.061695576,4.062741756,1.640496135
2026-07-28T16:43:17.219862+00:00,481.754693,open,rgb,-30.000,60.000,3,700,,0.258750000,54.6930,4.061820030,4.062860489,1.640971541
2026-07-28T16:43:17.370030+00:00,481.904862,open,rgb,-30.000,60.000,4,700,,0.258892045,54.6868,4.061821938,4.062824726,1.640995979
2026-07-28T16:43:17.520260+00:00,482.055090,open,rgb,-30.000,60.000,5,700,,0.258835227,54.6961,4.062194824,4.063086987,1.640717864
2026-07-28T16:43:17.670368+00:00,482.205199,open,rgb,-30.000,60.000,6,700,,0.258693182,54.7023,4.062143326,4.063189030,1.640781522
2026-07-28T16:43:17.820447+00:00,482.355279,open,rgb,-30.000,60.000,7,700,,0.258721591,54.7116,4.062041283,4.063052654,1.640640736
2026-07-28T16:43:17.970727+00:00,482.505557,open,rgb,-30.000,60.000,8,700,,0.258750000,54.7271,4.062077522,4.063104153,1.640839934
2026-07-28T16:43:18.120991+00:00,482.655822,open,rgb,-30.000,60.000,9,700,,0.258835227,54.7365,4.062031746,4.063047886,1.640958309
2026-07-28T16:43:18.271218+00:00,482.806049,open,rgb,-30.000,60.000,10,700,,0.258778409,54.7271,4.062017441,4.063040257,1.640757918
2026-07-28T16:43:18.421567+00:00,482.956396,open,rgb,-30.000,60.000,11,700,,0.258636364,54.7334,4.062117577,4.063243389,1.640874863
2026-07-28T16:43:18.572153+00:00,483.106978,open,rgb,-30.000,60.000,12,700,,0.258664773,54.7240,4.061951637,4.063009262,1.640495896
2026-07-28T16:43:18.722635+00:00,483.257463,open,rgb,-30.000,60.000,13,700,,0.258750000,54.6713,4.062029362,4.062810898,1.640620232
2026-07-28T16:43:18.873882+00:00,483.408706,open,rgb,-30.000,60.000,14,700,,0.258863636,54.6620,4.061770916,4.062952995,1.640650272
2026-07-28T16:43:19.024559+00:00,483.559389,open,rgb,-30.000,60.000,15,700,,0.258806818,54.6558,4.061840057,4.062874794,1.640851378
2026-07-28T16:43:19.175102+00:00,483.709933,open,rgb,-30.000,60.000,16,700,,0.258778409,54.6682,4.061944485,4.063023567,1.640866756
2026-07-28T16:43:19.325637+00:00,483.860463,open,rgb,-30.000,60.000,17,700,,0.258806818,54.6868,4.061882496,4.062938690,1.641133189
2026-07-28T16:43:19.476170+00:00,484.011000,open,rgb,-30.000,60.000,18,700,,0.258835227,54.6961,4.061917782,4.062918663,1.640845060
2026-07-28T16:43:19.626649+00:00,484.161480,open,rgb,-30.000,60.000,19,700,,0.258977273,54.7116,4.062068462,4.063065052,1.640908718
2026-07-28T16:43:22.307896+00:00,486.842723,open,rgb,-30.000,75.000,0,700,,0.258750000,55.0073,4.062926292,4.064123154,1.640754700
2026-07-28T16:43:22.458356+00:00,486.993186,open,rgb,-30.000,75.000,1,700,,0.258721591,55.0042,4.062887192,4.064110756,1.640951991
2026-07-28T16:43:22.608739+00:00,487.143569,open,rgb,-30.000,75.000,2,700,,0.258693182,54.9761,4.062960625,4.064213753,1.640659690
2026-07-28T16:43:22.759102+00:00,487.293935,open,rgb,-30.000,75.000,3,700,,0.258721591,54.9543,4.063095570,4.064284801,1.640905142
2026-07-28T16:43:22.909456+00:00,487.444288,open,rgb,-30.000,75.000,4,700,,0.258721591,54.9293,4.063066006,4.064268112,1.640973687
2026-07-28T16:43:23.059762+00:00,487.594593,open,rgb,-30.000,75.000,5,700,,0.258693182,54.9169,4.063220024,4.064282894,1.640834332
2026-07-28T16:43:23.210132+00:00,487.744962,open,rgb,-30.000,75.000,6,700,,0.258750000,54.9013,4.063223839,4.064451218,1.640857935
2026-07-28T16:43:23.360574+00:00,487.895402,open,rgb,-30.000,75.000,7,700,,0.258863636,54.8826,4.063140392,4.064295769,1.640648246
2026-07-28T16:43:23.510995+00:00,488.045826,open,rgb,-30.000,75.000,8,700,,0.258721591,54.8733,4.063213348,4.064448357,1.640805721
2026-07-28T16:43:23.661533+00:00,488.196363,open,rgb,-30.000,75.000,9,700,,0.258693182,54.8577,4.063065529,4.064326763,1.641025662
2026-07-28T16:43:23.811963+00:00,488.346795,open,rgb,-30.000,75.000,10,700,,0.258693182,54.8639,4.063028336,4.064248085,1.640896797
2026-07-28T16:43:23.962255+00:00,488.497087,open,rgb,-30.000,75.000,11,700,,0.258636364,54.8701,4.063202858,4.064353943,1.641039610
2026-07-28T16:43:24.112352+00:00,488.647176,open,rgb,-30.000,75.000,12,700,,0.258750000,54.8670,4.062479019,4.064307690,1.641014457
2026-07-28T16:43:24.263046+00:00,488.797873,open,rgb,-30.000,75.000,13,700,,0.258721591,54.8670,4.063290596,4.064289570,1.640943885
2026-07-28T16:43:24.413546+00:00,488.948376,open,rgb,-30.000,75.000,14,700,,0.258863636,54.8826,4.063282013,4.064374447,1.640689731
2026-07-28T16:43:24.564001+00:00,489.098832,open,rgb,-30.000,75.000,15,700,,0.258778409,54.8919,4.063079834,4.064313889,1.640984178
2026-07-28T16:43:24.714389+00:00,489.249219,open,rgb,-30.000,75.000,16,700,,0.258750000,54.9106,4.063239574,4.064404011,1.640995741
2026-07-28T16:43:24.864754+00:00,489.399585,open,rgb,-30.000,75.000,17,700,,0.258778409,54.9356,4.063238144,4.064486027,1.640998363
2026-07-28T16:43:25.015146+00:00,489.549977,open,rgb,-30.000,75.000,18,700,,0.258721591,54.9605,4.063160896,4.064365864,1.640696168
2026-07-28T16:43:25.165561+00:00,489.700390,open,rgb,-30.000,75.000,19,700,,0.258721591,54.9980,4.063047409,4.064318657,1.640892386
2026-07-28T16:43:27.847373+00:00,492.382200,open,rgb,-30.000,90.000,0,700,,0.258750000,55.2233,4.063356400,4.064676762,1.640970826
2026-07-28T16:43:27.997907+00:00,492.532736,open,rgb,-30.000,90.000,1,700,,0.258778409,55.2389,4.063316345,4.064601421,1.641225219
2026-07-28T16:43:28.148438+00:00,492.683269,open,rgb,-30.000,90.000,2,700,,0.258778409,55.2452,4.063399315,4.064649582,1.640946388
2026-07-28T16:43:28.298890+00:00,492.833720,open,rgb,-30.000,90.000,3,700,,0.258863636,55.2546,4.063406467,4.064677238,1.640946865
2026-07-28T16:43:28.449332+00:00,492.984162,open,rgb,-30.000,90.000,4,700,,0.258892045,55.2578,4.063372612,4.064648628,1.641007662
2026-07-28T16:43:28.599799+00:00,493.134629,open,rgb,-30.000,90.000,5,700,,0.258835227,55.2735,4.063484192,4.064616680,1.640960813
2026-07-28T16:43:28.750489+00:00,493.285317,open,rgb,-30.000,90.000,6,700,,0.258693182,55.2829,4.063554287,4.064669132,1.641043782
2026-07-28T16:43:28.900930+00:00,493.435759,open,rgb,-30.000,90.000,7,700,,0.258920455,55.2860,4.063365936,4.064724445,1.640786648
2026-07-28T16:43:29.051148+00:00,493.585977,open,rgb,-30.000,90.000,8,700,,0.258892045,55.2986,4.063543320,4.064756393,1.640874147
2026-07-28T16:43:29.201377+00:00,493.736207,open,rgb,-30.000,90.000,9,700,,0.258750000,55.3080,4.063438416,4.064741135,1.641133428
2026-07-28T16:43:29.352000+00:00,493.886824,open,rgb,-30.000,90.000,10,700,,0.258806818,55.3143,4.063320160,4.064507008,1.640907764
2026-07-28T16:43:29.502327+00:00,494.037156,open,rgb,-30.000,90.000,11,700,,0.258920455,55.3174,4.063740253,4.064930916,1.641040087
2026-07-28T16:43:29.652587+00:00,494.187419,open,rgb,-30.000,90.000,12,700,,0.258721591,55.3206,4.063511372,4.064721107,1.641133904
2026-07-28T16:43:29.802812+00:00,494.337643,open,rgb,-30.000,90.000,13,700,,0.258693182,55.3363,4.063660622,4.064861298,1.641116500
2026-07-28T16:43:29.952944+00:00,494.487775,open,rgb,-30.000,90.000,14,700,,0.258835227,55.3426,4.063832283,4.064926624,1.640541315
2026-07-28T16:43:30.103130+00:00,494.637962,open,rgb,-30.000,90.000,15,700,,0.258750000,55.3394,4.063606739,4.064939499,1.640786171
2026-07-28T16:43:30.253352+00:00,494.788182,open,rgb,-30.000,90.000,16,700,,0.258693182,55.3520,4.063799381,4.065061092,1.640954375
2026-07-28T16:43:30.403562+00:00,494.938393,open,rgb,-30.000,90.000,17,700,,0.258778409,55.3520,4.063653469,4.064957142,1.641143680
2026-07-28T16:43:30.554035+00:00,495.088860,open,rgb,-30.000,90.000,18,700,,0.258778409,55.3678,4.063440323,4.064602852,1.641013026
2026-07-28T16:43:30.704654+00:00,495.239483,open,rgb,-30.000,90.000,19,700,,0.258750000,55.3898,4.063571453,4.064746380,1.641066194
2026-07-28T16:43:41.486381+00:00,506.021208,open,dark,-15.000,-90.000,0,0,,0.000681818,55.4591,4.896908760,4.903504372,1.649663687
2026-07-28T16:43:41.636861+00:00,506.171692,open,dark,-15.000,-90.000,1,0,,0.000681818,55.4024,4.896907330,4.903506756,1.649453878
2026-07-28T16:43:41.787277+00:00,506.322108,open,dark,-15.000,-90.000,2,0,,0.000710227,55.3426,4.896913528,4.903507710,1.649602890
2026-07-28T16:43:41.937626+00:00,506.472457,open,dark,-15.000,-90.000,3,0,,0.000681818,55.2640,4.896910667,4.903506279,1.649411440
2026-07-28T16:43:42.088037+00:00,506.622869,open,dark,-15.000,-90.000,4,0,,0.000681818,55.2013,4.896897316,4.903517723,1.649454713
2026-07-28T16:43:42.238365+00:00,506.773196,open,dark,-15.000,-90.000,5,0,,0.000681818,55.1324,4.896905899,4.903506279,1.649591684
2026-07-28T16:43:42.388754+00:00,506.923583,open,dark,-15.000,-90.000,6,0,,0.000681818,55.0511,4.896898270,4.903496742,1.649327278
2026-07-28T16:43:42.539267+00:00,507.074097,open,dark,-15.000,-90.000,7,0,,0.000681818,54.9730,4.896908283,4.903505325,1.649639964
2026-07-28T16:43:42.689619+00:00,507.224449,open,dark,-15.000,-90.000,8,0,,0.000681818,54.8826,4.896907330,4.903507710,1.649602890
2026-07-28T16:43:42.839976+00:00,507.374807,open,dark,-15.000,-90.000,9,0,,0.000681818,54.7955,4.896902561,4.903515816,1.649470806
2026-07-28T16:43:42.990292+00:00,507.525122,open,dark,-15.000,-90.000,10,0,,0.000681818,54.7178,4.896903992,4.903499603,1.649615526
2026-07-28T16:43:43.140647+00:00,507.675476,open,dark,-15.000,-90.000,11,0,,0.000681818,54.6341,4.896906853,4.903508186,1.649465919
2026-07-28T16:43:43.291086+00:00,507.825915,open,dark,-15.000,-90.000,12,0,,0.000681818,54.5691,4.896915436,4.903526306,1.649638057
2026-07-28T16:43:43.441390+00:00,507.976220,open,dark,-15.000,-90.000,13,0,,0.000681818,54.4949,4.896904945,4.903505802,1.649698853
2026-07-28T16:43:43.591605+00:00,508.126436,open,dark,-15.000,-90.000,14,0,,0.000681818,54.4054,4.896931648,4.903498173,1.649529338
2026-07-28T16:43:43.741913+00:00,508.276744,open,dark,-15.000,-90.000,15,0,,0.000681818,54.3007,4.896906853,4.903489113,1.649459362
2026-07-28T16:43:43.892279+00:00,508.427110,open,dark,-15.000,-90.000,16,0,,0.000681818,54.1778,4.896915436,4.903515339,1.649466872
2026-07-28T16:43:44.042755+00:00,508.577586,open,dark,-15.000,-90.000,17,0,,0.000681818,54.1195,4.896928310,4.903509140,1.649385095
2026-07-28T16:43:44.193154+00:00,508.727986,open,dark,-15.000,-90.000,18,0,,0.000681818,54.0522,4.896921635,4.903501511,1.649579644
2026-07-28T16:43:44.343631+00:00,508.878458,open,dark,-15.000,-90.000,19,0,,0.000681818,53.9757,4.896911621,4.903491974,1.649500608
2026-07-28T16:43:48.537483+00:00,513.072311,open,rgb,-15.000,-90.000,0,700,,0.258465909,53.3714,4.059583664,4.062310219,1.638677597
2026-07-28T16:43:48.687952+00:00,513.222782,open,rgb,-15.000,-90.000,1,700,,0.258636364,53.3835,4.059427261,4.062188148,1.638556004
2026-07-28T16:43:48.838136+00:00,513.372968,open,rgb,-15.000,-90.000,2,700,,0.258551136,53.4077,4.059607506,4.062323570,1.638611197
2026-07-28T16:43:48.988303+00:00,513.523134,open,rgb,-15.000,-90.000,3,700,,0.258607955,53.4228,4.059619427,4.062332630,1.638782978
2026-07-28T16:43:49.138476+00:00,513.673307,open,rgb,-15.000,-90.000,4,700,,0.258693182,53.4348,4.059537888,4.062292576,1.638575554
2026-07-28T16:43:49.288781+00:00,513.823608,open,rgb,-15.000,-90.000,5,700,,0.258750000,53.4560,4.059897900,4.062799454,1.638562560
2026-07-28T16:43:49.439168+00:00,513.973994,open,rgb,-15.000,-90.000,6,700,,0.258579545,53.4560,4.059848309,4.062654495,1.638705134
2026-07-28T16:43:49.589684+00:00,514.124510,open,rgb,-15.000,-90.000,7,700,,0.258380682,53.4802,4.060165405,4.062732220,1.637968063
2026-07-28T16:43:49.740344+00:00,514.275172,open,rgb,-15.000,-90.000,8,700,,0.258664773,53.5105,4.059982300,4.062704563,1.638522267
2026-07-28T16:43:49.890824+00:00,514.425655,open,rgb,-15.000,-90.000,9,700,,0.258693182,53.5347,4.059873581,4.062594891,1.638528109
2026-07-28T16:43:50.041146+00:00,514.575977,open,rgb,-15.000,-90.000,10,700,,0.258494318,53.5619,4.060078144,4.062820911,1.638672948
2026-07-28T16:43:50.191548+00:00,514.726380,open,rgb,-15.000,-90.000,11,700,,0.258465909,53.5831,4.060020447,4.062783241,1.638665318
2026-07-28T16:43:50.342840+00:00,514.877666,open,rgb,-15.000,-90.000,12,700,,0.258522727,53.5953,4.059942245,4.062273979,1.638473511
2026-07-28T16:43:50.493204+00:00,515.028030,open,rgb,-15.000,-90.000,13,700,,0.258522727,53.6256,4.060015202,4.062599182,1.638684630
2026-07-28T16:43:50.643819+00:00,515.178648,open,rgb,-15.000,-90.000,14,700,,0.258494318,53.6529,4.059760094,4.062495708,1.638882637
2026-07-28T16:43:50.794282+00:00,515.329113,open,rgb,-15.000,-90.000,15,700,,0.258664773,53.6742,4.059892654,4.062545300,1.638654113
2026-07-28T16:43:50.944671+00:00,515.479502,open,rgb,-15.000,-90.000,16,700,,0.258409091,53.6954,4.059912682,4.062654972,1.638645887
2026-07-28T16:43:51.095124+00:00,515.629956,open,rgb,-15.000,-90.000,17,700,,0.258607955,53.7076,4.059817314,4.062570572,1.638548851
2026-07-28T16:43:51.245474+00:00,515.780305,open,rgb,-15.000,-90.000,18,700,,0.258551136,53.7349,4.059980392,4.062686443,1.638689041
2026-07-28T16:43:51.395665+00:00,515.930497,open,rgb,-15.000,-90.000,19,700,,0.258494318,53.7593,4.059868813,4.062644482,1.638984442
2026-07-28T16:43:54.076641+00:00,518.611468,open,rgb,-15.000,-75.000,0,700,,0.258863636,54.0277,4.060577869,4.063111305,1.638822556
2026-07-28T16:43:54.227056+00:00,518.761887,open,rgb,-15.000,-75.000,1,700,,0.258778409,54.0491,4.060513496,4.063042641,1.638565779
2026-07-28T16:43:54.377259+00:00,518.912091,open,rgb,-15.000,-75.000,2,700,,0.258778409,54.0675,4.060650826,4.063241005,1.638805032
2026-07-28T16:43:54.527504+00:00,519.062335,open,rgb,-15.000,-75.000,3,700,,0.258664773,54.0828,4.060685158,4.063207150,1.638726830
2026-07-28T16:43:54.677668+00:00,519.212499,open,rgb,-15.000,-75.000,4,700,,0.258693182,54.0889,4.060503006,4.063053131,1.638557434
2026-07-28T16:43:54.827863+00:00,519.362690,open,rgb,-15.000,-75.000,5,700,,0.258920455,54.1134,4.060849190,4.063437939,1.638902426
2026-07-28T16:43:54.978181+00:00,519.513012,open,rgb,-15.000,-75.000,6,700,,0.258778409,54.1165,4.060719490,4.063303471,1.638754010
2026-07-28T16:43:55.128460+00:00,519.663292,open,rgb,-15.000,-75.000,7,700,,0.258835227,54.1349,4.060812473,4.063205719,1.638529897
2026-07-28T16:43:55.278895+00:00,519.813721,open,rgb,-15.000,-75.000,8,700,,0.258835227,54.1563,4.060693264,4.063259125,1.638865590
2026-07-28T16:43:55.429548+00:00,519.964373,open,rgb,-15.000,-75.000,9,700,,0.258636364,54.1655,4.060618877,4.063194275,1.638597965
2026-07-28T16:43:55.579391+00:00,520.114217,open,rgb,-15.000,-75.000,10,700,,0.258863636,54.1840,4.060798645,4.062954903,1.638740778
2026-07-28T16:43:55.729968+00:00,520.264793,open,rgb,-15.000,-75.000,11,700,,0.258948864,54.1962,4.060719490,4.063264370,1.638751745
2026-07-28T16:43:55.880526+00:00,520.415357,open,rgb,-15.000,-75.000,12,700,,0.258806818,54.2024,4.060626984,4.063163757,1.638555765
2026-07-28T16:43:56.030858+00:00,520.565689,open,rgb,-15.000,-75.000,13,700,,0.258806818,54.2208,4.060776711,4.063353539,1.638791561
2026-07-28T16:43:56.181178+00:00,520.716009,open,rgb,-15.000,-75.000,14,700,,0.258806818,54.2269,4.060691357,4.063236713,1.638767600
2026-07-28T16:43:56.331642+00:00,520.866471,open,rgb,-15.000,-75.000,15,700,,0.258806818,54.2454,4.060731888,4.063187122,1.638745666
2026-07-28T16:43:56.482197+00:00,521.017026,open,rgb,-15.000,-75.000,16,700,,0.258778409,54.2607,4.060697079,4.063210011,1.638939500
2026-07-28T16:43:56.632630+00:00,521.167460,open,rgb,-15.000,-75.000,17,700,,0.258693182,54.2700,4.060668945,4.063250065,1.638718605
2026-07-28T16:43:56.782819+00:00,521.317651,open,rgb,-15.000,-75.000,18,700,,0.258835227,54.2823,4.060806751,4.063343048,1.638842583
2026-07-28T16:43:56.932934+00:00,521.467765,open,rgb,-15.000,-75.000,19,700,,0.258863636,54.2853,4.060813904,4.063362598,1.638823032
2026-07-28T16:43:59.614602+00:00,524.149430,open,rgb,-15.000,-60.000,0,700,,0.258806818,54.4610,4.062266827,4.064546585,1.638692737
2026-07-28T16:43:59.764917+00:00,524.299748,open,rgb,-15.000,-60.000,1,700,,0.258750000,54.4702,4.062283039,4.064548492,1.638468862
2026-07-28T16:43:59.915209+00:00,524.450040,open,rgb,-15.000,-60.000,2,700,,0.258835227,54.4795,4.062479973,4.064707756,1.638668537
2026-07-28T16:44:00.065648+00:00,524.600477,open,rgb,-15.000,-60.000,3,700,,0.258806818,54.4764,4.062311172,4.064621925,1.638842106
2026-07-28T16:44:00.216090+00:00,524.750921,open,rgb,-15.000,-60.000,4,700,,0.258750000,54.4363,4.062380791,4.064541817,1.638624787
2026-07-28T16:44:00.366558+00:00,524.901389,open,rgb,-15.000,-60.000,5,700,,0.258778409,54.4517,4.062562943,4.064853668,1.638720989
2026-07-28T16:44:00.517135+00:00,525.051961,open,rgb,-15.000,-60.000,6,700,,0.258607955,54.4579,4.062228680,4.064534187,1.638654351
2026-07-28T16:44:00.667940+00:00,525.202767,open,rgb,-15.000,-60.000,7,700,,0.258835227,54.4764,4.062251091,4.064479351,1.638087988
2026-07-28T16:44:00.818827+00:00,525.353653,open,rgb,-15.000,-60.000,8,700,,0.258863636,54.4918,4.062241554,4.064542770,1.638624787
2026-07-28T16:44:00.969365+00:00,525.504194,open,rgb,-15.000,-60.000,9,700,,0.258721591,54.5011,4.062104702,4.064352512,1.638387561
2026-07-28T16:44:01.119961+00:00,525.654791,open,rgb,-15.000,-60.000,10,700,,0.258806818,54.5196,4.062250137,4.064516068,1.638729334
2026-07-28T16:44:01.270319+00:00,525.805145,open,rgb,-15.000,-60.000,11,700,,0.258835227,54.5320,4.062124252,4.064425945,1.638944864
2026-07-28T16:44:01.420825+00:00,525.955654,open,rgb,-15.000,-60.000,12,700,,0.258806818,54.5444,4.062186718,4.064356327,1.638650179
2026-07-28T16:44:01.571179+00:00,526.106010,open,rgb,-15.000,-60.000,13,700,,0.258806818,54.5598,4.062206745,4.064421177,1.638824344
2026-07-28T16:44:01.721529+00:00,526.256361,open,rgb,-15.000,-60.000,14,700,,0.258835227,54.5660,4.062214375,4.064487934,1.638659716
2026-07-28T16:44:01.871974+00:00,526.406807,open,rgb,-15.000,-60.000,15,700,,0.258806818,54.5815,4.062336922,4.064530373,1.638581634
2026-07-28T16:44:02.022283+00:00,526.557112,open,rgb,-15.000,-60.000,16,700,,0.258977273,54.6062,4.062186241,4.064430714,1.638978839
2026-07-28T16:44:02.172694+00:00,526.707525,open,rgb,-15.000,-60.000,17,700,,0.258778409,54.6155,4.062167645,4.064403057,1.638729334
2026-07-28T16:44:02.323137+00:00,526.857965,open,rgb,-15.000,-60.000,18,700,,0.258863636,54.6248,4.062284470,4.064576626,1.638747692
2026-07-28T16:44:02.473454+00:00,527.008284,open,rgb,-15.000,-60.000,19,700,,0.258778409,54.6279,4.062216759,4.064472675,1.638928294
2026-07-28T16:44:05.155072+00:00,529.689898,open,rgb,-15.000,-45.000,0,700,,0.258835227,54.7178,4.061626434,4.063918114,1.638813496
2026-07-28T16:44:05.305458+00:00,529.840288,open,rgb,-15.000,-45.000,1,700,,0.258835227,54.7147,4.061554909,4.063900471,1.638580441
2026-07-28T16:44:05.455916+00:00,529.990746,open,rgb,-15.000,-45.000,2,700,,0.258863636,54.7240,4.061720848,4.064033508,1.638765693
2026-07-28T16:44:05.606400+00:00,530.141228,open,rgb,-15.000,-45.000,3,700,,0.258693182,54.7178,4.061308384,4.063667774,1.638948798
2026-07-28T16:44:05.756705+00:00,530.291536,open,rgb,-15.000,-45.000,4,700,,0.258920455,54.7427,4.061375618,4.063598156,1.638748407
2026-07-28T16:44:05.907385+00:00,530.442209,open,rgb,-15.000,-45.000,5,700,,0.258948864,54.7489,4.061734200,4.064106464,1.638733029
2026-07-28T16:44:06.057982+00:00,530.592810,open,rgb,-15.000,-45.000,6,700,,0.258721591,54.7489,4.061339378,4.063736916,1.638790369
2026-07-28T16:44:06.208379+00:00,530.743210,open,rgb,-15.000,-45.000,7,700,,0.258948864,54.7613,4.061521530,4.063905716,1.638673425
2026-07-28T16:44:06.358666+00:00,530.893493,open,rgb,-15.000,-45.000,8,700,,0.258892045,54.7675,4.061419487,4.063796520,1.638903379
2026-07-28T16:44:06.508944+00:00,531.043774,open,rgb,-15.000,-45.000,9,700,,0.258863636,54.7706,4.061400414,4.063800812,1.638640761
2026-07-28T16:44:06.659269+00:00,531.194100,open,rgb,-15.000,-45.000,10,700,,0.258835227,54.7862,4.061528206,4.063921452,1.638740540
2026-07-28T16:44:06.809487+00:00,531.344319,open,rgb,-15.000,-45.000,11,700,,0.258835227,54.7955,4.061476231,4.063874245,1.638812542
2026-07-28T16:44:06.959590+00:00,531.494422,open,rgb,-15.000,-45.000,12,700,,0.258892045,54.8079,4.061563969,4.063815117,1.638550162
2026-07-28T16:44:07.109789+00:00,531.644619,open,rgb,-15.000,-45.000,13,700,,0.258863636,54.8266,4.061484337,4.063908577,1.638725400
2026-07-28T16:44:07.260077+00:00,531.794903,open,rgb,-15.000,-45.000,14,700,,0.258863636,54.8297,4.061574459,4.063877106,1.638623357
2026-07-28T16:44:07.410468+00:00,531.945299,open,rgb,-15.000,-45.000,15,700,,0.258892045,54.8452,4.061651707,4.063988209,1.638611674
2026-07-28T16:44:07.560659+00:00,532.095490,open,rgb,-15.000,-45.000,16,700,,0.258863636,54.8608,4.061509132,4.064112663,1.638836741
2026-07-28T16:44:07.710968+00:00,532.245796,open,rgb,-15.000,-45.000,17,700,,0.258778409,54.8577,4.061339855,4.063785553,1.638588905
2026-07-28T16:44:07.861274+00:00,532.396102,open,rgb,-15.000,-45.000,18,700,,0.258863636,54.8826,4.061480045,4.063890457,1.638831139
2026-07-28T16:44:08.011530+00:00,532.546361,open,rgb,-15.000,-45.000,19,700,,0.258835227,54.8857,4.061415195,4.063821793,1.638885379
2026-07-28T16:44:10.693032+00:00,535.227858,open,rgb,-15.000,-30.000,0,700,,0.258948864,55.0073,4.061401367,4.063920975,1.638921976
2026-07-28T16:44:10.843541+00:00,535.378369,open,rgb,-15.000,-30.000,1,700,,0.258835227,55.0073,4.061308384,4.063769341,1.638706923
2026-07-28T16:44:10.993831+00:00,535.528657,open,rgb,-15.000,-30.000,2,700,,0.258920455,55.0167,4.061655521,4.064043045,1.638882399
2026-07-28T16:44:11.143971+00:00,535.678796,open,rgb,-15.000,-30.000,3,700,,0.258835227,55.0167,4.061315060,4.063722134,1.639014959
2026-07-28T16:44:11.294351+00:00,535.829181,open,rgb,-15.000,-30.000,4,700,,0.258892045,55.0292,4.061483383,4.063686848,1.638931274
2026-07-28T16:44:11.444605+00:00,535.979434,open,rgb,-15.000,-30.000,5,700,,0.258948864,55.0292,4.061623573,4.064074039,1.638979077
2026-07-28T16:44:11.594969+00:00,536.129799,open,rgb,-15.000,-30.000,6,700,,0.258863636,55.0167,4.061407566,4.063885689,1.638805747
2026-07-28T16:44:11.745454+00:00,536.280284,open,rgb,-15.000,-30.000,7,700,,0.258863636,55.0073,4.061546803,4.064002514,1.638847470
2026-07-28T16:44:11.895812+00:00,536.430644,open,rgb,-15.000,-30.000,8,700,,0.258863636,55.0104,4.061490059,4.063972473,1.638907313
2026-07-28T16:44:12.046187+00:00,536.581018,open,rgb,-15.000,-30.000,9,700,,0.258863636,55.0073,4.061516762,4.063919067,1.638694167
2026-07-28T16:44:12.196707+00:00,536.731538,open,rgb,-15.000,-30.000,10,700,,0.258892045,55.0198,4.061564445,4.064063072,1.638811827
2026-07-28T16:44:12.346980+00:00,536.881808,open,rgb,-15.000,-30.000,11,700,,0.258863636,55.0229,4.061488628,4.063959599,1.638805270
2026-07-28T16:44:12.497501+00:00,537.032332,open,rgb,-15.000,-30.000,12,700,,0.258863636,55.0261,4.061663628,4.063905716,1.638772249
2026-07-28T16:44:12.647943+00:00,537.182775,open,rgb,-15.000,-30.000,13,700,,0.258892045,55.0229,4.061567783,4.064014912,1.638871193
2026-07-28T16:44:12.798318+00:00,537.333150,open,rgb,-15.000,-30.000,14,700,,0.258863636,55.0042,4.061556816,4.064018250,1.638588667
2026-07-28T16:44:12.948740+00:00,537.483570,open,rgb,-15.000,-30.000,15,700,,0.258863636,54.9886,4.061580658,4.064065456,1.638737917
2026-07-28T16:44:13.099216+00:00,537.634047,open,rgb,-15.000,-30.000,16,700,,0.258863636,54.9169,4.061483860,4.063944817,1.638854861
2026-07-28T16:44:13.249712+00:00,537.784536,open,rgb,-15.000,-30.000,17,700,,0.258892045,54.8359,4.061480045,4.063868523,1.638693452
2026-07-28T16:44:13.400193+00:00,537.935023,open,rgb,-15.000,-30.000,18,700,,0.258920455,54.8110,4.061546803,4.063995838,1.638836980
2026-07-28T16:44:13.550716+00:00,538.085546,open,rgb,-15.000,-30.000,19,700,,0.258892045,54.8235,4.061519623,4.063976765,1.638878703
2026-07-28T16:44:16.232162+00:00,540.766989,open,rgb,-15.000,-15.000,0,700,,0.258835227,55.1324,4.061639309,4.064191818,1.639119506
2026-07-28T16:44:16.381957+00:00,540.916782,open,rgb,-15.000,-15.000,1,700,,0.258948864,55.1355,4.061589241,4.064136982,1.638901472
2026-07-28T16:44:16.532539+00:00,541.067367,open,rgb,-15.000,-15.000,2,700,,0.258948864,55.1418,4.061808109,4.064256668,1.638867974
2026-07-28T16:44:16.682891+00:00,541.217722,open,rgb,-15.000,-15.000,3,700,,0.258835227,55.1418,4.061640739,4.064222813,1.638859749
2026-07-28T16:44:16.833185+00:00,541.368015,open,rgb,-15.000,-15.000,4,700,,0.258948864,55.1449,4.061828136,4.064235210,1.638828993
2026-07-28T16:44:16.983620+00:00,541.518451,open,rgb,-15.000,-15.000,5,700,,0.258863636,55.1449,4.062034607,4.064518929,1.638769150
2026-07-28T16:44:17.133992+00:00,541.668823,open,rgb,-15.000,-15.000,6,700,,0.258778409,55.1418,4.062005043,4.064508915,1.638576508
2026-07-28T16:44:17.284414+00:00,541.819242,open,rgb,-15.000,-15.000,7,700,,0.258806818,55.1167,4.062102318,4.064667702,1.638664126
2026-07-28T16:44:17.434842+00:00,541.969673,open,rgb,-15.000,-15.000,8,700,,0.258721591,55.0980,4.061967373,4.064560413,1.638841867
2026-07-28T16:44:17.585218+00:00,542.120049,open,rgb,-15.000,-15.000,9,700,,0.258778409,55.0792,4.061936378,4.064468384,1.638573527
2026-07-28T16:44:17.735610+00:00,542.270442,open,rgb,-15.000,-15.000,10,700,,0.258806818,55.0917,4.062063217,4.064589024,1.638768196
2026-07-28T16:44:17.885942+00:00,542.420774,open,rgb,-15.000,-15.000,11,700,,0.258835227,55.0854,4.062037945,4.064562798,1.638806701
2026-07-28T16:44:18.036253+00:00,542.571085,open,rgb,-15.000,-15.000,12,700,,0.258835227,55.0980,4.062127113,4.064564228,1.638641477
2026-07-28T16:44:18.186486+00:00,542.721319,open,rgb,-15.000,-15.000,13,700,,0.258806818,55.1042,4.062058449,4.064601898,1.638888478
2026-07-28T16:44:18.336756+00:00,542.871586,open,rgb,-15.000,-15.000,14,700,,0.258664773,55.0980,4.062071800,4.064542770,1.638603568
2026-07-28T16:44:18.487196+00:00,543.022027,open,rgb,-15.000,-15.000,15,700,,0.258863636,55.1073,4.062128544,4.064724922,1.638706923
2026-07-28T16:44:18.637523+00:00,543.172355,open,rgb,-15.000,-15.000,16,700,,0.258778409,55.1136,4.062038422,4.064537048,1.638943672
2026-07-28T16:44:18.787843+00:00,543.322676,open,rgb,-15.000,-15.000,17,700,,0.258778409,55.1261,4.061893463,4.064494133,1.638784766
2026-07-28T16:44:18.938157+00:00,543.472989,open,rgb,-15.000,-15.000,18,700,,0.258778409,55.1480,4.062071800,4.064593792,1.638880491
2026-07-28T16:44:19.088472+00:00,543.623304,open,rgb,-15.000,-15.000,19,700,,0.258835227,55.1480,4.062114239,4.064585686,1.638822079
2026-07-28T16:44:21.770253+00:00,546.305080,open,rgb,-15.000,0.000,0,700,,0.258863636,55.2138,4.062139988,4.064288616,1.638865829
2026-07-28T16:44:21.920841+00:00,546.455671,open,rgb,-15.000,0.000,1,700,,0.258835227,55.2233,4.062004089,4.064101696,1.638657093
2026-07-28T16:44:22.071201+00:00,546.606031,open,rgb,-15.000,0.000,2,700,,0.258948864,55.2484,4.062052250,4.064241409,1.639039874
2026-07-28T16:44:22.221820+00:00,546.756646,open,rgb,-15.000,0.000,3,700,,0.258806818,55.2546,4.062051773,4.064270020,1.638789177
2026-07-28T16:44:22.372191+00:00,546.907022,open,rgb,-15.000,0.000,4,700,,0.258892045,55.2703,4.062238693,4.064235210,1.638680696
2026-07-28T16:44:22.522390+00:00,547.057220,open,rgb,-15.000,0.000,5,700,,0.258892045,55.2986,4.062229156,4.064353943,1.639034748
2026-07-28T16:44:22.672613+00:00,547.207444,open,rgb,-15.000,0.000,6,700,,0.258835227,55.2986,4.061997890,4.064162731,1.638862848
2026-07-28T16:44:22.822857+00:00,547.357689,open,rgb,-15.000,0.000,7,700,,0.258892045,55.3080,4.062088966,4.064292431,1.638906837
2026-07-28T16:44:22.973018+00:00,547.507850,open,rgb,-15.000,0.000,8,700,,0.258863636,55.3143,4.061979294,4.064176559,1.639103055
2026-07-28T16:44:23.123230+00:00,547.658061,open,rgb,-15.000,0.000,9,700,,0.258863636,55.3269,4.062136650,4.064231396,1.638744473
2026-07-28T16:44:23.273387+00:00,547.808220,open,rgb,-15.000,0.000,10,700,,0.258863636,55.3394,4.062214375,4.064358711,1.638820648
2026-07-28T16:44:23.423572+00:00,547.958403,open,rgb,-15.000,0.000,11,700,,0.258835227,55.3489,4.062004566,4.064244270,1.638870001
2026-07-28T16:44:23.573800+00:00,548.108628,open,rgb,-15.000,0.000,12,700,,0.258863636,55.3678,4.062157631,4.064337254,1.638912916
2026-07-28T16:44:23.724110+00:00,548.258941,open,rgb,-15.000,0.000,13,700,,0.258892045,55.3803,4.062170982,4.064403057,1.638929248
2026-07-28T16:44:23.874300+00:00,548.409132,open,rgb,-15.000,0.000,14,700,,0.258863636,55.3835,4.062103271,4.064267159,1.638734937
2026-07-28T16:44:24.024448+00:00,548.559279,open,rgb,-15.000,0.000,15,700,,0.258892045,55.3961,4.062149048,4.064350128,1.638865590
2026-07-28T16:44:24.174644+00:00,548.709476,open,rgb,-15.000,0.000,16,700,,0.258920455,55.3961,4.062203884,4.064338207,1.638950467
2026-07-28T16:44:24.324775+00:00,548.859608,open,rgb,-15.000,0.000,17,700,,0.258778409,55.3961,4.062180996,4.064231873,1.638764262
2026-07-28T16:44:24.475048+00:00,549.009878,open,rgb,-15.000,0.000,18,700,,0.258863636,55.3992,4.062232018,4.064381123,1.638889432
2026-07-28T16:44:24.625243+00:00,549.160075,open,rgb,-15.000,0.000,19,700,,0.258892045,55.3929,4.062122822,4.064269066,1.638818383
2026-07-28T16:44:27.306579+00:00,551.841406,open,rgb,-15.000,15.000,0,700,,0.258806818,55.4118,4.061273575,4.063739300,1.639587522
2026-07-28T16:44:27.457127+00:00,551.991954,open,rgb,-15.000,15.000,1,700,,0.258863636,55.4244,4.061360836,4.063621044,1.639380455
2026-07-28T16:44:27.607650+00:00,552.142481,open,rgb,-15.000,15.000,2,700,,0.258863636,55.4402,4.061285973,4.063776970,1.639576435
2026-07-28T16:44:27.757996+00:00,552.292828,open,rgb,-15.000,15.000,3,700,,0.258806818,55.4433,4.061268806,4.063708782,1.639384389
2026-07-28T16:44:27.908354+00:00,552.443183,open,rgb,-15.000,15.000,4,700,,0.258863636,55.4559,4.061388969,4.063815594,1.639356732
2026-07-28T16:44:28.058727+00:00,552.593558,open,rgb,-15.000,15.000,5,700,,0.258863636,55.4654,4.061429977,4.063945293,1.639513731
2026-07-28T16:44:28.209043+00:00,552.743875,open,rgb,-15.000,15.000,6,700,,0.258806818,55.4654,4.061314106,4.063756943,1.639342308
2026-07-28T16:44:28.359339+00:00,552.894171,open,rgb,-15.000,15.000,7,700,,0.258892045,55.4717,4.061515808,4.063948631,1.639299393
2026-07-28T16:44:28.509664+00:00,553.044494,open,rgb,-15.000,15.000,8,700,,0.258778409,55.4685,4.061349869,4.063781261,1.639412403
2026-07-28T16:44:28.660025+00:00,553.194856,open,rgb,-15.000,15.000,9,700,,0.258920455,55.4811,4.061379910,4.063678265,1.639320612
2026-07-28T16:44:28.810290+00:00,553.345121,open,rgb,-15.000,15.000,10,700,,0.258863636,55.4969,4.061377525,4.063831329,1.639528871
2026-07-28T16:44:28.960573+00:00,553.495404,open,rgb,-15.000,15.000,11,700,,0.258863636,55.5032,4.061250687,4.063795090,1.639425635
2026-07-28T16:44:29.111086+00:00,553.645917,open,rgb,-15.000,15.000,12,700,,0.258863636,55.5190,4.061377525,4.063837528,1.639447570
2026-07-28T16:44:29.261375+00:00,553.796207,open,rgb,-15.000,15.000,13,700,,0.258863636,55.5253,4.061364174,4.063803673,1.639556527
2026-07-28T16:44:29.411667+00:00,553.946499,open,rgb,-15.000,15.000,14,700,,0.258778409,55.5316,4.061277390,4.063816071,1.639290333
2026-07-28T16:44:29.562006+00:00,554.096835,open,rgb,-15.000,15.000,15,700,,0.258806818,55.5379,4.061376572,4.063850880,1.639371872
2026-07-28T16:44:29.712348+00:00,554.247179,open,rgb,-15.000,15.000,16,700,,0.258806818,55.5411,4.061308861,4.063791752,1.639494419
2026-07-28T16:44:29.862663+00:00,554.397496,open,rgb,-15.000,15.000,17,700,,0.258835227,55.5506,4.061410904,4.063785553,1.639366746
2026-07-28T16:44:30.012968+00:00,554.547800,open,rgb,-15.000,15.000,18,700,,0.258948864,55.5632,4.061448574,4.063939095,1.639414430
2026-07-28T16:44:30.163265+00:00,554.698096,open,rgb,-15.000,15.000,19,700,,0.258778409,55.5601,4.061312199,4.063826084,1.639253497
2026-07-28T16:44:32.844781+00:00,557.379609,open,rgb,-15.000,30.000,0,700,,0.258721591,55.4559,4.061373711,4.064007759,1.639876246
2026-07-28T16:44:32.995203+00:00,557.530034,open,rgb,-15.000,30.000,1,700,,0.258892045,55.4685,4.061521053,4.063802242,1.639678001
2026-07-28T16:44:33.145566+00:00,557.680396,open,rgb,-15.000,30.000,2,700,,0.258863636,55.4843,4.061295986,4.063913822,1.640000820
2026-07-28T16:44:33.295964+00:00,557.830796,open,rgb,-15.000,30.000,3,700,,0.258835227,55.4969,4.061197281,4.063859940,1.639933467
2026-07-28T16:44:33.446314+00:00,557.981145,open,rgb,-15.000,30.000,4,700,,0.258863636,55.5127,4.061348438,4.063976288,1.640029907
2026-07-28T16:44:33.596510+00:00,558.131342,open,rgb,-15.000,30.000,5,700,,0.258892045,55.5285,4.061520576,4.064186096,1.639920712
2026-07-28T16:44:33.746696+00:00,558.281527,open,rgb,-15.000,30.000,6,700,,0.258778409,55.5316,4.061347961,4.063992023,1.639812827
2026-07-28T16:44:33.896930+00:00,558.431761,open,rgb,-15.000,30.000,7,700,,0.258863636,55.5379,4.061475277,4.064082146,1.639843822
2026-07-28T16:44:34.047070+00:00,558.581902,open,rgb,-15.000,30.000,8,700,,0.258863636,55.5285,4.061310768,4.063951969,1.640027404
2026-07-28T16:44:34.197210+00:00,558.732040,open,rgb,-15.000,30.000,9,700,,0.258863636,55.5348,4.061409950,4.063930035,1.639915586
2026-07-28T16:44:34.347523+00:00,558.882353,open,rgb,-15.000,30.000,10,700,,0.258835227,55.5316,4.061699390,4.064297676,1.639959097
2026-07-28T16:44:34.497671+00:00,559.032502,open,rgb,-15.000,30.000,11,700,,0.258806818,55.5127,4.061588764,4.064167976,1.639804006
2026-07-28T16:44:34.647838+00:00,559.182671,open,rgb,-15.000,30.000,12,700,,0.258806818,55.5411,4.061661720,4.064267159,1.639806986
2026-07-28T16:44:34.797956+00:00,559.332787,open,rgb,-15.000,30.000,13,700,,0.258806818,55.5664,4.061594963,4.064224243,1.640052080
2026-07-28T16:44:34.948106+00:00,559.482938,open,rgb,-15.000,30.000,14,700,,0.258806818,55.5632,4.061527729,4.064160347,1.639803767
2026-07-28T16:44:35.098208+00:00,559.633039,open,rgb,-15.000,30.000,15,700,,0.258778409,55.5822,4.061699867,4.064282417,1.639926791
2026-07-28T16:44:35.248349+00:00,559.783181,open,rgb,-15.000,30.000,16,700,,0.258721591,55.5917,4.061642170,4.064232826,1.639990091
2026-07-28T16:44:35.398692+00:00,559.933520,open,rgb,-15.000,30.000,17,700,,0.258778409,55.6264,4.061507225,4.063948154,1.639917850
2026-07-28T16:44:35.549251+00:00,560.084078,open,rgb,-15.000,30.000,18,700,,0.258948864,55.6423,4.061399937,4.063999176,1.640122175
2026-07-28T16:44:35.699719+00:00,560.234549,open,rgb,-15.000,30.000,19,700,,0.258835227,55.6518,4.061338425,4.063964367,1.639865279
2026-07-28T16:44:38.381264+00:00,562.916092,open,rgb,-15.000,45.000,0,700,,0.258721591,55.7056,4.062847614,4.064359665,1.639332294
2026-07-28T16:44:38.531780+00:00,563.066610,open,rgb,-15.000,45.000,1,700,,0.258863636,55.6138,4.062924385,4.064297199,1.639228106
2026-07-28T16:44:38.682147+00:00,563.216977,open,rgb,-15.000,45.000,2,700,,0.258892045,55.6075,4.062836647,4.064353466,1.639300346
2026-07-28T16:44:38.832631+00:00,563.367461,open,rgb,-15.000,45.000,3,700,,0.258693182,55.5948,4.062837124,4.064355373,1.639102101
2026-07-28T16:44:38.982896+00:00,563.517727,open,rgb,-15.000,45.000,4,700,,0.258863636,55.5190,4.062909126,4.064469814,1.639278412
2026-07-28T16:44:39.133030+00:00,563.667862,open,rgb,-15.000,45.000,5,700,,0.258778409,55.4938,4.063135147,4.064656258,1.639117241
2026-07-28T16:44:39.283144+00:00,563.817976,open,rgb,-15.000,45.000,6,700,,0.258750000,55.4811,4.062755585,4.064342499,1.638945937
2026-07-28T16:44:39.433344+00:00,563.968175,open,rgb,-15.000,45.000,7,700,,0.258863636,55.4780,4.062862873,4.064394951,1.639397740
2026-07-28T16:44:39.583743+00:00,564.118574,open,rgb,-15.000,45.000,8,700,,0.258778409,55.4213,4.062812805,4.064403057,1.639366269
2026-07-28T16:44:39.734034+00:00,564.268867,open,rgb,-15.000,45.000,9,700,,0.258806818,55.3929,4.062997818,4.064410210,1.639186144
2026-07-28T16:44:39.884349+00:00,564.419181,open,rgb,-15.000,45.000,10,700,,0.258892045,55.3961,4.062772751,4.064352512,1.639619231
2026-07-28T16:44:40.034597+00:00,564.569428,open,rgb,-15.000,45.000,11,700,,0.258835227,55.4087,4.062817574,4.064331532,1.639262795
2026-07-28T16:44:40.184768+00:00,564.719597,open,rgb,-15.000,45.000,12,700,,0.258778409,55.4654,4.062919617,4.064238071,1.639366269
2026-07-28T16:44:40.335139+00:00,564.869968,open,rgb,-15.000,45.000,13,700,,0.258835227,55.5159,4.062667370,4.064220428,1.639523029
2026-07-28T16:44:40.485392+00:00,565.020222,open,rgb,-15.000,45.000,14,700,,0.258863636,55.5601,4.062637329,4.064131737,1.639255643
2026-07-28T16:44:40.635701+00:00,565.170529,open,rgb,-15.000,45.000,15,700,,0.258835227,55.5853,4.062675953,4.064210892,1.639415145
2026-07-28T16:44:40.786000+00:00,565.320831,open,rgb,-15.000,45.000,16,700,,0.258863636,55.5885,4.062692165,4.064202785,1.639328241
2026-07-28T16:44:40.936185+00:00,565.471015,open,rgb,-15.000,45.000,17,700,,0.258835227,55.6106,4.062870026,4.064272404,1.639109015
2026-07-28T16:44:41.086379+00:00,565.621206,open,rgb,-15.000,45.000,18,700,,0.258863636,55.6454,4.062698841,4.064158440,1.639406085
2026-07-28T16:44:41.236620+00:00,565.771451,open,rgb,-15.000,45.000,19,700,,0.258806818,55.6612,4.062693596,4.064217091,1.639129996
2026-07-28T16:44:43.918139+00:00,568.452967,open,rgb,-15.000,60.000,0,700,,0.258778409,55.8198,4.062994480,4.064235210,1.639008403
2026-07-28T16:44:44.068851+00:00,568.603679,open,rgb,-15.000,60.000,1,700,,0.258948864,55.8198,4.063166142,4.064373493,1.638939261
2026-07-28T16:44:44.219342+00:00,568.754171,open,rgb,-15.000,60.000,2,700,,0.258920455,55.8262,4.063051224,4.064280510,1.639045954
2026-07-28T16:44:44.369561+00:00,568.904392,open,rgb,-15.000,60.000,3,700,,0.258835227,55.8357,4.063054085,4.064218998,1.638845563
2026-07-28T16:44:44.519956+00:00,569.054786,open,rgb,-15.000,60.000,4,700,,0.258892045,55.8516,4.063113213,4.064323902,1.639092565
2026-07-28T16:44:44.670213+00:00,569.205044,open,rgb,-15.000,60.000,5,700,,0.258806818,55.8579,4.063268661,4.064423561,1.639102817
2026-07-28T16:44:44.820425+00:00,569.355256,open,rgb,-15.000,60.000,6,700,,0.258920455,55.8738,4.063062668,4.064161301,1.638964891
2026-07-28T16:44:44.970579+00:00,569.505409,open,rgb,-15.000,60.000,7,700,,0.258920455,55.8897,4.063107967,4.064278603,1.639082313
2026-07-28T16:44:45.120861+00:00,569.655691,open,rgb,-15.000,60.000,8,700,,0.258892045,55.8993,4.063023567,4.064205170,1.639041305
2026-07-28T16:44:45.271104+00:00,569.805936,open,rgb,-15.000,60.000,9,700,,0.258835227,55.9152,4.063123703,4.064306259,1.639083862
2026-07-28T16:44:45.421264+00:00,569.956097,open,rgb,-15.000,60.000,10,700,,0.258920455,55.9247,4.063112259,4.064320087,1.639226198
2026-07-28T16:44:45.571511+00:00,570.106338,open,rgb,-15.000,60.000,11,700,,0.258892045,55.9056,4.062944889,4.064213276,1.639053583
2026-07-28T16:44:45.721841+00:00,570.256669,open,rgb,-15.000,60.000,12,700,,0.258892045,55.8675,4.063184261,4.064367294,1.638997674
2026-07-28T16:44:45.872095+00:00,570.406927,open,rgb,-15.000,60.000,13,700,,0.258806818,55.8262,4.063013077,4.064252853,1.639269590
2026-07-28T16:44:46.022357+00:00,570.557187,open,rgb,-15.000,60.000,14,700,,0.258835227,55.8198,4.063057899,4.064218521,1.639012814
2026-07-28T16:44:46.172654+00:00,570.707486,open,rgb,-15.000,60.000,15,700,,0.258948864,55.8230,4.063071728,4.064334869,1.639199018
2026-07-28T16:44:46.323219+00:00,570.858048,open,rgb,-15.000,60.000,16,700,,0.258835227,55.8039,4.063181400,4.064329147,1.639021516
2026-07-28T16:44:46.473664+00:00,571.008494,open,rgb,-15.000,60.000,17,700,,0.258835227,55.7436,4.063266754,4.064397335,1.638909936
2026-07-28T16:44:46.624078+00:00,571.158909,open,rgb,-15.000,60.000,18,700,,0.258835227,55.7309,4.063235283,4.064422131,1.639009595
2026-07-28T16:44:46.774411+00:00,571.309244,open,rgb,-15.000,60.000,19,700,,0.258863636,55.7436,4.063025475,4.064219475,1.638804317
2026-07-28T16:44:49.455627+00:00,573.990454,open,rgb,-15.000,75.000,0,700,,0.258892045,56.0108,4.063539505,4.065233231,1.638908982
2026-07-28T16:44:49.606177+00:00,574.141008,open,rgb,-15.000,75.000,1,700,,0.258863636,56.0267,4.063674927,4.065398693,1.638931990
2026-07-28T16:44:49.756558+00:00,574.291389,open,rgb,-15.000,75.000,2,700,,0.258892045,56.0331,4.063617706,4.065318584,1.639082789
2026-07-28T16:44:49.906844+00:00,574.441675,open,rgb,-15.000,75.000,3,700,,0.258863636,56.0331,4.063548565,4.065265656,1.638775945
2026-07-28T16:44:50.057162+00:00,574.591992,open,rgb,-15.000,75.000,4,700,,0.258892045,56.0427,4.063692570,4.065431118,1.638854384
2026-07-28T16:44:50.207549+00:00,574.742381,open,rgb,-15.000,75.000,5,700,,0.258806818,56.0459,4.063744068,4.065510750,1.639011025
2026-07-28T16:44:50.357931+00:00,574.892762,open,rgb,-15.000,75.000,6,700,,0.258806818,56.0618,4.063726425,4.065377712,1.638896346
2026-07-28T16:44:50.508258+00:00,575.043089,open,rgb,-15.000,75.000,7,700,,0.258920455,56.0746,4.063757896,4.065466881,1.638835549
2026-07-28T16:44:50.658675+00:00,575.193503,open,rgb,-15.000,75.000,8,700,,0.258806818,56.0714,4.063592434,4.065310001,1.638793588
2026-07-28T16:44:50.808945+00:00,575.343775,open,rgb,-15.000,75.000,9,700,,0.258806818,56.0810,4.063761711,4.065476894,1.638893127
2026-07-28T16:44:50.959284+00:00,575.494115,open,rgb,-15.000,75.000,10,700,,0.258892045,56.0810,4.063648701,4.065394878,1.639003754
2026-07-28T16:44:51.109698+00:00,575.644527,open,rgb,-15.000,75.000,11,700,,0.258892045,56.0810,4.063580513,4.065382004,1.638818145
2026-07-28T16:44:51.259968+00:00,575.794799,open,rgb,-15.000,75.000,12,700,,0.258863636,56.0906,4.063733101,4.065492630,1.638855338
2026-07-28T16:44:51.410219+00:00,575.945052,open,rgb,-15.000,75.000,13,700,,0.258863636,56.0938,4.063594818,4.065381050,1.639144897
2026-07-28T16:44:51.560410+00:00,576.095241,open,rgb,-15.000,75.000,14,700,,0.258892045,56.1097,4.063775063,4.065313816,1.638835788
2026-07-28T16:44:51.710603+00:00,576.245435,open,rgb,-15.000,75.000,15,700,,0.258920455,56.1257,4.063664436,4.065437794,1.639062524
2026-07-28T16:44:51.860697+00:00,576.395529,open,rgb,-15.000,75.000,16,700,,0.258920455,56.1257,4.063621044,4.065392971,1.638950706
2026-07-28T16:44:52.010880+00:00,576.545711,open,rgb,-15.000,75.000,17,700,,0.258892045,56.1385,4.063792229,4.065534592,1.638943195
2026-07-28T16:44:52.160996+00:00,576.695827,open,rgb,-15.000,75.000,18,700,,0.258892045,56.1513,4.063760757,4.065505028,1.639036417
2026-07-28T16:44:52.311146+00:00,576.845978,open,rgb,-15.000,75.000,19,700,,0.258835227,56.1481,4.063882828,4.065638065,1.638692498
2026-07-28T16:44:54.992446+00:00,579.527274,open,rgb,-15.000,90.000,0,700,,0.258863636,56.2185,4.064168453,4.065934658,1.638816714
2026-07-28T16:44:55.142874+00:00,579.677703,open,rgb,-15.000,90.000,1,700,,0.258835227,56.2314,4.064275742,4.066040993,1.638904095
2026-07-28T16:44:55.293886+00:00,579.828713,open,rgb,-15.000,90.000,2,700,,0.258778409,56.2410,4.064177036,4.065972328,1.639111876
2026-07-28T16:44:55.444287+00:00,579.979119,open,rgb,-15.000,90.000,3,700,,0.258806818,56.2282,4.064217567,4.065961361,1.638883114
2026-07-28T16:44:55.594442+00:00,580.129268,open,rgb,-15.000,90.000,4,700,,0.258892045,56.1897,4.064081192,4.065540314,1.638982773
2026-07-28T16:44:55.744823+00:00,580.279649,open,rgb,-15.000,90.000,5,700,,0.258835227,56.1609,4.064159393,4.065894127,1.638846517
2026-07-28T16:44:55.895172+00:00,580.430004,open,rgb,-15.000,90.000,6,700,,0.258892045,56.1545,4.064113617,4.065652370,1.638911486
2026-07-28T16:44:56.045399+00:00,580.580229,open,rgb,-15.000,90.000,7,700,,0.258920455,56.1641,4.064022064,4.065738201,1.639118671
2026-07-28T16:44:56.195587+00:00,580.730418,open,rgb,-15.000,90.000,8,700,,0.258948864,56.1609,4.064013481,4.065770626,1.638958573
2026-07-28T16:44:56.345986+00:00,580.880813,open,rgb,-15.000,90.000,9,700,,0.258920455,56.1705,4.064074516,4.065831184,1.638921976
2026-07-28T16:44:56.496286+00:00,581.031116,open,rgb,-15.000,90.000,10,700,,0.258863636,56.1865,4.064045906,4.065758705,1.639142632
2026-07-28T16:44:56.646468+00:00,581.181299,open,rgb,-15.000,90.000,11,700,,0.258892045,56.1993,4.063965797,4.065676212,1.638834119
2026-07-28T16:44:56.796601+00:00,581.331433,open,rgb,-15.000,90.000,12,700,,0.258948864,56.2185,4.064047813,4.065786839,1.639096022
2026-07-28T16:44:56.946777+00:00,581.481608,open,rgb,-15.000,90.000,13,700,,0.258863636,56.2282,4.063985825,4.065793037,1.639055729
2026-07-28T16:44:57.096911+00:00,581.631743,open,rgb,-15.000,90.000,14,700,,0.258863636,56.2410,4.064172745,4.065721512,1.638879180
2026-07-28T16:44:57.247318+00:00,581.782146,open,rgb,-15.000,90.000,15,700,,0.258920455,56.2602,4.063996315,4.065789700,1.639094591
2026-07-28T16:44:57.397563+00:00,581.932391,open,rgb,-15.000,90.000,16,700,,0.258920455,56.2666,4.063910007,4.065786362,1.638968587
2026-07-28T16:44:57.547848+00:00,582.082675,open,rgb,-15.000,90.000,17,700,,0.258920455,56.2794,4.064074039,4.065874100,1.639033794
2026-07-28T16:44:57.698159+00:00,582.232989,open,rgb,-15.000,90.000,18,700,,0.258920455,56.2955,4.063990116,4.065770149,1.639176369
2026-07-28T16:44:57.848353+00:00,582.383185,open,rgb,-15.000,90.000,19,700,,0.258920455,56.2987,4.063962460,4.065765858,1.638876557
2026-07-28T16:45:08.628643+00:00,593.163470,open,dark,0.000,-90.000,0,0,,0.000681818,56.3244,4.896913052,4.903543472,1.649588943
2026-07-28T16:45:08.779118+00:00,593.313946,open,dark,0.000,-90.000,1,0,,0.000681818,56.2474,4.896898746,4.903511524,1.649124861
2026-07-28T16:45:08.929543+00:00,593.464369,open,dark,0.000,-90.000,2,0,,0.000681818,56.1961,4.896925926,4.903522968,1.649509788
2026-07-28T16:45:09.079943+00:00,593.614773,open,dark,0.000,-90.000,3,0,,0.000681818,56.1321,4.896916389,4.903536320,1.649582624
2026-07-28T16:45:09.230165+00:00,593.764996,open,dark,0.000,-90.000,4,0,,0.000681818,56.0554,4.896925926,4.903511047,1.649487376
2026-07-28T16:45:09.380393+00:00,593.915223,open,dark,0.000,-90.000,5,0,,0.000681818,55.9885,4.896916389,4.903522491,1.649400711
2026-07-28T16:45:09.530628+00:00,594.065457,open,dark,0.000,-90.000,6,0,,0.000681818,55.9152,4.896923065,4.903511047,1.649597764
2026-07-28T16:45:09.681070+00:00,594.215901,open,dark,0.000,-90.000,7,0,,0.000681818,55.8198,4.896936417,4.903519630,1.648929954
2026-07-28T16:45:09.831466+00:00,594.366297,open,dark,0.000,-90.000,8,0,,0.000681818,55.7531,4.896925926,4.903522015,1.649473190
2026-07-28T16:45:09.981802+00:00,594.516634,open,dark,0.000,-90.000,9,0,,0.000681818,55.6676,4.896924496,4.903520107,1.649676561
2026-07-28T16:45:10.132157+00:00,594.666987,open,dark,0.000,-90.000,10,0,,0.000681818,55.5948,4.896917820,4.903522015,1.649495244
2026-07-28T16:45:10.282602+00:00,594.817431,open,dark,0.000,-90.000,11,0,,0.000681818,55.5190,4.896893978,4.903502941,1.649624586
2026-07-28T16:45:10.433008+00:00,594.967840,open,dark,0.000,-90.000,12,0,,0.000681818,55.4402,4.896889687,4.903492451,1.649514437
2026-07-28T16:45:10.583479+00:00,595.118304,open,dark,0.000,-90.000,13,0,,0.000681818,55.3709,4.896884918,4.903492928,1.649579406
2026-07-28T16:45:10.733979+00:00,595.268809,open,dark,0.000,-90.000,14,0,,0.000681818,55.2954,4.896893978,4.903489590,1.649712443
2026-07-28T16:45:10.884439+00:00,595.419269,open,dark,0.000,-90.000,15,0,,0.000681818,55.2138,4.896890163,4.903475761,1.649470091
2026-07-28T16:45:11.034900+00:00,595.569732,open,dark,0.000,-90.000,16,0,,0.000681818,55.1418,4.896899223,4.903481007,1.649699330
2026-07-28T16:45:11.185219+00:00,595.720051,open,dark,0.000,-90.000,17,0,,0.000681818,55.0511,4.896890163,4.903478146,1.649656296
2026-07-28T16:45:11.335640+00:00,595.870471,open,dark,0.000,-90.000,18,0,,0.000681818,54.9699,4.896893978,4.903481483,1.649381876
2026-07-28T16:45:11.486000+00:00,596.020833,open,dark,0.000,-90.000,19,0,,0.000681818,54.8982,4.896889210,4.903476715,1.649701476
2026-07-28T16:45:15.679918+00:00,600.214745,open,rgb,0.000,-90.000,0,700,,0.258607955,54.1287,4.059560776,4.062939167,1.637261271
2026-07-28T16:45:15.830479+00:00,600.365310,open,rgb,0.000,-90.000,1,700,,0.258636364,54.1533,4.059649467,4.063129902,1.637464404
2026-07-28T16:45:15.980816+00:00,600.515647,open,rgb,0.000,-90.000,2,700,,0.258721591,54.1747,4.059600830,4.063080788,1.637388229
2026-07-28T16:45:16.131171+00:00,600.666002,open,rgb,0.000,-90.000,3,700,,0.258778409,54.1932,4.059773922,4.063206196,1.637269139
2026-07-28T16:45:16.281609+00:00,600.816436,open,rgb,0.000,-90.000,4,700,,0.258750000,54.2269,4.059702873,4.063197613,1.637499809
2026-07-28T16:45:16.432163+00:00,600.966994,open,rgb,0.000,-90.000,5,700,,0.258721591,54.2484,4.059558392,4.063077450,1.637282491
2026-07-28T16:45:16.582571+00:00,601.117403,open,rgb,0.000,-90.000,6,700,,0.258863636,54.2730,4.059736729,4.063228607,1.637520552
2026-07-28T16:45:16.732986+00:00,601.267818,open,rgb,0.000,-90.000,7,700,,0.258693182,54.2823,4.059772968,4.063294411,1.637550831
2026-07-28T16:45:16.883312+00:00,601.418143,open,rgb,0.000,-90.000,8,700,,0.258721591,54.2976,4.059824467,4.063172340,1.637333870
2026-07-28T16:45:17.033632+00:00,601.568464,open,rgb,0.000,-90.000,9,700,,0.258835227,54.3253,4.059832573,4.063331604,1.637474418
2026-07-28T16:45:17.184081+00:00,601.718912,open,rgb,0.000,-90.000,10,700,,0.258607955,54.3438,4.059854507,4.063367367,1.637362123
2026-07-28T16:45:17.334347+00:00,601.869179,open,rgb,0.000,-90.000,11,700,,0.258721591,54.3684,4.059996605,4.063424110,1.637323856
2026-07-28T16:45:17.484633+00:00,602.019465,open,rgb,0.000,-90.000,12,700,,0.258607955,54.3962,4.059907913,4.063416481,1.637547255
2026-07-28T16:45:17.635008+00:00,602.169839,open,rgb,0.000,-90.000,13,700,,0.258607955,54.4147,4.059746742,4.063418865,1.637226939
2026-07-28T16:45:17.785334+00:00,602.320166,open,rgb,0.000,-90.000,14,700,,0.258636364,54.4301,4.060123920,4.063625813,1.637464643
2026-07-28T16:45:17.935711+00:00,602.470544,open,rgb,0.000,-90.000,15,700,,0.258551136,54.4486,4.060212612,4.063594818,1.636861920
2026-07-28T16:45:18.085992+00:00,602.620824,open,rgb,0.000,-90.000,16,700,,0.258551136,54.4764,4.060135365,4.063536644,1.637381911
2026-07-28T16:45:18.236291+00:00,602.771123,open,rgb,0.000,-90.000,17,700,,0.258778409,54.4949,4.060200691,4.063721657,1.637486219
2026-07-28T16:45:18.386467+00:00,602.921298,open,rgb,0.000,-90.000,18,700,,0.258579545,54.5135,4.060150146,4.063655853,1.637431502
2026-07-28T16:45:18.536612+00:00,603.071442,open,rgb,0.000,-90.000,19,700,,0.258607955,54.5351,4.060294628,4.063755035,1.637473702
2026-07-28T16:45:21.217943+00:00,605.752771,open,rgb,0.000,-75.000,0,700,,0.258664773,54.7986,4.060681343,4.063881397,1.637364864
2026-07-28T16:45:21.368496+00:00,605.903325,open,rgb,0.000,-75.000,1,700,,0.258721591,54.8235,4.060655117,4.064026833,1.637517691
2026-07-28T16:45:21.518872+00:00,606.053701,open,rgb,0.000,-75.000,2,700,,0.258636364,54.8297,4.060611725,4.063934326,1.637368441
2026-07-28T16:45:21.669221+00:00,606.204052,open,rgb,0.000,-75.000,3,700,,0.258636364,54.8484,4.060738564,4.064035892,1.637383580
2026-07-28T16:45:21.819670+00:00,606.354502,open,rgb,0.000,-75.000,4,700,,0.258806818,54.8670,4.060617447,4.063945293,1.637596726
2026-07-28T16:45:21.969991+00:00,606.504823,open,rgb,0.000,-75.000,5,700,,0.258693182,54.8733,4.060589314,4.063879967,1.637411475
2026-07-28T16:45:22.120314+00:00,606.655146,open,rgb,0.000,-75.000,6,700,,0.258579545,54.8982,4.060734272,4.064047813,1.637549400
2026-07-28T16:45:22.270714+00:00,606.805544,open,rgb,0.000,-75.000,7,700,,0.258693182,54.9013,4.060711384,4.063995361,1.637573600
2026-07-28T16:45:22.421142+00:00,606.955974,open,rgb,0.000,-75.000,8,700,,0.258750000,54.9200,4.060795784,4.063968658,1.637442470
2026-07-28T16:45:22.571553+00:00,607.106384,open,rgb,0.000,-75.000,9,700,,0.258693182,54.9356,4.060837269,4.064071178,1.637428761
2026-07-28T16:45:22.721952+00:00,607.256784,open,rgb,0.000,-75.000,10,700,,0.258579545,54.9449,4.061028957,4.064285278,1.637306452
2026-07-28T16:45:22.872294+00:00,607.407125,open,rgb,0.000,-75.000,11,700,,0.258551136,54.9512,4.061196804,4.064377308,1.637318730
2026-07-28T16:45:23.022649+00:00,607.557480,open,rgb,0.000,-75.000,12,700,,0.258607955,54.9668,4.061058044,4.064380646,1.637464643
2026-07-28T16:45:23.172999+00:00,607.707831,open,rgb,0.000,-75.000,13,700,,0.258636364,54.9730,4.060939312,4.064272404,1.637251973
2026-07-28T16:45:23.323278+00:00,607.858109,open,rgb,0.000,-75.000,14,700,,0.258551136,54.9855,4.061093807,4.064376354,1.637455344
2026-07-28T16:45:23.473645+00:00,608.008477,open,rgb,0.000,-75.000,15,700,,0.258551136,54.9917,4.061048031,4.064338684,1.636842370
2026-07-28T16:45:23.624057+00:00,608.158889,open,rgb,0.000,-75.000,16,700,,0.258664773,55.0042,4.061199665,4.064293385,1.637419701
2026-07-28T16:45:23.774365+00:00,608.309197,open,rgb,0.000,-75.000,17,700,,0.258750000,55.0198,4.061155796,4.064428806,1.637485862
2026-07-28T16:45:23.924766+00:00,608.459595,open,rgb,0.000,-75.000,18,700,,0.258579545,55.0292,4.060841084,4.064069748,1.637390018
2026-07-28T16:45:24.075188+00:00,608.610018,open,rgb,0.000,-75.000,19,700,,0.258778409,55.0542,4.060999393,4.064244270,1.637484670
2026-07-28T16:45:26.756591+00:00,611.291420,open,rgb,0.000,-60.000,0,700,,0.258664773,55.2484,4.061413765,4.064310074,1.637566209
2026-07-28T16:45:26.907105+00:00,611.441936,open,rgb,0.000,-60.000,1,700,,0.258778409,55.2609,4.061407566,4.064401150,1.637524486
2026-07-28T16:45:27.057499+00:00,611.592330,open,rgb,0.000,-60.000,2,700,,0.258693182,55.2672,4.061469555,4.064444542,1.637367964
2026-07-28T16:45:27.207983+00:00,611.742814,open,rgb,0.000,-60.000,3,700,,0.258494318,55.2735,4.061580181,4.064572811,1.637226939
2026-07-28T16:45:27.358268+00:00,611.893100,open,rgb,0.000,-60.000,4,700,,0.258607955,55.2923,4.061489105,4.064454556,1.637467861
2026-07-28T16:45:27.508671+00:00,612.043500,open,rgb,0.000,-60.000,5,700,,0.258636364,55.2986,4.061447144,4.064419270,1.637258410
2026-07-28T16:45:27.659143+00:00,612.193972,open,rgb,0.000,-60.000,6,700,,0.258664773,55.3080,4.061536789,4.064538002,1.637464404
2026-07-28T16:45:27.809487+00:00,612.344318,open,rgb,0.000,-60.000,7,700,,0.258494318,55.3112,4.061492920,4.064487457,1.637467861
2026-07-28T16:45:27.959739+00:00,612.494569,open,rgb,0.000,-60.000,8,700,,0.258522727,55.3206,4.061641693,4.064394951,1.637328982
2026-07-28T16:45:28.109926+00:00,612.644756,open,rgb,0.000,-60.000,9,700,,0.258721591,55.3237,4.061519623,4.064474583,1.637564301
2026-07-28T16:45:28.260138+00:00,612.794969,open,rgb,0.000,-60.000,10,700,,0.258664773,55.3206,4.061542511,4.064519405,1.637394667
2026-07-28T16:45:28.410281+00:00,612.945113,open,rgb,0.000,-60.000,11,700,,0.258522727,55.3206,4.061674118,4.064654350,1.637341857
2026-07-28T16:45:28.560489+00:00,613.095321,open,rgb,0.000,-60.000,12,700,,0.258664773,55.3332,4.061536312,4.064514160,1.637599707
2026-07-28T16:45:28.710638+00:00,613.245470,open,rgb,0.000,-60.000,13,700,,0.258664773,55.3237,4.061494350,4.064525604,1.637469053
2026-07-28T16:45:28.860814+00:00,613.395645,open,rgb,0.000,-60.000,14,700,,0.258664773,55.3080,4.061644554,4.064643860,1.637464404
2026-07-28T16:45:29.011026+00:00,613.545858,open,rgb,0.000,-60.000,15,700,,0.258607955,55.3143,4.061576843,4.064560413,1.636821866
2026-07-28T16:45:29.161174+00:00,613.696004,open,rgb,0.000,-60.000,16,700,,0.258693182,55.3363,4.061715126,4.064535141,1.637388945
2026-07-28T16:45:29.311494+00:00,613.846325,open,rgb,0.000,-60.000,17,700,,0.258664773,55.3583,4.061548710,4.064574718,1.637671709
2026-07-28T16:45:29.461730+00:00,613.996561,open,rgb,0.000,-60.000,18,700,,0.258579545,55.3709,4.061777115,4.064788342,1.637385130
2026-07-28T16:45:29.611932+00:00,614.146764,open,rgb,0.000,-60.000,19,700,,0.258721591,55.3803,4.061940670,4.064941883,1.637517929
2026-07-28T16:45:32.293913+00:00,616.828740,open,rgb,0.000,-45.000,0,700,,0.258636364,55.4748,4.061676025,4.064757824,1.637326479
2026-07-28T16:45:32.444398+00:00,616.979228,open,rgb,0.000,-45.000,1,700,,0.258693182,55.4591,4.061610222,4.064786434,1.637454867
2026-07-28T16:45:32.594760+00:00,617.129590,open,rgb,0.000,-45.000,2,700,,0.258721591,55.4496,4.061557293,4.064706326,1.637208104
2026-07-28T16:45:32.745163+00:00,617.279994,open,rgb,0.000,-45.000,3,700,,0.258806818,55.4685,4.061816692,4.064981461,1.637419224
2026-07-28T16:45:32.895556+00:00,617.430388,open,rgb,0.000,-45.000,4,700,,0.258636364,55.4780,4.061819077,4.065004349,1.637492776
2026-07-28T16:45:33.045928+00:00,617.580759,open,rgb,0.000,-45.000,5,700,,0.258721591,55.4969,4.061677456,4.064777374,1.637258172
2026-07-28T16:45:33.196291+00:00,617.731124,open,rgb,0.000,-45.000,6,700,,0.258778409,55.5222,4.061835766,4.065005779,1.637541533
2026-07-28T16:45:33.346661+00:00,617.881493,open,rgb,0.000,-45.000,7,700,,0.258607955,55.5316,4.061731339,4.064901829,1.637506485
2026-07-28T16:45:33.496960+00:00,618.031792,open,rgb,0.000,-45.000,8,700,,0.258778409,55.5506,4.061926842,4.065026283,1.637415171
2026-07-28T16:45:33.647335+00:00,618.182165,open,rgb,0.000,-45.000,9,700,,0.258579545,55.5727,4.061874390,4.065072060,1.637462497
2026-07-28T16:45:33.797654+00:00,618.332485,open,rgb,0.000,-45.000,10,700,,0.258636364,55.5790,4.061868668,4.065046787,1.637314320
2026-07-28T16:45:33.947987+00:00,618.482819,open,rgb,0.000,-45.000,11,700,,0.258579545,55.5980,4.061985493,4.065148354,1.637402177
2026-07-28T16:45:34.098281+00:00,618.633113,open,rgb,0.000,-45.000,12,700,,0.258636364,55.6043,4.061857700,4.065072060,1.637654185
2026-07-28T16:45:34.248582+00:00,618.783413,open,rgb,0.000,-45.000,13,700,,0.258579545,55.6138,4.061847210,4.064936161,1.637305498
2026-07-28T16:45:34.398842+00:00,618.933673,open,rgb,0.000,-45.000,14,700,,0.258551136,55.6233,4.061927795,4.065138340,1.637561798
2026-07-28T16:45:34.549226+00:00,619.084057,open,rgb,0.000,-45.000,15,700,,0.258636364,55.6201,4.061870575,4.064981461,1.636812806
2026-07-28T16:45:34.699568+00:00,619.234399,open,rgb,0.000,-45.000,16,700,,0.258607955,55.6359,4.062005997,4.065105438,1.637385130
2026-07-28T16:45:34.850124+00:00,619.384953,open,rgb,0.000,-45.000,17,700,,0.258636364,55.6391,4.061929703,4.065104485,1.637494206
2026-07-28T16:45:35.000512+00:00,619.535343,open,rgb,0.000,-45.000,18,700,,0.258579545,55.6359,4.061874390,4.065064430,1.637278676
2026-07-28T16:45:35.150992+00:00,619.685817,open,rgb,0.000,-45.000,19,700,,0.258664773,55.6423,4.061956882,4.065199375,1.637497902
2026-07-28T16:45:37.832754+00:00,622.367582,open,rgb,0.000,-30.000,0,700,,0.258664773,55.6170,4.062156677,4.065518856,1.637643576
2026-07-28T16:45:37.983062+00:00,622.517894,open,rgb,0.000,-30.000,1,700,,0.258664773,55.6296,4.062171459,4.065518856,1.637629509
2026-07-28T16:45:38.133183+00:00,622.668014,open,rgb,0.000,-30.000,2,700,,0.258693182,55.6391,4.062074184,4.065454960,1.637390018
2026-07-28T16:45:38.283472+00:00,622.818303,open,rgb,0.000,-30.000,3,700,,0.258750000,55.6581,4.062183380,4.065597057,1.637542367
2026-07-28T16:45:38.433640+00:00,622.968473,open,rgb,0.000,-30.000,4,700,,0.258693182,55.6676,4.062220573,4.065561771,1.637562633
2026-07-28T16:45:38.583809+00:00,623.118641,open,rgb,0.000,-30.000,5,700,,0.258636364,55.6834,4.062128544,4.065390587,1.637342572
2026-07-28T16:45:38.733999+00:00,623.268832,open,rgb,0.000,-30.000,6,700,,0.258806818,55.7024,4.062157154,4.065593719,1.637650728
2026-07-28T16:45:38.884156+00:00,623.418987,open,rgb,0.000,-30.000,7,700,,0.258750000,55.7056,4.062132835,4.065607071,1.637497425
2026-07-28T16:45:39.034340+00:00,623.569171,open,rgb,0.000,-30.000,8,700,,0.258721591,55.7151,4.062329292,4.065651894,1.637467146
2026-07-28T16:45:39.184684+00:00,623.719515,open,rgb,0.000,-30.000,9,700,,0.258664773,55.7214,4.062238693,4.065684795,1.637425184
2026-07-28T16:45:39.334879+00:00,623.869710,open,rgb,0.000,-30.000,10,700,,0.258693182,55.7183,4.062094212,4.065618038,1.637236595
2026-07-28T16:45:39.484974+00:00,624.019807,open,rgb,0.000,-30.000,11,700,,0.258693182,55.7341,4.062299728,4.065721989,1.637436867
2026-07-28T16:45:39.635147+00:00,624.169980,open,rgb,0.000,-30.000,12,700,,0.258693182,55.7309,4.062190533,4.065640450,1.637614846
2026-07-28T16:45:39.785262+00:00,624.320094,open,rgb,0.000,-30.000,13,700,,0.258693182,55.7436,4.062212944,4.065531254,1.637397528
2026-07-28T16:45:39.935413+00:00,624.470245,open,rgb,0.000,-30.000,14,700,,0.258778409,55.7500,4.062265396,4.065740585,1.637606740
2026-07-28T16:45:40.085690+00:00,624.620519,open,rgb,0.000,-30.000,15,700,,0.258607955,55.7531,4.062267303,4.065650940,1.636736870
2026-07-28T16:45:40.236061+00:00,624.770890,open,rgb,0.000,-30.000,16,700,,0.258721591,55.7722,4.062151909,4.065595627,1.637356520
2026-07-28T16:45:40.385773+00:00,624.920599,open,rgb,0.000,-30.000,17,700,,0.258750000,55.7785,4.061957359,4.065465450,1.637634873
2026-07-28T16:45:40.536184+00:00,625.071013,open,rgb,0.000,-30.000,18,700,,0.258806818,55.7658,4.062004566,4.065407276,1.637361646
2026-07-28T16:45:40.686591+00:00,625.221419,open,rgb,0.000,-30.000,19,700,,0.258693182,55.7849,4.062113285,4.065533161,1.637427807
2026-07-28T16:45:43.369108+00:00,627.903935,open,rgb,0.000,-15.000,0,700,,0.258778409,55.6771,4.061784267,4.065878868,1.637331367
2026-07-28T16:45:43.519426+00:00,628.054257,open,rgb,0.000,-15.000,1,700,,0.258778409,55.7151,4.061732769,4.065786362,1.637523770
2026-07-28T16:45:43.669623+00:00,628.204454,open,rgb,0.000,-15.000,2,700,,0.258806818,55.7373,4.061591148,4.065654755,1.637283802
2026-07-28T16:45:43.819855+00:00,628.354686,open,rgb,0.000,-15.000,3,700,,0.258892045,55.7754,4.061736107,4.065822601,1.637554526
2026-07-28T16:45:43.969948+00:00,628.504780,open,rgb,0.000,-15.000,4,700,,0.258721591,55.7912,4.061594009,4.065663338,1.637723446
2026-07-28T16:45:44.120129+00:00,628.654960,open,rgb,0.000,-15.000,5,700,,0.258778409,55.8134,4.061648369,4.065699100,1.637586713
2026-07-28T16:45:44.270322+00:00,628.805153,open,rgb,0.000,-15.000,6,700,,0.258721591,55.8198,4.061738491,4.065833569,1.637496710
2026-07-28T16:45:44.420483+00:00,628.955313,open,rgb,0.000,-15.000,7,700,,0.258778409,55.8134,4.061642647,4.065738201,1.637421966
2026-07-28T16:45:44.570653+00:00,629.105484,open,rgb,0.000,-15.000,8,700,,0.258721591,55.8166,4.061994076,4.066055298,1.637483239
2026-07-28T16:45:44.720892+00:00,629.255724,open,rgb,0.000,-15.000,9,700,,0.258778409,55.8103,4.061788559,4.065910339,1.637772322
2026-07-28T16:45:44.871043+00:00,629.405876,open,rgb,0.000,-15.000,10,700,,0.258806818,55.8071,4.061915398,4.066028118,1.637494922
2026-07-28T16:45:45.021174+00:00,629.556004,open,rgb,0.000,-15.000,11,700,,0.258750000,55.8071,4.062017918,4.066148758,1.637332320
2026-07-28T16:45:45.171605+00:00,629.706433,open,rgb,0.000,-15.000,12,700,,0.258693182,55.8134,4.061978817,4.066035271,1.637481809
2026-07-28T16:45:45.322092+00:00,629.856921,open,rgb,0.000,-15.000,13,700,,0.258636364,55.8452,4.061886787,4.065710068,1.637322307
2026-07-28T16:45:45.472636+00:00,630.007463,open,rgb,0.000,-15.000,14,700,,0.258806818,55.8643,4.061854839,4.066044331,1.637537003
2026-07-28T16:45:45.624369+00:00,630.159191,open,rgb,0.000,-15.000,15,700,,0.258806818,55.8484,4.061314583,4.065679550,1.636012316
2026-07-28T16:45:45.775069+00:00,630.309899,open,rgb,0.000,-15.000,16,700,,0.258778409,55.8866,4.061773300,4.065866470,1.637545228
2026-07-28T16:45:45.925480+00:00,630.460312,open,rgb,0.000,-15.000,17,700,,0.258835227,55.9025,4.061690331,4.065805435,1.637677073
2026-07-28T16:45:46.075903+00:00,630.610732,open,rgb,0.000,-15.000,18,700,,0.258721591,55.8993,4.061674118,4.065770149,1.637483954
2026-07-28T16:45:46.226250+00:00,630.761081,open,rgb,0.000,-15.000,19,700,,0.258693182,55.8929,4.061724663,4.065855980,1.637533307
2026-07-28T16:45:48.907576+00:00,633.442403,open,rgb,0.000,0.000,0,700,,0.258835227,55.9725,4.061563492,4.065574646,1.637544751
2026-07-28T16:45:49.057979+00:00,633.592808,open,rgb,0.000,0.000,1,700,,0.258778409,55.9853,4.061526775,4.065531254,1.637645125
2026-07-28T16:45:49.208375+00:00,633.743205,open,rgb,0.000,0.000,2,700,,0.258835227,55.9885,4.061419964,4.065478325,1.637372851
2026-07-28T16:45:49.358700+00:00,633.893527,open,rgb,0.000,0.000,3,700,,0.258835227,56.0076,4.061526775,4.065542698,1.637673140
2026-07-28T16:45:49.509002+00:00,634.043832,open,rgb,0.000,0.000,4,700,,0.258721591,56.0076,4.061579704,4.065772533,1.637583852
2026-07-28T16:45:49.659253+00:00,634.194083,open,rgb,0.000,0.000,5,700,,0.258778409,55.9980,4.061861515,4.065654755,1.637411237
2026-07-28T16:45:49.809482+00:00,634.344313,open,rgb,0.000,0.000,6,700,,0.258750000,56.0108,4.061789513,4.065776348,1.637617946
2026-07-28T16:45:49.959576+00:00,634.494408,open,rgb,0.000,0.000,7,700,,0.258664773,55.9948,4.061798573,4.065747261,1.637407780
2026-07-28T16:45:50.109702+00:00,634.644532,open,rgb,0.000,0.000,8,700,,0.258693182,55.9725,4.061895370,4.065876961,1.637378216
2026-07-28T16:45:50.259964+00:00,634.794795,open,rgb,0.000,0.000,9,700,,0.258693182,55.9630,4.061797619,4.065811157,1.637576699
2026-07-28T16:45:50.410176+00:00,634.945008,open,rgb,0.000,0.000,10,700,,0.258750000,55.9566,4.061688423,4.065699577,1.637344122
2026-07-28T16:45:50.560411+00:00,635.095242,open,rgb,0.000,0.000,11,700,,0.258750000,55.9693,4.061801910,4.065818787,1.637579441
2026-07-28T16:45:50.710665+00:00,635.245492,open,rgb,0.000,0.000,12,700,,0.258750000,55.9630,4.061617374,4.065684795,1.637538433
2026-07-28T16:45:50.860394+00:00,635.395219,open,rgb,0.000,0.000,13,700,,0.258750000,55.9725,4.061179638,4.065584183,1.637287140
2026-07-28T16:45:51.010759+00:00,635.545587,open,rgb,0.000,0.000,14,700,,0.258835227,55.9980,4.061693668,4.065724373,1.637439251
2026-07-28T16:45:51.161079+00:00,635.695907,open,rgb,0.000,0.000,15,700,,0.258806818,56.0012,4.061456680,4.065466881,1.636553764
2026-07-28T16:45:51.311715+00:00,635.846541,open,rgb,0.000,0.000,16,700,,0.258863636,56.0331,4.061616898,4.065617561,1.637593389
2026-07-28T16:45:51.462221+00:00,635.997052,open,rgb,0.000,0.000,17,700,,0.258721591,56.0459,4.061572552,4.065533161,1.637752056
2026-07-28T16:45:51.612677+00:00,636.147508,open,rgb,0.000,0.000,18,700,,0.258835227,56.0395,4.061480045,4.065533161,1.637535453
2026-07-28T16:45:51.763070+00:00,636.297902,open,rgb,0.000,0.000,19,700,,0.258835227,56.0459,4.061687946,4.065634727,1.637585998
2026-07-28T16:45:54.444634+00:00,638.979462,open,rgb,0.000,15.000,0,700,,0.258750000,56.1289,4.061553001,4.064796925,1.637414098
2026-07-28T16:45:54.595228+00:00,639.130057,open,rgb,0.000,15.000,1,700,,0.258693182,56.1417,4.061370850,4.064598560,1.637836933
2026-07-28T16:45:54.745660+00:00,639.280491,open,rgb,0.000,15.000,2,700,,0.258778409,56.1385,4.061279774,4.064511299,1.637636304
2026-07-28T16:45:54.896051+00:00,639.430883,open,rgb,0.000,15.000,3,700,,0.258835227,56.1449,4.061404705,4.064575195,1.637749314
2026-07-28T16:45:55.046338+00:00,639.581169,open,rgb,0.000,15.000,4,700,,0.258693182,56.1417,4.061433792,4.064658165,1.637697816
2026-07-28T16:45:55.196793+00:00,639.731625,open,rgb,0.000,15.000,5,700,,0.258835227,56.1417,4.061553001,4.064622402,1.637472034
2026-07-28T16:45:55.347314+00:00,639.882142,open,rgb,0.000,15.000,6,700,,0.258806818,56.1609,4.061439037,4.064687729,1.637775421
2026-07-28T16:45:55.497800+00:00,640.032631,open,rgb,0.000,15.000,7,700,,0.258778409,56.1705,4.061373234,4.064616680,1.637562275
2026-07-28T16:45:55.648193+00:00,640.183020,open,rgb,0.000,15.000,8,700,,0.258778409,56.1865,4.061474323,4.064705849,1.637617469
2026-07-28T16:45:55.798327+00:00,640.333155,open,rgb,0.000,15.000,9,700,,0.258778409,56.1993,4.061484814,4.064708710,1.637643933
2026-07-28T16:45:55.948816+00:00,640.483646,open,rgb,0.000,15.000,10,700,,0.258835227,56.1897,4.061389446,4.064599991,1.637485147
2026-07-28T16:45:56.100663+00:00,640.635484,open,rgb,0.000,15.000,11,700,,0.258806818,56.1833,4.061310768,4.064437389,1.637746215
2026-07-28T16:45:56.251520+00:00,640.786345,open,rgb,0.000,15.000,12,700,,0.258835227,56.1801,4.061464787,4.064674377,1.637622595
2026-07-28T16:45:56.402038+00:00,640.936868,open,rgb,0.000,15.000,13,700,,0.258778409,56.1417,4.061606407,4.064733505,1.637431979
2026-07-28T16:45:56.552492+00:00,641.087323,open,rgb,0.000,15.000,14,700,,0.258750000,56.0459,4.061588287,4.064818859,1.637510538
2026-07-28T16:45:56.702973+00:00,641.237802,open,rgb,0.000,15.000,15,700,,0.258721591,55.9725,4.061447144,4.064723492,1.636499405
2026-07-28T16:45:56.853338+00:00,641.388170,open,rgb,0.000,15.000,16,700,,0.258750000,55.9757,4.061567783,4.064761162,1.637543559
2026-07-28T16:45:57.003762+00:00,641.538589,open,rgb,0.000,15.000,17,700,,0.258750000,55.9948,4.061433792,4.064685822,1.637720585
2026-07-28T16:45:57.154311+00:00,641.689138,open,rgb,0.000,15.000,18,700,,0.258806818,56.0108,4.061458111,4.064666748,1.637516975
2026-07-28T16:45:57.304892+00:00,641.839718,open,rgb,0.000,15.000,19,700,,0.258863636,56.0427,4.061464787,4.064725876,1.637613893
2026-07-28T16:45:59.986423+00:00,644.521251,open,rgb,0.000,30.000,0,700,,0.258693182,56.2282,4.062151432,4.064916611,1.637576222
2026-07-28T16:46:00.136833+00:00,644.671664,open,rgb,0.000,30.000,1,700,,0.258721591,56.1833,4.062091827,4.064882278,1.637593865
2026-07-28T16:46:00.287189+00:00,644.822019,open,rgb,0.000,30.000,2,700,,0.258750000,56.1385,4.062036514,4.064811707,1.637349963
2026-07-28T16:46:00.437556+00:00,644.972388,open,rgb,0.000,30.000,3,700,,0.258750000,56.1225,4.062081337,4.064910412,1.637634158
2026-07-28T16:46:00.588012+00:00,645.122841,open,rgb,0.000,30.000,4,700,,0.258636364,56.0523,4.061939240,4.064864159,1.637510300
2026-07-28T16:46:00.738569+00:00,645.273397,open,rgb,0.000,30.000,5,700,,0.258750000,56.0044,4.061960697,4.064670563,1.637499571
2026-07-28T16:46:00.889031+00:00,645.423861,open,rgb,0.000,30.000,6,700,,0.258778409,56.0076,4.061857224,4.064664841,1.637621164
2026-07-28T16:46:01.039409+00:00,645.574236,open,rgb,0.000,30.000,7,700,,0.258750000,56.0044,4.061809063,4.064651966,1.637377977
2026-07-28T16:46:01.189917+00:00,645.724747,open,rgb,0.000,30.000,8,700,,0.258892045,56.0044,4.061853886,4.064695358,1.637605548
2026-07-28T16:46:01.341924+00:00,645.876751,open,rgb,0.000,30.000,9,700,,0.258693182,56.0076,4.061908245,4.064166546,1.637626529
2026-07-28T16:46:01.492616+00:00,646.027443,open,rgb,0.000,30.000,10,700,,0.258835227,56.0203,4.061817169,4.064597607,1.637360930
2026-07-28T16:46:01.643127+00:00,646.177956,open,rgb,0.000,30.000,11,700,,0.258693182,56.0172,4.061931610,4.064717770,1.637647510
2026-07-28T16:46:01.793528+00:00,646.328360,open,rgb,0.000,30.000,12,700,,0.258778409,56.0267,4.061848640,4.064643860,1.637571573
2026-07-28T16:46:01.943915+00:00,646.478746,open,rgb,0.000,30.000,13,700,,0.258750000,56.0523,4.061936855,4.064679146,1.637544751
2026-07-28T16:46:02.094217+00:00,646.629048,open,rgb,0.000,30.000,14,700,,0.258835227,56.0746,4.061894417,4.064729691,1.637572050
2026-07-28T16:46:02.244561+00:00,646.779393,open,rgb,0.000,30.000,15,700,,0.258721591,56.0267,4.061755657,4.064577103,1.636569858
2026-07-28T16:46:02.394874+00:00,646.929706,open,rgb,0.000,30.000,16,700,,0.258835227,56.0491,4.061879158,4.064732552,1.637649775
2026-07-28T16:46:02.545233+00:00,647.080062,open,rgb,0.000,30.000,17,700,,0.258693182,56.0810,4.061924934,4.064788342,1.637517929
2026-07-28T16:46:02.695704+00:00,647.230535,open,rgb,0.000,30.000,18,700,,0.258750000,56.0906,4.061862469,4.064861774,1.637352347
2026-07-28T16:46:02.846218+00:00,647.381049,open,rgb,0.000,30.000,19,700,,0.258806818,56.1066,4.062115669,4.064993382,1.637528896
2026-07-28T16:46:05.527797+00:00,650.062625,open,rgb,0.000,45.000,0,700,,0.258778409,56.2057,4.063152313,4.064978600,1.637417793
2026-07-28T16:46:05.678479+00:00,650.213306,open,rgb,0.000,45.000,1,700,,0.258551136,56.2153,4.062752247,4.064655781,1.637654424
2026-07-28T16:46:05.828906+00:00,650.363737,open,rgb,0.000,45.000,2,700,,0.258721591,56.2474,4.062785149,4.064560890,1.637411475
2026-07-28T16:46:05.979265+00:00,650.514095,open,rgb,0.000,45.000,3,700,,0.258778409,56.2570,4.062757969,4.064658165,1.637533784
2026-07-28T16:46:06.129696+00:00,650.664526,open,rgb,0.000,45.000,4,700,,0.258778409,56.2506,4.062729836,4.064532280,1.637490034
2026-07-28T16:46:06.280067+00:00,650.814895,open,rgb,0.000,45.000,5,700,,0.258750000,56.2698,4.062785149,4.064634323,1.637520075
2026-07-28T16:46:06.430575+00:00,650.965405,open,rgb,0.000,45.000,6,700,,0.258778409,56.2923,4.062756538,4.064620972,1.637659550
2026-07-28T16:46:06.581019+00:00,651.115844,open,rgb,0.000,45.000,7,700,,0.258806818,56.3019,4.062692642,4.064183235,1.637426138
2026-07-28T16:46:06.731586+00:00,651.266413,open,rgb,0.000,45.000,8,700,,0.258806818,56.3147,4.062865734,4.064718246,1.637559652
2026-07-28T16:46:06.882084+00:00,651.416915,open,rgb,0.000,45.000,9,700,,0.258721591,56.3051,4.062623501,4.064498425,1.637908816
2026-07-28T16:46:07.032501+00:00,651.567332,open,rgb,0.000,45.000,10,700,,0.258863636,56.3180,4.062721252,4.064603329,1.637654662
2026-07-28T16:46:07.182837+00:00,651.717666,open,rgb,0.000,45.000,11,700,,0.258863636,56.3276,4.062830925,4.064727306,1.637584805
2026-07-28T16:46:07.333394+00:00,651.868222,open,rgb,0.000,45.000,12,700,,0.258664773,56.3308,4.062759399,4.064672947,1.637584567
2026-07-28T16:46:07.483882+00:00,652.018712,open,rgb,0.000,45.000,13,700,,0.258778409,56.3469,4.062876225,4.064716339,1.637581110
2026-07-28T16:46:07.634236+00:00,652.169065,open,rgb,0.000,45.000,14,700,,0.258750000,56.3597,4.062696457,4.064597607,1.637732744
2026-07-28T16:46:07.784629+00:00,652.319461,open,rgb,0.000,45.000,15,700,,0.258721591,56.3629,4.062976837,4.064872265,1.636842608
2026-07-28T16:46:07.934993+00:00,652.469825,open,rgb,0.000,45.000,16,700,,0.258664773,56.3758,4.063118935,4.064940453,1.637517214
2026-07-28T16:46:08.085434+00:00,652.620228,open,rgb,0.000,45.000,17,700,,0.258693182,56.3726,4.063009739,4.064886093,1.637742043
2026-07-28T16:46:08.235890+00:00,652.770720,open,rgb,0.000,45.000,18,700,,0.258693182,56.3822,4.063055038,4.064813137,1.637480497
2026-07-28T16:46:08.386209+00:00,652.921041,open,rgb,0.000,45.000,19,700,,0.258664773,56.3822,4.063080788,4.064953804,1.637576699
2026-07-28T16:46:11.067436+00:00,655.602263,open,rgb,0.000,60.000,0,700,,0.258750000,56.3983,4.063346386,4.065252781,1.637630701
2026-07-28T16:46:11.217968+00:00,655.752797,open,rgb,0.000,60.000,1,700,,0.258750000,56.4015,4.063299179,4.065233707,1.637593865
2026-07-28T16:46:11.368340+00:00,655.903171,open,rgb,0.000,60.000,2,700,,0.258664773,56.4144,4.063323021,4.065021515,1.637397766
2026-07-28T16:46:11.518845+00:00,656.053673,open,rgb,0.000,60.000,3,700,,0.258863636,56.4272,4.063262939,4.065182686,1.637773037
2026-07-28T16:46:11.669242+00:00,656.204070,open,rgb,0.000,60.000,4,700,,0.258721591,56.4272,4.063206673,4.065105438,1.637567520
2026-07-28T16:46:11.819872+00:00,656.354694,open,rgb,0.000,60.000,5,700,,0.258693182,56.4337,4.063336849,4.065195084,1.637553096
2026-07-28T16:46:11.970339+00:00,656.505165,open,rgb,0.000,60.000,6,700,,0.259034091,56.4401,4.063288689,4.065199852,1.637608528
2026-07-28T16:46:12.120928+00:00,656.655756,open,rgb,0.000,60.000,7,700,,0.258721591,56.4305,4.063172340,4.065089226,1.637415886
2026-07-28T16:46:12.271442+00:00,656.806272,open,rgb,0.000,60.000,8,700,,0.258863636,56.4498,4.063328743,4.065260887,1.637634397
2026-07-28T16:46:12.421802+00:00,656.956632,open,rgb,0.000,60.000,9,700,,0.258664773,56.4465,4.063258648,4.065221786,1.637662888
2026-07-28T16:46:12.572362+00:00,657.107191,open,rgb,0.000,60.000,10,700,,0.258750000,56.4530,4.063328743,4.065102577,1.637413621
2026-07-28T16:46:12.722820+00:00,657.257650,open,rgb,0.000,60.000,11,700,,0.258806818,56.4626,4.063310623,4.065215111,1.637616277
2026-07-28T16:46:12.873158+00:00,657.407989,open,rgb,0.000,60.000,12,700,,0.258721591,56.4562,4.063240051,4.065168858,1.637604356
2026-07-28T16:46:13.023521+00:00,657.558351,open,rgb,0.000,60.000,13,700,,0.258778409,56.4594,4.063394070,4.065329552,1.637538195
2026-07-28T16:46:13.173904+00:00,657.708736,open,rgb,0.000,60.000,14,700,,0.258835227,56.4498,4.063302040,4.065242290,1.637654424
2026-07-28T16:46:13.324512+00:00,657.859340,open,rgb,0.000,60.000,15,700,,0.258607955,56.4079,4.063329220,4.065256119,1.636788130
2026-07-28T16:46:13.474866+00:00,658.009697,open,rgb,0.000,60.000,16,700,,0.258721591,56.4015,4.063374519,4.065329552,1.637544036
2026-07-28T16:46:13.625145+00:00,658.159976,open,rgb,0.000,60.000,17,700,,0.258693182,56.3854,4.063319206,4.065269947,1.637664199
2026-07-28T16:46:13.775542+00:00,658.310374,open,rgb,0.000,60.000,18,700,,0.258721591,56.3951,4.063419342,4.065264225,1.637429476
2026-07-28T16:46:13.925880+00:00,658.460711,open,rgb,0.000,60.000,19,700,,0.258778409,56.4047,4.063421249,4.065335751,1.637565732
2026-07-28T16:46:16.607619+00:00,661.142445,open,rgb,0.000,75.000,0,700,,0.258607955,56.4852,4.063838482,4.065895557,1.636957169
2026-07-28T16:46:16.758327+00:00,661.293157,open,rgb,0.000,75.000,1,700,,0.258693182,56.4981,4.063615322,4.065741539,1.637791038
2026-07-28T16:46:16.908131+00:00,661.442957,open,rgb,0.000,75.000,2,700,,0.258835227,56.5045,4.063503265,4.065443993,1.637523532
2026-07-28T16:46:17.058870+00:00,661.593699,open,rgb,0.000,75.000,3,700,,0.258863636,56.5045,4.063935280,4.066215038,1.637807727
2026-07-28T16:46:17.209481+00:00,661.744311,open,rgb,0.000,75.000,4,700,,0.258693182,56.5045,4.064298630,4.066586971,1.637619495
2026-07-28T16:46:17.360000+00:00,661.894830,open,rgb,0.000,75.000,5,700,,0.258693182,56.5174,4.064565659,4.066695690,1.637596965
2026-07-28T16:46:17.510344+00:00,662.045176,open,rgb,0.000,75.000,6,700,,0.258750000,56.5303,4.064496040,4.066683292,1.637714386
2026-07-28T16:46:17.660708+00:00,662.195539,open,rgb,0.000,75.000,7,700,,0.258721591,56.5206,4.064457893,4.066614628,1.637445927
2026-07-28T16:46:17.811090+00:00,662.345922,open,rgb,0.000,75.000,8,700,,0.258721591,56.5271,4.064435482,4.066671371,1.637657046
2026-07-28T16:46:17.961505+00:00,662.496334,open,rgb,0.000,75.000,9,700,,0.258721591,56.5206,4.064169884,4.066400051,1.637774229
2026-07-28T16:46:18.111958+00:00,662.646787,open,rgb,0.000,75.000,10,700,,0.258778409,56.5432,4.064300060,4.066307545,1.637640238
2026-07-28T16:46:18.262330+00:00,662.797161,open,rgb,0.000,75.000,11,700,,0.258750000,56.5529,4.064228058,4.066446304,1.637746215
2026-07-28T16:46:18.412640+00:00,662.947472,open,rgb,0.000,75.000,12,700,,0.258806818,56.5303,4.064211369,4.066411972,1.637628555
2026-07-28T16:46:18.562972+00:00,663.097803,open,rgb,0.000,75.000,13,700,,0.258750000,56.5206,4.064322472,4.066549301,1.637637734
2026-07-28T16:46:18.713305+00:00,663.248136,open,rgb,0.000,75.000,14,700,,0.258778409,56.4884,4.064235687,4.066499710,1.637773752
2026-07-28T16:46:18.863708+00:00,663.398536,open,rgb,0.000,75.000,15,700,,0.258664773,56.4723,4.064268589,4.066508770,1.636863351
2026-07-28T16:46:19.014122+00:00,663.548953,open,rgb,0.000,75.000,16,700,,0.258778409,56.4594,4.064360142,4.066627026,1.637542844
2026-07-28T16:46:19.164493+00:00,663.699324,open,rgb,0.000,75.000,17,700,,0.258607955,56.4626,4.064294815,4.066515923,1.637653351
2026-07-28T16:46:19.314964+00:00,663.849791,open,rgb,0.000,75.000,18,700,,0.258693182,56.4755,4.064352512,4.066487312,1.637529135
2026-07-28T16:46:19.465527+00:00,664.000357,open,rgb,0.000,75.000,19,700,,0.258750000,56.4626,4.064357758,4.066576481,1.637603641
2026-07-28T16:46:22.146499+00:00,666.681325,open,rgb,0.000,90.000,0,700,,0.258863636,56.6369,4.064459801,4.066589355,1.637633681
2026-07-28T16:46:22.297177+00:00,666.832006,open,rgb,0.000,90.000,1,700,,0.258721591,56.6466,4.064598083,4.066766739,1.637723207
2026-07-28T16:46:22.447595+00:00,666.982427,open,rgb,0.000,90.000,2,700,,0.258778409,56.6498,4.064713955,4.066753864,1.637616754
2026-07-28T16:46:22.597803+00:00,667.132633,open,rgb,0.000,90.000,3,700,,0.258664773,56.6660,4.064599991,4.066768169,1.637697101
2026-07-28T16:46:22.748209+00:00,667.283041,open,rgb,0.000,90.000,4,700,,0.258664773,56.6724,4.064642429,4.066758633,1.637484193
2026-07-28T16:46:22.898670+00:00,667.433502,open,rgb,0.000,90.000,5,700,,0.258693182,56.6821,4.064792633,4.066960812,1.637526631
2026-07-28T16:46:23.049075+00:00,667.583906,open,rgb,0.000,90.000,6,700,,0.258664773,56.6821,4.064691544,4.066854477,1.637662411
2026-07-28T16:46:23.199553+00:00,667.734383,open,rgb,0.000,90.000,7,700,,0.258693182,56.6789,4.064668179,4.066720486,1.637416363
2026-07-28T16:46:23.349950+00:00,667.884781,open,rgb,0.000,90.000,8,700,,0.258636364,56.6789,4.064799309,4.066933632,1.637591839
2026-07-28T16:46:23.500300+00:00,668.035132,open,rgb,0.000,90.000,9,700,,0.258721591,56.6724,4.064740658,4.066823483,1.637629509
2026-07-28T16:46:23.650647+00:00,668.185478,open,rgb,0.000,90.000,10,700,,0.258664773,56.6757,4.064851761,4.066815853,1.637604117
2026-07-28T16:46:23.800990+00:00,668.335822,open,rgb,0.000,90.000,11,700,,0.258835227,56.6660,4.064777851,4.066902161,1.637630463
2026-07-28T16:46:23.951273+00:00,668.486105,open,rgb,0.000,90.000,12,700,,0.258636364,56.6401,4.064702511,4.066812515,1.637439489
2026-07-28T16:46:24.101671+00:00,668.636503,open,rgb,0.000,90.000,13,700,,0.258693182,56.6272,4.064810753,4.066956520,1.637595773
2026-07-28T16:46:24.252035+00:00,668.786865,open,rgb,0.000,90.000,14,700,,0.258693182,56.6304,4.064770222,4.066908836,1.637674093
2026-07-28T16:46:24.402374+00:00,668.937207,open,rgb,0.000,90.000,15,700,,0.258551136,56.6336,4.064744473,4.066839695,1.636687040
2026-07-28T16:46:24.552711+00:00,669.087543,open,rgb,0.000,90.000,16,700,,0.258750000,56.6724,4.064802647,4.066973209,1.637475610
2026-07-28T16:46:24.703000+00:00,669.237830,open,rgb,0.000,90.000,17,700,,0.258636364,56.6918,4.064601898,4.066713810,1.637474418
2026-07-28T16:46:24.853463+00:00,669.388294,open,rgb,0.000,90.000,18,700,,0.258750000,56.7177,4.064679623,4.066627502,1.637477875
2026-07-28T16:46:25.003759+00:00,669.538591,open,rgb,0.000,90.000,19,700,,0.258750000,56.7404,4.064561367,4.066669464,1.637773752
2026-07-28T16:46:35.785346+00:00,680.320173,open,dark,15.000,-90.000,0,0,,0.000681818,56.7145,4.896883488,4.903493881,1.649481535
2026-07-28T16:46:35.936006+00:00,680.470837,open,dark,15.000,-90.000,1,0,,0.000681818,56.6627,4.896896362,4.903499126,1.649456382
2026-07-28T16:46:36.086358+00:00,680.621189,open,dark,15.000,-90.000,2,0,,0.000681818,56.6046,4.896895885,4.903513908,1.649600625
2026-07-28T16:46:36.236675+00:00,680.771503,open,dark,15.000,-90.000,3,0,,0.000681818,56.5303,4.896900654,4.903499126,1.649297476
2026-07-28T16:46:36.386962+00:00,680.921791,open,dark,15.000,-90.000,4,0,,0.000681818,56.4626,4.896908283,4.903496265,1.649438262
2026-07-28T16:46:36.537170+00:00,681.072001,open,dark,15.000,-90.000,5,0,,0.000710227,56.3854,4.896909237,4.903488636,1.649713993
2026-07-28T16:46:36.687335+00:00,681.222166,open,dark,15.000,-90.000,6,0,,0.000681818,56.3180,4.896902084,4.903474808,1.649437308
2026-07-28T16:46:36.837484+00:00,681.372316,open,dark,15.000,-90.000,7,0,,0.000681818,56.2474,4.896902084,4.903472900,1.649598479
2026-07-28T16:46:36.987593+00:00,681.522426,open,dark,15.000,-90.000,8,0,,0.000681818,56.1641,4.896901131,4.903493404,1.649489284
2026-07-28T16:46:37.137844+00:00,681.672674,open,dark,15.000,-90.000,9,0,,0.000681818,56.0938,4.896890640,4.903502941,1.649601698
2026-07-28T16:46:37.288070+00:00,681.822899,open,dark,15.000,-90.000,10,0,,0.000681818,56.0140,4.896889210,4.903481483,1.649626255
2026-07-28T16:46:37.438358+00:00,681.973188,open,dark,15.000,-90.000,11,0,,0.000681818,55.9279,4.896889687,4.903513908,1.649393678
2026-07-28T16:46:37.588590+00:00,682.123421,open,dark,15.000,-90.000,12,0,,0.000681818,55.8484,4.896893501,4.903507710,1.649517894
2026-07-28T16:46:37.739055+00:00,682.273882,open,dark,15.000,-90.000,13,0,,0.000681818,55.7595,4.896894455,4.903517246,1.649719357
2026-07-28T16:46:37.888919+00:00,682.423744,open,dark,15.000,-90.000,14,0,,0.000681818,55.6771,4.896903038,4.903522015,1.649533987
2026-07-28T16:46:38.039288+00:00,682.574118,open,dark,15.000,-90.000,15,0,,0.000681818,55.5980,4.896916389,4.903533936,1.649445176
2026-07-28T16:46:38.189511+00:00,682.724341,open,dark,15.000,-90.000,16,0,,0.000681818,55.5127,4.896898746,4.903519154,1.648977637
2026-07-28T16:46:38.339876+00:00,682.874705,open,dark,15.000,-90.000,17,0,,0.000681818,55.4402,4.896910667,4.903522491,1.649602890
2026-07-28T16:46:38.490197+00:00,683.025027,open,dark,15.000,-90.000,18,0,,0.000681818,55.3646,4.896920204,4.903531075,1.649745464
2026-07-28T16:46:38.640411+00:00,683.175242,open,dark,15.000,-90.000,19,0,,0.000681818,55.2829,4.896923065,4.903499603,1.649564981
2026-07-28T16:46:42.834105+00:00,687.368932,open,rgb,15.000,-90.000,0,700,,0.258721591,54.5691,4.061556339,4.064101696,1.637149692
2026-07-28T16:46:42.984520+00:00,687.519349,open,rgb,15.000,-90.000,1,700,,0.258607955,54.5815,4.061474323,4.064066887,1.636882901
2026-07-28T16:46:43.134124+00:00,687.668950,open,rgb,15.000,-90.000,2,700,,0.258721591,54.6124,4.061605453,4.064145565,1.637065053
2026-07-28T16:46:43.284457+00:00,687.819284,open,rgb,15.000,-90.000,3,700,,0.258693182,54.6217,4.061491013,4.064104080,1.637295485
2026-07-28T16:46:43.434807+00:00,687.969636,open,rgb,15.000,-90.000,4,700,,0.258778409,54.6496,4.061578751,4.064049244,1.637052298
2026-07-28T16:46:43.585010+00:00,688.119839,open,rgb,15.000,-90.000,5,700,,0.258863636,54.6682,4.061654091,4.064188957,1.637219787
2026-07-28T16:46:43.735263+00:00,688.270094,open,rgb,15.000,-90.000,6,700,,0.258664773,54.6775,4.061856270,4.064179420,1.636595488
2026-07-28T16:46:43.885460+00:00,688.420291,open,rgb,15.000,-90.000,7,700,,0.258863636,54.6961,4.061815262,4.064355850,1.637038946
2026-07-28T16:46:44.035597+00:00,688.570429,open,rgb,15.000,-90.000,8,700,,0.258892045,54.7209,4.061747551,4.064245701,1.637289643
2026-07-28T16:46:44.185730+00:00,688.720561,open,rgb,15.000,-90.000,9,700,,0.258750000,54.7365,4.061740398,4.064296722,1.637027860
2026-07-28T16:46:44.335982+00:00,688.870813,open,rgb,15.000,-90.000,10,700,,0.258778409,54.7644,4.061891556,4.064400196,1.637067914
2026-07-28T16:46:44.486149+00:00,689.020980,open,rgb,15.000,-90.000,11,700,,0.258750000,54.7831,4.061736107,4.064295769,1.637381911
2026-07-28T16:46:44.636397+00:00,689.171228,open,rgb,15.000,-90.000,12,700,,0.258863636,54.8110,4.061834335,4.064311028,1.637189984
2026-07-28T16:46:44.786620+00:00,689.321452,open,rgb,15.000,-90.000,13,700,,0.258778409,54.8297,4.061956882,4.064494133,1.637041569
2026-07-28T16:46:44.936774+00:00,689.471607,open,rgb,15.000,-90.000,14,700,,0.258835227,54.8452,4.062075138,4.064630508,1.636974692
2026-07-28T16:46:45.086980+00:00,689.621810,open,rgb,15.000,-90.000,15,700,,0.258636364,54.8639,4.062118053,4.064647198,1.637163162
2026-07-28T16:46:45.237288+00:00,689.772116,open,rgb,15.000,-90.000,16,700,,0.258750000,54.8826,4.061882496,4.064448357,1.637157559
2026-07-28T16:46:45.387516+00:00,689.922349,open,rgb,15.000,-90.000,17,700,,0.258636364,54.9075,4.061854362,4.064390182,1.636977077
2026-07-28T16:46:45.537644+00:00,690.072475,open,rgb,15.000,-90.000,18,700,,0.258750000,54.9262,4.062004566,4.064519405,1.637148261
2026-07-28T16:46:45.687863+00:00,690.222689,open,rgb,15.000,-90.000,19,700,,0.258750000,54.9418,4.061976910,4.064472198,1.637183189
2026-07-28T16:46:48.368324+00:00,692.903147,open,rgb,15.000,-75.000,0,700,,0.258693182,55.2138,4.062451839,4.065205097,1.636692166
2026-07-28T16:46:48.736904+00:00,693.271728,open,rgb,15.000,-75.000,1,700,,0.258664773,55.2515,4.062882900,4.065164089,1.636531591
2026-07-28T16:46:48.887570+00:00,693.422398,open,rgb,15.000,-75.000,2,700,,0.258693182,55.2672,4.062785149,4.065163612,1.636668801
2026-07-28T16:46:49.038048+00:00,693.572878,open,rgb,15.000,-75.000,3,700,,0.258750000,55.2860,4.062726974,4.065146923,1.637082577
2026-07-28T16:46:49.188552+00:00,693.723381,open,rgb,15.000,-75.000,4,700,,0.258721591,55.3049,4.062870026,4.065509319,1.637106061
2026-07-28T16:46:49.339127+00:00,693.873954,open,rgb,15.000,-75.000,5,700,,0.258551136,55.3080,4.062845707,4.065242290,1.636731982
2026-07-28T16:46:49.489621+00:00,694.024451,open,rgb,15.000,-75.000,6,700,,0.258778409,55.3300,4.062665462,4.065146923,1.636898518
2026-07-28T16:46:49.640043+00:00,694.174873,open,rgb,15.000,-75.000,7,700,,0.258778409,55.3489,4.062978268,4.065507412,1.637263536
2026-07-28T16:46:49.790358+00:00,694.325191,open,rgb,15.000,-75.000,8,700,,0.258664773,55.3489,4.063043118,4.065487862,1.637167573
2026-07-28T16:46:49.940826+00:00,694.475657,open,rgb,15.000,-75.000,9,700,,0.258664773,55.3646,4.063076973,4.065386772,1.636981487
2026-07-28T16:46:50.091194+00:00,694.626026,open,rgb,15.000,-75.000,10,700,,0.258806818,55.3803,4.063051224,4.065481186,1.637205601
2026-07-28T16:46:50.241512+00:00,694.776343,open,rgb,15.000,-75.000,11,700,,0.258579545,55.3929,4.063025475,4.065480709,1.637046218
2026-07-28T16:46:50.391898+00:00,694.926729,open,rgb,15.000,-75.000,12,700,,0.258693182,55.4055,4.063179970,4.065639496,1.637142897
2026-07-28T16:46:50.542198+00:00,695.077030,open,rgb,15.000,-75.000,13,700,,0.258693182,55.4244,4.063097954,4.065502167,1.637246847
2026-07-28T16:46:50.692616+00:00,695.227440,open,rgb,15.000,-75.000,14,700,,0.258721591,55.4307,4.063048840,4.065382004,1.637026668
2026-07-28T16:46:50.843090+00:00,695.377920,open,rgb,15.000,-75.000,15,700,,0.258693182,55.4559,4.062953472,4.065400124,1.637257099
2026-07-28T16:46:50.993476+00:00,695.528306,open,rgb,15.000,-75.000,16,700,,0.258693182,55.4622,4.062870026,4.065347672,1.637359977
2026-07-28T16:46:51.143898+00:00,695.678729,open,rgb,15.000,-75.000,17,700,,0.258721591,55.4748,4.062962532,4.065338135,1.637100697
2026-07-28T16:46:51.294225+00:00,695.829058,open,rgb,15.000,-75.000,18,700,,0.258778409,55.4843,4.063012123,4.065464020,1.637195826
2026-07-28T16:46:51.444566+00:00,695.979396,open,rgb,15.000,-75.000,19,700,,0.258721591,55.4875,4.062945843,4.065359116,1.637044072
2026-07-28T16:46:54.125991+00:00,698.660818,open,rgb,15.000,-60.000,0,700,,0.258636364,55.5379,4.063511372,4.065930367,1.637397051
2026-07-28T16:46:54.276518+00:00,698.811348,open,rgb,15.000,-60.000,1,700,,0.258664773,55.5474,4.063676834,4.065911770,1.637209535
2026-07-28T16:46:54.426872+00:00,698.961704,open,rgb,15.000,-60.000,2,700,,0.258636364,55.5664,4.063618183,4.065976143,1.637337923
2026-07-28T16:46:54.577173+00:00,699.112006,open,rgb,15.000,-60.000,3,700,,0.258551136,55.5664,4.063573360,4.065999985,1.637132168
2026-07-28T16:46:54.727558+00:00,699.262388,open,rgb,15.000,-60.000,4,700,,0.258664773,55.5601,4.063730240,4.066316605,1.637210965
2026-07-28T16:46:54.877954+00:00,699.412786,open,rgb,15.000,-60.000,5,700,,0.258551136,55.5537,4.063583374,4.066020012,1.637162209
2026-07-28T16:46:55.028304+00:00,699.563135,open,rgb,15.000,-60.000,6,700,,0.258607955,55.5759,4.063605309,4.066007614,1.637173891
2026-07-28T16:46:55.178666+00:00,699.713498,open,rgb,15.000,-60.000,7,700,,0.258806818,55.5601,4.063739300,4.066148281,1.637233496
2026-07-28T16:46:55.329242+00:00,699.864069,open,rgb,15.000,-60.000,8,700,,0.258721591,55.5506,4.063594818,4.066026688,1.637398005
2026-07-28T16:46:55.479760+00:00,700.014591,open,rgb,15.000,-60.000,9,700,,0.258721591,55.5727,4.063761234,4.066056252,1.637171984
2026-07-28T16:46:55.630173+00:00,700.165002,open,rgb,15.000,-60.000,10,700,,0.258693182,55.5980,4.063716412,4.066143513,1.637192011
2026-07-28T16:46:55.780370+00:00,700.315196,open,rgb,15.000,-60.000,11,700,,0.258693182,55.6075,4.063192368,4.065804958,1.637058139
2026-07-28T16:46:55.930884+00:00,700.465715,open,rgb,15.000,-60.000,12,700,,0.258835227,55.6391,4.063503265,4.065926552,1.637290597
2026-07-28T16:46:56.081250+00:00,700.616080,open,rgb,15.000,-60.000,13,700,,0.258664773,55.6644,4.063432217,4.065865517,1.637362599
2026-07-28T16:46:56.231714+00:00,700.766544,open,rgb,15.000,-60.000,14,700,,0.258806818,55.6707,4.063389778,4.065818310,1.637103081
2026-07-28T16:46:56.382143+00:00,700.916971,open,rgb,15.000,-60.000,15,700,,0.258806818,55.6802,4.063526154,4.065952301,1.637237906
2026-07-28T16:46:56.532604+00:00,701.067433,open,rgb,15.000,-60.000,16,700,,0.258607955,55.6866,4.063434601,4.065886497,1.637368202
2026-07-28T16:46:56.682987+00:00,701.217819,open,rgb,15.000,-60.000,17,700,,0.258806818,55.7024,4.063605785,4.065832615,1.637166619
2026-07-28T16:46:56.833429+00:00,701.368236,open,rgb,15.000,-60.000,18,700,,0.258778409,55.7183,4.063576221,4.065937519,1.637308955
2026-07-28T16:46:56.983941+00:00,701.518774,open,rgb,15.000,-60.000,19,700,,0.258778409,55.7309,4.063544750,4.065964699,1.637158036
2026-07-28T16:46:59.665448+00:00,704.200276,open,rgb,15.000,-45.000,0,700,,0.258778409,55.8961,4.065068245,4.067483425,1.637331843
2026-07-28T16:46:59.816009+00:00,704.350838,open,rgb,15.000,-45.000,1,700,,0.258778409,55.9088,4.065226078,4.067392826,1.637114882
2026-07-28T16:46:59.966368+00:00,704.501199,open,rgb,15.000,-45.000,2,700,,0.258806818,55.9184,4.065035820,4.067489624,1.637445092
2026-07-28T16:47:00.116737+00:00,704.651568,open,rgb,15.000,-45.000,3,700,,0.258778409,55.9184,4.065038204,4.067470551,1.637249112
2026-07-28T16:47:00.267170+00:00,704.802001,open,rgb,15.000,-45.000,4,700,,0.258721591,55.9247,4.065503597,4.067953110,1.637268662
2026-07-28T16:47:00.417499+00:00,704.952331,open,rgb,15.000,-45.000,5,700,,0.258607955,55.9120,4.065276146,4.067638397,1.637201309
2026-07-28T16:47:00.567848+00:00,705.102679,open,rgb,15.000,-45.000,6,700,,0.258778409,55.9216,4.065166473,4.067516804,1.637333035
2026-07-28T16:47:00.718249+00:00,705.253075,open,rgb,15.000,-45.000,7,700,,0.258778409,55.9343,4.065319061,4.067424297,1.637522101
2026-07-28T16:47:00.868749+00:00,705.403579,open,rgb,15.000,-45.000,8,700,,0.258835227,55.9407,4.065155029,4.067574024,1.637398958
2026-07-28T16:47:01.019200+00:00,705.554030,open,rgb,15.000,-45.000,9,700,,0.258835227,55.9407,4.065231800,4.067448616,1.637094259
2026-07-28T16:47:01.169646+00:00,705.704476,open,rgb,15.000,-45.000,10,700,,0.258750000,55.9438,4.065168381,4.067543030,1.637238145
2026-07-28T16:47:01.320246+00:00,705.855074,open,rgb,15.000,-45.000,11,700,,0.258806818,55.9438,4.065043449,4.067430019,1.637122631
2026-07-28T16:47:01.470707+00:00,706.005537,open,rgb,15.000,-45.000,12,700,,0.258750000,55.9630,4.065231323,4.067608833,1.637280583
2026-07-28T16:47:01.621030+00:00,706.155860,open,rgb,15.000,-45.000,13,700,,0.258750000,55.9789,4.065181732,4.067569256,1.637382388
2026-07-28T16:47:01.771460+00:00,706.306289,open,rgb,15.000,-45.000,14,700,,0.258607955,55.9789,4.065154076,4.067609787,1.637176156
2026-07-28T16:47:01.921883+00:00,706.456714,open,rgb,15.000,-45.000,15,700,,0.258721591,55.9821,4.065327168,4.067712784,1.637232780
2026-07-28T16:47:02.072235+00:00,706.607066,open,rgb,15.000,-45.000,16,700,,0.258721591,55.9821,4.065152645,4.067575455,1.637362838
2026-07-28T16:47:02.222606+00:00,706.757436,open,rgb,15.000,-45.000,17,700,,0.258750000,55.9980,4.065300941,4.067636967,1.637266874
2026-07-28T16:47:02.372981+00:00,706.907813,open,rgb,15.000,-45.000,18,700,,0.258806818,56.0044,4.065321922,4.067717075,1.637318134
2026-07-28T16:47:02.523438+00:00,707.058267,open,rgb,15.000,-45.000,19,700,,0.258750000,56.0044,4.065236092,4.067595005,1.637004495
2026-07-28T16:47:05.204700+00:00,709.739528,open,rgb,15.000,-30.000,0,700,,0.258721591,56.0395,4.064913273,4.067421436,1.637239814
2026-07-28T16:47:05.355186+00:00,709.890017,open,rgb,15.000,-30.000,1,700,,0.258693182,56.0491,4.065024376,4.067446232,1.637175918
2026-07-28T16:47:05.505570+00:00,710.040402,open,rgb,15.000,-30.000,2,700,,0.258693182,56.0650,4.064986229,4.067451954,1.637327909
2026-07-28T16:47:05.655990+00:00,710.190820,open,rgb,15.000,-30.000,3,700,,0.258750000,56.0682,4.064981937,4.067485809,1.637137771
2026-07-28T16:47:05.806426+00:00,710.341253,open,rgb,15.000,-30.000,4,700,,0.258721591,56.0746,4.064930916,4.067507744,1.637178779
2026-07-28T16:47:05.956852+00:00,710.491682,open,rgb,15.000,-30.000,5,700,,0.258750000,56.0778,4.064664364,4.067140579,1.637268186
2026-07-28T16:47:06.107226+00:00,710.642055,open,rgb,15.000,-30.000,6,700,,0.258835227,56.0906,4.064690590,4.067158222,1.637275696
2026-07-28T16:47:06.257780+00:00,710.792608,open,rgb,15.000,-30.000,7,700,,0.258892045,56.1066,4.064795017,4.067228317,1.637374401
2026-07-28T16:47:06.408233+00:00,710.943064,open,rgb,15.000,-30.000,8,700,,0.258863636,56.1161,4.064770699,4.067241669,1.637313604
2026-07-28T16:47:06.558615+00:00,711.093447,open,rgb,15.000,-30.000,9,700,,0.258863636,56.1289,4.064826488,4.067293644,1.637157083
2026-07-28T16:47:06.709070+00:00,711.243901,open,rgb,15.000,-30.000,10,700,,0.258806818,56.1353,4.064832687,4.067321301,1.637298465
2026-07-28T16:47:06.859439+00:00,711.394270,open,rgb,15.000,-30.000,11,700,,0.258778409,56.1257,4.064783096,4.067265511,1.637073040
2026-07-28T16:47:07.009689+00:00,711.544521,open,rgb,15.000,-30.000,12,700,,0.258778409,56.1353,4.064867020,4.067400932,1.637233019
2026-07-28T16:47:07.160086+00:00,711.694916,open,rgb,15.000,-30.000,13,700,,0.258721591,56.1417,4.064756393,4.067285538,1.637408018
2026-07-28T16:47:07.310486+00:00,711.845315,open,rgb,15.000,-30.000,14,700,,0.258750000,56.1545,4.064720154,4.067161083,1.637234211
2026-07-28T16:47:07.460929+00:00,711.995760,open,rgb,15.000,-30.000,15,700,,0.258806818,56.1673,4.064816952,4.067320824,1.637291074
2026-07-28T16:47:07.611265+00:00,712.146096,open,rgb,15.000,-30.000,16,700,,0.258863636,56.1737,4.064809322,4.067352295,1.637269378
2026-07-28T16:47:07.761631+00:00,712.296461,open,rgb,15.000,-30.000,17,700,,0.258778409,56.1833,4.064949989,4.067345142,1.637099147
2026-07-28T16:47:07.912082+00:00,712.446914,open,rgb,15.000,-30.000,18,700,,0.258778409,56.1769,4.065078259,4.067527771,1.637315273
2026-07-28T16:47:08.062373+00:00,712.597205,open,rgb,15.000,-30.000,19,700,,0.258750000,56.1257,4.064945221,4.067377090,1.637032986
2026-07-28T16:47:10.743793+00:00,715.278618,open,rgb,15.000,-15.000,0,700,,0.258664773,56.1417,4.064764023,4.067079544,1.637363315
2026-07-28T16:47:10.894382+00:00,715.429210,open,rgb,15.000,-15.000,1,700,,0.258835227,56.1641,4.064970493,4.067133904,1.637269378
2026-07-28T16:47:11.044848+00:00,715.579679,open,rgb,15.000,-15.000,2,700,,0.258806818,56.1833,4.064873695,4.067172527,1.637292027
2026-07-28T16:47:11.195298+00:00,715.730127,open,rgb,15.000,-15.000,3,700,,0.258806818,56.1993,4.064859390,4.067110062,1.637146115
2026-07-28T16:47:11.345725+00:00,715.880554,open,rgb,15.000,-15.000,4,700,,0.258863636,56.2153,4.065161705,4.067501545,1.637310386
2026-07-28T16:47:11.496163+00:00,716.030995,open,rgb,15.000,-15.000,5,700,,0.258579545,56.1993,4.064875126,4.067130566,1.637269855
2026-07-28T16:47:11.646590+00:00,716.181420,open,rgb,15.000,-15.000,6,700,,0.258806818,56.2121,4.064902306,4.067072392,1.637169242
2026-07-28T16:47:11.797000+00:00,716.331833,open,rgb,15.000,-15.000,7,700,,0.258806818,56.2249,4.064954758,4.067187786,1.637277365
2026-07-28T16:47:11.947295+00:00,716.482127,open,rgb,15.000,-15.000,8,700,,0.258778409,56.2185,4.064913750,4.067118645,1.637333274
2026-07-28T16:47:12.097628+00:00,716.632460,open,rgb,15.000,-15.000,9,700,,0.258806818,56.2057,4.065022469,4.067223549,1.637306929
2026-07-28T16:47:12.248055+00:00,716.782885,open,rgb,15.000,-15.000,10,700,,0.258778409,56.1929,4.064974785,4.067204475,1.637360930
2026-07-28T16:47:12.398352+00:00,716.933183,open,rgb,15.000,-15.000,11,700,,0.258750000,56.1705,4.064860344,4.067172527,1.637129426
2026-07-28T16:47:12.548762+00:00,717.083592,open,rgb,15.000,-15.000,12,700,,0.258863636,56.1737,4.064847469,4.067173958,1.637370467
2026-07-28T16:47:12.699273+00:00,717.234102,open,rgb,15.000,-15.000,13,700,,0.258778409,56.1481,4.064916134,4.067102909,1.637523532
2026-07-28T16:47:12.849619+00:00,717.384452,open,rgb,15.000,-15.000,14,700,,0.258835227,56.1193,4.064958096,4.067172050,1.637241483
2026-07-28T16:47:12.999961+00:00,717.534793,open,rgb,15.000,-15.000,15,700,,0.258778409,56.1225,4.064973831,4.067251682,1.637268901
2026-07-28T16:47:13.150248+00:00,717.685080,open,rgb,15.000,-15.000,16,700,,0.258721591,56.1353,4.064906120,4.067120552,1.637172461
2026-07-28T16:47:13.300795+00:00,717.835620,open,rgb,15.000,-15.000,17,700,,0.258778409,56.1801,4.064990997,4.067189217,1.637283325
2026-07-28T16:47:13.451152+00:00,717.985982,open,rgb,15.000,-15.000,18,700,,0.258892045,56.2121,4.064993382,4.067221165,1.637303591
2026-07-28T16:47:13.601398+00:00,718.136229,open,rgb,15.000,-15.000,19,700,,0.258778409,56.2282,4.064917088,4.067149162,1.637061834
2026-07-28T16:47:16.282159+00:00,720.816985,open,rgb,15.000,0.000,0,700,,0.258806818,56.3758,4.064846516,4.066742897,1.637287974
2026-07-28T16:47:16.432749+00:00,720.967580,open,rgb,15.000,0.000,1,700,,0.258863636,56.3822,4.064979076,4.066888809,1.637259126
2026-07-28T16:47:16.583115+00:00,721.117945,open,rgb,15.000,0.000,2,700,,0.258806818,56.3822,4.064981461,4.066918373,1.637327433
2026-07-28T16:47:16.733469+00:00,721.268299,open,rgb,15.000,0.000,3,700,,0.258835227,56.3790,4.064820290,4.066781044,1.637046456
2026-07-28T16:47:16.883856+00:00,721.418688,open,rgb,15.000,0.000,4,700,,0.258835227,56.3790,4.065116405,4.067110062,1.637204885
2026-07-28T16:47:17.034102+00:00,721.568933,open,rgb,15.000,0.000,5,700,,0.258607955,56.3597,4.064853668,4.066805840,1.637140751
2026-07-28T16:47:17.184388+00:00,721.719219,open,rgb,15.000,0.000,6,700,,0.258778409,56.3758,4.065004826,4.066756725,1.637114048
2026-07-28T16:47:17.334623+00:00,721.869452,open,rgb,15.000,0.000,7,700,,0.258863636,56.3629,4.064965248,4.066904545,1.637282848
2026-07-28T16:47:17.484965+00:00,722.019795,open,rgb,15.000,0.000,8,700,,0.258806818,56.3501,4.064840794,4.066771984,1.637231469
2026-07-28T16:47:17.635306+00:00,722.170136,open,rgb,15.000,0.000,9,700,,0.258863636,56.3533,4.064953804,4.066897392,1.637283325
2026-07-28T16:47:17.785646+00:00,722.320477,open,rgb,15.000,0.000,10,700,,0.258721591,56.3629,4.064985275,4.067043304,1.637343884
2026-07-28T16:47:17.936009+00:00,722.470842,open,rgb,15.000,0.000,11,700,,0.258806818,56.3533,4.065133572,4.067074299,1.637028694
2026-07-28T16:47:18.086157+00:00,722.620989,open,rgb,15.000,0.000,12,700,,0.258721591,56.3629,4.065221786,4.067020893,1.637207150
2026-07-28T16:47:18.236474+00:00,722.771304,open,rgb,15.000,0.000,13,700,,0.258693182,56.3693,4.064912319,4.066859245,1.637418032
2026-07-28T16:47:18.386803+00:00,722.921636,open,rgb,15.000,0.000,14,700,,0.258835227,56.3822,4.065040112,4.066864014,1.637175560
2026-07-28T16:47:18.537037+00:00,723.071869,open,rgb,15.000,0.000,15,700,,0.258750000,56.4015,4.065093040,4.067050934,1.637173891
2026-07-28T16:47:18.687423+00:00,723.222254,open,rgb,15.000,0.000,16,700,,0.258778409,56.4144,4.064970493,4.066880226,1.637082338
2026-07-28T16:47:18.837734+00:00,723.372566,open,rgb,15.000,0.000,17,700,,0.258750000,56.4337,4.065088272,4.066979408,1.637167335
2026-07-28T16:47:18.988135+00:00,723.522964,open,rgb,15.000,0.000,18,700,,0.258750000,56.4562,4.064916134,4.066873550,1.637532353
2026-07-28T16:47:19.138595+00:00,723.673426,open,rgb,15.000,0.000,19,700,,0.258863636,56.4530,4.064889908,4.066879272,1.637311816
2026-07-28T16:47:21.820575+00:00,726.355402,open,rgb,15.000,15.000,0,700,,0.258806818,56.4755,4.064845085,4.065682888,1.637178779
2026-07-28T16:47:21.970941+00:00,726.505771,open,rgb,15.000,15.000,1,700,,0.258806818,56.4755,4.065171242,4.066017151,1.637384892
2026-07-28T16:47:22.121129+00:00,726.655960,open,rgb,15.000,15.000,2,700,,0.258750000,56.4498,4.065201283,4.066076279,1.637368202
2026-07-28T16:47:22.271471+00:00,726.806301,open,rgb,15.000,15.000,3,700,,0.258721591,56.4465,4.065078735,4.065900803,1.637107968
2026-07-28T16:47:22.421640+00:00,726.956470,open,rgb,15.000,15.000,4,700,,0.258750000,56.4498,4.065270424,4.066195488,1.637409210
2026-07-28T16:47:22.571821+00:00,727.106652,open,rgb,15.000,15.000,5,700,,0.258664773,56.4240,4.065146446,4.065991879,1.637317419
2026-07-28T16:47:22.721968+00:00,727.256798,open,rgb,15.000,15.000,6,700,,0.258750000,56.4272,4.065259933,4.065912247,1.637295008
2026-07-28T16:47:22.872143+00:00,727.406975,open,rgb,15.000,15.000,7,700,,0.258750000,56.4337,4.065254688,4.066123962,1.637394667
2026-07-28T16:47:23.022354+00:00,727.557185,open,rgb,15.000,15.000,8,700,,0.258721591,56.4369,4.065105438,4.066000938,1.637258410
2026-07-28T16:47:23.172469+00:00,727.707300,open,rgb,15.000,15.000,9,700,,0.258693182,56.4465,4.065296650,4.066159248,1.637242079
2026-07-28T16:47:23.322621+00:00,727.857452,open,rgb,15.000,15.000,10,700,,0.258664773,56.4562,4.065135956,4.066055298,1.637419224
2026-07-28T16:47:23.472827+00:00,728.007659,open,rgb,15.000,15.000,11,700,,0.258693182,56.4530,4.065063477,4.065963745,1.637197852
2026-07-28T16:47:23.623022+00:00,728.157852,open,rgb,15.000,15.000,12,700,,0.258806818,56.4755,4.065163136,4.066105843,1.637369752
2026-07-28T16:47:23.773377+00:00,728.308206,open,rgb,15.000,15.000,13,700,,0.258721591,56.4755,4.065130234,4.066035271,1.637426138
2026-07-28T16:47:23.923725+00:00,728.458555,open,rgb,15.000,15.000,14,700,,0.258806818,56.4852,4.065247059,4.065912247,1.637313843
2026-07-28T16:47:24.073803+00:00,728.608636,open,rgb,15.000,15.000,15,700,,0.258721591,56.5013,4.065134048,4.066028595,1.637603641
2026-07-28T16:47:24.224019+00:00,728.758850,open,rgb,15.000,15.000,16,700,,0.258664773,56.5110,4.065145493,4.066023350,1.637350440
2026-07-28T16:47:24.374260+00:00,728.909091,open,rgb,15.000,15.000,17,700,,0.258750000,56.5174,4.065259933,4.066148758,1.637236118
2026-07-28T16:47:24.524631+00:00,729.059458,open,rgb,15.000,15.000,18,700,,0.258636364,56.5303,4.065038681,4.065939903,1.637390256
2026-07-28T16:47:24.674983+00:00,729.209811,open,rgb,15.000,15.000,19,700,,0.258778409,56.5432,4.064901352,4.065865993,1.637060881
2026-07-28T16:47:27.356897+00:00,731.891725,open,rgb,15.000,30.000,0,700,,0.258693182,56.6369,4.064929485,4.065399647,1.637222767
2026-07-28T16:47:27.507180+00:00,732.042010,open,rgb,15.000,30.000,1,700,,0.258835227,56.6401,4.065046787,4.065514088,1.637320399
2026-07-28T16:47:27.657510+00:00,732.192338,open,rgb,15.000,30.000,2,700,,0.258750000,56.6563,4.064931393,4.065433025,1.637398481
2026-07-28T16:47:27.807920+00:00,732.342749,open,rgb,15.000,30.000,3,700,,0.258721591,56.6627,4.064847946,4.065320015,1.637184620
2026-07-28T16:47:27.958104+00:00,732.492936,open,rgb,15.000,30.000,4,700,,0.258778409,56.6789,4.065181255,4.065689087,1.637359500
2026-07-28T16:47:28.108336+00:00,732.643167,open,rgb,15.000,30.000,5,700,,0.258664773,56.6692,4.064973831,4.065423489,1.637125611
2026-07-28T16:47:28.258596+00:00,732.793425,open,rgb,15.000,30.000,6,700,,0.258806818,56.6951,4.065073967,4.065462589,1.637217641
2026-07-28T16:47:28.408806+00:00,732.943638,open,rgb,15.000,30.000,7,700,,0.258778409,56.6918,4.065059185,4.065524101,1.637306452
2026-07-28T16:47:28.558993+00:00,733.093825,open,rgb,15.000,30.000,8,700,,0.258693182,56.6563,4.064930916,4.065382481,1.637108922
2026-07-28T16:47:28.709124+00:00,733.243954,open,rgb,15.000,30.000,9,700,,0.258892045,56.6142,4.065057755,4.065527439,1.637296915
2026-07-28T16:47:28.859322+00:00,733.394152,open,rgb,15.000,30.000,10,700,,0.258806818,56.5981,4.064968109,4.065427303,1.637415648
2026-07-28T16:47:29.009468+00:00,733.544300,open,rgb,15.000,30.000,11,700,,0.258863636,56.5690,4.064949989,4.065391541,1.637142658
2026-07-28T16:47:29.159676+00:00,733.694507,open,rgb,15.000,30.000,12,700,,0.258806818,56.5594,4.065098286,4.065566063,1.637294769
2026-07-28T16:47:29.309805+00:00,733.844636,open,rgb,15.000,30.000,13,700,,0.258863636,56.5497,4.064941883,4.065400124,1.637276888
2026-07-28T16:47:29.459940+00:00,733.994772,open,rgb,15.000,30.000,14,700,,0.258750000,56.5561,4.065076828,4.065485001,1.637262821
2026-07-28T16:47:29.610050+00:00,734.144880,open,rgb,15.000,30.000,15,700,,0.258693182,56.5464,4.065045357,4.065523624,1.637249589
2026-07-28T16:47:29.760283+00:00,734.295112,open,rgb,15.000,30.000,16,700,,0.258778409,56.5690,4.064942360,4.065418720,1.637077212
2026-07-28T16:47:29.910725+00:00,734.445554,open,rgb,15.000,30.000,17,700,,0.258721591,56.5884,4.065073490,4.065552711,1.637249827
2026-07-28T16:47:30.060930+00:00,734.595761,open,rgb,15.000,30.000,18,700,,0.258835227,56.6013,4.065000534,4.065508366,1.637441993
2026-07-28T16:47:30.211048+00:00,734.745874,open,rgb,15.000,30.000,19,700,,0.258806818,56.6239,4.065007687,4.065487385,1.636778831
2026-07-28T16:47:32.892827+00:00,737.427654,open,rgb,15.000,45.000,0,700,,0.258721591,56.6918,4.065101624,4.065665245,1.637130976
2026-07-28T16:47:33.043291+00:00,737.578123,open,rgb,15.000,45.000,1,700,,0.258806818,56.7113,4.065246582,4.065822124,1.637306929
2026-07-28T16:47:33.193718+00:00,737.728548,open,rgb,15.000,45.000,2,700,,0.258664773,56.7177,4.065218449,4.065823078,1.637360215
2026-07-28T16:47:33.344084+00:00,737.878915,open,rgb,15.000,45.000,3,700,,0.258750000,56.7307,4.065157413,4.065709591,1.637116075
2026-07-28T16:47:33.494498+00:00,738.029330,open,rgb,15.000,45.000,4,700,,0.258806818,56.7404,4.065389156,4.066044807,1.637386322
2026-07-28T16:47:33.644820+00:00,738.179651,open,rgb,15.000,45.000,5,700,,0.258579545,56.7242,4.065254211,4.065908432,1.636995196
2026-07-28T16:47:33.795158+00:00,738.329989,open,rgb,15.000,45.000,6,700,,0.258693182,56.7372,4.065344810,4.065913200,1.637087226
2026-07-28T16:47:33.945543+00:00,738.480373,open,rgb,15.000,45.000,7,700,,0.258721591,56.7501,4.065245152,4.065915108,1.637254953
2026-07-28T16:47:34.095947+00:00,738.630779,open,rgb,15.000,45.000,8,700,,0.258750000,56.7339,4.065111637,4.065781116,1.636954665
2026-07-28T16:47:34.246223+00:00,738.781054,open,rgb,15.000,45.000,9,700,,0.258721591,56.7080,4.065267086,4.065855026,1.637305260
2026-07-28T16:47:34.396555+00:00,738.931387,open,rgb,15.000,45.000,10,700,,0.258750000,56.6466,4.065168381,4.065834045,1.637372375
2026-07-28T16:47:34.546835+00:00,739.081667,open,rgb,15.000,45.000,11,700,,0.258778409,56.6142,4.065171242,4.065757275,1.637130737
2026-07-28T16:47:34.697154+00:00,739.231985,open,rgb,15.000,45.000,12,700,,0.258778409,56.6013,4.065197468,4.065874577,1.637302279
2026-07-28T16:47:34.847653+00:00,739.382481,open,rgb,15.000,45.000,13,700,,0.258778409,56.5755,4.065195560,4.065843582,1.636904359
2026-07-28T16:47:34.998633+00:00,739.533462,open,rgb,15.000,45.000,14,700,,0.258778409,56.5819,4.065292835,4.065899372,1.637146831
2026-07-28T16:47:35.148922+00:00,739.683753,open,rgb,15.000,45.000,15,700,,0.258835227,56.6239,4.065091133,4.065809727,1.637533069
2026-07-28T16:47:35.299094+00:00,739.833926,open,rgb,15.000,45.000,16,700,,0.258750000,56.6498,4.065020561,4.065710545,1.637251019
2026-07-28T16:47:35.449285+00:00,739.984116,open,rgb,15.000,45.000,17,700,,0.258835227,56.6724,4.065255165,4.065878391,1.637364149
2026-07-28T16:47:35.599772+00:00,740.134597,open,rgb,15.000,45.000,18,700,,0.258806818,56.6789,4.064859390,4.065513134,1.637418509
2026-07-28T16:47:35.750308+00:00,740.285133,open,rgb,15.000,45.000,19,700,,0.258664773,56.6757,4.065214157,4.065678120,1.637276173
2026-07-28T16:47:38.431759+00:00,742.966587,open,rgb,15.000,60.000,0,700,,0.258636364,56.7469,4.065583229,4.066082954,1.637139678
2026-07-28T16:47:38.582173+00:00,743.117004,open,rgb,15.000,60.000,1,700,,0.258664773,56.7599,4.065658092,4.066166401,1.637365818
2026-07-28T16:47:38.732575+00:00,743.267405,open,rgb,15.000,60.000,2,700,,0.258806818,56.7534,4.065590858,4.066133022,1.637506127
2026-07-28T16:47:38.882960+00:00,743.417792,open,rgb,15.000,60.000,3,700,,0.258778409,56.7696,4.065688610,4.066110134,1.637197137
2026-07-28T16:47:39.033311+00:00,743.568141,open,rgb,15.000,60.000,4,700,,0.258721591,56.7825,4.065883636,4.066429615,1.637351871
2026-07-28T16:47:39.183764+00:00,743.718595,open,rgb,15.000,60.000,5,700,,0.258607955,56.7825,4.065640450,4.066167831,1.636979342
2026-07-28T16:47:39.334099+00:00,743.868930,open,rgb,15.000,60.000,6,700,,0.258664773,56.8182,4.065708160,4.066247463,1.637255669
2026-07-28T16:47:39.484405+00:00,744.019237,open,rgb,15.000,60.000,7,700,,0.258778409,56.8247,4.065633297,4.066169262,1.637520075
2026-07-28T16:47:39.634675+00:00,744.169506,open,rgb,15.000,60.000,8,700,,0.258778409,56.8085,4.065608025,4.066134453,1.637150764
2026-07-28T16:47:39.785014+00:00,744.319845,open,rgb,15.000,60.000,9,700,,0.258636364,56.7566,4.065726757,4.066226959,1.637307644
2026-07-28T16:47:39.935478+00:00,744.470306,open,rgb,15.000,60.000,10,700,,0.258636364,56.6660,4.065646172,4.066171169,1.637360454
2026-07-28T16:47:40.086112+00:00,744.620941,open,rgb,15.000,60.000,11,700,,0.258607955,56.6466,4.065725327,4.066103458,1.637154341
2026-07-28T16:47:40.236625+00:00,744.771453,open,rgb,15.000,60.000,12,700,,0.258778409,56.6692,4.065444946,4.066023350,1.637384057
2026-07-28T16:47:40.387141+00:00,744.921971,open,rgb,15.000,60.000,13,700,,0.258693182,56.6918,4.065406322,4.065955639,1.637187123
2026-07-28T16:47:40.537479+00:00,745.072311,open,rgb,15.000,60.000,14,700,,0.258721591,56.7113,4.065578938,4.066096306,1.637205601
2026-07-28T16:47:40.688025+00:00,745.222853,open,rgb,15.000,60.000,15,700,,0.258863636,56.7339,4.065564156,4.066073895,1.637272239
2026-07-28T16:47:40.838732+00:00,745.373559,open,rgb,15.000,60.000,16,700,,0.258750000,56.7501,4.065423965,4.065406799,1.637073755
2026-07-28T16:47:40.989252+00:00,745.524079,open,rgb,15.000,60.000,17,700,,0.258778409,56.7761,4.065600395,4.066148758,1.637123823
2026-07-28T16:47:41.139780+00:00,745.674607,open,rgb,15.000,60.000,18,700,,0.258636364,56.7761,4.065439224,4.066007614,1.637305975
2026-07-28T16:47:41.290220+00:00,745.825051,open,rgb,15.000,60.000,19,700,,0.258721591,56.7890,4.065618038,4.065948009,1.637152910
2026-07-28T16:47:43.971653+00:00,748.506481,open,rgb,15.000,75.000,0,700,,0.258835227,56.8832,4.065798759,4.066518784,1.637098908
2026-07-28T16:47:44.122196+00:00,748.657026,open,rgb,15.000,75.000,1,700,,0.258778409,56.8864,4.065916538,4.066662312,1.637290359
2026-07-28T16:47:44.272662+00:00,748.807491,open,rgb,15.000,75.000,2,700,,0.258721591,56.8799,4.065866947,4.066620827,1.637429237
2026-07-28T16:47:44.423076+00:00,748.957907,open,rgb,15.000,75.000,3,700,,0.258806818,56.8832,4.065909863,4.066489220,1.637216330
2026-07-28T16:47:44.573606+00:00,749.108437,open,rgb,15.000,75.000,4,700,,0.258750000,56.8864,4.065992832,4.066761971,1.637452483
2026-07-28T16:47:44.724026+00:00,749.258858,open,rgb,15.000,75.000,5,700,,0.258693182,56.8669,4.066009521,4.066751957,1.637076259
2026-07-28T16:47:44.874452+00:00,749.409284,open,rgb,15.000,75.000,6,700,,0.258607955,56.8767,4.066209316,4.066963673,1.637230992
2026-07-28T16:47:45.024751+00:00,749.559583,open,rgb,15.000,75.000,7,700,,0.258664773,56.8864,4.066149712,4.066904068,1.637260318
2026-07-28T16:47:45.175353+00:00,749.710181,open,rgb,15.000,75.000,8,700,,0.258607955,56.8669,4.066163063,4.066868782,1.637014985
2026-07-28T16:47:45.325830+00:00,749.860658,open,rgb,15.000,75.000,9,700,,0.258607955,56.8864,4.066047192,4.066752911,1.637078881
2026-07-28T16:47:45.476307+00:00,750.011138,open,rgb,15.000,75.000,10,700,,0.258721591,56.8962,4.065914631,4.066586971,1.637307882
2026-07-28T16:47:45.626657+00:00,750.161489,open,rgb,15.000,75.000,11,700,,0.258778409,56.9189,4.066011429,4.066542625,1.637186170
2026-07-28T16:47:45.777047+00:00,750.311873,open,rgb,15.000,75.000,12,700,,0.258806818,56.9417,4.065978050,4.066696644,1.637329459
2026-07-28T16:47:45.927544+00:00,750.462375,open,rgb,15.000,75.000,13,700,,0.258750000,56.9515,4.065925598,4.066675663,1.637116551
2026-07-28T16:47:46.078031+00:00,750.612855,open,rgb,15.000,75.000,14,700,,0.258835227,56.9743,4.066029072,4.066460133,1.637183666
2026-07-28T16:47:46.228678+00:00,750.763504,open,rgb,15.000,75.000,15,700,,0.258835227,57.0003,4.065892696,4.066701889,1.637336731
2026-07-28T16:47:46.379460+00:00,750.914289,open,rgb,15.000,75.000,16,700,,0.258750000,57.0036,4.065845490,4.066617966,1.637197614
2026-07-28T16:47:46.530006+00:00,751.064836,open,rgb,15.000,75.000,17,700,,0.258750000,57.0068,4.066006184,4.066714287,1.637306929
2026-07-28T16:47:46.680433+00:00,751.215262,open,rgb,15.000,75.000,18,700,,0.258693182,57.0003,4.065969944,4.066715717,1.637286186
2026-07-28T16:47:46.830839+00:00,751.365670,open,rgb,15.000,75.000,19,700,,0.258778409,56.9970,4.066108704,4.066669464,1.637088895
2026-07-28T16:47:49.512318+00:00,754.047146,open,rgb,15.000,90.000,0,700,,0.258693182,57.0851,4.066076756,4.066901684,1.636966348
2026-07-28T16:47:49.662729+00:00,754.197559,open,rgb,15.000,90.000,1,700,,0.258892045,57.1047,4.066439152,4.067308426,1.637166142
2026-07-28T16:47:49.813142+00:00,754.347973,open,rgb,15.000,90.000,2,700,,0.258579545,57.0916,4.066252232,4.067076206,1.637222767
2026-07-28T16:47:49.963561+00:00,754.498392,open,rgb,15.000,90.000,3,700,,0.258693182,57.1047,4.066376686,4.067101002,1.637146115
2026-07-28T16:47:50.114014+00:00,754.648842,open,rgb,15.000,90.000,4,700,,0.258721591,57.1177,4.066500187,4.067334652,1.637389779
2026-07-28T16:47:50.264509+00:00,754.799338,open,rgb,15.000,90.000,5,700,,0.258693182,57.1047,4.066305637,4.067249775,1.637148976
2026-07-28T16:47:50.415085+00:00,754.949917,open,rgb,15.000,90.000,6,700,,0.258721591,57.0916,4.066482544,4.067355156,1.637072325
2026-07-28T16:47:50.565459+00:00,755.100292,open,rgb,15.000,90.000,7,700,,0.258693182,57.0786,4.066319942,4.067211628,1.637272596
2026-07-28T16:47:50.715867+00:00,755.250698,open,rgb,15.000,90.000,8,700,,0.258636364,57.0720,4.066272736,4.067131996,1.637044311
2026-07-28T16:47:50.866378+00:00,755.401205,open,rgb,15.000,90.000,9,700,,0.258806818,57.0786,4.066207886,4.067052364,1.637240767
2026-07-28T16:47:51.016853+00:00,755.551684,open,rgb,15.000,90.000,10,700,,0.258693182,57.0786,4.066218853,4.067086220,1.637196422
2026-07-28T16:47:51.167176+00:00,755.702006,open,rgb,15.000,90.000,11,700,,0.258778409,57.0851,4.066263676,4.066948414,1.637068629
2026-07-28T16:47:51.318206+00:00,755.853026,open,rgb,15.000,90.000,12,700,,0.258721591,57.0949,4.066203117,4.067122936,1.637264013
2026-07-28T16:47:51.469001+00:00,756.003827,open,rgb,15.000,90.000,13,700,,0.258806818,57.0949,4.066104412,4.067013741,1.636994958
2026-07-28T16:47:51.619564+00:00,756.154395,open,rgb,15.000,90.000,14,700,,0.258778409,57.0851,4.066262722,4.067158222,1.637159944
2026-07-28T16:47:51.769977+00:00,756.304806,open,rgb,15.000,90.000,15,700,,0.258693182,57.0949,4.066175938,4.067095757,1.637275457
2026-07-28T16:47:51.920419+00:00,756.455248,open,rgb,15.000,90.000,16,700,,0.258721591,57.0916,4.065995693,4.066911221,1.637070656
2026-07-28T16:47:52.070738+00:00,756.605569,open,rgb,15.000,90.000,17,700,,0.258750000,57.1047,4.066146851,4.066997528,1.637409210
2026-07-28T16:47:52.221044+00:00,756.755875,open,rgb,15.000,90.000,18,700,,0.258863636,57.1014,4.066097260,4.066994190,1.637392640
2026-07-28T16:47:52.371443+00:00,756.906274,open,rgb,15.000,90.000,19,700,,0.258806818,57.1014,4.066257477,4.067003727,1.637261033
2026-07-28T16:48:03.152831+00:00,767.687659,open,dark,30.000,-90.000,0,0,,0.000681818,56.9905,4.896896362,4.903498173,1.649574041
2026-07-28T16:48:03.303329+00:00,767.838160,open,dark,30.000,-90.000,1,0,,0.000681818,56.8994,4.896917820,4.903485298,1.649652958
2026-07-28T16:48:03.453691+00:00,767.988523,open,dark,30.000,-90.000,2,0,,0.000681818,56.7825,4.896903992,4.903498650,1.649545193
2026-07-28T16:48:03.604076+00:00,768.138907,open,dark,30.000,-90.000,3,0,,0.000681818,56.7080,4.896892548,4.903504848,1.649613142
2026-07-28T16:48:03.754505+00:00,768.289334,open,dark,30.000,-90.000,4,0,,0.000681818,56.6466,4.896896839,4.903510094,1.649308920
2026-07-28T16:48:03.904935+00:00,768.439766,open,dark,30.000,-90.000,5,0,,0.000681818,56.5981,4.896891117,4.903522491,1.649595737
2026-07-28T16:48:04.055269+00:00,768.590101,open,dark,30.000,-90.000,6,0,,0.000681818,56.5239,4.896904945,4.903491974,1.649107218
2026-07-28T16:48:04.205666+00:00,768.740497,open,dark,30.000,-90.000,7,0,,0.000681818,56.4755,4.896904469,4.903499603,1.649580598
2026-07-28T16:48:04.355958+00:00,768.890789,open,dark,30.000,-90.000,8,0,,0.000681818,56.4111,4.896908760,4.903475761,1.649619937
2026-07-28T16:48:04.506128+00:00,769.040960,open,dark,30.000,-90.000,9,0,,0.000681818,56.3340,4.896897793,4.903498650,1.649666786
2026-07-28T16:48:04.656346+00:00,769.191176,open,dark,30.000,-90.000,10,0,,0.000681818,56.2762,4.896910191,4.903476238,1.649706602
2026-07-28T16:48:04.806761+00:00,769.341592,open,dark,30.000,-90.000,11,0,,0.000681818,56.2089,4.896905899,4.903483391,1.649879456
2026-07-28T16:48:04.957082+00:00,769.491914,open,dark,30.000,-90.000,12,0,,0.000681818,56.1257,4.896908283,4.903493404,1.649539828
2026-07-28T16:48:05.107464+00:00,769.642292,open,dark,30.000,-90.000,13,0,,0.000681818,56.0523,4.896899700,4.903480530,1.649605036
2026-07-28T16:48:05.257989+00:00,769.792819,open,dark,30.000,-90.000,14,0,,0.000681818,55.9725,4.896914482,4.903488636,1.649480343
2026-07-28T16:48:05.408395+00:00,769.943228,open,dark,30.000,-90.000,15,0,,0.000681818,55.9025,4.896903992,4.903487206,1.649207830
2026-07-28T16:48:05.558709+00:00,770.093541,open,dark,30.000,-90.000,16,0,,0.000681818,55.8293,4.896915436,4.903492928,1.649592161
2026-07-28T16:48:05.709111+00:00,770.243942,open,dark,30.000,-90.000,17,0,,0.000710227,55.7500,4.896913528,4.903486252,1.649553776
2026-07-28T16:48:05.859579+00:00,770.394408,open,dark,30.000,-90.000,18,0,,0.000681818,55.6676,4.896887302,4.903458118,1.649440765
2026-07-28T16:48:06.010008+00:00,770.544838,open,dark,30.000,-90.000,19,0,,0.000681818,55.6011,4.896893024,4.903470516,1.649564743
2026-07-28T16:48:10.204046+00:00,774.738873,open,rgb,30.000,-90.000,0,700,,0.258664773,54.9013,4.061907291,4.063795090,1.637658000
2026-07-28T16:48:10.354595+00:00,774.889424,open,rgb,30.000,-90.000,1,700,,0.258778409,54.9262,4.061843872,4.063856602,1.637891889
2026-07-28T16:48:10.504850+00:00,775.039681,open,rgb,30.000,-90.000,2,700,,0.258806818,54.9387,4.061775208,4.063809872,1.637625813
2026-07-28T16:48:10.655065+00:00,775.189897,open,rgb,30.000,-90.000,3,700,,0.258806818,54.9636,4.061934471,4.063881874,1.637845516
2026-07-28T16:48:10.805380+00:00,775.340204,open,rgb,30.000,-90.000,4,700,,0.258863636,54.9761,4.061917305,4.063677788,1.637859464
2026-07-28T16:48:10.956004+00:00,775.490835,open,rgb,30.000,-90.000,5,700,,0.258750000,54.9948,4.061909199,4.063886642,1.637649775
2026-07-28T16:48:11.106550+00:00,775.641381,open,rgb,30.000,-90.000,6,700,,0.258778409,55.0136,4.062056541,4.063999176,1.637733221
2026-07-28T16:48:11.256932+00:00,775.791763,open,rgb,30.000,-90.000,7,700,,0.258721591,55.0292,4.062023640,4.064023018,1.637617707
2026-07-28T16:48:11.407344+00:00,775.942173,open,rgb,30.000,-90.000,8,700,,0.258750000,55.0511,4.062141418,4.064058304,1.637559652
2026-07-28T16:48:11.557773+00:00,776.092604,open,rgb,30.000,-90.000,9,700,,0.258806818,55.0792,4.062018871,4.064083576,1.637815237
2026-07-28T16:48:11.708132+00:00,776.242963,open,rgb,30.000,-90.000,10,700,,0.258721591,55.0980,4.061916351,4.063912392,1.637581587
2026-07-28T16:48:11.858560+00:00,776.393390,open,rgb,30.000,-90.000,11,700,,0.258806818,55.1292,4.062071800,4.064028263,1.637977839
2026-07-28T16:48:12.008991+00:00,776.543823,open,rgb,30.000,-90.000,12,700,,0.258835227,55.1418,4.062132359,4.064171791,1.637877464
2026-07-28T16:48:12.159633+00:00,776.694458,open,rgb,30.000,-90.000,13,700,,0.258750000,55.1574,4.062198162,4.064085007,1.637602806
2026-07-28T16:48:12.312114+00:00,776.846943,open,rgb,30.000,-90.000,14,700,,0.258721591,55.1762,4.062372684,4.064225197,1.637024522
2026-07-28T16:48:12.463641+00:00,776.998466,open,rgb,30.000,-90.000,15,700,,0.258892045,55.2170,4.062168598,4.064184189,1.637763977
2026-07-28T16:48:12.614146+00:00,777.148972,open,rgb,30.000,-90.000,16,700,,0.258721591,55.2170,4.062239647,4.064220905,1.637746692
2026-07-28T16:48:12.764661+00:00,777.299490,open,rgb,30.000,-90.000,17,700,,0.258750000,55.2327,4.062323093,4.064265251,1.637780070
2026-07-28T16:48:12.915041+00:00,777.449867,open,rgb,30.000,-90.000,18,700,,0.258664773,55.2484,4.062188148,4.064196587,1.637559175
2026-07-28T16:48:13.065525+00:00,777.600356,open,rgb,30.000,-90.000,19,700,,0.258806818,55.2735,4.062302589,4.064369678,1.637862921
2026-07-28T16:48:15.746816+00:00,780.281643,open,rgb,30.000,-75.000,0,700,,0.258693182,55.5127,4.063094616,4.064996719,1.637756705
2026-07-28T16:48:15.897240+00:00,780.432068,open,rgb,30.000,-75.000,1,700,,0.258693182,55.5316,4.062785625,4.064712524,1.637952209
2026-07-28T16:48:16.047550+00:00,780.582380,open,rgb,30.000,-75.000,2,700,,0.258721591,55.5537,4.062654972,4.064617157,1.637816787
2026-07-28T16:48:16.197864+00:00,780.732693,open,rgb,30.000,-75.000,3,700,,0.258806818,55.5727,4.062797070,4.064778328,1.637981534
2026-07-28T16:48:16.348170+00:00,780.882999,open,rgb,30.000,-75.000,4,700,,0.258750000,55.5822,4.062813759,4.064760208,1.637997627
2026-07-28T16:48:16.498457+00:00,781.033287,open,rgb,30.000,-75.000,5,700,,0.258636364,55.5980,4.062865734,4.064730644,1.637764692
2026-07-28T16:48:16.648613+00:00,781.183445,open,rgb,30.000,-75.000,6,700,,0.258721591,55.6201,4.062896252,4.064877033,1.637899756
2026-07-28T16:48:16.798803+00:00,781.333634,open,rgb,30.000,-75.000,7,700,,0.258693182,55.6328,4.062870026,4.064792156,1.637872100
2026-07-28T16:48:16.949271+00:00,781.484097,open,rgb,30.000,-75.000,8,700,,0.258835227,55.6518,4.062975883,4.064865589,1.637884140
2026-07-28T16:48:17.099575+00:00,781.634405,open,rgb,30.000,-75.000,9,700,,0.258778409,55.6739,4.062938690,4.064882278,1.638022304
2026-07-28T16:48:17.250000+00:00,781.784827,open,rgb,30.000,-75.000,10,700,,0.258721591,55.6771,4.062924862,4.064826012,1.637711048
2026-07-28T16:48:17.400465+00:00,781.935295,open,rgb,30.000,-75.000,11,700,,0.258750000,55.6929,4.062981129,4.064999580,1.637858510
2026-07-28T16:48:17.550659+00:00,782.085490,open,rgb,30.000,-75.000,12,700,,0.258835227,55.7024,4.063023567,4.064975262,1.637824774
2026-07-28T16:48:17.701712+00:00,782.236537,open,rgb,30.000,-75.000,13,700,,0.258721591,55.7278,4.063065529,4.064871788,1.637632132
2026-07-28T16:48:17.852125+00:00,782.386955,open,rgb,30.000,-75.000,14,700,,0.258721591,55.7278,4.063358784,4.065157890,1.637274981
2026-07-28T16:48:18.002314+00:00,782.537145,open,rgb,30.000,-75.000,15,700,,0.258750000,55.7246,4.063216686,4.065215111,1.637667298
2026-07-28T16:48:18.152483+00:00,782.687313,open,rgb,30.000,-75.000,16,700,,0.258636364,55.7405,4.063510418,4.065433502,1.637579441
2026-07-28T16:48:18.302648+00:00,782.837479,open,rgb,30.000,-75.000,17,700,,0.258721591,55.7563,4.063338280,4.065312386,1.637741327
2026-07-28T16:48:18.452952+00:00,782.987784,open,rgb,30.000,-75.000,18,700,,0.258664773,55.7627,4.063236713,4.065178871,1.637542605
2026-07-28T16:48:18.603089+00:00,783.137920,open,rgb,30.000,-75.000,19,700,,0.258693182,55.7849,4.063347816,4.065277100,1.637880206
2026-07-28T16:48:21.284287+00:00,785.819115,open,rgb,30.000,-60.000,0,700,,0.258664773,55.9470,4.063791752,4.065806866,1.637788892
2026-07-28T16:48:21.434647+00:00,785.969476,open,rgb,30.000,-60.000,1,700,,0.258778409,55.9598,4.063724995,4.065735340,1.637973905
2026-07-28T16:48:21.584942+00:00,786.119773,open,rgb,30.000,-60.000,2,700,,0.258721591,55.9598,4.063662529,4.065732002,1.637671709
2026-07-28T16:48:21.735170+00:00,786.270002,open,rgb,30.000,-60.000,3,700,,0.258693182,55.9693,4.063802719,4.065840721,1.637794256
2026-07-28T16:48:21.885369+00:00,786.420201,open,rgb,30.000,-60.000,4,700,,0.258721591,55.9661,4.063809872,4.065835476,1.637805939
2026-07-28T16:48:22.035570+00:00,786.570401,open,rgb,30.000,-60.000,5,700,,0.258750000,55.9789,4.063829899,4.065688133,1.637568235
2026-07-28T16:48:22.185715+00:00,786.720546,open,rgb,30.000,-60.000,6,700,,0.258920455,55.9948,4.063834190,4.065900803,1.637840629
2026-07-28T16:48:22.335995+00:00,786.870824,open,rgb,30.000,-60.000,7,700,,0.258664773,55.9916,4.063853741,4.065906525,1.637637019
2026-07-28T16:48:22.486321+00:00,787.021152,open,rgb,30.000,-60.000,8,700,,0.258693182,55.9821,4.063937664,4.065968513,1.637652636
2026-07-28T16:48:22.636538+00:00,787.171369,open,rgb,30.000,-60.000,9,700,,0.258664773,55.9916,4.063817024,4.065799713,1.637871861
2026-07-28T16:48:22.786780+00:00,787.321611,open,rgb,30.000,-60.000,10,700,,0.258806818,56.0012,4.063873768,4.065870762,1.637664914
2026-07-28T16:48:22.937174+00:00,787.472000,open,rgb,30.000,-60.000,11,700,,0.258693182,56.0140,4.064233780,4.066181660,1.637629986
2026-07-28T16:48:23.087592+00:00,787.622422,open,rgb,30.000,-60.000,12,700,,0.258579545,56.0140,4.064060211,4.066078186,1.637853384
2026-07-28T16:48:23.237945+00:00,787.772776,open,rgb,30.000,-60.000,13,700,,0.258721591,56.0363,4.064168453,4.066074371,1.637750030
2026-07-28T16:48:23.388156+00:00,787.922986,open,rgb,30.000,-60.000,14,700,,0.258607955,56.0554,4.064415455,4.066205978,1.637317419
2026-07-28T16:48:23.538492+00:00,788.073321,open,rgb,30.000,-60.000,15,700,,0.258693182,56.0586,4.064033985,4.066099644,1.637619734
2026-07-28T16:48:23.688720+00:00,788.223551,open,rgb,30.000,-60.000,16,700,,0.258721591,56.0810,4.064149857,4.066177368,1.637839198
2026-07-28T16:48:23.839008+00:00,788.373835,open,rgb,30.000,-60.000,17,700,,0.258522727,56.0906,4.063993931,4.065987587,1.637802839
2026-07-28T16:48:23.989291+00:00,788.524121,open,rgb,30.000,-60.000,18,700,,0.258693182,56.0906,4.063839436,4.065897942,1.637479544
2026-07-28T16:48:24.139600+00:00,788.674429,open,rgb,30.000,-60.000,19,700,,0.258806818,56.1066,4.063958168,4.065938473,1.637763262
2026-07-28T16:48:26.820680+00:00,791.355507,open,rgb,30.000,-45.000,0,700,,0.258835227,55.9980,4.065506935,4.067593098,1.637938499
2026-07-28T16:48:26.971090+00:00,791.505920,open,rgb,30.000,-45.000,1,700,,0.258721591,56.0076,4.065536976,4.067634583,1.637916803
2026-07-28T16:48:27.121300+00:00,791.656131,open,rgb,30.000,-45.000,2,700,,0.258778409,56.0203,4.065536022,4.067605495,1.637621880
2026-07-28T16:48:27.272167+00:00,791.806991,open,rgb,30.000,-45.000,3,700,,0.258693182,56.0172,4.065662384,4.067780495,1.637691259
2026-07-28T16:48:27.422719+00:00,791.957549,open,rgb,30.000,-45.000,4,700,,0.258693182,56.0299,4.065417767,4.067530155,1.637887239
2026-07-28T16:48:27.573110+00:00,792.107938,open,rgb,30.000,-45.000,5,700,,0.258750000,56.0714,4.065541744,4.067536354,1.637562633
2026-07-28T16:48:27.723539+00:00,792.258367,open,rgb,30.000,-45.000,6,700,,0.258721591,56.0970,4.065466404,4.067590237,1.637984395
2026-07-28T16:48:27.873813+00:00,792.408645,open,rgb,30.000,-45.000,7,700,,0.258721591,56.1129,4.065384865,4.067567825,1.637778163
2026-07-28T16:48:28.023980+00:00,792.558812,open,rgb,30.000,-45.000,8,700,,0.258806818,56.1353,4.065526009,4.067680359,1.637778640
2026-07-28T16:48:28.174336+00:00,792.709163,open,rgb,30.000,-45.000,9,700,,0.258806818,56.1513,4.065542698,4.067639351,1.637939095
2026-07-28T16:48:28.324715+00:00,792.859545,open,rgb,30.000,-45.000,10,700,,0.258778409,56.1609,4.065404892,4.067485332,1.637750030
2026-07-28T16:48:28.474972+00:00,793.009804,open,rgb,30.000,-45.000,11,700,,0.258863636,56.1833,4.065554619,4.067683220,1.637913704
2026-07-28T16:48:28.625151+00:00,793.159981,open,rgb,30.000,-45.000,12,700,,0.258778409,56.1929,4.065533638,4.067619324,1.637883425
2026-07-28T16:48:28.775399+00:00,793.310230,open,rgb,30.000,-45.000,13,700,,0.258721591,56.2153,4.065595150,4.067632675,1.637825489
2026-07-28T16:48:28.925573+00:00,793.460404,open,rgb,30.000,-45.000,14,700,,0.258863636,56.2282,4.065717697,4.067659855,1.637418747
2026-07-28T16:48:29.075745+00:00,793.610578,open,rgb,30.000,-45.000,15,700,,0.258806818,56.2346,4.065476418,4.067559719,1.637655377
2026-07-28T16:48:29.225905+00:00,793.760736,open,rgb,30.000,-45.000,16,700,,0.258778409,56.2442,4.065584660,4.067693233,1.637961268
2026-07-28T16:48:29.376117+00:00,793.910949,open,rgb,30.000,-45.000,17,700,,0.258778409,56.2346,4.065533638,4.067666054,1.638021350
2026-07-28T16:48:29.526200+00:00,794.061032,open,rgb,30.000,-45.000,18,700,,0.258806818,56.2249,4.065486908,4.067561150,1.637755156
2026-07-28T16:48:29.676272+00:00,794.211104,open,rgb,30.000,-45.000,19,700,,0.258920455,56.2346,4.065581322,4.067879200,1.637907267
2026-07-28T16:48:32.357539+00:00,796.892367,open,rgb,30.000,-30.000,0,700,,0.258778409,56.3758,4.064915657,4.067311764,1.637809873
2026-07-28T16:48:32.508009+00:00,797.042838,open,rgb,30.000,-30.000,1,700,,0.258835227,56.3854,4.064821720,4.067258358,1.638062119
2026-07-28T16:48:32.658272+00:00,797.193104,open,rgb,30.000,-30.000,2,700,,0.258863636,56.3983,4.064826488,4.067183971,1.637783051
2026-07-28T16:48:32.808489+00:00,797.343318,open,rgb,30.000,-30.000,3,700,,0.258750000,56.4079,4.064896584,4.067299366,1.637910247
2026-07-28T16:48:32.958710+00:00,797.493542,open,rgb,30.000,-30.000,4,700,,0.258806818,56.4079,4.064983845,4.067449570,1.637847304
2026-07-28T16:48:33.108963+00:00,797.643794,open,rgb,30.000,-30.000,5,700,,0.258721591,56.4079,4.065168381,4.067591667,1.637781143
2026-07-28T16:48:33.259103+00:00,797.793933,open,rgb,30.000,-30.000,6,700,,0.258778409,56.4144,4.065104961,4.067530155,1.637947798
2026-07-28T16:48:33.409578+00:00,797.944403,open,rgb,30.000,-30.000,7,700,,0.258835227,56.4079,4.065004349,4.067458630,1.637764931
2026-07-28T16:48:33.559963+00:00,798.094795,open,rgb,30.000,-30.000,8,700,,0.258778409,56.4176,4.065108776,4.067555428,1.637831569
2026-07-28T16:48:33.710116+00:00,798.244947,open,rgb,30.000,-30.000,9,700,,0.258778409,56.4144,4.065124035,4.067585945,1.638007641
2026-07-28T16:48:33.860518+00:00,798.395347,open,rgb,30.000,-30.000,10,700,,0.258607955,56.4240,4.065123558,4.067461491,1.637791872
2026-07-28T16:48:34.010722+00:00,798.545554,open,rgb,30.000,-30.000,11,700,,0.258863636,56.4337,4.065196514,4.067625046,1.637950778
2026-07-28T16:48:34.160955+00:00,798.695786,open,rgb,30.000,-30.000,12,700,,0.258693182,56.4337,4.065096855,4.067561626,1.637737632
2026-07-28T16:48:34.311308+00:00,798.846139,open,rgb,30.000,-30.000,13,700,,0.258778409,56.4433,4.065291405,4.067724228,1.637665391
2026-07-28T16:48:34.461468+00:00,798.996300,open,rgb,30.000,-30.000,14,700,,0.258664773,56.4626,4.065346241,4.067578793,1.637424588
2026-07-28T16:48:34.611612+00:00,799.146443,open,rgb,30.000,-30.000,15,700,,0.258835227,56.4659,4.065108299,4.067586899,1.637713432
2026-07-28T16:48:34.761826+00:00,799.296657,open,rgb,30.000,-30.000,16,700,,0.258835227,56.4755,4.065276623,4.067699432,1.637721539
2026-07-28T16:48:34.912032+00:00,799.446863,open,rgb,30.000,-30.000,17,700,,0.258693182,56.4755,4.065240860,4.067681313,1.637781620
2026-07-28T16:48:35.062136+00:00,799.596968,open,rgb,30.000,-30.000,18,700,,0.258778409,56.4787,4.065270424,4.067585468,1.637616515
2026-07-28T16:48:35.212470+00:00,799.747298,open,rgb,30.000,-30.000,19,700,,0.258920455,56.4820,4.065244675,4.067760468,1.637790561
2026-07-28T16:48:37.893941+00:00,802.428769,open,rgb,30.000,-15.000,0,700,,0.258863636,56.4144,4.065088749,4.067561150,1.637638211
2026-07-28T16:48:38.044303+00:00,802.579133,open,rgb,30.000,-15.000,1,700,,0.258778409,56.4111,4.065076351,4.067334652,1.638034225
2026-07-28T16:48:38.194463+00:00,802.729294,open,rgb,30.000,-15.000,2,700,,0.258863636,56.4465,4.065197945,4.067347527,1.637861609
2026-07-28T16:48:38.344597+00:00,802.879427,open,rgb,30.000,-15.000,3,700,,0.258835227,56.4755,4.065141678,4.067427635,1.637936831
2026-07-28T16:48:38.494800+00:00,803.029631,open,rgb,30.000,-15.000,4,700,,0.258835227,56.5013,4.065182686,4.067539215,1.637704134
2026-07-28T16:48:38.644754+00:00,803.179580,open,rgb,30.000,-15.000,5,700,,0.258750000,56.5110,4.065331936,4.067660809,1.637551546
2026-07-28T16:48:38.795176+00:00,803.330004,open,rgb,30.000,-15.000,6,700,,0.258835227,56.5013,4.065101624,4.067441940,1.637943387
2026-07-28T16:48:38.945452+00:00,803.480283,open,rgb,30.000,-15.000,7,700,,0.258835227,56.4594,4.065239429,4.067540169,1.637726426
2026-07-28T16:48:39.095774+00:00,803.630605,open,rgb,30.000,-15.000,8,700,,0.258806818,56.3758,4.065353394,4.067634583,1.637637258
2026-07-28T16:48:39.245971+00:00,803.780803,open,rgb,30.000,-15.000,9,700,,0.258721591,56.3180,4.065214634,4.067499161,1.637854338
2026-07-28T16:48:39.396189+00:00,803.931019,open,rgb,30.000,-15.000,10,700,,0.258750000,56.3083,4.065310001,4.067355156,1.637773275
2026-07-28T16:48:39.546475+00:00,804.081306,open,rgb,30.000,-15.000,11,700,,0.258892045,56.3244,4.065178871,4.067458630,1.637936354
2026-07-28T16:48:39.696610+00:00,804.231442,open,rgb,30.000,-15.000,12,700,,0.258835227,56.3051,4.065144539,4.067407608,1.637765408
2026-07-28T16:48:39.846734+00:00,804.381565,open,rgb,30.000,-15.000,13,700,,0.258778409,56.2378,4.065272808,4.067558765,1.637871623
2026-07-28T16:48:39.996882+00:00,804.531713,open,rgb,30.000,-15.000,14,700,,0.258721591,56.2410,4.065461159,4.067531586,1.637403607
2026-07-28T16:48:40.146998+00:00,804.681830,open,rgb,30.000,-15.000,15,700,,0.258892045,56.2346,4.065096855,4.067445278,1.637614608
2026-07-28T16:48:40.297350+00:00,804.832178,open,rgb,30.000,-15.000,16,700,,0.258806818,56.2602,4.065004349,4.067245960,1.637967348
2026-07-28T16:48:40.447688+00:00,804.982517,open,rgb,30.000,-15.000,17,700,,0.258863636,56.2987,4.064931870,4.067171097,1.637964725
2026-07-28T16:48:40.597907+00:00,805.132738,open,rgb,30.000,-15.000,18,700,,0.258920455,56.3244,4.065079212,4.067199707,1.637840629
2026-07-28T16:48:40.748191+00:00,805.283021,open,rgb,30.000,-15.000,19,700,,0.258920455,56.3533,4.064956665,4.067256927,1.637888551
2026-07-28T16:48:43.429469+00:00,807.964298,open,rgb,30.000,0.000,0,700,,0.258892045,56.5013,4.065018177,4.066098690,1.637944460
2026-07-28T16:48:43.579955+00:00,808.114784,open,rgb,30.000,0.000,1,700,,0.258835227,56.5045,4.064971924,4.065991402,1.637972236
2026-07-28T16:48:43.730299+00:00,808.265130,open,rgb,30.000,0.000,2,700,,0.258863636,56.5206,4.065052986,4.065954685,1.637855291
2026-07-28T16:48:43.880189+00:00,808.415015,open,rgb,30.000,0.000,3,700,,0.258892045,56.5368,4.064928055,4.066009045,1.637944460
2026-07-28T16:48:44.030620+00:00,808.565449,open,rgb,30.000,0.000,4,700,,0.258863636,56.5432,4.064888477,4.065967083,1.637810349
2026-07-28T16:48:44.180955+00:00,808.715786,open,rgb,30.000,0.000,5,700,,0.258920455,56.5658,4.064978123,4.066113949,1.637977839
2026-07-28T16:48:44.331177+00:00,808.866006,open,rgb,30.000,0.000,6,700,,0.258806818,56.5755,4.064962387,4.066037655,1.637993455
2026-07-28T16:48:44.481489+00:00,809.016317,open,rgb,30.000,0.000,7,700,,0.258863636,56.5852,4.064872742,4.065929413,1.637765408
2026-07-28T16:48:44.631820+00:00,809.166651,open,rgb,30.000,0.000,8,700,,0.258977273,56.6046,4.065008640,4.065988541,1.637943625
2026-07-28T16:48:44.782009+00:00,809.316840,open,rgb,30.000,0.000,9,700,,0.258863636,56.6175,4.065180779,4.066235542,1.637907505
2026-07-28T16:48:44.932259+00:00,809.467091,open,rgb,30.000,0.000,10,700,,0.258806818,56.6336,4.065245152,4.066213131,1.637817740
2026-07-28T16:48:45.082467+00:00,809.617299,open,rgb,30.000,0.000,11,700,,0.258863636,56.6336,4.065108299,4.066183567,1.638108492
2026-07-28T16:48:45.232665+00:00,809.767494,open,rgb,30.000,0.000,12,700,,0.258892045,56.6142,4.065091133,4.065876961,1.637896538
2026-07-28T16:48:45.382958+00:00,809.917788,open,rgb,30.000,0.000,13,700,,0.258977273,56.6304,4.064912319,4.065993309,1.638109207
2026-07-28T16:48:45.533137+00:00,810.067968,open,rgb,30.000,0.000,14,700,,0.258920455,56.6401,4.065119743,4.065986156,1.637734652
2026-07-28T16:48:45.683331+00:00,810.218164,open,rgb,30.000,0.000,15,700,,0.258863636,56.6498,4.064887047,4.065925598,1.637838483
2026-07-28T16:48:45.833502+00:00,810.368329,open,rgb,30.000,0.000,16,700,,0.258977273,56.6530,4.064957619,4.065949917,1.637957096
2026-07-28T16:48:45.983804+00:00,810.518635,open,rgb,30.000,0.000,17,700,,0.258948864,56.6336,4.064978123,4.065973759,1.637955427
2026-07-28T16:48:46.133954+00:00,810.668785,open,rgb,30.000,0.000,18,700,,0.258892045,56.6175,4.064953327,4.065979958,1.637967348
2026-07-28T16:48:46.283797+00:00,810.818625,open,rgb,30.000,0.000,19,700,,0.259005682,56.6110,4.064853668,4.065940857,1.638275743
2026-07-28T16:48:48.965007+00:00,813.499834,open,rgb,30.000,15.000,0,700,,0.259005682,56.7890,4.065156460,4.065642834,1.637968779
2026-07-28T16:48:49.115433+00:00,813.650260,open,rgb,30.000,15.000,1,700,,0.258892045,56.7858,4.064572334,4.065576553,1.637884140
2026-07-28T16:48:49.266274+00:00,813.801100,open,rgb,30.000,15.000,2,700,,0.258863636,56.7955,4.065176010,4.065646172,1.637945652
2026-07-28T16:48:49.416849+00:00,813.951680,open,rgb,30.000,15.000,3,700,,0.258920455,56.8020,4.065206528,4.065701008,1.638020396
2026-07-28T16:48:49.567288+00:00,814.102117,open,rgb,30.000,15.000,4,700,,0.258835227,56.8085,4.064963341,4.065447807,1.637758613
2026-07-28T16:48:49.717701+00:00,814.252531,open,rgb,30.000,15.000,5,700,,0.258920455,56.8280,4.065141678,4.065639496,1.638140678
2026-07-28T16:48:49.868091+00:00,814.402923,open,rgb,30.000,15.000,6,700,,0.258863636,56.8215,4.065315723,4.065862656,1.638091445
2026-07-28T16:48:50.018462+00:00,814.553294,open,rgb,30.000,15.000,7,700,,0.258892045,56.8280,4.065385818,4.065806389,1.637826443
2026-07-28T16:48:50.168723+00:00,814.703556,open,rgb,30.000,15.000,8,700,,0.258835227,56.8280,4.065384388,4.065895557,1.637931705
2026-07-28T16:48:50.319074+00:00,814.853905,open,rgb,30.000,15.000,9,700,,0.258863636,56.8247,4.065332890,4.065840721,1.637850404
2026-07-28T16:48:50.469472+00:00,815.004305,open,rgb,30.000,15.000,10,700,,0.258863636,56.8312,4.065403938,4.065906525,1.637875319
2026-07-28T16:48:50.619792+00:00,815.154624,open,rgb,30.000,15.000,11,700,,0.258863636,56.8280,4.065404415,4.065897942,1.638040662
2026-07-28T16:48:50.770223+00:00,815.305052,open,rgb,30.000,15.000,12,700,,0.258863636,56.8150,4.065314293,4.065876961,1.637726188
2026-07-28T16:48:50.920813+00:00,815.455640,open,rgb,30.000,15.000,13,700,,0.258806818,56.8117,4.065218449,4.065765381,1.637742519
2026-07-28T16:48:51.071257+00:00,815.606089,open,rgb,30.000,15.000,14,700,,0.258892045,56.8182,4.065299988,4.065618038,1.637617230
2026-07-28T16:48:51.221647+00:00,815.756478,open,rgb,30.000,15.000,15,700,,0.258920455,56.8345,4.065213203,4.065648556,1.637887001
2026-07-28T16:48:51.372034+00:00,815.906865,open,rgb,30.000,15.000,16,700,,0.258948864,56.8442,4.065149307,4.065700054,1.637974977
2026-07-28T16:48:51.522354+00:00,816.057185,open,rgb,30.000,15.000,17,700,,0.258892045,56.8442,4.065106392,4.065575123,1.637869954
2026-07-28T16:48:51.672659+00:00,816.207490,open,rgb,30.000,15.000,18,700,,0.258948864,56.8572,4.065178871,4.065695286,1.637950778
2026-07-28T16:48:51.823268+00:00,816.358099,open,rgb,30.000,15.000,19,700,,0.258948864,56.8702,4.065076828,4.065558434,1.638230562
2026-07-28T16:48:54.504696+00:00,819.039523,open,rgb,30.000,30.000,0,700,,0.258778409,56.7080,4.065533638,4.065859795,1.637907505
2026-07-28T16:48:54.655250+00:00,819.190080,open,rgb,30.000,30.000,1,700,,0.258721591,56.6951,4.065368176,4.065745354,1.637805700
2026-07-28T16:48:54.805689+00:00,819.340518,open,rgb,30.000,30.000,2,700,,0.258778409,56.7048,4.065569878,4.065953255,1.637930036
2026-07-28T16:48:54.956159+00:00,819.490988,open,rgb,30.000,30.000,3,700,,0.258778409,56.7080,4.065575123,4.065907001,1.637918830
2026-07-28T16:48:55.106685+00:00,819.641515,open,rgb,30.000,30.000,4,700,,0.258806818,56.7177,4.065426350,4.065790176,1.637759089
2026-07-28T16:48:55.257075+00:00,819.791899,open,rgb,30.000,30.000,5,700,,0.258920455,56.7437,4.065500736,4.065815926,1.638005257
2026-07-28T16:48:55.407626+00:00,819.942454,open,rgb,30.000,30.000,6,700,,0.258835227,56.7663,4.065525055,4.065873146,1.637975454
2026-07-28T16:48:55.558120+00:00,820.092947,open,rgb,30.000,30.000,7,700,,0.258835227,56.7825,4.065450668,4.065544605,1.637784719
2026-07-28T16:48:55.708640+00:00,820.243470,open,rgb,30.000,30.000,8,700,,0.258920455,56.8117,4.065422535,4.065763474,1.637976646
2026-07-28T16:48:55.859276+00:00,820.394100,open,rgb,30.000,30.000,9,700,,0.258863636,56.8085,4.065281391,4.065614700,1.637797236
2026-07-28T16:48:56.009571+00:00,820.544398,open,rgb,30.000,30.000,10,700,,0.258920455,56.8377,4.065457344,4.065762520,1.637917995
2026-07-28T16:48:56.160024+00:00,820.694855,open,rgb,30.000,30.000,11,700,,0.258835227,56.8345,4.065322876,4.065617561,1.638124108
2026-07-28T16:48:56.310400+00:00,820.845228,open,rgb,30.000,30.000,12,700,,0.258863636,56.8442,4.065275669,4.065678596,1.637911916
2026-07-28T16:48:56.460970+00:00,820.995800,open,rgb,30.000,30.000,13,700,,0.258892045,56.8604,4.065439224,4.065817356,1.637853861
2026-07-28T16:48:56.611313+00:00,821.146145,open,rgb,30.000,30.000,14,700,,0.258863636,56.8767,4.065427303,4.065632343,1.637519121
2026-07-28T16:48:56.761636+00:00,821.296468,open,rgb,30.000,30.000,15,700,,0.258920455,56.8929,4.065394878,4.065603256,1.637906313
2026-07-28T16:48:56.912114+00:00,821.446942,open,rgb,30.000,30.000,16,700,,0.258835227,56.9059,4.065337658,4.065781593,1.637891412
2026-07-28T16:48:57.062596+00:00,821.597427,open,rgb,30.000,30.000,17,700,,0.258863636,56.9124,4.065359116,4.065696716,1.637746215
2026-07-28T16:48:57.212918+00:00,821.747748,open,rgb,30.000,30.000,18,700,,0.258806818,56.9287,4.065447807,4.065790176,1.637995481
2026-07-28T16:48:57.363297+00:00,821.898128,open,rgb,30.000,30.000,19,700,,0.258920455,56.9319,4.065369606,4.065704823,1.638063312
2026-07-28T16:49:00.044345+00:00,824.579173,open,rgb,30.000,45.000,0,700,,0.258835227,56.9157,4.065656185,4.066547394,1.637862682
2026-07-28T16:49:00.194956+00:00,824.729785,open,rgb,30.000,45.000,1,700,,0.258778409,56.9092,4.065597534,4.066447258,1.637677789
2026-07-28T16:49:00.345349+00:00,824.880179,open,rgb,30.000,45.000,2,700,,0.258892045,56.9254,4.065709591,4.066586971,1.637834549
2026-07-28T16:49:00.496133+00:00,825.030959,open,rgb,30.000,45.000,3,700,,0.258750000,56.9352,4.065698624,4.066579819,1.637844324
2026-07-28T16:49:00.646678+00:00,825.181509,open,rgb,30.000,45.000,4,700,,0.258721591,56.9352,4.065664291,4.066535473,1.637694359
2026-07-28T16:49:00.797021+00:00,825.331851,open,rgb,30.000,45.000,5,700,,0.258721591,56.9417,4.065814018,4.066647530,1.637685418
2026-07-28T16:49:00.947544+00:00,825.482371,open,rgb,30.000,45.000,6,700,,0.258806818,56.9287,4.065655231,4.066544056,1.637806416
2026-07-28T16:49:01.098082+00:00,825.632912,open,rgb,30.000,45.000,7,700,,0.258892045,56.9352,4.065783501,4.066467285,1.637664199
2026-07-28T16:49:01.248539+00:00,825.783363,open,rgb,30.000,45.000,8,700,,0.258892045,56.9482,4.065676212,4.066497326,1.637888074
2026-07-28T16:49:01.399087+00:00,825.933917,open,rgb,30.000,45.000,9,700,,0.258920455,56.9547,4.065564632,4.066443443,1.637741804
2026-07-28T16:49:01.549470+00:00,826.084302,open,rgb,30.000,45.000,10,700,,0.258948864,56.9612,4.065721512,4.066574574,1.637919307
2026-07-28T16:49:01.699882+00:00,826.234713,open,rgb,30.000,45.000,11,700,,0.258806818,56.9482,4.065803528,4.066694260,1.637716174
2026-07-28T16:49:01.850276+00:00,826.385107,open,rgb,30.000,45.000,12,700,,0.258721591,56.9222,4.065623760,4.066474915,1.637472510
2026-07-28T16:49:02.000650+00:00,826.535480,open,rgb,30.000,45.000,13,700,,0.258863636,56.9189,4.065719128,4.066580772,1.637899280
2026-07-28T16:49:02.150990+00:00,826.685823,open,rgb,30.000,45.000,14,700,,0.258806818,56.9124,4.065841675,4.066575050,1.637326479
2026-07-28T16:49:02.301304+00:00,826.836135,open,rgb,30.000,45.000,15,700,,0.258863636,56.9222,4.065747261,4.066541672,1.637723684
2026-07-28T16:49:02.451613+00:00,826.986446,open,rgb,30.000,45.000,16,700,,0.258892045,56.9417,4.065758228,4.066629887,1.637881160
2026-07-28T16:49:02.601939+00:00,827.136771,open,rgb,30.000,45.000,17,700,,0.258920455,56.9385,4.065690041,4.066555023,1.637658238
2026-07-28T16:49:02.752236+00:00,827.287068,open,rgb,30.000,45.000,18,700,,0.258863636,56.9515,4.065742493,4.066632271,1.637899756
2026-07-28T16:49:02.902638+00:00,827.437470,open,rgb,30.000,45.000,19,700,,0.258835227,56.9580,4.065754414,4.066673279,1.637993932
2026-07-28T16:49:05.584028+00:00,830.118855,open,rgb,30.000,60.000,0,700,,0.258835227,57.0394,4.066253662,4.066946983,1.637894630
2026-07-28T16:49:05.734550+00:00,830.269380,open,rgb,30.000,60.000,1,700,,0.258721591,57.0362,4.066131592,4.066844940,1.637578249
2026-07-28T16:49:05.884522+00:00,830.419349,open,rgb,30.000,60.000,2,700,,0.258977273,57.0492,4.066097260,4.066722870,1.637899041
2026-07-28T16:49:06.034978+00:00,830.569807,open,rgb,30.000,60.000,3,700,,0.258892045,57.0655,4.066135406,4.066844463,1.637880445
2026-07-28T16:49:06.185338+00:00,830.720167,open,rgb,30.000,60.000,4,700,,0.258806818,57.0786,4.066020012,4.066692352,1.637643099
2026-07-28T16:49:06.335885+00:00,830.870713,open,rgb,30.000,60.000,5,700,,0.258778409,57.1047,4.066083908,4.066808701,1.637818694
2026-07-28T16:49:06.486285+00:00,831.021116,open,rgb,30.000,60.000,6,700,,0.258835227,57.1112,4.066105366,4.066821098,1.637686133
2026-07-28T16:49:06.636566+00:00,831.171398,open,rgb,30.000,60.000,7,700,,0.258863636,57.1210,4.066214561,4.066790581,1.637659311
2026-07-28T16:49:06.786993+00:00,831.321824,open,rgb,30.000,60.000,8,700,,0.258892045,57.1373,4.066062450,4.066787720,1.637904167
2026-07-28T16:49:06.937337+00:00,831.472169,open,rgb,30.000,60.000,9,700,,0.258948864,57.1439,4.066019058,4.066683769,1.637702703
2026-07-28T16:49:07.087703+00:00,831.622533,open,rgb,30.000,60.000,10,700,,0.258920455,57.1537,4.066071987,4.066780090,1.637897491
2026-07-28T16:49:07.238045+00:00,831.772878,open,rgb,30.000,60.000,11,700,,0.258920455,57.1504,4.066100597,4.066788673,1.637849927
2026-07-28T16:49:07.388576+00:00,831.923404,open,rgb,30.000,60.000,12,700,,0.258892045,57.1569,4.066043377,4.066645622,1.637688994
2026-07-28T16:49:07.538986+00:00,832.073817,open,rgb,30.000,60.000,13,700,,0.258948864,57.1667,4.066131592,4.066847324,1.637858272
2026-07-28T16:49:07.689496+00:00,832.224326,open,rgb,30.000,60.000,14,700,,0.258892045,57.1602,4.066113949,4.066700935,1.637217402
2026-07-28T16:49:07.839882+00:00,832.374713,open,rgb,30.000,60.000,15,700,,0.258863636,57.1700,4.066176891,4.066843987,1.637791634
2026-07-28T16:49:07.990195+00:00,832.525027,open,rgb,30.000,60.000,16,700,,0.258863636,57.1733,4.066349030,4.067096710,1.637837529
2026-07-28T16:49:08.140604+00:00,832.675433,open,rgb,30.000,60.000,17,700,,0.258835227,57.1602,4.066149712,4.066855431,1.637513280
2026-07-28T16:49:08.291167+00:00,832.825996,open,rgb,30.000,60.000,18,700,,0.258863636,57.1798,4.066257954,4.066930294,1.637585521
2026-07-28T16:49:08.441631+00:00,832.976463,open,rgb,30.000,60.000,19,700,,0.258892045,57.1766,4.066099644,4.066856384,1.637896061
2026-07-28T16:49:11.123089+00:00,835.657916,open,rgb,30.000,75.000,0,700,,0.258778409,57.2846,4.066691875,4.067078590,1.637639761
2026-07-28T16:49:11.273685+00:00,835.808514,open,rgb,30.000,75.000,1,700,,0.258750000,57.2813,4.066562176,4.066934586,1.637379169
2026-07-28T16:49:11.424165+00:00,835.958996,open,rgb,30.000,75.000,2,700,,0.258863636,57.2879,4.066667557,4.067070007,1.637486696
2026-07-28T16:49:11.574526+00:00,836.109357,open,rgb,30.000,75.000,3,700,,0.258892045,57.2846,4.066552639,4.066960335,1.637809396
2026-07-28T16:49:11.724839+00:00,836.259670,open,rgb,30.000,75.000,4,700,,0.258835227,57.2977,4.066665649,4.066929817,1.637527943
2026-07-28T16:49:11.875264+00:00,836.410095,open,rgb,30.000,75.000,5,700,,0.258892045,57.3043,4.066662312,4.067119598,1.637617469
2026-07-28T16:49:12.025640+00:00,836.560472,open,rgb,30.000,75.000,6,700,,0.258806818,57.2977,4.066673279,4.067070961,1.637508869
2026-07-28T16:49:12.176016+00:00,836.710847,open,rgb,30.000,75.000,7,700,,0.258863636,57.3075,4.066721439,4.067076683,1.637459040
2026-07-28T16:49:12.326512+00:00,836.861341,open,rgb,30.000,75.000,8,700,,0.258977273,57.3239,4.066687584,4.067059994,1.637712240
2026-07-28T16:49:12.476830+00:00,837.011661,open,rgb,30.000,75.000,9,700,,0.258806818,57.3305,4.066528797,4.066922188,1.637455940
2026-07-28T16:49:12.627148+00:00,837.161980,open,rgb,30.000,75.000,10,700,,0.258806818,57.3469,4.066705227,4.067039967,1.637591362
2026-07-28T16:49:12.777503+00:00,837.312332,open,rgb,30.000,75.000,11,700,,0.258835227,57.3535,4.066519260,4.066931725,1.637769818
2026-07-28T16:49:12.928005+00:00,837.462836,open,rgb,30.000,75.000,12,700,,0.258835227,57.3732,4.066540718,4.066768646,1.637635112
2026-07-28T16:49:13.078419+00:00,837.613251,open,rgb,30.000,75.000,13,700,,0.259005682,57.3863,4.066549301,4.066957474,1.637760520
2026-07-28T16:49:13.228778+00:00,837.763607,open,rgb,30.000,75.000,14,700,,0.258948864,57.3896,4.066683769,4.066937447,1.637029886
2026-07-28T16:49:13.379342+00:00,837.914170,open,rgb,30.000,75.000,15,700,,0.258750000,57.4028,4.066719532,4.067075729,1.637558937
2026-07-28T16:49:13.529824+00:00,838.064654,open,rgb,30.000,75.000,16,700,,0.258806818,57.3995,4.066733837,4.067067146,1.637532115
2026-07-28T16:49:13.680171+00:00,838.215002,open,rgb,30.000,75.000,17,700,,0.258835227,57.3929,4.066577911,4.066981792,1.637364626
2026-07-28T16:49:13.830603+00:00,838.365432,open,rgb,30.000,75.000,18,700,,0.258892045,57.3995,4.066730499,4.067084312,1.637567520
2026-07-28T16:49:13.981007+00:00,838.515838,open,rgb,30.000,75.000,19,700,,0.258863636,57.3929,4.066539764,4.066917419,1.637877464
2026-07-28T16:49:16.662398+00:00,841.197226,open,rgb,30.000,90.000,0,700,,0.258806818,57.4784,4.066881657,4.067002296,1.637558937
2026-07-28T16:49:16.812963+00:00,841.347791,open,rgb,30.000,90.000,1,700,,0.258778409,57.4817,4.066893578,4.067005634,1.637342811
2026-07-28T16:49:16.963336+00:00,841.498167,open,rgb,30.000,90.000,2,700,,0.258778409,57.4949,4.066959381,4.067114353,1.637393117
2026-07-28T16:49:17.113644+00:00,841.648473,open,rgb,30.000,90.000,3,700,,0.258806818,57.5014,4.066844463,4.066963673,1.637547970
2026-07-28T16:49:17.264156+00:00,841.798987,open,rgb,30.000,90.000,4,700,,0.258920455,57.5179,4.066997051,4.066946030,1.637390971
2026-07-28T16:49:17.414593+00:00,841.949423,open,rgb,30.000,90.000,5,700,,0.259005682,57.5311,4.067097664,4.067308426,1.637486935
2026-07-28T16:49:17.565053+00:00,842.099885,open,rgb,30.000,90.000,6,700,,0.258693182,57.5146,4.067076683,4.067245007,1.637301564
2026-07-28T16:49:17.715352+00:00,842.250184,open,rgb,30.000,90.000,7,700,,0.258835227,57.5212,4.067190170,4.067292690,1.637415886
2026-07-28T16:49:17.865670+00:00,842.400501,open,rgb,30.000,90.000,8,700,,0.258778409,57.5245,4.067126751,4.067226410,1.637547970
2026-07-28T16:49:18.016103+00:00,842.550934,open,rgb,30.000,90.000,9,700,,0.258806818,57.5212,4.067117691,4.067211151,1.637326956
2026-07-28T16:49:18.166403+00:00,842.701235,open,rgb,30.000,90.000,10,700,,0.258863636,57.5245,4.067258358,4.067402363,1.637336016
2026-07-28T16:49:18.316739+00:00,842.851569,open,rgb,30.000,90.000,11,700,,0.258863636,57.5179,4.067059517,4.067248821,1.637505889
2026-07-28T16:49:18.467114+00:00,843.001946,open,rgb,30.000,90.000,12,700,,0.258835227,57.5245,4.067222595,4.067092896,1.637397051
2026-07-28T16:49:18.617473+00:00,843.152305,open,rgb,30.000,90.000,13,700,,0.258806818,57.5344,4.067088127,4.067222595,1.637652159
2026-07-28T16:49:18.767767+00:00,843.302599,open,rgb,30.000,90.000,14,700,,0.258835227,57.5278,4.067120075,4.067162991,1.636793256
2026-07-28T16:49:18.918019+00:00,843.452851,open,rgb,30.000,90.000,15,700,,0.258863636,57.5410,4.067167282,4.067353725,1.637461782
2026-07-28T16:49:19.068394+00:00,843.603227,open,rgb,30.000,90.000,16,700,,0.258835227,57.5542,4.067193031,4.067331791,1.637595534
2026-07-28T16:49:19.218676+00:00,843.753508,open,rgb,30.000,90.000,17,700,,0.258721591,57.5542,4.067065239,4.067152977,1.637296438
2026-07-28T16:49:19.369231+00:00,843.904057,open,rgb,30.000,90.000,18,700,,0.258863636,57.5674,4.067191601,4.067365170,1.637513995
2026-07-28T16:49:19.519721+00:00,844.054553,open,rgb,30.000,90.000,19,700,,0.258892045,57.5608,4.067128658,4.067286968,1.637538433
2026-07-28T16:49:30.301803+00:00,854.836630,open,dark,45.000,-90.000,0,0,,0.000681818,57.5344,4.896901608,4.903521061,1.649483681
2026-07-28T16:49:30.452524+00:00,854.987351,open,dark,45.000,-90.000,1,0,,0.000681818,57.4784,4.896901131,4.903520584,1.649765968
2026-07-28T16:49:30.603000+00:00,855.137830,open,dark,45.000,-90.000,2,0,,0.000681818,57.4093,4.896896839,4.903509140,1.649652481
2026-07-28T16:49:30.753340+00:00,855.288170,open,dark,45.000,-90.000,3,0,,0.000681818,57.3404,4.896905422,4.903533936,1.649490118
2026-07-28T16:49:30.903894+00:00,855.438721,open,dark,45.000,-90.000,4,0,,0.000681818,57.2748,4.896901131,4.903507233,1.649735212
2026-07-28T16:49:31.054418+00:00,855.589247,open,dark,45.000,-90.000,5,0,,0.000681818,57.1962,4.896882057,4.903489113,1.649357557
2026-07-28T16:49:31.205305+00:00,855.740132,open,dark,45.000,-90.000,6,0,,0.000681818,57.1635,4.896878242,4.903488636,1.649744272
2026-07-28T16:49:31.356068+00:00,855.890895,open,dark,45.000,-90.000,7,0,,0.000681818,57.0525,4.896883011,4.903487206,1.649788141
2026-07-28T16:49:31.506647+00:00,856.041476,open,dark,45.000,-90.000,8,0,,0.000681818,56.9677,4.896885872,4.903513908,1.649531364
2026-07-28T16:49:31.657060+00:00,856.191890,open,dark,45.000,-90.000,9,0,,0.000681818,56.8832,4.896865368,4.903496265,1.649625540
2026-07-28T16:49:31.807456+00:00,856.342287,open,dark,45.000,-90.000,10,0,,0.000681818,56.7955,4.896878719,4.903501511,1.649582863
2026-07-28T16:49:31.957822+00:00,856.492653,open,dark,45.000,-90.000,11,0,,0.000681818,56.7210,4.896872520,4.903501034,1.649616003
2026-07-28T16:49:32.108254+00:00,856.643085,open,dark,45.000,-90.000,12,0,,0.000681818,56.6498,4.896891117,4.903482437,1.649731517
2026-07-28T16:49:32.258650+00:00,856.793481,open,dark,45.000,-90.000,13,0,,0.000681818,56.5626,4.896878719,4.903482914,1.649487853
2026-07-28T16:49:32.409050+00:00,856.943880,open,dark,45.000,-90.000,14,0,,0.000681818,56.4852,4.896871567,4.903498650,1.649627328
2026-07-28T16:49:32.559500+00:00,857.094330,open,dark,45.000,-90.000,15,0,,0.000681818,56.3758,4.896874905,4.903475761,1.649824500
2026-07-28T16:49:32.709949+00:00,857.244780,open,dark,45.000,-90.000,16,0,,0.000681818,56.2827,4.896892071,4.903486252,1.649563551
2026-07-28T16:49:32.860481+00:00,857.395310,open,dark,45.000,-90.000,17,0,,0.000681818,56.1897,4.896887302,4.903490067,1.649799347
2026-07-28T16:49:33.010814+00:00,857.545645,open,dark,45.000,-90.000,18,0,,0.000681818,56.0970,4.896895409,4.903508186,1.649677753
2026-07-28T16:49:33.161138+00:00,857.695970,open,dark,45.000,-90.000,19,0,,0.000681818,56.0108,4.896916389,4.903496742,1.649629474
2026-07-28T16:49:37.354872+00:00,861.889698,open,rgb,45.000,-90.000,0,700,,0.258750000,55.2640,4.063459396,4.064226627,1.639097452
2026-07-28T16:49:37.505223+00:00,862.040055,open,rgb,45.000,-90.000,1,700,,0.258693182,55.2766,4.063548088,4.064303875,1.638978601
2026-07-28T16:49:37.655518+00:00,862.190350,open,rgb,45.000,-90.000,2,700,,0.258750000,55.3080,4.063469887,4.064260006,1.639317989
2026-07-28T16:49:37.805728+00:00,862.340559,open,rgb,45.000,-90.000,3,700,,0.258664773,55.3300,4.063430309,4.064259052,1.639131427
2026-07-28T16:49:37.955993+00:00,862.490823,open,rgb,45.000,-90.000,4,700,,0.258693182,55.3174,4.063579559,4.064436436,1.639165163
2026-07-28T16:49:38.106209+00:00,862.641041,open,rgb,45.000,-90.000,5,700,,0.258551136,55.2923,4.063718796,4.064514637,1.639179707
2026-07-28T16:49:38.256376+00:00,862.791208,open,rgb,45.000,-90.000,6,700,,0.258409091,55.3112,4.063880920,4.064583302,1.639102578
2026-07-28T16:49:38.406613+00:00,862.941444,open,rgb,45.000,-90.000,7,700,,0.258522727,55.3394,4.063913822,4.064791679,1.639096498
2026-07-28T16:49:38.556728+00:00,863.091560,open,rgb,45.000,-90.000,8,700,,0.258522727,55.3615,4.063843250,4.064644337,1.639071107
2026-07-28T16:49:38.706860+00:00,863.241692,open,rgb,45.000,-90.000,9,700,,0.258579545,55.4024,4.063922882,4.064789295,1.639135838
2026-07-28T16:49:38.857078+00:00,863.391907,open,rgb,45.000,-90.000,10,700,,0.258494318,55.4370,4.063930511,4.064765930,1.639262319
2026-07-28T16:49:39.007293+00:00,863.542124,open,rgb,45.000,-90.000,11,700,,0.258636364,55.4591,4.063880920,4.064711571,1.639024734
2026-07-28T16:49:39.157528+00:00,863.692360,open,rgb,45.000,-90.000,12,700,,0.258437500,55.4906,4.064013481,4.064844131,1.639181495
2026-07-28T16:49:39.307701+00:00,863.842534,open,rgb,45.000,-90.000,13,700,,0.258835227,55.5127,4.063878059,4.064770222,1.639329910
2026-07-28T16:49:39.458073+00:00,863.992904,open,rgb,45.000,-90.000,14,700,,0.258636364,55.5474,4.063990116,4.064802647,1.639218330
2026-07-28T16:49:39.608407+00:00,864.143238,open,rgb,45.000,-90.000,15,700,,0.258721591,55.5727,4.064045429,4.064922810,1.639098763
2026-07-28T16:49:39.758739+00:00,864.293570,open,rgb,45.000,-90.000,16,700,,0.258522727,55.5885,4.064020634,4.064879894,1.638984203
2026-07-28T16:49:39.909073+00:00,864.443903,open,rgb,45.000,-90.000,17,700,,0.258579545,55.6138,4.064139843,4.064972878,1.639028192
2026-07-28T16:49:40.059427+00:00,864.594258,open,rgb,45.000,-90.000,18,700,,0.258607955,55.6423,4.064102173,4.064947605,1.639125824
2026-07-28T16:49:40.209716+00:00,864.744545,open,rgb,45.000,-90.000,19,700,,0.258636364,55.6612,4.064084053,4.064747334,1.638924360
2026-07-28T16:49:42.890741+00:00,867.425567,open,rgb,45.000,-75.000,0,700,,0.258806818,55.9470,4.064127922,4.064979553,1.639331818
2026-07-28T16:49:43.041249+00:00,867.576081,open,rgb,45.000,-75.000,1,700,,0.258806818,55.9534,4.064187527,4.065077305,1.639322042
2026-07-28T16:49:43.191727+00:00,867.726556,open,rgb,45.000,-75.000,2,700,,0.258778409,55.9598,4.064221382,4.065140724,1.639339447
2026-07-28T16:49:43.342222+00:00,867.877049,open,rgb,45.000,-75.000,3,700,,0.258636364,55.9534,4.064111233,4.065011501,1.639077187
2026-07-28T16:49:43.492661+00:00,868.027493,open,rgb,45.000,-75.000,4,700,,0.258721591,55.9661,4.064296246,4.065172672,1.639309406
2026-07-28T16:49:43.643079+00:00,868.177911,open,rgb,45.000,-75.000,5,700,,0.258522727,55.9789,4.064377308,4.065269470,1.639325500
2026-07-28T16:49:43.793467+00:00,868.328297,open,rgb,45.000,-75.000,6,700,,0.258750000,55.9916,4.064329147,4.065079212,1.639334321
2026-07-28T16:49:43.944096+00:00,868.478926,open,rgb,45.000,-75.000,7,700,,0.258693182,56.0044,4.064293861,4.065194130,1.639294744
2026-07-28T16:49:44.094498+00:00,868.629330,open,rgb,45.000,-75.000,8,700,,0.258693182,56.0172,4.064257622,4.065099716,1.639161468
2026-07-28T16:49:44.244869+00:00,868.779701,open,rgb,45.000,-75.000,9,700,,0.258636364,56.0299,4.064320564,4.065266609,1.639232755
2026-07-28T16:49:44.395268+00:00,868.930099,open,rgb,45.000,-75.000,10,700,,0.258721591,56.0491,4.064253330,4.065184593,1.639477849
2026-07-28T16:49:44.545565+00:00,869.080397,open,rgb,45.000,-75.000,11,700,,0.258607955,56.0618,4.064260960,4.065130234,1.639238834
2026-07-28T16:49:44.695952+00:00,869.230783,open,rgb,45.000,-75.000,12,700,,0.258778409,56.0842,4.064428806,4.065285206,1.639347196
2026-07-28T16:49:44.846263+00:00,869.381093,open,rgb,45.000,-75.000,13,700,,0.258863636,56.0938,4.064517975,4.065433502,1.639401197
2026-07-28T16:49:44.996598+00:00,869.531429,open,rgb,45.000,-75.000,14,700,,0.258664773,56.1002,4.064715862,4.065503120,1.639186382
2026-07-28T16:49:45.146948+00:00,869.681777,open,rgb,45.000,-75.000,15,700,,0.258664773,56.1097,4.064764500,4.065695286,1.639085531
2026-07-28T16:49:45.297259+00:00,869.832088,open,rgb,45.000,-75.000,16,700,,0.258664773,56.1193,4.064396381,4.065271378,1.639006376
2026-07-28T16:49:45.447514+00:00,869.982345,open,rgb,45.000,-75.000,17,700,,0.258607955,56.1513,4.064648151,4.065497875,1.639056921
2026-07-28T16:49:45.597664+00:00,870.132496,open,rgb,45.000,-75.000,18,700,,0.258750000,56.1673,4.064447403,4.065285206,1.639316678
2026-07-28T16:49:45.747842+00:00,870.282674,open,rgb,45.000,-75.000,19,700,,0.258664773,56.1673,4.064443588,4.065281391,1.639138222
2026-07-28T16:49:48.428977+00:00,872.963805,open,rgb,45.000,-60.000,0,700,,0.258750000,56.3147,4.064782143,4.065665722,1.639319420
2026-07-28T16:49:48.579329+00:00,873.114160,open,rgb,45.000,-60.000,1,700,,0.258664773,56.3212,4.064892769,4.065775871,1.639340401
2026-07-28T16:49:48.729493+00:00,873.264324,open,rgb,45.000,-60.000,2,700,,0.258806818,56.3276,4.064896107,4.065750122,1.639418483
2026-07-28T16:49:48.879668+00:00,873.414498,open,rgb,45.000,-60.000,3,700,,0.258693182,56.3244,4.064795494,4.065681458,1.639236212
2026-07-28T16:49:49.029915+00:00,873.564745,open,rgb,45.000,-60.000,4,700,,0.258721591,56.3404,4.064955711,4.065878868,1.639323831
2026-07-28T16:49:49.180124+00:00,873.714956,open,rgb,45.000,-60.000,5,700,,0.258579545,56.3436,4.065076828,4.065955639,1.639155149
2026-07-28T16:49:49.330430+00:00,873.865258,open,rgb,45.000,-60.000,6,700,,0.258750000,56.3533,4.065043449,4.065753937,1.639150262
2026-07-28T16:49:49.480767+00:00,874.015597,open,rgb,45.000,-60.000,7,700,,0.258664773,56.3597,4.064941406,4.065867901,1.639394164
2026-07-28T16:49:49.631044+00:00,874.165874,open,rgb,45.000,-60.000,8,700,,0.258551136,56.3629,4.064864635,4.065793514,1.639167070
2026-07-28T16:49:49.781229+00:00,874.316059,open,rgb,45.000,-60.000,9,700,,0.258778409,56.3726,4.065065384,4.065948486,1.639323831
2026-07-28T16:49:49.931527+00:00,874.466358,open,rgb,45.000,-60.000,10,700,,0.258693182,56.3822,4.065145493,4.066009998,1.639536262
2026-07-28T16:49:50.081801+00:00,874.616632,open,rgb,45.000,-60.000,11,700,,0.258721591,56.3822,4.065082550,4.065974712,1.639261603
2026-07-28T16:49:50.231979+00:00,874.766810,open,rgb,45.000,-60.000,12,700,,0.258806818,56.3983,4.065222740,4.066119671,1.639420509
2026-07-28T16:49:50.382154+00:00,874.916986,open,rgb,45.000,-60.000,13,700,,0.258551136,56.3983,4.065141678,4.066050053,1.639328957
2026-07-28T16:49:50.532350+00:00,875.067181,open,rgb,45.000,-60.000,14,700,,0.258778409,56.4144,4.065233707,4.066093922,1.639377713
2026-07-28T16:49:50.682487+00:00,875.217319,open,rgb,45.000,-60.000,15,700,,0.258693182,56.4240,4.065207481,4.066153049,1.639370918
2026-07-28T16:49:50.832622+00:00,875.367453,open,rgb,45.000,-60.000,16,700,,0.258551136,56.4337,4.065179348,4.066074371,1.639219999
2026-07-28T16:49:50.983043+00:00,875.517870,open,rgb,45.000,-60.000,17,700,,0.258636364,56.4498,4.065121651,4.065992832,1.639292121
2026-07-28T16:49:51.133572+00:00,875.668400,open,rgb,45.000,-60.000,18,700,,0.258721591,56.4659,4.065014839,4.065916061,1.639402866
2026-07-28T16:49:51.284130+00:00,875.818961,open,rgb,45.000,-60.000,19,700,,0.258636364,56.4787,4.065017223,4.065873623,1.639251351
2026-07-28T16:49:53.965636+00:00,878.500463,open,rgb,45.000,-45.000,0,700,,0.258693182,56.5368,4.067132950,4.067997456,1.639387965
2026-07-28T16:49:54.116149+00:00,878.650977,open,rgb,45.000,-45.000,1,700,,0.258778409,56.5464,4.067271709,4.068114758,1.639424443
2026-07-28T16:49:54.266654+00:00,878.801483,open,rgb,45.000,-45.000,2,700,,0.258465909,56.5497,4.067105770,4.068014145,1.639711261
2026-07-28T16:49:54.417055+00:00,878.951886,open,rgb,45.000,-45.000,3,700,,0.258607955,56.5626,4.067157745,4.067980766,1.639516950
2026-07-28T16:49:54.567434+00:00,879.102265,open,rgb,45.000,-45.000,4,700,,0.258664773,56.5755,4.067226887,4.068089008,1.639547706
2026-07-28T16:49:54.717737+00:00,879.252569,open,rgb,45.000,-45.000,5,700,,0.258664773,56.5626,4.067377090,4.068243980,1.639329433
2026-07-28T16:49:54.868159+00:00,879.402989,open,rgb,45.000,-45.000,6,700,,0.258664773,56.5658,4.067303658,4.068109512,1.639416099
2026-07-28T16:49:55.018577+00:00,879.553409,open,rgb,45.000,-45.000,7,700,,0.258664773,56.5723,4.067199707,4.068087578,1.639611363
2026-07-28T16:49:55.168864+00:00,879.703695,open,rgb,45.000,-45.000,8,700,,0.258778409,56.5755,4.067207336,4.068022728,1.639369965
2026-07-28T16:49:55.319326+00:00,879.854153,open,rgb,45.000,-45.000,9,700,,0.258693182,56.5819,4.067317486,4.068178177,1.639435887
2026-07-28T16:49:55.469804+00:00,880.004634,open,rgb,45.000,-45.000,10,700,,0.258693182,56.5690,4.067219734,4.068048954,1.639622092
2026-07-28T16:49:55.620191+00:00,880.155022,open,rgb,45.000,-45.000,11,700,,0.258636364,56.5594,4.067326069,4.068089008,1.639308691
2026-07-28T16:49:55.770574+00:00,880.305405,open,rgb,45.000,-45.000,12,700,,0.258750000,56.5658,4.067356110,4.068184853,1.639424920
2026-07-28T16:49:55.921020+00:00,880.455846,open,rgb,45.000,-45.000,13,700,,0.258693182,56.5658,4.067232132,4.067990303,1.639367700
2026-07-28T16:49:56.071783+00:00,880.606610,open,rgb,45.000,-45.000,14,700,,0.258835227,56.5949,4.067130566,4.067916393,1.639373183
2026-07-28T16:49:56.222283+00:00,880.757113,open,rgb,45.000,-45.000,15,700,,0.258721591,56.6175,4.066985130,4.067873001,1.639658570
2026-07-28T16:49:56.372829+00:00,880.907657,open,rgb,45.000,-45.000,16,700,,0.258806818,56.6272,4.067017078,4.067919731,1.639442921
2026-07-28T16:49:56.523293+00:00,881.058124,open,rgb,45.000,-45.000,17,700,,0.258693182,56.6304,4.067211628,4.068029404,1.639272809
2026-07-28T16:49:56.673634+00:00,881.208465,open,rgb,45.000,-45.000,18,700,,0.258778409,56.6369,4.067035675,4.067890167,1.639688015
2026-07-28T16:49:56.824046+00:00,881.358877,open,rgb,45.000,-45.000,19,700,,0.258806818,56.6563,4.067132950,4.067889214,1.639464974
2026-07-28T16:49:59.505486+00:00,884.040314,open,rgb,45.000,-30.000,0,700,,0.258835227,56.6983,4.066031456,4.067077637,1.639292121
2026-07-28T16:49:59.656000+00:00,884.190831,open,rgb,45.000,-30.000,1,700,,0.258750000,56.7113,4.066159248,4.067174911,1.639514208
2026-07-28T16:49:59.806341+00:00,884.341171,open,rgb,45.000,-30.000,2,700,,0.258806818,56.7145,4.066298485,4.067317963,1.639643431
2026-07-28T16:49:59.956721+00:00,884.491552,open,rgb,45.000,-30.000,3,700,,0.258806818,56.7242,4.066413879,4.067247391,1.639396071
2026-07-28T16:50:00.107069+00:00,884.641901,open,rgb,45.000,-30.000,4,700,,0.258806818,56.7372,4.066299438,4.067356586,1.639617801
2026-07-28T16:50:00.257362+00:00,884.792191,open,rgb,45.000,-30.000,5,700,,0.258778409,56.7339,4.066493034,4.067509174,1.639321566
2026-07-28T16:50:00.407915+00:00,884.942746,open,rgb,45.000,-30.000,6,700,,0.258806818,56.7437,4.066381931,4.067478657,1.639500618
2026-07-28T16:50:00.558259+00:00,885.093091,open,rgb,45.000,-30.000,7,700,,0.258863636,56.7469,4.066377640,4.067396641,1.639608979
2026-07-28T16:50:00.708570+00:00,885.243401,open,rgb,45.000,-30.000,8,700,,0.258778409,56.7469,4.066308022,4.067418098,1.639440775
2026-07-28T16:50:00.858993+00:00,885.393825,open,rgb,45.000,-30.000,9,700,,0.258835227,56.7469,4.066462517,4.067491531,1.639464974
2026-07-28T16:50:01.009568+00:00,885.544397,open,rgb,45.000,-30.000,10,700,,0.258750000,56.7534,4.066166401,4.067194939,1.639636040
2026-07-28T16:50:01.160122+00:00,885.694951,open,rgb,45.000,-30.000,11,700,,0.258948864,56.7793,4.066237450,4.067159176,1.639481544
2026-07-28T16:50:01.310714+00:00,885.845540,open,rgb,45.000,-30.000,12,700,,0.258863636,56.7890,4.066183090,4.067202568,1.639669299
2026-07-28T16:50:01.461214+00:00,885.996045,open,rgb,45.000,-30.000,13,700,,0.258806818,56.7955,4.066051483,4.067051888,1.639533043
2026-07-28T16:50:01.611726+00:00,886.146553,open,rgb,45.000,-30.000,14,700,,0.258835227,56.8117,4.066151619,4.067191124,1.639782071
2026-07-28T16:50:01.762173+00:00,886.297004,open,rgb,45.000,-30.000,15,700,,0.258892045,56.8117,4.066288471,4.067315578,1.639419556
2026-07-28T16:50:01.912598+00:00,886.447427,open,rgb,45.000,-30.000,16,700,,0.258835227,56.8020,4.066133022,4.067245483,1.639246225
2026-07-28T16:50:02.063037+00:00,886.597869,open,rgb,45.000,-30.000,17,700,,0.258835227,56.7955,4.066264629,4.067301273,1.639493704
2026-07-28T16:50:02.213489+00:00,886.748231,open,rgb,45.000,-30.000,18,700,,0.258693182,56.7923,4.066153049,4.067214012,1.639657497
2026-07-28T16:50:02.364005+00:00,886.898835,open,rgb,45.000,-30.000,19,700,,0.258892045,56.8020,4.066302299,4.067124844,1.639479756
2026-07-28T16:50:05.046153+00:00,889.580981,open,rgb,45.000,-15.000,0,700,,0.258863636,56.7663,4.066187859,4.067138672,1.639259338
2026-07-28T16:50:05.196671+00:00,889.731499,open,rgb,45.000,-15.000,1,700,,0.258920455,56.7761,4.066339970,4.067274570,1.639441729
2026-07-28T16:50:05.347101+00:00,889.881932,open,rgb,45.000,-15.000,2,700,,0.258778409,56.7696,4.066273212,4.067274094,1.639523268
2026-07-28T16:50:05.497488+00:00,890.032318,open,rgb,45.000,-15.000,3,700,,0.258835227,56.7890,4.066301346,4.067046165,1.639455199
2026-07-28T16:50:05.647874+00:00,890.182705,open,rgb,45.000,-15.000,4,700,,0.258806818,56.8117,4.066293716,4.067170620,1.639653444
2026-07-28T16:50:05.798203+00:00,890.333034,open,rgb,45.000,-15.000,5,700,,0.258835227,56.8247,4.066222668,4.067137718,1.639312148
2026-07-28T16:50:05.948541+00:00,890.483370,open,rgb,45.000,-15.000,6,700,,0.258977273,56.8377,4.066173077,4.066960335,1.639756441
2026-07-28T16:50:06.098997+00:00,890.633827,open,rgb,45.000,-15.000,7,700,,0.258920455,56.8474,4.066083431,4.067041397,1.639637232
2026-07-28T16:50:06.249526+00:00,890.784353,open,rgb,45.000,-15.000,8,700,,0.258892045,56.8507,4.065988541,4.066898346,1.639382362
2026-07-28T16:50:06.399991+00:00,890.934819,open,rgb,45.000,-15.000,9,700,,0.258892045,56.8669,4.066167355,4.067019463,1.639556766
2026-07-28T16:50:06.550304+00:00,891.085135,open,rgb,45.000,-15.000,10,700,,0.258977273,56.8799,4.066053867,4.066984653,1.639608264
2026-07-28T16:50:06.700579+00:00,891.235408,open,rgb,45.000,-15.000,11,700,,0.258977273,56.8962,4.066205502,4.066908836,1.639493465
2026-07-28T16:50:06.850760+00:00,891.385591,open,rgb,45.000,-15.000,12,700,,0.258920455,56.9092,4.066103935,4.067056179,1.639595985
2026-07-28T16:50:07.000957+00:00,891.535788,open,rgb,45.000,-15.000,13,700,,0.258977273,56.9222,4.066035271,4.067042828,1.639461756
2026-07-28T16:50:07.151125+00:00,891.685956,open,rgb,45.000,-15.000,14,700,,0.258948864,56.9352,4.066181183,4.067150593,1.639477611
2026-07-28T16:50:07.301310+00:00,891.836137,open,rgb,45.000,-15.000,15,700,,0.258806818,56.9482,4.066128254,4.067038536,1.639646530
2026-07-28T16:50:07.451619+00:00,891.986450,open,rgb,45.000,-15.000,16,700,,0.258863636,56.9482,4.066061974,4.066926956,1.639444947
2026-07-28T16:50:07.601989+00:00,892.136818,open,rgb,45.000,-15.000,17,700,,0.258920455,56.9580,4.066195488,4.067085743,1.639571667
2026-07-28T16:50:07.752264+00:00,892.287095,open,rgb,45.000,-15.000,18,700,,0.258920455,56.9677,4.066145420,4.067003250,1.639584303
2026-07-28T16:50:07.902740+00:00,892.437565,open,rgb,45.000,-15.000,19,700,,0.258892045,56.9775,4.066246986,4.066965103,1.639479518
2026-07-28T16:50:10.584195+00:00,895.119022,open,rgb,45.000,0.000,0,700,,0.258892045,57.0427,4.066268921,4.066316128,1.639365077
2026-07-28T16:50:10.734533+00:00,895.269363,open,rgb,45.000,0.000,1,700,,0.258863636,57.0492,4.066359520,4.066393852,1.639500022
2026-07-28T16:50:10.884860+00:00,895.419690,open,rgb,45.000,0.000,2,700,,0.258863636,57.0492,4.066293240,4.066344261,1.639543772
2026-07-28T16:50:11.035265+00:00,895.570090,open,rgb,45.000,0.000,3,700,,0.258892045,57.0590,4.066404819,4.066097260,1.639497638
2026-07-28T16:50:11.185821+00:00,895.720649,open,rgb,45.000,0.000,4,700,,0.259034091,57.0622,4.066224098,4.066329956,1.639730573
2026-07-28T16:50:11.336311+00:00,895.871142,open,rgb,45.000,0.000,5,700,,0.258920455,57.0557,4.066432953,4.066423893,1.639161229
2026-07-28T16:50:11.486684+00:00,896.021514,open,rgb,45.000,0.000,6,700,,0.258892045,57.0329,4.066397190,4.066440105,1.639441490
2026-07-28T16:50:11.637104+00:00,896.171934,open,rgb,45.000,0.000,7,700,,0.258806818,57.0394,4.066260815,4.066288471,1.639689565
2026-07-28T16:50:11.787535+00:00,896.322366,open,rgb,45.000,0.000,8,700,,0.258920455,57.0329,4.066245079,4.066273689,1.639419556
2026-07-28T16:50:11.937800+00:00,896.472630,open,rgb,45.000,0.000,9,700,,0.259005682,57.0133,4.066345692,4.066433430,1.639521360
2026-07-28T16:50:12.087978+00:00,896.622810,open,rgb,45.000,0.000,10,700,,0.258977273,57.0231,4.066226006,4.066257000,1.639587283
2026-07-28T16:50:12.238202+00:00,896.773033,open,rgb,45.000,0.000,11,700,,0.259034091,57.0329,4.066393375,4.066267490,1.639563799
2026-07-28T16:50:12.388417+00:00,896.923248,open,rgb,45.000,0.000,12,700,,0.258920455,57.0101,4.066267014,4.066325188,1.639663458
2026-07-28T16:50:12.539028+00:00,897.073854,open,rgb,45.000,0.000,13,700,,0.258948864,56.9970,4.066294193,4.066411972,1.638817430
2026-07-28T16:50:12.689631+00:00,897.224458,open,rgb,45.000,0.000,14,700,,0.258948864,57.0101,4.066348076,4.066410542,1.639190555
2026-07-28T16:50:12.840420+00:00,897.375247,open,rgb,45.000,0.000,15,700,,0.258920455,57.0068,4.066301823,4.066377640,1.639686346
2026-07-28T16:50:12.990722+00:00,897.525553,open,rgb,45.000,0.000,16,700,,0.258920455,57.0068,4.066373825,4.066390038,1.639524460
2026-07-28T16:50:13.140535+00:00,897.675360,open,rgb,45.000,0.000,17,700,,0.258977273,57.0068,4.066336632,4.066475868,1.639526010
2026-07-28T16:50:13.291511+00:00,897.826339,open,rgb,45.000,0.000,18,700,,0.258977273,57.0231,4.066308975,4.066394806,1.639475703
2026-07-28T16:50:13.441889+00:00,897.976719,open,rgb,45.000,0.000,19,700,,0.258892045,57.0427,4.066428185,4.066438675,1.639401436
2026-07-28T16:50:16.123368+00:00,900.658195,open,rgb,45.000,15.000,0,700,,0.258863636,57.1047,4.066339970,4.065487862,1.632064581
2026-07-28T16:50:16.273496+00:00,900.808324,open,rgb,45.000,15.000,1,700,,0.259005682,57.1308,4.066388607,4.065583229,1.632288694
2026-07-28T16:50:16.423993+00:00,900.958823,open,rgb,45.000,15.000,2,700,,0.258892045,57.1439,4.066406250,4.065605640,1.632182002
2026-07-28T16:50:16.574378+00:00,901.109207,open,rgb,45.000,15.000,3,700,,0.258920455,57.1602,4.066477776,4.065641880,1.632085323
2026-07-28T16:50:16.724796+00:00,901.259626,open,rgb,45.000,15.000,4,700,,0.258977273,57.1635,4.066481113,4.065615654,1.632148981
2026-07-28T16:50:16.875250+00:00,901.410081,open,rgb,45.000,15.000,5,700,,0.258948864,57.1210,4.066605568,4.065695286,1.631627798
2026-07-28T16:50:17.025574+00:00,901.560405,open,rgb,45.000,15.000,6,700,,0.258892045,57.1047,4.066528320,4.065763474,1.632093549
2026-07-28T16:50:17.175941+00:00,901.710772,open,rgb,45.000,15.000,7,700,,0.258806818,57.0851,4.066479683,4.065678596,1.632243514
2026-07-28T16:50:17.326256+00:00,901.861087,open,rgb,45.000,15.000,8,700,,0.258892045,57.0883,4.066504478,4.065590858,1.631981015
2026-07-28T16:50:17.476620+00:00,902.011452,open,rgb,45.000,15.000,9,700,,0.258977273,57.1047,4.066501141,4.065691471,1.632202268
2026-07-28T16:50:17.626874+00:00,902.161706,open,rgb,45.000,15.000,10,700,,0.258920455,57.1079,4.066413403,4.065620899,1.632124305
2026-07-28T16:50:17.777173+00:00,902.312004,open,rgb,45.000,15.000,11,700,,0.258892045,57.1243,4.066490650,4.065642357,1.632192969
2026-07-28T16:50:17.931428+00:00,902.466257,open,rgb,45.000,15.000,12,700,,0.258892045,57.1308,4.066488266,4.065659523,1.632249355
2026-07-28T16:50:18.081932+00:00,902.616763,open,rgb,45.000,15.000,13,700,,0.258948864,57.1341,4.066671371,4.065901279,1.632038116
2026-07-28T16:50:18.232242+00:00,902.767073,open,rgb,45.000,15.000,14,700,,0.258920455,57.1177,4.066779137,4.065962315,1.632159710
2026-07-28T16:50:18.382080+00:00,902.916907,open,rgb,45.000,15.000,15,700,,0.258806818,57.0720,4.066558361,4.065791130,1.632385850
2026-07-28T16:50:18.532673+00:00,903.067502,open,rgb,45.000,15.000,16,700,,0.258863636,57.0720,4.066681862,4.065927029,1.632149935
2026-07-28T16:50:18.683120+00:00,903.217951,open,rgb,45.000,15.000,17,700,,0.258863636,57.0525,4.066873074,4.066029072,1.631976843
2026-07-28T16:50:18.833520+00:00,903.368349,open,rgb,45.000,15.000,18,700,,0.258778409,57.0296,4.066702366,4.065917015,1.631898999
2026-07-28T16:50:18.983981+00:00,903.518813,open,rgb,45.000,15.000,19,700,,0.258920455,57.0199,4.066857815,4.066019058,1.631924868
2026-07-28T16:50:21.665527+00:00,906.200355,open,rgb,45.000,30.000,0,700,,0.258948864,57.0720,4.066780090,4.066693306,1.622080207
2026-07-28T16:50:21.816026+00:00,906.350857,open,rgb,45.000,30.000,1,700,,0.258778409,57.0688,4.066865921,4.066858768,1.622043967
2026-07-28T16:50:21.966373+00:00,906.501204,open,rgb,45.000,30.000,2,700,,0.258778409,57.0622,4.066797256,4.066717148,1.621932149
2026-07-28T16:50:22.116699+00:00,906.651530,open,rgb,45.000,30.000,3,700,,0.258835227,57.0883,4.066812038,4.066739082,1.622101188
2026-07-28T16:50:22.266989+00:00,906.801820,open,rgb,45.000,30.000,4,700,,0.258920455,57.1112,4.066773891,4.066767693,1.622185111
2026-07-28T16:50:22.417348+00:00,906.952178,open,rgb,45.000,30.000,5,700,,0.258920455,57.1275,4.066838264,4.066653252,1.621540070
2026-07-28T16:50:22.567710+00:00,907.102542,open,rgb,45.000,30.000,6,700,,0.259005682,57.1569,4.066723824,4.066741467,1.622201443
2026-07-28T16:50:22.718020+00:00,907.252852,open,rgb,45.000,30.000,7,700,,0.258920455,57.1504,4.066782951,4.066740036,1.622218609
2026-07-28T16:50:22.868401+00:00,907.403231,open,rgb,45.000,30.000,8,700,,0.258806818,57.1341,4.066877842,4.066639423,1.621970534
2026-07-28T16:50:23.018989+00:00,907.553819,open,rgb,45.000,30.000,9,700,,0.258920455,57.1308,4.066757679,4.066912174,1.622154832
2026-07-28T16:50:23.169332+00:00,907.704164,open,rgb,45.000,30.000,10,700,,0.258721591,57.1112,4.067024708,4.066972256,1.622092128
2026-07-28T16:50:23.319707+00:00,907.854539,open,rgb,45.000,30.000,11,700,,0.258721591,57.1145,4.067142963,4.067091465,1.621933222
2026-07-28T16:50:23.469986+00:00,908.004815,open,rgb,45.000,30.000,12,700,,0.258806818,57.1308,4.067191124,4.067119122,1.621952176
2026-07-28T16:50:23.620766+00:00,908.155591,open,rgb,45.000,30.000,13,700,,0.258750000,57.1504,4.066539764,4.066970825,1.621691465
2026-07-28T16:50:23.771311+00:00,908.306140,open,rgb,45.000,30.000,14,700,,0.258721591,57.1798,4.067097664,4.067028999,1.622005939
2026-07-28T16:50:23.921696+00:00,908.456526,open,rgb,45.000,30.000,15,700,,0.258806818,57.1831,4.067022324,4.067000389,1.622184634
2026-07-28T16:50:24.072107+00:00,908.606937,open,rgb,45.000,30.000,16,700,,0.258693182,57.1995,4.067153454,4.066964149,1.621872187
2026-07-28T16:50:24.222467+00:00,908.757298,open,rgb,45.000,30.000,17,700,,0.258892045,57.2191,4.067056179,4.067075729,1.621899009
2026-07-28T16:50:24.372829+00:00,908.907660,open,rgb,45.000,30.000,18,700,,0.258806818,57.2289,4.067000866,4.066998005,1.621668816
2026-07-28T16:50:24.523258+00:00,909.058089,open,rgb,45.000,30.000,19,700,,0.258806818,57.2453,4.066975594,4.066914082,1.621623158
2026-07-28T16:50:27.204675+00:00,911.739502,open,rgb,45.000,45.000,0,700,,0.258778409,57.3305,4.066573620,4.066499710,1.635717869
2026-07-28T16:50:27.355192+00:00,911.890023,open,rgb,45.000,45.000,1,700,,0.258892045,57.3305,4.066520691,4.066609859,1.635762811
2026-07-28T16:50:27.505670+00:00,912.040501,open,rgb,45.000,45.000,2,700,,0.258863636,57.3371,4.066491127,4.066563129,1.635603309
2026-07-28T16:50:27.656154+00:00,912.190985,open,rgb,45.000,45.000,3,700,,0.258892045,57.3535,4.066653252,4.066691399,1.635604620
2026-07-28T16:50:27.806571+00:00,912.341402,open,rgb,45.000,45.000,4,700,,0.258863636,57.3732,4.066568375,4.066545963,1.635834336
2026-07-28T16:50:27.956973+00:00,912.491801,open,rgb,45.000,45.000,5,700,,0.258863636,57.3830,4.066562653,4.066536903,1.635189533
2026-07-28T16:50:28.128426+00:00,912.663254,open,rgb,45.000,45.000,6,700,,0.258778409,57.3995,4.066575050,4.066603661,1.635650277
2026-07-28T16:50:28.278867+00:00,912.813697,open,rgb,45.000,45.000,7,700,,0.258977273,57.4060,4.066483498,4.066530704,1.635946870
2026-07-28T16:50:28.429213+00:00,912.964044,open,rgb,45.000,45.000,8,700,,0.258806818,57.4093,4.066530704,4.066602707,1.635694623
2026-07-28T16:50:28.579545+00:00,913.114376,open,rgb,45.000,45.000,9,700,,0.258863636,57.4093,4.066556454,4.066632271,1.635805249
2026-07-28T16:50:28.729939+00:00,913.264770,open,rgb,45.000,45.000,10,700,,0.258835227,57.3995,4.066488266,4.066568851,1.635759830
2026-07-28T16:50:28.879705+00:00,913.414531,open,rgb,45.000,45.000,11,700,,0.258892045,57.3929,4.066548347,4.066609383,1.635729074
2026-07-28T16:50:29.030255+00:00,913.565084,open,rgb,45.000,45.000,12,700,,0.258892045,57.3929,4.066476345,4.066589355,1.635947585
2026-07-28T16:50:29.180674+00:00,913.715505,open,rgb,45.000,45.000,13,700,,0.258920455,57.3798,4.066602230,4.066655159,1.635727406
2026-07-28T16:50:29.331001+00:00,913.865831,open,rgb,45.000,45.000,14,700,,0.258977273,57.3732,4.066672802,4.066778183,1.635749102
2026-07-28T16:50:29.481355+00:00,914.016187,open,rgb,45.000,45.000,15,700,,0.258863636,57.3633,4.066515923,4.066626072,1.635869980
2026-07-28T16:50:29.631721+00:00,914.166553,open,rgb,45.000,45.000,16,700,,0.258750000,57.3633,4.066606522,4.066671848,1.635758638
2026-07-28T16:50:29.782088+00:00,914.316917,open,rgb,45.000,45.000,17,700,,0.258863636,57.3633,4.066643238,4.066761971,1.635703921
2026-07-28T16:50:29.932674+00:00,914.467502,open,rgb,45.000,45.000,18,700,,0.258778409,57.3568,4.066576958,4.066676140,1.635717869
2026-07-28T16:50:30.083154+00:00,914.617984,open,rgb,45.000,45.000,19,700,,0.258920455,57.3633,4.066686153,4.066718102,1.635773063
2026-07-28T16:50:32.764468+00:00,917.299296,open,rgb,45.000,60.000,0,700,,0.258920455,57.4290,4.066810608,4.066460609,1.638628244
2026-07-28T16:50:32.914902+00:00,917.449732,open,rgb,45.000,60.000,1,700,,0.258920455,57.4225,4.066825867,4.066560745,1.638754964
2026-07-28T16:50:33.065231+00:00,917.600063,open,rgb,45.000,60.000,2,700,,0.258920455,57.4060,4.066724300,4.066433430,1.638775706
2026-07-28T16:50:33.215701+00:00,917.750530,open,rgb,45.000,60.000,3,700,,0.258863636,57.4093,4.066864967,4.066510201,1.638772488
2026-07-28T16:50:33.365975+00:00,917.900807,open,rgb,45.000,60.000,4,700,,0.258977273,57.4192,4.066774845,4.066514492,1.638882160
2026-07-28T16:50:33.516161+00:00,918.050992,open,rgb,45.000,60.000,5,700,,0.258977273,57.4258,4.066724777,4.066429615,1.637926579
2026-07-28T16:50:33.666359+00:00,918.201190,open,rgb,45.000,60.000,6,700,,0.258977273,57.4356,4.066855431,4.066570282,1.638788939
2026-07-28T16:50:33.816532+00:00,918.351365,open,rgb,45.000,60.000,7,700,,0.258892045,57.4290,4.066845417,4.066590786,1.638774276
2026-07-28T16:50:33.966658+00:00,918.501489,open,rgb,45.000,60.000,8,700,,0.258948864,57.4422,4.066894531,4.066511154,1.638539433
2026-07-28T16:50:34.116943+00:00,918.651767,open,rgb,45.000,60.000,9,700,,0.258948864,57.4455,4.066425323,4.066574097,1.638675570
2026-07-28T16:50:34.267599+00:00,918.802428,open,rgb,45.000,60.000,10,700,,0.258920455,57.4422,4.066806793,4.066551208,1.638645887
2026-07-28T16:50:34.417909+00:00,918.952740,open,rgb,45.000,60.000,11,700,,0.258948864,57.4521,4.066964149,4.066651344,1.638652682
2026-07-28T16:50:34.568118+00:00,919.102948,open,rgb,45.000,60.000,12,700,,0.258948864,57.4554,4.066849232,4.066577911,1.638798952
2026-07-28T16:50:34.718304+00:00,919.253135,open,rgb,45.000,60.000,13,700,,0.258920455,57.4521,4.066863060,4.066552639,1.638617516
2026-07-28T16:50:34.868604+00:00,919.403435,open,rgb,45.000,60.000,14,700,,0.258920455,57.4652,4.066925526,4.066603661,1.638718605
2026-07-28T16:50:35.018744+00:00,919.553576,open,rgb,45.000,60.000,15,700,,0.258892045,57.4652,4.066882610,4.066617966,1.638790131
2026-07-28T16:50:35.168866+00:00,919.703696,open,rgb,45.000,60.000,16,700,,0.258948864,57.4619,4.066886425,4.066492081,1.638622403
2026-07-28T16:50:35.319356+00:00,919.854184,open,rgb,45.000,60.000,17,700,,0.259005682,57.4521,4.066883564,4.066646576,1.638750553
2026-07-28T16:50:35.469769+00:00,920.004600,open,rgb,45.000,60.000,18,700,,0.258948864,57.4356,4.066871643,4.066568375,1.638601661
2026-07-28T16:50:35.620156+00:00,920.154988,open,rgb,45.000,60.000,19,700,,0.258920455,57.4455,4.067000866,4.066743374,1.638592601
2026-07-28T16:50:38.301578+00:00,922.836405,open,rgb,45.000,75.000,0,700,,0.259005682,57.5805,4.067216396,4.066452503,1.638605595
2026-07-28T16:50:38.452255+00:00,922.987083,open,rgb,45.000,75.000,1,700,,0.258977273,57.6003,4.067193508,4.066606522,1.638752818
2026-07-28T16:50:38.602669+00:00,923.137499,open,rgb,45.000,75.000,2,700,,0.258977273,57.6069,4.067158222,4.066704750,1.638563991
2026-07-28T16:50:38.753014+00:00,923.287845,open,rgb,45.000,75.000,3,700,,0.258892045,57.6102,4.067522049,4.066953182,1.638635635
2026-07-28T16:50:38.903419+00:00,923.438250,open,rgb,45.000,75.000,4,700,,0.258863636,57.6135,4.067445278,4.066851616,1.638652444
2026-07-28T16:50:39.053759+00:00,923.588591,open,rgb,45.000,75.000,5,700,,0.258892045,57.6003,4.067380905,4.066749573,1.637781858
2026-07-28T16:50:39.204137+00:00,923.738968,open,rgb,45.000,75.000,6,700,,0.258920455,57.6036,4.067521572,4.066937447,1.638573289
2026-07-28T16:50:39.354073+00:00,923.888895,open,rgb,45.000,75.000,7,700,,0.258835227,57.5871,4.067134380,4.066827297,1.638479352
2026-07-28T16:50:39.504710+00:00,924.039537,open,rgb,45.000,75.000,8,700,,0.258863636,57.5871,4.067614079,4.066720963,1.638329864
2026-07-28T16:50:39.655026+00:00,924.189857,open,rgb,45.000,75.000,9,700,,0.258892045,57.5970,4.067505836,4.066913128,1.638568163
2026-07-28T16:50:39.805175+00:00,924.340006,open,rgb,45.000,75.000,10,700,,0.258920455,57.5904,4.067421436,4.066780090,1.638430715
2026-07-28T16:50:39.955481+00:00,924.490312,open,rgb,45.000,75.000,11,700,,0.258920455,57.6036,4.067587376,4.066940308,1.638528347
2026-07-28T16:50:40.105665+00:00,924.640496,open,rgb,45.000,75.000,12,700,,0.258863636,57.6135,4.067508698,4.066873550,1.638608694
2026-07-28T16:50:40.256441+00:00,924.791269,open,rgb,45.000,75.000,13,700,,0.258892045,57.6235,4.067248821,4.066628456,1.638435841
2026-07-28T16:50:40.406705+00:00,924.941534,open,rgb,45.000,75.000,14,700,,0.258892045,57.6466,4.067399025,4.066780567,1.638486147
2026-07-28T16:50:40.556941+00:00,925.091773,open,rgb,45.000,75.000,15,700,,0.258977273,57.6433,4.067163467,4.066581249,1.638799429
2026-07-28T16:50:40.707091+00:00,925.241921,open,rgb,45.000,75.000,16,700,,0.258977273,57.6697,4.067242622,4.066639423,1.638782024
2026-07-28T16:50:40.857278+00:00,925.392110,open,rgb,45.000,75.000,17,700,,0.258920455,57.6664,4.067322254,4.066735268,1.638678312
2026-07-28T16:50:41.007457+00:00,925.542285,open,rgb,45.000,75.000,18,700,,0.258977273,57.6697,4.067229748,4.066699028,1.638501763
2026-07-28T16:50:41.157794+00:00,925.692626,open,rgb,45.000,75.000,19,700,,0.259005682,57.6862,4.067353725,4.066780090,1.638551593
2026-07-28T16:50:43.839062+00:00,928.373891,open,rgb,45.000,90.000,0,700,,0.258977273,57.7623,4.068079472,4.067014217,1.639059186
2026-07-28T16:50:43.989828+00:00,928.524652,open,rgb,45.000,90.000,1,700,,0.259005682,57.7723,4.068088531,4.067151546,1.638929248
2026-07-28T16:50:44.140692+00:00,928.675519,open,rgb,45.000,90.000,2,700,,0.258948864,57.7690,4.067902088,4.067008018,1.638430238
2026-07-28T16:50:44.291092+00:00,928.825921,open,rgb,45.000,90.000,3,700,,0.259062500,57.7888,4.067995071,4.067131042,1.639123917
2026-07-28T16:50:44.441309+00:00,928.976140,open,rgb,45.000,90.000,4,700,,0.259005682,57.7922,4.067962646,4.067080021,1.639188766
2026-07-28T16:50:44.592688+00:00,929.127515,open,rgb,45.000,90.000,5,700,,0.259005682,57.7922,4.067832947,4.066402435,1.638227582
2026-07-28T16:50:44.743086+00:00,929.277914,open,rgb,45.000,90.000,6,700,,0.259034091,57.8087,4.067972183,4.067094803,1.639211297
2026-07-28T16:50:44.893451+00:00,929.428282,open,rgb,45.000,90.000,7,700,,0.259005682,57.7988,4.068153858,4.067276001,1.639223933
2026-07-28T16:50:45.043672+00:00,929.578503,open,rgb,45.000,90.000,8,700,,0.258948864,57.7756,4.068249702,4.067272186,1.639091611
2026-07-28T16:50:45.193963+00:00,929.728793,open,rgb,45.000,90.000,9,700,,0.258948864,57.7259,4.068296432,4.067411900,1.639057398
2026-07-28T16:50:45.344258+00:00,929.879086,open,rgb,45.000,90.000,10,700,,0.258835227,57.7193,4.067961693,4.067072868,1.638859153
2026-07-28T16:50:45.494592+00:00,930.029423,open,rgb,45.000,90.000,11,700,,0.258977273,57.7458,4.068033218,4.067188263,1.639130950
2026-07-28T16:50:45.644795+00:00,930.179626,open,rgb,45.000,90.000,12,700,,0.258977273,57.7524,4.067984104,4.067129612,1.639234900
2026-07-28T16:50:45.794999+00:00,930.329831,open,rgb,45.000,90.000,13,700,,0.258977273,57.7524,4.067937851,4.067046642,1.639008164
2026-07-28T16:50:45.945109+00:00,930.479940,open,rgb,45.000,90.000,14,700,,0.259034091,57.7657,4.068050861,4.067152977,1.639180779
2026-07-28T16:50:46.095575+00:00,930.630402,open,rgb,45.000,90.000,15,700,,0.258920455,57.7690,4.068141460,4.067245960,1.639048219
2026-07-28T16:50:46.246030+00:00,930.780858,open,rgb,45.000,90.000,16,700,,0.259034091,57.7723,4.068227291,4.067189693,1.638845325
2026-07-28T16:50:46.396463+00:00,930.931291,open,rgb,45.000,90.000,17,700,,0.258977273,57.7822,4.068165302,4.067229748,1.639153123
2026-07-28T16:50:46.546750+00:00,931.081582,open,rgb,45.000,90.000,18,700,,0.258977273,57.7822,4.068103313,4.067208290,1.638919473
2026-07-28T16:50:46.696957+00:00,931.231789,open,rgb,45.000,90.000,19,700,,0.258920455,57.7922,4.068233013,4.067375183,1.638917327
2026-07-28T16:50:57.478659+00:00,942.013487,open,dark,60.000,-90.000,0,0,,0.000681818,57.7028,4.896894455,4.903507233,1.649804473
2026-07-28T16:50:57.628954+00:00,942.163783,open,dark,60.000,-90.000,1,0,,0.000681818,57.6400,4.896909714,4.903532028,1.649611115
2026-07-28T16:50:57.779459+00:00,942.314289,open,dark,60.000,-90.000,2,0,,0.000681818,57.5805,4.896906376,4.903518200,1.649746418
2026-07-28T16:50:57.929986+00:00,942.464815,open,dark,60.000,-90.000,3,0,,0.000681818,57.5047,4.896888733,4.903524399,1.649792075
2026-07-28T16:50:58.080277+00:00,942.615108,open,dark,60.000,-90.000,4,0,,0.000681818,57.4422,4.896901131,4.903518200,1.649647236
2026-07-28T16:50:58.230619+00:00,942.765450,open,dark,60.000,-90.000,5,0,,0.000681818,57.3666,4.896892548,4.903530121,1.649809599
2026-07-28T16:50:58.380885+00:00,942.915717,open,dark,60.000,-90.000,6,0,,0.000681818,57.2780,4.896877289,4.903489113,1.649646997
2026-07-28T16:50:58.530836+00:00,943.065666,open,dark,60.000,-90.000,7,0,,0.000681818,57.2027,4.896897316,4.903517246,1.649701238
2026-07-28T16:50:58.680970+00:00,943.215801,open,dark,60.000,-90.000,8,0,,0.000681818,57.1243,4.896899700,4.903513908,1.649780154
2026-07-28T16:50:58.831176+00:00,943.366006,open,dark,60.000,-90.000,9,0,,0.000681818,57.0362,4.896893024,4.903495312,1.649634600
2026-07-28T16:50:58.981349+00:00,943.516181,open,dark,60.000,-90.000,10,0,,0.000681818,56.9612,4.896903038,4.903506756,1.649725437
2026-07-28T16:50:59.131585+00:00,943.666416,open,dark,60.000,-90.000,11,0,,0.000681818,56.8734,4.896898746,4.903496742,1.649800420
2026-07-28T16:50:59.281696+00:00,943.816528,open,dark,60.000,-90.000,12,0,,0.000681818,56.7955,4.896903515,4.903494835,1.649556994
2026-07-28T16:50:59.431855+00:00,943.966686,open,dark,60.000,-90.000,13,0,,0.000681818,56.7275,4.896895409,4.903510571,1.649770141
2026-07-28T16:50:59.581954+00:00,944.116786,open,dark,60.000,-90.000,14,0,,0.000681818,56.6466,4.896893024,4.903491974,1.649578929
2026-07-28T16:50:59.732110+00:00,944.266941,open,dark,60.000,-90.000,15,0,,0.000681818,56.5787,4.896897793,4.903490067,1.649714470
2026-07-28T16:50:59.882341+00:00,944.417173,open,dark,60.000,-90.000,16,0,,0.000681818,56.5045,4.896893978,4.903493404,1.649853349
2026-07-28T16:51:00.032572+00:00,944.567397,open,dark,60.000,-90.000,17,0,,0.000681818,56.4111,4.896926880,4.903513908,1.649638534
2026-07-28T16:51:00.183154+00:00,944.717981,open,dark,60.000,-90.000,18,0,,0.000681818,56.3115,4.896921158,4.903504372,1.648968101
2026-07-28T16:51:00.333662+00:00,944.868485,open,dark,60.000,-90.000,19,0,,0.000681818,56.2314,4.896902561,4.903472900,1.649686337
2026-07-28T16:51:04.527358+00:00,949.062186,open,rgb,60.000,-90.000,0,700,,0.258721591,55.5411,4.064848900,4.065395355,1.641866803
2026-07-28T16:51:04.677803+00:00,949.212632,open,rgb,60.000,-90.000,1,700,,0.258693182,55.5537,4.065064907,4.065555573,1.641904593
2026-07-28T16:51:04.828179+00:00,949.363009,open,rgb,60.000,-90.000,2,700,,0.258721591,55.5695,4.065181255,4.065541267,1.641713738
2026-07-28T16:51:04.978477+00:00,949.513308,open,rgb,60.000,-90.000,3,700,,0.258664773,55.5822,4.065156460,4.065667629,1.641783476
2026-07-28T16:51:05.128634+00:00,949.663465,open,rgb,60.000,-90.000,4,700,,0.258721591,55.5917,4.065080166,4.065628529,1.641673923
2026-07-28T16:51:05.278946+00:00,949.813776,open,rgb,60.000,-90.000,5,700,,0.258636364,55.6138,4.065210819,4.065791607,1.641759634
2026-07-28T16:51:05.429646+00:00,949.964473,open,rgb,60.000,-90.000,6,700,,0.258607955,55.6423,4.065120220,4.065816879,1.641924381
2026-07-28T16:51:05.580292+00:00,950.115116,open,rgb,60.000,-90.000,7,700,,0.258693182,55.6486,4.065216541,4.065326691,1.641094327
2026-07-28T16:51:05.730719+00:00,950.265544,open,rgb,60.000,-90.000,8,700,,0.258778409,55.6802,4.065269470,4.065789223,1.641815066
2026-07-28T16:51:05.881250+00:00,950.416080,open,rgb,60.000,-90.000,9,700,,0.258693182,55.6866,4.065154076,4.065741062,1.642019153
2026-07-28T16:51:06.031442+00:00,950.566269,open,rgb,60.000,-90.000,10,700,,0.258693182,55.7088,4.065211296,4.065483093,1.641763210
2026-07-28T16:51:06.182023+00:00,950.716849,open,rgb,60.000,-90.000,11,700,,0.258806818,55.7373,4.065057755,4.065531731,1.641887784
2026-07-28T16:51:06.332656+00:00,950.867484,open,rgb,60.000,-90.000,12,700,,0.258721591,55.7531,4.065074444,4.065559864,1.641772985
2026-07-28T16:51:06.483113+00:00,951.017943,open,rgb,60.000,-90.000,13,700,,0.258750000,55.7754,4.065141201,4.065716743,1.641825318
2026-07-28T16:51:06.633463+00:00,951.168295,open,rgb,60.000,-90.000,14,700,,0.258693182,55.7944,4.065224648,4.065896034,1.641906857
2026-07-28T16:51:06.783754+00:00,951.318586,open,rgb,60.000,-90.000,15,700,,0.258664773,55.7944,4.065002918,4.065543175,1.641234756
2026-07-28T16:51:06.934106+00:00,951.468936,open,rgb,60.000,-90.000,16,700,,0.258806818,55.8262,4.065152645,4.065689564,1.641988158
2026-07-28T16:51:07.084514+00:00,951.619346,open,rgb,60.000,-90.000,17,700,,0.258750000,55.8293,4.065247536,4.065782547,1.641964197
2026-07-28T16:51:07.234815+00:00,951.769646,open,rgb,60.000,-90.000,18,700,,0.258835227,55.8420,4.065348625,4.065744400,1.641781807
2026-07-28T16:51:07.385256+00:00,951.920086,open,rgb,60.000,-90.000,19,700,,0.258750000,55.8611,4.065347195,4.065865517,1.641849399
2026-07-28T16:51:10.066616+00:00,954.601442,open,rgb,60.000,-75.000,0,700,,0.258636364,56.1833,4.066002369,4.066532612,1.641677022
2026-07-28T16:51:10.216965+00:00,954.751796,open,rgb,60.000,-75.000,1,700,,0.258607955,56.1929,4.065960884,4.066435814,1.641647816
2026-07-28T16:51:10.367515+00:00,954.902342,open,rgb,60.000,-75.000,2,700,,0.258636364,56.2089,4.065846920,4.066276550,1.641268611
2026-07-28T16:51:10.517821+00:00,955.052651,open,rgb,60.000,-75.000,3,700,,0.258693182,56.2346,4.065883160,4.066372395,1.641669035
2026-07-28T16:51:10.667943+00:00,955.202775,open,rgb,60.000,-75.000,4,700,,0.258693182,56.2442,4.065728664,4.066270828,1.641524792
2026-07-28T16:51:10.818940+00:00,955.353761,open,rgb,60.000,-75.000,5,700,,0.258721591,56.2634,4.065836906,4.066352367,1.641699791
2026-07-28T16:51:10.969359+00:00,955.504186,open,rgb,60.000,-75.000,6,700,,0.258977273,56.2955,4.065765381,4.066269875,1.641864538
2026-07-28T16:51:11.120158+00:00,955.654985,open,rgb,60.000,-75.000,7,700,,0.258835227,56.2955,4.065788746,4.066284180,1.641610384
2026-07-28T16:51:11.270705+00:00,955.805535,open,rgb,60.000,-75.000,8,700,,0.258750000,56.3083,4.065911770,4.066420078,1.641685128
2026-07-28T16:51:11.421234+00:00,955.956063,open,rgb,60.000,-75.000,9,700,,0.258721591,56.3180,4.065798283,4.066349030,1.641664147
2026-07-28T16:51:11.571714+00:00,956.106545,open,rgb,60.000,-75.000,10,700,,0.258636364,56.3340,4.065916061,4.066356659,1.641644120
2026-07-28T16:51:11.722042+00:00,956.256874,open,rgb,60.000,-75.000,11,700,,0.258892045,56.3533,4.065778732,4.066342831,1.641857266
2026-07-28T16:51:11.872391+00:00,956.407223,open,rgb,60.000,-75.000,12,700,,0.258750000,56.3629,4.065772533,4.066295147,1.641651988
2026-07-28T16:51:12.022741+00:00,956.557573,open,rgb,60.000,-75.000,13,700,,0.258693182,56.3758,4.065917969,4.066443920,1.641725421
2026-07-28T16:51:12.173046+00:00,956.707878,open,rgb,60.000,-75.000,14,700,,0.258806818,56.3886,4.065917015,4.066582680,1.641905546
2026-07-28T16:51:12.323343+00:00,956.858174,open,rgb,60.000,-75.000,15,700,,0.258750000,56.3854,4.065808773,4.066305637,1.641248107
2026-07-28T16:51:12.473640+00:00,957.008472,open,rgb,60.000,-75.000,16,700,,0.258835227,56.4144,4.065936089,4.066473484,1.641881943
2026-07-28T16:51:12.623956+00:00,957.158788,open,rgb,60.000,-75.000,17,700,,0.258607955,56.4208,4.065957069,4.066491127,1.641811132
2026-07-28T16:51:12.774336+00:00,957.309165,open,rgb,60.000,-75.000,18,700,,0.258721591,56.4272,4.066089630,4.066462994,1.641614318
2026-07-28T16:51:12.924707+00:00,957.459535,open,rgb,60.000,-75.000,19,700,,0.258892045,56.4465,4.065859318,4.066410065,1.642024040
2026-07-28T16:51:15.606244+00:00,960.141071,open,rgb,60.000,-60.000,0,700,,0.258693182,56.6239,4.066538811,4.067124844,1.641878486
2026-07-28T16:51:15.756727+00:00,960.291558,open,rgb,60.000,-60.000,1,700,,0.258693182,56.6304,4.066415787,4.066977501,1.641850233
2026-07-28T16:51:15.907161+00:00,960.441987,open,rgb,60.000,-60.000,2,700,,0.258721591,56.6433,4.066517353,4.067082882,1.641907811
2026-07-28T16:51:16.057865+00:00,960.592690,open,rgb,60.000,-60.000,3,700,,0.258806818,56.6433,4.066367149,4.066799641,1.641408324
2026-07-28T16:51:16.208289+00:00,960.743115,open,rgb,60.000,-60.000,4,700,,0.258806818,56.6951,4.066339493,4.066846371,1.641768336
2026-07-28T16:51:16.358686+00:00,960.893515,open,rgb,60.000,-60.000,5,700,,0.258750000,56.6563,4.066445827,4.066954136,1.641750097
2026-07-28T16:51:16.509059+00:00,961.043887,open,rgb,60.000,-60.000,6,700,,0.258863636,56.6369,4.066300392,4.066892147,1.641981006
2026-07-28T16:51:16.659414+00:00,961.194243,open,rgb,60.000,-60.000,7,700,,0.258693182,56.6530,4.066324234,4.066812515,1.641795516
2026-07-28T16:51:16.809639+00:00,961.344469,open,rgb,60.000,-60.000,8,700,,0.258892045,56.6724,4.066324711,4.066895008,1.641891003
2026-07-28T16:51:16.959986+00:00,961.494814,open,rgb,60.000,-60.000,9,700,,0.258750000,56.6627,4.066391468,4.066876888,1.641751289
2026-07-28T16:51:17.110238+00:00,961.645067,open,rgb,60.000,-60.000,10,700,,0.258835227,56.6595,4.066478252,4.066987991,1.641692519
2026-07-28T16:51:17.260497+00:00,961.795328,open,rgb,60.000,-60.000,11,700,,0.258806818,56.6692,4.066383839,4.066975117,1.641815782
2026-07-28T16:51:17.410649+00:00,961.945481,open,rgb,60.000,-60.000,12,700,,0.258863636,56.6789,4.066369534,4.066908836,1.641573787
2026-07-28T16:51:17.560794+00:00,962.095626,open,rgb,60.000,-60.000,13,700,,0.258693182,56.7016,4.066477299,4.067000389,1.641786456
2026-07-28T16:51:17.711083+00:00,962.245914,open,rgb,60.000,-60.000,14,700,,0.258892045,56.7177,4.066490173,4.067111492,1.641975403
2026-07-28T16:51:17.861245+00:00,962.396078,open,rgb,60.000,-60.000,15,700,,0.258607955,56.7307,4.066416740,4.066903114,1.641375780
2026-07-28T16:51:18.011403+00:00,962.546235,open,rgb,60.000,-60.000,16,700,,0.258835227,56.7599,4.066412926,4.066912174,1.641886115
2026-07-28T16:51:18.161506+00:00,962.696337,open,rgb,60.000,-60.000,17,700,,0.258750000,56.7631,4.066634655,4.067187786,1.641746879
2026-07-28T16:51:18.311837+00:00,962.846668,open,rgb,60.000,-60.000,18,700,,0.258721591,56.7761,4.066758156,4.067218781,1.641820192
2026-07-28T16:51:18.461990+00:00,962.996821,open,rgb,60.000,-60.000,19,700,,0.258920455,56.7858,4.066741467,4.067281723,1.641851902
2026-07-28T16:51:21.143448+00:00,965.678276,open,rgb,60.000,-45.000,0,700,,0.258835227,56.9124,4.068022728,4.068549156,1.642066002
2026-07-28T16:51:21.294103+00:00,965.828927,open,rgb,60.000,-45.000,1,700,,0.258778409,56.9124,4.068009377,4.068687916,1.641916871
2026-07-28T16:51:21.445048+00:00,965.979874,open,rgb,60.000,-45.000,2,700,,0.258806818,56.9059,4.068153381,4.068693638,1.641246200
2026-07-28T16:51:21.595712+00:00,966.130541,open,rgb,60.000,-45.000,3,700,,0.258721591,56.9124,4.068059921,4.068617344,1.642164111
2026-07-28T16:51:21.746137+00:00,966.280968,open,rgb,60.000,-45.000,4,700,,0.258863636,56.9027,4.068035126,4.068566322,1.641911745
2026-07-28T16:51:21.896482+00:00,966.431311,open,rgb,60.000,-45.000,5,700,,0.258778409,56.9124,4.068177223,4.068705082,1.641964197
2026-07-28T16:51:22.046782+00:00,966.581613,open,rgb,60.000,-45.000,6,700,,0.258806818,56.9189,4.068147659,4.068681717,1.641977668
2026-07-28T16:51:22.197014+00:00,966.731845,open,rgb,60.000,-45.000,7,700,,0.258693182,56.9222,4.068287373,4.068675995,1.641682148
2026-07-28T16:51:22.347198+00:00,966.882029,open,rgb,60.000,-45.000,8,700,,0.258892045,56.9254,4.068242073,4.068861485,1.641787648
2026-07-28T16:51:22.497459+00:00,967.032287,open,rgb,60.000,-45.000,9,700,,0.258750000,56.9222,4.068127155,4.068672657,1.641733289
2026-07-28T16:51:22.647764+00:00,967.182594,open,rgb,60.000,-45.000,10,700,,0.258863636,56.9482,4.068300247,4.068848133,1.641762018
2026-07-28T16:51:22.797905+00:00,967.332736,open,rgb,60.000,-45.000,11,700,,0.258778409,56.9710,4.068209171,4.068708420,1.641984463
2026-07-28T16:51:22.948108+00:00,967.482939,open,rgb,60.000,-45.000,12,700,,0.258835227,56.9808,4.068173409,4.068704128,1.641786456
2026-07-28T16:51:23.098192+00:00,967.633024,open,rgb,60.000,-45.000,13,700,,0.258835227,56.9938,4.068305969,4.069023609,1.641816497
2026-07-28T16:51:23.248481+00:00,967.783311,open,rgb,60.000,-45.000,14,700,,0.258806818,56.9808,4.068478107,4.069187641,1.641901016
2026-07-28T16:51:23.398650+00:00,967.933480,open,rgb,60.000,-45.000,15,700,,0.258693182,56.9775,4.068530560,4.068912029,1.641373873
2026-07-28T16:51:23.548919+00:00,968.083750,open,rgb,60.000,-45.000,16,700,,0.258863636,57.0036,4.068445683,4.069050789,1.641920924
2026-07-28T16:51:23.699029+00:00,968.233861,open,rgb,60.000,-45.000,17,700,,0.258721591,57.0036,4.068390846,4.068912983,1.641856551
2026-07-28T16:51:23.849158+00:00,968.383989,open,rgb,60.000,-45.000,18,700,,0.258778409,57.0166,4.068528175,4.069094181,1.641916037
2026-07-28T16:51:23.999385+00:00,968.534216,open,rgb,60.000,-45.000,19,700,,0.258778409,57.0296,4.068490028,4.069022655,1.642015457
2026-07-28T16:51:26.680650+00:00,971.215477,open,rgb,60.000,-30.000,0,700,,0.258920455,57.1406,4.067531586,4.068226814,1.642065287
2026-07-28T16:51:26.831079+00:00,971.365909,open,rgb,60.000,-30.000,1,700,,0.258835227,57.1145,4.067529202,4.068240166,1.641841650
2026-07-28T16:51:26.981276+00:00,971.516106,open,rgb,60.000,-30.000,2,700,,0.258892045,57.0949,4.067610741,4.068428040,1.641891718
2026-07-28T16:51:27.131412+00:00,971.666242,open,rgb,60.000,-30.000,3,700,,0.258835227,57.1014,4.067684650,4.068406582,1.641914129
2026-07-28T16:51:27.281636+00:00,971.816466,open,rgb,60.000,-30.000,4,700,,0.258778409,57.0981,4.067559719,4.068303585,1.641780376
2026-07-28T16:51:27.431934+00:00,971.966763,open,rgb,60.000,-30.000,5,700,,0.258806818,57.1079,4.067802906,4.068410397,1.641867995
2026-07-28T16:51:27.582135+00:00,972.116966,open,rgb,60.000,-30.000,6,700,,0.258835227,57.1014,4.067679405,4.068334579,1.641872883
2026-07-28T16:51:27.732352+00:00,972.267183,open,rgb,60.000,-30.000,7,700,,0.258835227,57.0818,4.067822933,4.068371773,1.641712666
2026-07-28T16:51:27.882575+00:00,972.417406,open,rgb,60.000,-30.000,8,700,,0.258892045,57.0786,4.067789555,4.068457603,1.641909957
2026-07-28T16:51:28.032966+00:00,972.567794,open,rgb,60.000,-30.000,9,700,,0.258778409,57.0818,4.067687511,4.068418980,1.641706586
2026-07-28T16:51:28.183305+00:00,972.718136,open,rgb,60.000,-30.000,10,700,,0.258835227,57.1014,4.067856789,4.068529129,1.641718626
2026-07-28T16:51:28.333480+00:00,972.868311,open,rgb,60.000,-30.000,11,700,,0.258892045,57.1145,4.067608833,4.068327904,1.642196178
2026-07-28T16:51:28.483667+00:00,973.018498,open,rgb,60.000,-30.000,12,700,,0.258806818,57.1079,4.067635059,4.068305016,1.641977429
2026-07-28T16:51:28.633814+00:00,973.168645,open,rgb,60.000,-30.000,13,700,,0.258863636,57.1177,4.067721844,4.068440437,1.642003775
2026-07-28T16:51:28.784048+00:00,973.318880,open,rgb,60.000,-30.000,14,700,,0.258863636,57.1210,4.067765713,4.068646908,1.641891956
2026-07-28T16:51:28.934154+00:00,973.468986,open,rgb,60.000,-30.000,15,700,,0.258721591,57.1210,4.067851067,4.068467140,1.641373634
2026-07-28T16:51:29.084424+00:00,973.619257,open,rgb,60.000,-30.000,16,700,,0.258806818,57.1569,4.067810535,4.068492889,1.641796708
2026-07-28T16:51:29.234708+00:00,973.769536,open,rgb,60.000,-30.000,17,700,,0.258778409,57.1766,4.067697525,4.068418980,1.641664147
2026-07-28T16:51:29.384949+00:00,973.919779,open,rgb,60.000,-30.000,18,700,,0.258835227,57.2093,4.067846775,4.068541050,1.641850948
2026-07-28T16:51:29.535245+00:00,974.070076,open,rgb,60.000,-30.000,19,700,,0.258835227,57.2256,4.067726612,4.068405628,1.642032027
2026-07-28T16:51:32.216487+00:00,976.751315,open,rgb,60.000,-15.000,0,700,,0.258892045,57.2682,4.067899704,4.068449497,1.641938567
2026-07-28T16:51:32.366821+00:00,976.901650,open,rgb,60.000,-15.000,1,700,,0.258806818,57.2584,4.067888737,4.068389893,1.641688108
2026-07-28T16:51:32.517026+00:00,977.051856,open,rgb,60.000,-15.000,2,700,,0.258806818,57.2649,4.067972660,4.068537235,1.641919494
2026-07-28T16:51:32.667231+00:00,977.202063,open,rgb,60.000,-15.000,3,700,,0.258778409,57.2551,4.067945480,4.068552971,1.641916394
2026-07-28T16:51:32.817367+00:00,977.352198,open,rgb,60.000,-15.000,4,700,,0.258778409,57.2322,4.067884445,4.068422794,1.641661644
2026-07-28T16:51:32.967624+00:00,977.502455,open,rgb,60.000,-15.000,5,700,,0.258835227,57.2453,4.067901611,4.068517208,1.641925573
2026-07-28T16:51:33.117868+00:00,977.652699,open,rgb,60.000,-15.000,6,700,,0.258920455,57.2584,4.067986965,4.068691730,1.641876817
2026-07-28T16:51:33.268097+00:00,977.802929,open,rgb,60.000,-15.000,7,700,,0.258778409,57.2617,4.068267345,4.068784237,1.641859412
2026-07-28T16:51:33.418305+00:00,977.953137,open,rgb,60.000,-15.000,8,700,,0.258750000,57.2780,4.068196774,4.068805695,1.641898751
2026-07-28T16:51:33.568719+00:00,978.103548,open,rgb,60.000,-15.000,9,700,,0.258693182,57.2912,4.068135262,4.068685055,1.641670704
2026-07-28T16:51:33.719060+00:00,978.253891,open,rgb,60.000,-15.000,10,700,,0.258778409,57.3108,4.068226337,4.068842888,1.641872644
2026-07-28T16:51:33.869129+00:00,978.403960,open,rgb,60.000,-15.000,11,700,,0.258806818,57.3207,4.068193913,4.068713665,1.642017365
2026-07-28T16:51:34.019314+00:00,978.554145,open,rgb,60.000,-15.000,12,700,,0.258750000,57.3338,4.068214417,4.068717957,1.641680717
2026-07-28T16:51:34.169508+00:00,978.704339,open,rgb,60.000,-15.000,13,700,,0.258806818,57.3469,4.068171024,4.068830490,1.641932964
2026-07-28T16:51:34.319596+00:00,978.854427,open,rgb,60.000,-15.000,14,700,,0.258778409,57.3469,4.068189144,4.068931103,1.641788125
2026-07-28T16:51:34.469723+00:00,979.004556,open,rgb,60.000,-15.000,15,700,,0.258664773,57.3469,4.068260193,4.068830967,1.641423941
2026-07-28T16:51:34.619514+00:00,979.154343,open,rgb,60.000,-15.000,16,700,,0.258863636,57.3666,4.068031311,4.068569660,1.641933918
2026-07-28T16:51:34.769796+00:00,979.304626,open,rgb,60.000,-15.000,17,700,,0.258835227,57.3732,4.067908287,4.068452835,1.641700029
2026-07-28T16:51:34.919997+00:00,979.454828,open,rgb,60.000,-15.000,18,700,,0.258892045,57.3863,4.068024635,4.068559647,1.641936064
2026-07-28T16:51:35.070114+00:00,979.604945,open,rgb,60.000,-15.000,19,700,,0.258806818,57.3929,4.067894936,4.068542480,1.641985893
2026-07-28T16:51:37.751303+00:00,982.286130,open,rgb,60.000,0.000,0,700,,0.258892045,57.3929,4.068159103,4.067168713,1.641944647
2026-07-28T16:51:37.901623+00:00,982.436453,open,rgb,60.000,0.000,1,700,,0.258863636,57.4028,4.068084717,4.067085266,1.641697288
2026-07-28T16:51:38.051850+00:00,982.586682,open,rgb,60.000,0.000,2,700,,0.258863636,57.4159,4.068187714,4.067247391,1.641802788
2026-07-28T16:51:38.201976+00:00,982.736808,open,rgb,60.000,0.000,3,700,,0.258863636,57.4093,4.068283081,4.067325115,1.642012000
2026-07-28T16:51:38.352243+00:00,982.887074,open,rgb,60.000,0.000,4,700,,0.258806818,57.4060,4.068421364,4.067236900,1.641801119
2026-07-28T16:51:38.502488+00:00,983.037318,open,rgb,60.000,0.000,5,700,,0.258835227,57.4159,4.068339348,4.067384720,1.641965151
2026-07-28T16:51:38.652702+00:00,983.187532,open,rgb,60.000,0.000,6,700,,0.258721591,57.4093,4.068284512,4.067332268,1.641805291
2026-07-28T16:51:38.803120+00:00,983.337952,open,rgb,60.000,0.000,7,700,,0.258863636,57.4225,4.068330288,4.067435741,1.641894817
2026-07-28T16:51:38.953470+00:00,983.488301,open,rgb,60.000,0.000,8,700,,0.258835227,57.4356,4.068345070,4.067420483,1.642007947
2026-07-28T16:51:39.103796+00:00,983.638628,open,rgb,60.000,0.000,9,700,,0.258693182,57.4323,4.068278790,4.067311764,1.641723037
2026-07-28T16:51:39.254145+00:00,983.788976,open,rgb,60.000,0.000,10,700,,0.258778409,57.4192,4.068365574,4.067410946,1.641952991
2026-07-28T16:51:39.404494+00:00,983.939327,open,rgb,60.000,0.000,11,700,,0.258806818,57.3995,4.068410873,4.067409515,1.642006159
2026-07-28T16:51:39.554747+00:00,984.089578,open,rgb,60.000,0.000,12,700,,0.258806818,57.4126,4.068492413,4.067375183,1.641792059
2026-07-28T16:51:39.705084+00:00,984.239913,open,rgb,60.000,0.000,13,700,,0.258721591,57.4225,4.068442345,4.067458153,1.641791821
2026-07-28T16:51:39.855500+00:00,984.390331,open,rgb,60.000,0.000,14,700,,0.258750000,57.4290,4.068409920,4.067594528,1.641693950
2026-07-28T16:51:40.005812+00:00,984.540643,open,rgb,60.000,0.000,15,700,,0.258693182,57.4356,4.068460941,4.067494869,1.641375780
2026-07-28T16:51:40.156192+00:00,984.691023,open,rgb,60.000,0.000,16,700,,0.258721591,57.4652,4.068383217,4.067465782,1.641943932
2026-07-28T16:51:40.306501+00:00,984.841332,open,rgb,60.000,0.000,17,700,,0.258750000,57.4751,4.068225861,4.067268848,1.641762257
2026-07-28T16:51:40.456779+00:00,984.991608,open,rgb,60.000,0.000,18,700,,0.258835227,57.5047,4.068147659,4.067135811,1.642068148
2026-07-28T16:51:40.607075+00:00,985.141906,open,rgb,60.000,0.000,19,700,,0.258863636,57.5047,4.068165779,4.067162991,1.642055750
2026-07-28T16:51:43.288870+00:00,987.823695,open,rgb,60.000,15.000,0,700,,0.258835227,57.5542,4.068145275,4.067793846,1.638321638
2026-07-28T16:51:43.439439+00:00,987.974269,open,rgb,60.000,15.000,1,700,,0.258892045,57.5542,4.068171978,4.067755222,1.638104081
2026-07-28T16:51:43.589690+00:00,988.124520,open,rgb,60.000,15.000,2,700,,0.258892045,57.5707,4.068283558,4.067844868,1.638178825
2026-07-28T16:51:43.740059+00:00,988.274889,open,rgb,60.000,15.000,3,700,,0.258863636,57.5641,4.068289280,4.067804813,1.638236165
2026-07-28T16:51:43.890402+00:00,988.425233,open,rgb,60.000,15.000,4,700,,0.258806818,57.5542,4.068378448,4.067760944,1.638074040
2026-07-28T16:51:44.040763+00:00,988.575594,open,rgb,60.000,15.000,5,700,,0.258806818,57.5674,4.068275928,4.067892075,1.638241768
2026-07-28T16:51:44.191152+00:00,988.725981,open,rgb,60.000,15.000,6,700,,0.258835227,57.5772,4.068192005,4.067757607,1.637986422
2026-07-28T16:51:44.341619+00:00,988.876450,open,rgb,60.000,15.000,7,700,,0.258920455,57.5542,4.068305969,4.067886353,1.638168097
2026-07-28T16:51:44.492039+00:00,989.026871,open,rgb,60.000,15.000,8,700,,0.258863636,57.5443,4.068241119,4.067830563,1.638204694
2026-07-28T16:51:44.642483+00:00,989.177314,open,rgb,60.000,15.000,9,700,,0.258863636,57.5509,4.068254948,4.067799568,1.637984753
2026-07-28T16:51:44.792846+00:00,989.327676,open,rgb,60.000,15.000,10,700,,0.258835227,57.5641,4.068359375,4.067931175,1.638075233
2026-07-28T16:51:44.943283+00:00,989.478113,open,rgb,60.000,15.000,11,700,,0.258806818,57.5608,4.068252563,4.068045139,1.638092160
2026-07-28T16:51:45.093616+00:00,989.628447,open,rgb,60.000,15.000,12,700,,0.258806818,57.5212,4.068626881,4.068070889,1.637917757
2026-07-28T16:51:45.244008+00:00,989.778838,open,rgb,60.000,15.000,13,700,,0.258806818,57.5344,4.068549156,4.068073750,1.638143182
2026-07-28T16:51:45.394162+00:00,989.928993,open,rgb,60.000,15.000,14,700,,0.258806818,57.5476,4.068318367,4.068093777,1.637854576
2026-07-28T16:51:45.544536+00:00,990.079369,open,rgb,60.000,15.000,15,700,,0.258778409,57.5410,4.068302155,4.067899227,1.637693644
2026-07-28T16:51:45.694845+00:00,990.229677,open,rgb,60.000,15.000,16,700,,0.258806818,57.5377,4.068270206,4.067866325,1.638250113
2026-07-28T16:51:45.845153+00:00,990.379984,open,rgb,60.000,15.000,17,700,,0.258806818,57.5344,4.068272114,4.067830563,1.638025284
2026-07-28T16:51:45.995545+00:00,990.530376,open,rgb,60.000,15.000,18,700,,0.258835227,57.5443,4.068307877,4.067844391,1.638097763
2026-07-28T16:51:46.146022+00:00,990.680849,open,rgb,60.000,15.000,19,700,,0.258806818,57.5476,4.068197250,4.067811489,1.638182998
2026-07-28T16:51:48.827576+00:00,993.362405,open,rgb,60.000,30.000,0,700,,0.258863636,57.6697,4.068473816,4.068320274,1.630627990
2026-07-28T16:51:48.978059+00:00,993.512889,open,rgb,60.000,30.000,1,700,,0.258806818,57.6829,4.068464279,4.068250179,1.630320668
2026-07-28T16:51:49.128505+00:00,993.663336,open,rgb,60.000,30.000,2,700,,0.258835227,57.6995,4.068526268,4.068336487,1.630491972
2026-07-28T16:51:49.278661+00:00,993.813488,open,rgb,60.000,30.000,3,700,,0.258806818,57.6962,4.068464756,4.068274021,1.630465627
2026-07-28T16:51:49.429150+00:00,993.963982,open,rgb,60.000,30.000,4,700,,0.258835227,57.7028,4.068681717,4.068357468,1.630329967
2026-07-28T16:51:49.579547+00:00,994.114379,open,rgb,60.000,30.000,5,700,,0.258835227,57.7094,4.068576813,4.068346024,1.630522013
2026-07-28T16:51:49.730030+00:00,994.264860,open,rgb,60.000,30.000,6,700,,0.258778409,57.7061,4.068439484,4.068293095,1.630282044
2026-07-28T16:51:49.880406+00:00,994.415237,open,rgb,60.000,30.000,7,700,,0.258835227,57.7061,4.068594456,4.068410873,1.630479097
2026-07-28T16:51:50.030722+00:00,994.565552,open,rgb,60.000,30.000,8,700,,0.258806818,57.7061,4.068796158,4.068610668,1.630509615
2026-07-28T16:51:50.181019+00:00,994.715851,open,rgb,60.000,30.000,9,700,,0.258693182,57.6928,4.068771362,4.068502903,1.630262971
2026-07-28T16:51:50.331307+00:00,994.866137,open,rgb,60.000,30.000,10,700,,0.258835227,57.6928,4.068813324,4.068618774,1.630332828
2026-07-28T16:51:50.481646+00:00,995.016478,open,rgb,60.000,30.000,11,700,,0.258750000,57.6928,4.068606853,4.068441868,1.630447626
2026-07-28T16:51:50.631982+00:00,995.166814,open,rgb,60.000,30.000,12,700,,0.258835227,57.7094,4.068765163,4.068619251,1.630473495
2026-07-28T16:51:50.782235+00:00,995.317068,open,rgb,60.000,30.000,13,700,,0.258778409,57.7160,4.068798065,4.068626404,1.630488396
2026-07-28T16:51:50.932660+00:00,995.467489,open,rgb,60.000,30.000,14,700,,0.258835227,57.7193,4.068743229,4.068713665,1.630266905
2026-07-28T16:51:51.083175+00:00,995.618002,open,rgb,60.000,30.000,15,700,,0.258693182,57.7193,4.068833351,4.068390846,1.630074501
2026-07-28T16:51:51.233647+00:00,995.768478,open,rgb,60.000,30.000,16,700,,0.258835227,57.7425,4.068542480,4.068327427,1.630673885
2026-07-28T16:51:51.383982+00:00,995.918811,open,rgb,60.000,30.000,17,700,,0.258892045,57.7491,4.068472385,4.068150997,1.630378962
2026-07-28T16:51:51.534382+00:00,996.069212,open,rgb,60.000,30.000,18,700,,0.258835227,57.7590,4.068500996,4.068385124,1.630641222
2026-07-28T16:51:51.684759+00:00,996.219590,open,rgb,60.000,30.000,19,700,,0.258806818,57.7524,4.068612099,4.068411827,1.630490065
2026-07-28T16:51:54.366247+00:00,998.901075,open,rgb,60.000,45.000,0,700,,0.258863636,57.8386,4.068615913,4.068166733,1.641536713
2026-07-28T16:51:54.516744+00:00,999.051574,open,rgb,60.000,45.000,1,700,,0.258863636,57.8386,4.068661690,4.068130493,1.641216636
2026-07-28T16:51:54.667284+00:00,999.202115,open,rgb,60.000,45.000,2,700,,0.258863636,57.8485,4.068655968,4.068252087,1.641365051
2026-07-28T16:51:54.817632+00:00,999.352464,open,rgb,60.000,45.000,3,700,,0.258892045,57.8452,4.068717480,4.068160534,1.641274214
2026-07-28T16:51:54.968054+00:00,999.502884,open,rgb,60.000,45.000,4,700,,0.258835227,57.8485,4.068760395,4.068259716,1.641259789
2026-07-28T16:51:55.118303+00:00,999.653134,open,rgb,60.000,45.000,5,700,,0.258948864,57.8585,4.068640709,4.068289757,1.641483188
2026-07-28T16:51:55.268715+00:00,999.803539,open,rgb,60.000,45.000,6,700,,0.258778409,57.8452,4.068770885,4.068217754,1.641224980
2026-07-28T16:51:55.419176+00:00,999.954006,open,rgb,60.000,45.000,7,700,,0.258835227,57.8618,4.068828106,4.068412304,1.641487122
2026-07-28T16:51:55.569350+00:00,1000.104181,open,rgb,60.000,45.000,8,700,,0.258750000,57.8618,4.068823338,4.068326473,1.641621113
2026-07-28T16:51:55.719627+00:00,1000.254457,open,rgb,60.000,45.000,9,700,,0.258835227,57.8751,4.068661690,4.068109512,1.641351700
2026-07-28T16:51:55.870115+00:00,1000.404946,open,rgb,60.000,45.000,10,700,,0.258920455,57.8784,4.068647385,4.068165779,1.641404629
2026-07-28T16:51:56.020512+00:00,1000.555338,open,rgb,60.000,45.000,11,700,,0.258863636,57.8452,4.068557262,4.068101883,1.641349196
2026-07-28T16:51:56.170617+00:00,1000.705443,open,rgb,60.000,45.000,12,700,,0.258920455,57.8386,4.068717003,4.068267822,1.641322851
2026-07-28T16:51:56.321179+00:00,1000.856008,open,rgb,60.000,45.000,13,700,,0.258892045,57.8319,4.068708420,4.068169594,1.641432405
2026-07-28T16:51:56.471614+00:00,1001.006446,open,rgb,60.000,45.000,14,700,,0.258835227,57.8253,4.068746567,4.068369865,1.641183615
2026-07-28T16:51:56.622050+00:00,1001.156881,open,rgb,60.000,45.000,15,700,,0.258806818,57.8220,4.068734169,4.068265438,1.641116261
2026-07-28T16:51:56.772391+00:00,1001.307224,open,rgb,60.000,45.000,16,700,,0.258835227,57.8353,4.068722725,4.068235397,1.641389728
2026-07-28T16:51:56.922689+00:00,1001.457519,open,rgb,60.000,45.000,17,700,,0.258892045,57.8419,4.068778038,4.068175316,1.641197562
2026-07-28T16:51:57.073167+00:00,1001.607996,open,rgb,60.000,45.000,18,700,,0.258892045,57.8552,4.068703175,4.068251610,1.641425371
2026-07-28T16:51:57.223575+00:00,1001.758406,open,rgb,60.000,45.000,19,700,,0.258806818,57.8585,4.068657875,4.068216801,1.641302824
2026-07-28T16:51:59.905352+00:00,1004.440180,open,rgb,60.000,60.000,0,700,,0.258863636,57.9482,4.068760872,4.068063736,1.641918302
2026-07-28T16:52:00.055919+00:00,1004.590749,open,rgb,60.000,60.000,1,700,,0.258892045,57.9681,4.068819046,4.068098545,1.641754270
2026-07-28T16:52:00.206316+00:00,1004.741146,open,rgb,60.000,60.000,2,700,,0.258863636,57.9715,4.068941593,4.068231583,1.641690969
2026-07-28T16:52:00.356714+00:00,1004.891546,open,rgb,60.000,60.000,3,700,,0.258863636,57.9715,4.068843842,4.068158627,1.641525745
2026-07-28T16:52:00.507100+00:00,1005.041932,open,rgb,60.000,60.000,4,700,,0.258948864,57.9815,4.068945408,4.068309784,1.641532302
2026-07-28T16:52:00.657467+00:00,1005.192297,open,rgb,60.000,60.000,5,700,,0.258892045,57.9981,4.068812847,4.068150043,1.641780376
2026-07-28T16:52:00.807669+00:00,1005.342501,open,rgb,60.000,60.000,6,700,,0.258835227,58.0014,4.068731785,4.068108559,1.641542315
2026-07-28T16:52:00.957825+00:00,1005.492655,open,rgb,60.000,60.000,7,700,,0.258920455,58.0114,4.068894386,4.068246365,1.641779184
2026-07-28T16:52:01.108059+00:00,1005.642887,open,rgb,60.000,60.000,8,700,,0.258835227,58.0048,4.068776608,4.068143368,1.641767383
2026-07-28T16:52:01.258593+00:00,1005.793417,open,rgb,60.000,60.000,9,700,,0.258892045,58.0048,4.068975925,4.068117619,1.641558647
2026-07-28T16:52:01.408985+00:00,1005.943815,open,rgb,60.000,60.000,10,700,,0.258835227,58.0081,4.069013596,4.068373680,1.641575813
2026-07-28T16:52:01.559149+00:00,1006.093982,open,rgb,60.000,60.000,11,700,,0.258863636,57.9981,4.068885803,4.068239212,1.641425133
2026-07-28T16:52:01.709266+00:00,1006.244097,open,rgb,60.000,60.000,12,700,,0.258920455,58.0081,4.068912983,4.068314552,1.641549826
2026-07-28T16:52:01.859620+00:00,1006.394451,open,rgb,60.000,60.000,13,700,,0.258835227,58.0181,4.068894863,4.068201065,1.641721249
2026-07-28T16:52:02.009818+00:00,1006.544648,open,rgb,60.000,60.000,14,700,,0.258863636,58.0214,4.068882942,4.068355083,1.641633153
2026-07-28T16:52:02.159976+00:00,1006.694808,open,rgb,60.000,60.000,15,700,,0.258806818,58.0214,4.068947315,4.068347931,1.641338944
2026-07-28T16:52:02.310187+00:00,1006.845017,open,rgb,60.000,60.000,16,700,,0.258863636,58.0314,4.068881989,4.068260670,1.641600966
2026-07-28T16:52:02.460380+00:00,1006.995212,open,rgb,60.000,60.000,17,700,,0.258863636,58.0447,4.069025993,4.068233967,1.641447544
2026-07-28T16:52:02.610486+00:00,1007.145318,open,rgb,60.000,60.000,18,700,,0.258835227,58.0481,4.068934441,4.068350315,1.641644597
2026-07-28T16:52:02.760631+00:00,1007.295463,open,rgb,60.000,60.000,19,700,,0.258863636,58.0481,4.068883419,4.068223000,1.641455412
2026-07-28T16:52:05.441998+00:00,1009.976825,open,rgb,60.000,75.000,0,700,,0.258892045,58.1415,4.068599224,4.067869186,1.641710997
2026-07-28T16:52:05.592288+00:00,1010.127119,open,rgb,60.000,75.000,1,700,,0.259005682,58.1415,4.068922997,4.068120480,1.641649008
2026-07-28T16:52:05.742473+00:00,1010.277304,open,rgb,60.000,75.000,2,700,,0.258920455,58.1181,4.068959236,4.068264008,1.641597271
2026-07-28T16:52:05.892630+00:00,1010.427461,open,rgb,60.000,75.000,3,700,,0.258863636,58.0981,4.068918705,4.068215370,1.641464710
2026-07-28T16:52:06.042817+00:00,1010.577646,open,rgb,60.000,75.000,4,700,,0.258948864,58.0947,4.068988800,4.068319321,1.641502976
2026-07-28T16:52:06.193249+00:00,1010.728077,open,rgb,60.000,75.000,5,700,,0.258892045,58.0981,4.068799973,4.068059444,1.641718626
2026-07-28T16:52:06.343915+00:00,1010.878741,open,rgb,60.000,75.000,6,700,,0.258948864,58.0981,4.068705082,4.067939758,1.641485453
2026-07-28T16:52:06.494367+00:00,1011.029197,open,rgb,60.000,75.000,7,700,,0.258977273,58.1047,4.068842888,4.068099976,1.641461492
2026-07-28T16:52:06.644694+00:00,1011.179526,open,rgb,60.000,75.000,8,700,,0.258948864,58.1114,4.068711758,4.067931652,1.641710758
2026-07-28T16:52:06.794996+00:00,1011.329827,open,rgb,60.000,75.000,9,700,,0.259034091,58.1248,4.068846703,4.067938328,1.641634107
2026-07-28T16:52:06.945279+00:00,1011.480110,open,rgb,60.000,75.000,10,700,,0.259034091,58.1348,4.068800926,4.068065643,1.641690016
2026-07-28T16:52:07.095477+00:00,1011.630309,open,rgb,60.000,75.000,11,700,,0.258948864,58.1315,4.068747044,4.068016052,1.641494274
2026-07-28T16:52:07.245882+00:00,1011.780707,open,rgb,60.000,75.000,12,700,,0.259005682,58.1381,4.068858624,4.068112850,1.641561151
2026-07-28T16:52:07.396355+00:00,1011.931183,open,rgb,60.000,75.000,13,700,,0.258892045,58.1448,4.068801880,4.068048000,1.641740799
2026-07-28T16:52:07.546615+00:00,1012.081447,open,rgb,60.000,75.000,14,700,,0.258948864,58.1448,4.068799496,4.068122387,1.641510129
2026-07-28T16:52:07.696850+00:00,1012.231680,open,rgb,60.000,75.000,15,700,,0.258920455,58.1448,4.068755150,4.068089485,1.641465902
2026-07-28T16:52:07.847076+00:00,1012.381907,open,rgb,60.000,75.000,16,700,,0.259005682,58.1582,4.068749428,4.068006992,1.641693473
2026-07-28T16:52:07.997190+00:00,1012.532021,open,rgb,60.000,75.000,17,700,,0.259005682,58.1715,4.068922520,4.068017960,1.641585827
2026-07-28T16:52:08.147506+00:00,1012.682336,open,rgb,60.000,75.000,18,700,,0.259034091,58.1916,4.068689823,4.068168640,1.641965628
2026-07-28T16:52:08.297662+00:00,1012.832492,open,rgb,60.000,75.000,19,700,,0.258920455,58.1882,4.068897247,4.068255424,1.641644597
2026-07-28T16:52:10.979302+00:00,1015.514129,open,rgb,60.000,90.000,0,700,,0.259005682,58.2953,4.068824768,4.068031311,1.641645551
2026-07-28T16:52:11.129823+00:00,1015.664651,open,rgb,60.000,90.000,1,700,,0.258948864,58.3054,4.069015980,4.067980289,1.641505718
2026-07-28T16:52:11.280394+00:00,1015.815223,open,rgb,60.000,90.000,2,700,,0.259005682,58.3222,4.068881989,4.067996025,1.641891718
2026-07-28T16:52:11.430979+00:00,1015.965809,open,rgb,60.000,90.000,3,700,,0.258948864,58.2920,4.068912983,4.068005085,1.641641140
2026-07-28T16:52:11.581532+00:00,1016.116361,open,rgb,60.000,90.000,4,700,,0.258977273,58.2953,4.069002151,4.068120003,1.641611457
2026-07-28T16:52:11.731989+00:00,1016.266821,open,rgb,60.000,90.000,5,700,,0.258892045,58.2987,4.068884850,4.068007469,1.641878247
2026-07-28T16:52:11.882299+00:00,1016.417130,open,rgb,60.000,90.000,6,700,,0.258863636,58.3020,4.068874836,4.068001747,1.641599417
2026-07-28T16:52:12.032592+00:00,1016.567423,open,rgb,60.000,90.000,7,700,,0.259034091,58.2886,4.068989277,4.068109512,1.641706109
2026-07-28T16:52:12.182969+00:00,1016.717802,open,rgb,60.000,90.000,8,700,,0.258948864,58.1983,4.068826675,4.067968845,1.641712427
2026-07-28T16:52:12.333230+00:00,1016.868061,open,rgb,60.000,90.000,9,700,,0.259062500,58.1983,4.068981171,4.068017483,1.641751766
2026-07-28T16:52:12.483581+00:00,1017.018412,open,rgb,60.000,90.000,10,700,,0.259090909,58.2217,4.068920612,4.068046093,1.641764045
2026-07-28T16:52:12.633936+00:00,1017.168767,open,rgb,60.000,90.000,11,700,,0.258977273,58.2116,4.068888187,4.068016052,1.641557693
2026-07-28T16:52:12.784283+00:00,1017.319115,open,rgb,60.000,90.000,12,700,,0.259005682,58.2250,4.069025040,4.068140030,1.641727090
2026-07-28T16:52:12.934633+00:00,1017.469464,open,rgb,60.000,90.000,13,700,,0.258977273,58.2284,4.068939209,4.068030834,1.641824007
2026-07-28T16:52:13.085022+00:00,1017.619852,open,rgb,60.000,90.000,14,700,,0.258977273,58.2384,4.069050789,4.068146706,1.641602635
2026-07-28T16:52:13.235440+00:00,1017.770272,open,rgb,60.000,90.000,15,700,,0.258920455,58.2418,4.069001198,4.068107128,1.641502261
2026-07-28T16:52:13.385928+00:00,1017.920757,open,rgb,60.000,90.000,16,700,,0.258977273,58.2551,4.068964005,4.068030834,1.641732693
2026-07-28T16:52:13.536477+00:00,1018.071306,open,rgb,60.000,90.000,17,700,,0.259090909,58.2585,4.069060802,4.068125248,1.641653895
2026-07-28T16:52:13.686830+00:00,1018.221661,open,rgb,60.000,90.000,18,700,,0.259090909,58.2685,4.068950176,4.068071842,1.641738892
2026-07-28T16:52:13.837353+00:00,1018.372180,open,rgb,60.000,90.000,19,700,,0.258948864,58.2719,4.068812847,4.067370415,1.641341329
2026-07-28T16:52:24.618971+00:00,1029.153799,open,dark,75.000,-90.000,0,0,,0.000681818,58.2451,4.896927357,4.903523445,1.649548173
2026-07-28T16:52:24.769543+00:00,1029.304372,open,dark,75.000,-90.000,1,0,,0.000681818,58.1849,4.896941662,4.903527260,1.649689794
2026-07-28T16:52:24.920054+00:00,1029.454884,open,dark,75.000,-90.000,2,0,,0.000681818,58.1148,4.896937370,4.903544903,1.649496436
2026-07-28T16:52:25.070479+00:00,1029.605310,open,dark,75.000,-90.000,3,0,,0.000681818,58.0447,4.896931648,4.903538704,1.649544239
2026-07-28T16:52:25.220913+00:00,1029.755745,open,dark,75.000,-90.000,4,0,,0.000681818,57.9582,4.896931648,4.903545380,1.649672985
2026-07-28T16:52:25.371468+00:00,1029.906296,open,dark,75.000,-90.000,5,0,,0.000681818,57.8983,4.896929264,4.903534889,1.649416566
2026-07-28T16:52:25.522009+00:00,1030.056840,open,dark,75.000,-90.000,6,0,,0.000681818,57.8121,4.896939278,4.903519630,1.649731517
2026-07-28T16:52:25.672453+00:00,1030.207281,open,dark,75.000,-90.000,7,0,,0.000681818,57.7259,4.896928310,4.903544426,1.649510860
2026-07-28T16:52:25.822870+00:00,1030.357700,open,dark,75.000,-90.000,8,0,,0.000681818,57.6466,4.896932602,4.903539658,1.649464130
2026-07-28T16:52:25.973220+00:00,1030.508051,open,dark,75.000,-90.000,9,0,,0.000681818,57.5707,4.896936417,4.903533936,1.649734497
2026-07-28T16:52:26.123758+00:00,1030.658583,open,dark,75.000,-90.000,10,0,,0.000681818,57.4751,4.896933556,4.903528214,1.649509549
2026-07-28T16:52:26.274365+00:00,1030.809193,open,dark,75.000,-90.000,11,0,,0.000681818,57.3896,4.896918297,4.903533936,1.649601936
2026-07-28T16:52:26.424817+00:00,1030.959647,open,dark,75.000,-90.000,12,0,,0.000681818,57.2912,4.896937370,4.903520584,1.649760604
2026-07-28T16:52:26.575340+00:00,1031.110167,open,dark,75.000,-90.000,13,0,,0.000681818,57.2093,4.896945000,4.903523445,1.649559379
2026-07-28T16:52:26.725800+00:00,1031.260630,open,dark,75.000,-90.000,14,0,,0.000681818,57.1308,4.896945000,4.903535843,1.649710059
2026-07-28T16:52:26.876348+00:00,1031.411177,open,dark,75.000,-90.000,15,0,,0.000681818,57.0427,4.896940231,4.903541088,1.649586797
2026-07-28T16:52:27.026722+00:00,1031.561554,open,dark,75.000,-90.000,16,0,,0.000681818,56.9515,4.896952152,4.903531551,1.648814321
2026-07-28T16:52:27.177086+00:00,1031.711917,open,dark,75.000,-90.000,17,0,,0.000681818,56.8832,4.896949291,4.903523922,1.649720073
2026-07-28T16:52:27.327524+00:00,1031.862356,open,dark,75.000,-90.000,18,0,,0.000681818,56.7955,4.896944046,4.903528214,1.649419069
2026-07-28T16:52:27.477899+00:00,1032.012730,open,dark,75.000,-90.000,19,0,,0.000681818,56.7177,4.896944046,4.903532028,1.649504423
2026-07-28T16:52:31.671749+00:00,1036.206576,open,rgb,75.000,-90.000,0,700,,0.258806818,56.0267,4.064395905,4.064696312,1.644245386
2026-07-28T16:52:31.822266+00:00,1036.357096,open,rgb,75.000,-90.000,1,700,,0.258835227,56.0554,4.064530373,4.064825058,1.644592404
2026-07-28T16:52:31.972692+00:00,1036.507522,open,rgb,75.000,-90.000,2,700,,0.258778409,56.0682,4.064518452,4.064845562,1.644525766
2026-07-28T16:52:32.123112+00:00,1036.657943,open,rgb,75.000,-90.000,3,700,,0.258863636,56.0970,4.064576149,4.064732075,1.644358754
2026-07-28T16:52:32.273489+00:00,1036.808318,open,rgb,75.000,-90.000,4,700,,0.258892045,56.1225,4.064576149,4.064917088,1.644602656
2026-07-28T16:52:32.423962+00:00,1036.958794,open,rgb,75.000,-90.000,5,700,,0.258806818,56.1353,4.064554691,4.064858437,1.644383192
2026-07-28T16:52:32.574276+00:00,1037.109108,open,rgb,75.000,-90.000,6,700,,0.258778409,56.1513,4.064697266,4.065051556,1.643783092
2026-07-28T16:52:32.724627+00:00,1037.259457,open,rgb,75.000,-90.000,7,700,,0.258863636,56.1801,4.064689636,4.065023422,1.644528627
2026-07-28T16:52:32.874991+00:00,1037.409822,open,rgb,75.000,-90.000,8,700,,0.258835227,56.1993,4.064600468,4.064861774,1.644253731
2026-07-28T16:52:33.025469+00:00,1037.560298,open,rgb,75.000,-90.000,9,700,,0.258892045,56.2282,4.064665794,4.065005302,1.644599676
2026-07-28T16:52:33.176051+00:00,1037.710881,open,rgb,75.000,-90.000,10,700,,0.258835227,56.2378,4.064694405,4.065018654,1.644625783
2026-07-28T16:52:33.326501+00:00,1037.861332,open,rgb,75.000,-90.000,11,700,,0.258863636,56.2570,4.064808846,4.064967632,1.644380689
2026-07-28T16:52:33.476821+00:00,1038.011652,open,rgb,75.000,-90.000,12,700,,0.258892045,56.2827,4.064766884,4.065137863,1.644534707
2026-07-28T16:52:33.627266+00:00,1038.162098,open,rgb,75.000,-90.000,13,700,,0.258806818,56.2923,4.064822197,4.065162659,1.644416571
2026-07-28T16:52:33.777606+00:00,1038.312438,open,rgb,75.000,-90.000,14,700,,0.258806818,56.3083,4.064925194,4.065291405,1.644322872
2026-07-28T16:52:33.928007+00:00,1038.462839,open,rgb,75.000,-90.000,15,700,,0.258835227,56.3308,4.064876556,4.065194607,1.644565701
2026-07-28T16:52:34.078363+00:00,1038.613195,open,rgb,75.000,-90.000,16,700,,0.258835227,56.3404,4.064818859,4.065131664,1.644277453
2026-07-28T16:52:34.228787+00:00,1038.763619,open,rgb,75.000,-90.000,17,700,,0.258835227,56.3533,4.064909458,4.065260887,1.644369721
2026-07-28T16:52:34.379154+00:00,1038.913986,open,rgb,75.000,-90.000,18,700,,0.258806818,56.3565,4.064840794,4.065176010,1.644605994
2026-07-28T16:52:34.529468+00:00,1039.064299,open,rgb,75.000,-90.000,19,700,,0.258863636,56.3661,4.065008640,4.065180779,1.644444704
2026-07-28T16:52:37.211301+00:00,1041.746128,open,rgb,75.000,-75.000,0,700,,0.258863636,56.6466,4.065345287,4.065643787,1.644221544
2026-07-28T16:52:37.361952+00:00,1041.896780,open,rgb,75.000,-75.000,1,700,,0.258806818,56.6757,4.065448761,4.065772057,1.644554257
2026-07-28T16:52:37.512478+00:00,1042.047308,open,rgb,75.000,-75.000,2,700,,0.258806818,56.6821,4.065494061,4.065778255,1.644491553
2026-07-28T16:52:37.662827+00:00,1042.197657,open,rgb,75.000,-75.000,3,700,,0.258778409,56.6951,4.065568924,4.065655708,1.644224167
2026-07-28T16:52:37.813186+00:00,1042.348017,open,rgb,75.000,-75.000,4,700,,0.258863636,56.7145,4.065735340,4.066031456,1.644464493
2026-07-28T16:52:37.963557+00:00,1042.498387,open,rgb,75.000,-75.000,5,700,,0.258750000,56.7113,4.065748215,4.066025734,1.644307733
2026-07-28T16:52:38.114058+00:00,1042.648887,open,rgb,75.000,-75.000,6,700,,0.258693182,56.7145,4.065892220,4.066234589,1.643515468
2026-07-28T16:52:38.264299+00:00,1042.799130,open,rgb,75.000,-75.000,7,700,,0.258750000,56.7469,4.065733433,4.066006660,1.644579411
2026-07-28T16:52:38.414498+00:00,1042.949329,open,rgb,75.000,-75.000,8,700,,0.258806818,56.7534,4.065775394,4.066105843,1.644362330
2026-07-28T16:52:38.564605+00:00,1043.099437,open,rgb,75.000,-75.000,9,700,,0.258778409,56.7599,4.065960884,4.066264629,1.644308925
2026-07-28T16:52:38.714682+00:00,1043.249514,open,rgb,75.000,-75.000,10,700,,0.258693182,56.7696,4.065794468,4.066143513,1.644407749
2026-07-28T16:52:38.865013+00:00,1043.399844,open,rgb,75.000,-75.000,11,700,,0.258778409,56.7825,4.065974236,4.066060543,1.644240260
2026-07-28T16:52:39.015159+00:00,1043.549989,open,rgb,75.000,-75.000,12,700,,0.258750000,56.8053,4.065776825,4.066132545,1.644514203
2026-07-28T16:52:39.165477+00:00,1043.700307,open,rgb,75.000,-75.000,13,700,,0.258750000,56.8020,4.065876484,4.066158295,1.644339204
2026-07-28T16:52:39.315677+00:00,1043.850509,open,rgb,75.000,-75.000,14,700,,0.258806818,56.7890,4.065997124,4.066318989,1.644284964
2026-07-28T16:52:39.465801+00:00,1044.000634,open,rgb,75.000,-75.000,15,700,,0.258693182,56.7501,4.065934181,4.066237926,1.644560575
2026-07-28T16:52:39.615961+00:00,1044.150792,open,rgb,75.000,-75.000,16,700,,0.258778409,56.6886,4.065865517,4.066111565,1.644261837
2026-07-28T16:52:39.766349+00:00,1044.301179,open,rgb,75.000,-75.000,17,700,,0.258750000,56.6724,4.065941334,4.066249847,1.644453168
2026-07-28T16:52:39.916645+00:00,1044.451473,open,rgb,75.000,-75.000,18,700,,0.258778409,56.6789,4.065680027,4.065986156,1.644529581
2026-07-28T16:52:40.067063+00:00,1044.601882,open,rgb,75.000,-75.000,19,700,,0.258806818,56.7177,4.065804958,4.065913200,1.644383907
2026-07-28T16:52:42.749917+00:00,1047.284744,open,rgb,75.000,-60.000,0,700,,0.258835227,56.9775,4.067811489,4.068040371,1.644308448
2026-07-28T16:52:42.900263+00:00,1047.435094,open,rgb,75.000,-60.000,1,700,,0.258835227,56.9938,4.067918777,4.068126678,1.644371152
2026-07-28T16:52:43.050487+00:00,1047.585317,open,rgb,75.000,-60.000,2,700,,0.258778409,57.0068,4.067998409,4.068221092,1.644307494
2026-07-28T16:52:43.200771+00:00,1047.735600,open,rgb,75.000,-60.000,3,700,,0.258806818,57.0166,4.068096161,4.068108559,1.644094110
2026-07-28T16:52:43.351152+00:00,1047.885979,open,rgb,75.000,-60.000,4,700,,0.258835227,57.0427,4.067926884,4.068164349,1.644460797
2026-07-28T16:52:43.501489+00:00,1048.036320,open,rgb,75.000,-60.000,5,700,,0.258835227,57.0492,4.067902565,4.068204403,1.644198298
2026-07-28T16:52:43.651614+00:00,1048.186445,open,rgb,75.000,-60.000,6,700,,0.258750000,57.0590,4.068037510,4.068267822,1.643685102
2026-07-28T16:52:43.801817+00:00,1048.336649,open,rgb,75.000,-60.000,7,700,,0.258750000,57.0883,4.067896843,4.068173885,1.644605517
2026-07-28T16:52:43.951990+00:00,1048.486822,open,rgb,75.000,-60.000,8,700,,0.258835227,57.0949,4.067893505,4.068135738,1.644420743
2026-07-28T16:52:44.102116+00:00,1048.636947,open,rgb,75.000,-60.000,9,700,,0.258863636,57.1079,4.068054676,4.068290710,1.644373655
2026-07-28T16:52:44.252293+00:00,1048.787123,open,rgb,75.000,-60.000,10,700,,0.258778409,57.1047,4.067955494,4.068212986,1.644367456
2026-07-28T16:52:44.402488+00:00,1048.937320,open,rgb,75.000,-60.000,11,700,,0.258806818,57.1210,4.068145752,4.068245411,1.644279361
2026-07-28T16:52:44.552610+00:00,1049.087441,open,rgb,75.000,-60.000,12,700,,0.258892045,57.1341,4.067969322,4.068169117,1.644534230
2026-07-28T16:52:44.702733+00:00,1049.237564,open,rgb,75.000,-60.000,13,700,,0.258835227,57.1406,4.067937374,4.068199635,1.644380689
2026-07-28T16:52:44.858050+00:00,1049.392878,open,rgb,75.000,-60.000,14,700,,0.258778409,57.1439,4.068085194,4.068325043,1.644438028
2026-07-28T16:52:45.008537+00:00,1049.543366,open,rgb,75.000,-60.000,15,700,,0.258835227,57.1667,4.067945004,4.068265438,1.644572854
2026-07-28T16:52:45.158881+00:00,1049.693712,open,rgb,75.000,-60.000,16,700,,0.258835227,57.1733,4.068195820,4.068470955,1.644354582
2026-07-28T16:52:45.309334+00:00,1049.844164,open,rgb,75.000,-60.000,17,700,,0.258750000,57.1798,4.068329811,4.068558216,1.644410491
2026-07-28T16:52:45.459991+00:00,1049.994818,open,rgb,75.000,-60.000,18,700,,0.258778409,57.2289,4.068039417,4.068291187,1.644374371
2026-07-28T16:52:45.610497+00:00,1050.145328,open,rgb,75.000,-60.000,19,700,,0.258835227,57.2125,4.068146229,4.068231106,1.644298434
2026-07-28T16:52:48.291578+00:00,1052.826406,open,rgb,75.000,-45.000,0,700,,0.258835227,57.2289,4.069086552,4.069334030,1.644289136
2026-07-28T16:52:48.441949+00:00,1052.976780,open,rgb,75.000,-45.000,1,700,,0.258835227,57.2453,4.069152832,4.069375992,1.644486189
2026-07-28T16:52:48.592119+00:00,1053.126950,open,rgb,75.000,-45.000,2,700,,0.258778409,57.2224,4.069004536,4.069304943,1.644664884
2026-07-28T16:52:48.742315+00:00,1053.277146,open,rgb,75.000,-45.000,3,700,,0.258948864,57.2027,4.069191933,4.069330215,1.644619465
2026-07-28T16:52:48.892495+00:00,1053.427326,open,rgb,75.000,-45.000,4,700,,0.258835227,57.1864,4.069097042,4.069321632,1.644783735
2026-07-28T16:52:49.042648+00:00,1053.577479,open,rgb,75.000,-45.000,5,700,,0.258835227,57.1635,4.069065094,4.069359779,1.644496202
2026-07-28T16:52:49.192890+00:00,1053.727722,open,rgb,75.000,-45.000,6,700,,0.258835227,57.1569,4.069141388,4.069401264,1.643906593
2026-07-28T16:52:49.343170+00:00,1053.877997,open,rgb,75.000,-45.000,7,700,,0.258750000,57.1766,4.069145679,4.069380760,1.644620180
2026-07-28T16:52:49.493477+00:00,1054.028308,open,rgb,75.000,-45.000,8,700,,0.258835227,57.1962,4.069155693,4.069333553,1.644418240
2026-07-28T16:52:49.643594+00:00,1054.178425,open,rgb,75.000,-45.000,9,700,,0.258863636,57.2191,4.069190502,4.069431782,1.644495249
2026-07-28T16:52:49.793882+00:00,1054.328711,open,rgb,75.000,-45.000,10,700,,0.258892045,57.2224,4.069141865,4.069375515,1.644473433
2026-07-28T16:52:49.944325+00:00,1054.479154,open,rgb,75.000,-45.000,11,700,,0.258778409,57.2322,4.069250107,4.069408417,1.644384384
2026-07-28T16:52:50.094760+00:00,1054.629589,open,rgb,75.000,-45.000,12,700,,0.258892045,57.2486,4.069353104,4.069643974,1.644668102
2026-07-28T16:52:50.244934+00:00,1054.779765,open,rgb,75.000,-45.000,13,700,,0.258778409,57.2322,4.069476128,4.069677353,1.644398570
2026-07-28T16:52:50.395069+00:00,1054.929900,open,rgb,75.000,-45.000,14,700,,0.258778409,57.2355,4.069532871,4.069824696,1.644379497
2026-07-28T16:52:50.545156+00:00,1055.079988,open,rgb,75.000,-45.000,15,700,,0.258721591,57.2486,4.069467545,4.069705963,1.644586563
2026-07-28T16:52:50.695903+00:00,1055.230729,open,rgb,75.000,-45.000,16,700,,0.258806818,57.2551,4.069419384,4.069651604,1.644342422
2026-07-28T16:52:50.846503+00:00,1055.381332,open,rgb,75.000,-45.000,17,700,,0.258806818,57.2289,4.069503784,4.069748402,1.644546509
2026-07-28T16:52:50.997024+00:00,1055.531853,open,rgb,75.000,-45.000,18,700,,0.258693182,57.2453,4.069437027,4.069744110,1.644393921
2026-07-28T16:52:51.147321+00:00,1055.682145,open,rgb,75.000,-45.000,19,700,,0.258721591,57.2715,4.069556713,4.069499493,1.644381642
2026-07-28T16:52:53.828798+00:00,1058.363625,open,rgb,75.000,-30.000,0,700,,0.258835227,57.4225,4.069846630,4.069867611,1.644543767
2026-07-28T16:52:53.979111+00:00,1058.513941,open,rgb,75.000,-30.000,1,700,,0.258863636,57.4323,4.069864750,4.070028782,1.644593358
2026-07-28T16:52:54.129370+00:00,1058.664201,open,rgb,75.000,-30.000,2,700,,0.258806818,57.4225,4.069784164,4.069888592,1.644593120
2026-07-28T16:52:54.279512+00:00,1058.814343,open,rgb,75.000,-30.000,3,700,,0.258778409,57.4323,4.069925308,4.070029736,1.644563317
2026-07-28T16:52:54.429639+00:00,1058.964469,open,rgb,75.000,-30.000,4,700,,0.258863636,57.4356,4.069831848,4.069917679,1.644730330
2026-07-28T16:52:54.579846+00:00,1059.114678,open,rgb,75.000,-30.000,5,700,,0.258835227,57.4356,4.069803715,4.069989681,1.644569159
2026-07-28T16:52:54.729980+00:00,1059.264812,open,rgb,75.000,-30.000,6,700,,0.258806818,57.4225,4.069910526,4.070043087,1.643967152
2026-07-28T16:52:54.880272+00:00,1059.415105,open,rgb,75.000,-30.000,7,700,,0.258778409,57.4258,4.069803238,4.069879532,1.644860148
2026-07-28T16:52:55.030630+00:00,1059.565459,open,rgb,75.000,-30.000,8,700,,0.258806818,57.4290,4.069942474,4.069981098,1.644601107
2026-07-28T16:52:55.181075+00:00,1059.715906,open,rgb,75.000,-30.000,9,700,,0.258835227,57.4356,4.069962025,4.070070267,1.644631386
2026-07-28T16:52:55.331487+00:00,1059.866313,open,rgb,75.000,-30.000,10,700,,0.258778409,57.4488,4.069937706,4.070024967,1.644441962
2026-07-28T16:52:55.481809+00:00,1060.016639,open,rgb,75.000,-30.000,11,700,,0.258806818,57.4652,4.069958210,4.070059776,1.644444227
2026-07-28T16:52:55.632188+00:00,1060.167019,open,rgb,75.000,-30.000,12,700,,0.258806818,57.4784,4.069969654,4.070130348,1.644584775
2026-07-28T16:52:55.782374+00:00,1060.317204,open,rgb,75.000,-30.000,13,700,,0.258750000,57.4817,4.069880009,4.069963455,1.644280314
2026-07-28T16:52:55.932844+00:00,1060.467670,open,rgb,75.000,-30.000,14,700,,0.258863636,57.5014,4.070014000,4.070116997,1.644582152
2026-07-28T16:52:56.083224+00:00,1060.618050,open,rgb,75.000,-30.000,15,700,,0.258835227,57.5014,4.069925308,4.070006371,1.644697547
2026-07-28T16:52:56.233318+00:00,1060.768143,open,rgb,75.000,-30.000,16,700,,0.258835227,57.4981,4.069725037,4.069768429,1.644459605
2026-07-28T16:52:56.383539+00:00,1060.918368,open,rgb,75.000,-30.000,17,700,,0.258892045,57.5245,4.069738865,4.069866180,1.644678354
2026-07-28T16:52:56.533885+00:00,1061.068715,open,rgb,75.000,-30.000,18,700,,0.258863636,57.5212,4.069688320,4.069864750,1.644578457
2026-07-28T16:52:56.684110+00:00,1061.218942,open,rgb,75.000,-30.000,19,700,,0.258920455,57.5179,4.069883347,4.069975853,1.644513011
2026-07-28T16:52:59.365158+00:00,1063.899986,open,rgb,75.000,-15.000,0,700,,0.258977273,57.6168,4.070157051,4.069958210,1.644461274
2026-07-28T16:52:59.515548+00:00,1064.050378,open,rgb,75.000,-15.000,1,700,,0.259005682,57.6235,4.070004940,4.070034504,1.644697785
2026-07-28T16:52:59.665793+00:00,1064.200624,open,rgb,75.000,-15.000,2,700,,0.258977273,57.6202,4.070010662,4.070002079,1.644518614
2026-07-28T16:52:59.815961+00:00,1064.350792,open,rgb,75.000,-15.000,3,700,,0.258977273,57.6367,4.070178032,4.070269108,1.644477606
2026-07-28T16:52:59.966231+00:00,1064.501063,open,rgb,75.000,-15.000,4,700,,0.258920455,57.6532,4.070035458,4.070127010,1.644669771
2026-07-28T16:53:00.116544+00:00,1064.651372,open,rgb,75.000,-15.000,5,700,,0.258920455,57.6565,4.070139885,4.070567131,1.644456863
2026-07-28T16:53:00.266906+00:00,1064.801737,open,rgb,75.000,-15.000,6,700,,0.258863636,57.6400,4.070412159,4.070450783,1.643800855
2026-07-28T16:53:00.416959+00:00,1064.951785,open,rgb,75.000,-15.000,7,700,,0.258835227,57.6565,4.070406914,4.070569992,1.644593596
2026-07-28T16:53:00.567575+00:00,1065.102403,open,rgb,75.000,-15.000,8,700,,0.258806818,57.6433,4.070558071,4.070287704,1.643739104
2026-07-28T16:53:00.717919+00:00,1065.252749,open,rgb,75.000,-15.000,9,700,,0.258863636,57.6565,4.070388794,4.070383549,1.644553065
2026-07-28T16:53:00.868126+00:00,1065.402958,open,rgb,75.000,-15.000,10,700,,0.258892045,57.6499,4.070297241,4.070307732,1.644407511
2026-07-28T16:53:01.018284+00:00,1065.553115,open,rgb,75.000,-15.000,11,700,,0.258920455,57.6466,4.070420742,4.070419312,1.644533038
2026-07-28T16:53:01.168895+00:00,1065.703720,open,rgb,75.000,-15.000,12,700,,0.258835227,57.6466,4.070249081,4.070115089,1.644615054
2026-07-28T16:53:01.319572+00:00,1065.854398,open,rgb,75.000,-15.000,13,700,,0.258892045,57.6466,4.070138454,4.070158482,1.644347191
2026-07-28T16:53:01.470145+00:00,1066.004972,open,rgb,75.000,-15.000,14,700,,0.258948864,57.6532,4.070246696,4.070307732,1.644432425
2026-07-28T16:53:01.620650+00:00,1066.155479,open,rgb,75.000,-15.000,15,700,,0.258920455,57.6532,4.070183754,4.070188999,1.644474983
2026-07-28T16:53:01.771014+00:00,1066.305845,open,rgb,75.000,-15.000,16,700,,0.258920455,57.6532,4.070290565,4.070163250,1.644339919
2026-07-28T16:53:01.921351+00:00,1066.456182,open,rgb,75.000,-15.000,17,700,,0.258948864,57.6499,4.070238113,4.070308685,1.644506216
2026-07-28T16:53:02.071923+00:00,1066.606754,open,rgb,75.000,-15.000,18,700,,0.258948864,57.6400,4.070174217,4.070214272,1.644320846
2026-07-28T16:53:02.222256+00:00,1066.757088,open,rgb,75.000,-15.000,19,700,,0.258892045,57.6466,4.070256233,4.070361614,1.644377708
2026-07-28T16:53:04.903725+00:00,1069.438553,open,rgb,75.000,0.000,0,700,,0.258835227,57.6862,4.070803642,4.069569111,1.644167304
2026-07-28T16:53:05.054172+00:00,1069.589002,open,rgb,75.000,0.000,1,700,,0.258977273,57.6928,4.070669174,4.069626808,1.644432425
2026-07-28T16:53:05.204626+00:00,1069.739456,open,rgb,75.000,0.000,2,700,,0.258948864,57.6829,4.070653439,4.069644928,1.644279599
2026-07-28T16:53:05.355268+00:00,1069.890097,open,rgb,75.000,0.000,3,700,,0.258948864,57.6928,4.070705414,4.069679260,1.644394159
2026-07-28T16:53:05.505708+00:00,1070.040539,open,rgb,75.000,0.000,4,700,,0.258948864,57.6995,4.070626736,4.069591999,1.644600630
2026-07-28T16:53:05.656040+00:00,1070.190871,open,rgb,75.000,0.000,5,700,,0.258948864,57.6730,4.070578575,4.069652557,1.644310355
2026-07-28T16:53:05.806358+00:00,1070.341190,open,rgb,75.000,0.000,6,700,,0.258977273,57.6565,4.070729256,4.069662571,1.643893838
2026-07-28T16:53:05.956688+00:00,1070.491520,open,rgb,75.000,0.000,7,700,,0.258977273,57.6697,4.070659637,4.069610596,1.644431472
2026-07-28T16:53:06.107159+00:00,1070.641989,open,rgb,75.000,0.000,8,700,,0.258977273,57.6829,4.070781708,4.069547176,1.644315243
2026-07-28T16:53:06.257805+00:00,1070.792630,open,rgb,75.000,0.000,9,700,,0.259034091,57.6962,4.070679665,4.069648266,1.644545197
2026-07-28T16:53:06.408355+00:00,1070.943180,open,rgb,75.000,0.000,10,700,,0.258977273,57.6962,4.070627689,4.069543362,1.644381642
2026-07-28T16:53:06.558751+00:00,1071.093580,open,rgb,75.000,0.000,11,700,,0.259005682,57.7094,4.070656776,4.069663525,1.644589663
2026-07-28T16:53:06.709248+00:00,1071.244078,open,rgb,75.000,0.000,12,700,,0.259005682,57.7226,4.070687294,4.069637299,1.644612432
2026-07-28T16:53:06.859755+00:00,1071.394584,open,rgb,75.000,0.000,13,700,,0.258948864,57.7325,4.070580482,4.069496155,1.644313812
2026-07-28T16:53:07.010291+00:00,1071.545121,open,rgb,75.000,0.000,14,700,,0.259034091,57.7557,4.070722580,4.069642544,1.644561648
2026-07-28T16:53:07.160639+00:00,1071.695470,open,rgb,75.000,0.000,15,700,,0.259034091,57.7590,4.070735455,4.069654942,1.644461513
2026-07-28T16:53:07.311122+00:00,1071.845948,open,rgb,75.000,0.000,16,700,,0.258977273,57.7690,4.070851326,4.069561481,1.644209266
2026-07-28T16:53:07.461642+00:00,1071.996473,open,rgb,75.000,0.000,17,700,,0.259062500,57.7888,4.070682049,4.069579124,1.644670486
2026-07-28T16:53:07.612021+00:00,1072.146852,open,rgb,75.000,0.000,18,700,,0.258977273,57.7789,4.070687771,4.069605827,1.644414663
2026-07-28T16:53:07.762372+00:00,1072.297203,open,rgb,75.000,0.000,19,700,,0.258920455,57.7789,4.070809364,4.069714069,1.644434452
2026-07-28T16:53:10.443919+00:00,1074.978747,open,rgb,75.000,15.000,0,700,,0.258835227,57.8286,4.070062637,4.068986893,1.644090414
2026-07-28T16:53:10.594501+00:00,1075.129330,open,rgb,75.000,15.000,1,700,,0.258977273,57.8585,4.070006371,4.069002628,1.644478798
2026-07-28T16:53:10.744948+00:00,1075.279778,open,rgb,75.000,15.000,2,700,,0.258977273,57.8618,4.070097923,4.069109917,1.644238114
2026-07-28T16:53:10.895298+00:00,1075.430130,open,rgb,75.000,15.000,3,700,,0.258948864,57.8684,4.070137978,4.069210052,1.644099712
2026-07-28T16:53:11.045639+00:00,1075.580470,open,rgb,75.000,15.000,4,700,,0.258892045,57.8851,4.070007801,4.069061279,1.644451976
2026-07-28T16:53:11.196334+00:00,1075.731162,open,rgb,75.000,15.000,5,700,,0.258977273,57.8884,4.069916725,4.069146633,1.644240856
2026-07-28T16:53:11.346831+00:00,1075.881662,open,rgb,75.000,15.000,6,700,,0.258920455,57.8851,4.070051193,4.069109917,1.643792510
2026-07-28T16:53:11.497203+00:00,1076.032033,open,rgb,75.000,15.000,7,700,,0.258977273,57.8917,4.069979668,4.069005966,1.644338727
2026-07-28T16:53:11.647743+00:00,1076.182569,open,rgb,75.000,15.000,8,700,,0.258977273,57.8950,4.070051193,4.069010258,1.644343615
2026-07-28T16:53:11.798400+00:00,1076.333230,open,rgb,75.000,15.000,9,700,,0.258948864,57.8983,4.070045471,4.069032192,1.644431949
2026-07-28T16:53:11.948829+00:00,1076.483660,open,rgb,75.000,15.000,10,700,,0.258920455,57.8917,4.069924831,4.069028854,1.644188762
2026-07-28T16:53:12.099205+00:00,1076.634033,open,rgb,75.000,15.000,11,700,,0.258977273,57.9050,4.070086479,4.069123745,1.644384146
2026-07-28T16:53:12.249632+00:00,1076.784463,open,rgb,75.000,15.000,12,700,,0.258977273,57.9050,4.070055962,4.069067955,1.644476891
2026-07-28T16:53:12.400050+00:00,1076.934882,open,rgb,75.000,15.000,13,700,,0.258920455,57.9149,4.070075989,4.069047928,1.644253016
2026-07-28T16:53:12.550372+00:00,1077.085205,open,rgb,75.000,15.000,14,700,,0.258920455,57.9249,4.070075035,4.069085121,1.644310355
2026-07-28T16:53:12.700691+00:00,1077.235522,open,rgb,75.000,15.000,15,700,,0.258920455,57.9216,4.069985867,4.069008827,1.644338965
2026-07-28T16:53:12.851002+00:00,1077.385833,open,rgb,75.000,15.000,16,700,,0.259005682,57.9249,4.070109844,4.069066048,1.644328237
2026-07-28T16:53:13.001359+00:00,1077.536186,open,rgb,75.000,15.000,17,700,,0.259005682,57.9282,4.070015430,4.069008350,1.644544721
2026-07-28T16:53:13.151937+00:00,1077.686768,open,rgb,75.000,15.000,18,700,,0.258948864,57.9282,4.069894791,4.068998814,1.644352078
2026-07-28T16:53:13.302362+00:00,1077.837188,open,rgb,75.000,15.000,19,700,,0.258977273,57.9415,4.070054054,4.069121361,1.644474745
2026-07-28T16:53:15.983545+00:00,1080.518372,open,rgb,75.000,30.000,0,700,,0.258920455,57.9981,4.070116997,4.070031166,1.644443154
2026-07-28T16:53:16.134043+00:00,1080.668871,open,rgb,75.000,30.000,1,700,,0.258863636,58.0048,4.070090771,4.070057392,1.644516230
2026-07-28T16:53:16.284562+00:00,1080.819389,open,rgb,75.000,30.000,2,700,,0.258948864,58.0048,4.069786549,4.069835186,1.644334793
2026-07-28T16:53:16.435089+00:00,1080.969917,open,rgb,75.000,30.000,3,700,,0.258977273,58.0114,4.069954395,4.069934845,1.644309163
2026-07-28T16:53:16.585451+00:00,1081.120279,open,rgb,75.000,30.000,4,700,,0.258892045,58.0147,4.069930077,4.069818497,1.644463181
2026-07-28T16:53:16.735692+00:00,1081.270523,open,rgb,75.000,30.000,5,700,,0.258977273,58.0247,4.069855690,4.069859982,1.644235730
2026-07-28T16:53:16.885241+00:00,1081.420068,open,rgb,75.000,30.000,6,700,,0.258920455,58.0181,4.069858551,4.069837093,1.644077659
2026-07-28T16:53:17.035687+00:00,1081.570516,open,rgb,75.000,30.000,7,700,,0.259005682,58.0114,4.069854736,4.069776058,1.644427538
2026-07-28T16:53:17.186027+00:00,1081.720858,open,rgb,75.000,30.000,8,700,,0.258948864,58.0048,4.069933414,4.069862843,1.644326925
2026-07-28T16:53:17.336469+00:00,1081.871299,open,rgb,75.000,30.000,9,700,,0.259034091,58.0114,4.069877148,4.069823265,1.644406319
2026-07-28T16:53:17.486853+00:00,1082.021684,open,rgb,75.000,30.000,10,700,,0.258977273,58.0181,4.069775105,4.069763184,1.644174337
2026-07-28T16:53:17.637278+00:00,1082.172106,open,rgb,75.000,30.000,11,700,,0.259034091,58.0347,4.069946289,4.069886208,1.644332886
2026-07-28T16:53:17.787725+00:00,1082.322556,open,rgb,75.000,30.000,12,700,,0.259005682,58.0447,4.069914341,4.069848061,1.644502759
2026-07-28T16:53:17.938019+00:00,1082.472850,open,rgb,75.000,30.000,13,700,,0.258977273,58.0547,4.069960594,4.069761276,1.644216895
2026-07-28T16:53:18.088463+00:00,1082.623293,open,rgb,75.000,30.000,14,700,,0.259034091,58.0614,4.069893837,4.069921970,1.644473672
2026-07-28T16:53:18.238821+00:00,1082.773652,open,rgb,75.000,30.000,15,700,,0.258948864,58.0481,4.069966793,4.069918633,1.644330382
2026-07-28T16:53:18.389150+00:00,1082.923982,open,rgb,75.000,30.000,16,700,,0.258920455,58.0247,4.070062160,4.070071697,1.644165397
2026-07-28T16:53:18.539608+00:00,1083.074435,open,rgb,75.000,30.000,17,700,,0.258977273,58.0147,4.070196629,4.069845676,1.644372344
2026-07-28T16:53:18.690043+00:00,1083.224875,open,rgb,75.000,30.000,18,700,,0.258977273,58.0147,4.069857121,4.069827080,1.644147754
2026-07-28T16:53:18.840401+00:00,1083.375234,open,rgb,75.000,30.000,19,700,,0.258920455,58.0081,4.070008755,4.069946289,1.644451499
2026-07-28T16:53:21.522227+00:00,1086.057055,open,rgb,75.000,45.000,0,700,,0.258977273,58.0447,4.070047855,4.069931507,1.644214630
2026-07-28T16:53:21.672981+00:00,1086.207808,open,rgb,75.000,45.000,1,700,,0.259005682,58.0614,4.069928169,4.069818497,1.644417286
2026-07-28T16:53:21.823431+00:00,1086.358263,open,rgb,75.000,45.000,2,700,,0.259034091,58.0747,4.069913864,4.069798470,1.644204855
2026-07-28T16:53:21.973817+00:00,1086.508648,open,rgb,75.000,45.000,3,700,,0.258977273,58.0947,4.070166588,4.070228577,1.644217610
2026-07-28T16:53:22.126990+00:00,1086.661815,open,rgb,75.000,45.000,4,700,,0.258892045,58.0881,4.069938660,4.070082188,1.644521832
2026-07-28T16:53:22.277622+00:00,1086.812451,open,rgb,75.000,45.000,5,700,,0.258920455,58.0781,4.070264339,4.070311546,1.644218087
2026-07-28T16:53:22.428022+00:00,1086.962853,open,rgb,75.000,45.000,6,700,,0.258863636,58.0614,4.070301056,4.070187092,1.643746853
2026-07-28T16:53:22.578486+00:00,1087.113313,open,rgb,75.000,45.000,7,700,,0.258863636,58.0681,4.070191860,4.070042610,1.644080162
2026-07-28T16:53:22.728960+00:00,1087.263790,open,rgb,75.000,45.000,8,700,,0.258920455,58.0681,4.070359230,4.070160866,1.644157767
2026-07-28T16:53:22.879279+00:00,1087.414110,open,rgb,75.000,45.000,9,700,,0.258977273,58.0647,4.070257664,4.070196629,1.644335032
2026-07-28T16:53:23.029647+00:00,1087.564478,open,rgb,75.000,45.000,10,700,,0.258892045,58.0547,4.070206642,4.070013046,1.644142628
2026-07-28T16:53:23.180018+00:00,1087.714849,open,rgb,75.000,45.000,11,700,,0.258863636,58.0714,4.070303917,4.070195675,1.644275665
2026-07-28T16:53:23.330453+00:00,1087.865283,open,rgb,75.000,45.000,12,700,,0.258892045,58.0681,4.070241928,4.070134640,1.644324064
2026-07-28T16:53:23.480845+00:00,1088.015677,open,rgb,75.000,45.000,13,700,,0.258948864,58.0847,4.070313931,4.069977760,1.644057393
2026-07-28T16:53:23.631150+00:00,1088.165983,open,rgb,75.000,45.000,14,700,,0.258920455,58.1047,4.070215702,4.070120811,1.644342065
2026-07-28T16:53:23.781491+00:00,1088.316323,open,rgb,75.000,45.000,15,700,,0.258920455,58.1047,4.070166588,4.070152283,1.644150496
2026-07-28T16:53:23.931841+00:00,1088.466673,open,rgb,75.000,45.000,16,700,,0.258892045,58.1114,4.070321083,4.070191860,1.644143581
2026-07-28T16:53:24.082196+00:00,1088.617025,open,rgb,75.000,45.000,17,700,,0.258948864,58.1248,4.070175648,4.070083141,1.644445181
2026-07-28T16:53:24.232654+00:00,1088.767484,open,rgb,75.000,45.000,18,700,,0.258948864,58.1181,4.070217609,4.070197105,1.644206166
2026-07-28T16:53:24.383120+00:00,1088.917951,open,rgb,75.000,45.000,19,700,,0.258920455,58.1315,4.070342064,4.070318699,1.644101620
2026-07-28T16:53:27.064590+00:00,1091.599418,open,rgb,75.000,60.000,0,700,,0.258948864,58.2317,4.070256233,4.070016861,1.644280076
2026-07-28T16:53:27.215280+00:00,1091.750109,open,rgb,75.000,60.000,1,700,,0.258977273,58.2217,4.070336342,4.070047855,1.644195437
2026-07-28T16:53:27.365289+00:00,1091.900114,open,rgb,75.000,60.000,2,700,,0.258948864,58.2116,4.069785118,4.069925785,1.643543243
2026-07-28T16:53:27.515676+00:00,1092.050507,open,rgb,75.000,60.000,3,700,,0.258977273,58.2217,4.070363045,4.070059776,1.644206882
2026-07-28T16:53:27.665950+00:00,1092.200780,open,rgb,75.000,60.000,4,700,,0.258920455,58.2217,4.070299149,4.070011139,1.644331336
2026-07-28T16:53:27.816147+00:00,1092.350976,open,rgb,75.000,60.000,5,700,,0.258977273,58.2083,4.070416927,4.070132256,1.644166350
2026-07-28T16:53:27.966428+00:00,1092.501259,open,rgb,75.000,60.000,6,700,,0.258948864,58.1749,4.070387363,4.070082188,1.643770099
2026-07-28T16:53:28.116830+00:00,1092.651657,open,rgb,75.000,60.000,7,700,,0.258920455,58.1849,4.070310116,4.069961548,1.644137025
2026-07-28T16:53:28.267454+00:00,1092.802281,open,rgb,75.000,60.000,8,700,,0.259005682,58.1882,4.070457458,4.070106030,1.644073367
2026-07-28T16:53:28.417935+00:00,1092.952766,open,rgb,75.000,60.000,9,700,,0.258920455,58.2083,4.070345879,4.070072174,1.644222975
2026-07-28T16:53:28.568312+00:00,1093.103144,open,rgb,75.000,60.000,10,700,,0.258920455,58.2183,4.070256710,4.069922447,1.643935084
2026-07-28T16:53:28.718869+00:00,1093.253695,open,rgb,75.000,60.000,11,700,,0.258920455,58.2351,4.070354939,4.070048809,1.644133329
2026-07-28T16:53:28.869468+00:00,1093.404298,open,rgb,75.000,60.000,12,700,,0.258920455,58.2485,4.070294380,4.069976330,1.644303322
2026-07-28T16:53:29.019876+00:00,1093.554706,open,rgb,75.000,60.000,13,700,,0.258977273,58.2652,4.070355892,4.069867611,1.644150019
2026-07-28T16:53:29.170208+00:00,1093.705039,open,rgb,75.000,60.000,14,700,,0.259005682,58.2886,4.070297718,4.070023060,1.644340873
2026-07-28T16:53:29.320633+00:00,1093.855463,open,rgb,75.000,60.000,15,700,,0.258977273,58.2987,4.070268154,4.069966316,1.644075513
2026-07-28T16:53:29.471000+00:00,1094.005831,open,rgb,75.000,60.000,16,700,,0.258977273,58.3154,4.070367336,4.070122719,1.644184947
2026-07-28T16:53:29.621258+00:00,1094.156089,open,rgb,75.000,60.000,17,700,,0.258920455,58.3255,4.070409298,4.070121288,1.644218564
2026-07-28T16:53:29.771559+00:00,1094.306390,open,rgb,75.000,60.000,18,700,,0.258920455,58.3222,4.070340157,4.070028305,1.644037485
2026-07-28T16:53:29.921919+00:00,1094.456751,open,rgb,75.000,60.000,19,700,,0.258948864,58.3322,4.070475578,4.070144176,1.644084573
2026-07-28T16:53:32.602601+00:00,1097.137422,open,rgb,75.000,75.000,0,700,,0.258977273,58.2920,4.070194244,4.069943905,1.644354582
2026-07-28T16:53:32.753013+00:00,1097.287842,open,rgb,75.000,75.000,1,700,,0.258948864,58.3020,4.070485115,4.070016384,1.644473195
2026-07-28T16:53:32.903379+00:00,1097.438210,open,rgb,75.000,75.000,2,700,,0.259005682,58.2987,4.070427418,4.069908142,1.644130230
2026-07-28T16:53:33.053515+00:00,1097.588345,open,rgb,75.000,75.000,3,700,,0.259034091,58.3087,4.070477962,4.070070267,1.644321084
2026-07-28T16:53:33.203909+00:00,1097.738740,open,rgb,75.000,75.000,4,700,,0.258948864,58.3188,4.070519924,4.070052624,1.644349456
2026-07-28T16:53:33.354122+00:00,1097.888951,open,rgb,75.000,75.000,5,700,,0.258977273,58.3356,4.070710182,4.070109367,1.644153833
2026-07-28T16:53:33.504366+00:00,1098.039197,open,rgb,75.000,75.000,6,700,,0.258948864,58.3557,4.070491314,4.070022106,1.644090891
2026-07-28T16:53:33.654483+00:00,1098.189315,open,rgb,75.000,75.000,7,700,,0.258977273,58.3758,4.070562840,4.069998741,1.644251823
2026-07-28T16:53:33.804614+00:00,1098.339445,open,rgb,75.000,75.000,8,700,,0.258977273,58.3960,4.070630074,4.070193768,1.644251585
2026-07-28T16:53:33.954708+00:00,1098.489539,open,rgb,75.000,75.000,9,700,,0.258920455,58.4128,4.070581913,4.070076466,1.644286752
2026-07-28T16:53:34.104919+00:00,1098.639750,open,rgb,75.000,75.000,10,700,,0.258977273,58.4161,4.070493221,4.069988251,1.644054770
2026-07-28T16:53:34.255106+00:00,1098.789937,open,rgb,75.000,75.000,11,700,,0.259034091,58.4363,4.070558071,4.070115566,1.644325495
2026-07-28T16:53:34.405268+00:00,1098.940099,open,rgb,75.000,75.000,12,700,,0.258920455,58.4396,4.070604801,4.070116043,1.644257665
2026-07-28T16:53:34.555402+00:00,1099.090235,open,rgb,75.000,75.000,13,700,,0.258948864,58.4497,4.070721149,4.070077896,1.644099712
2026-07-28T16:53:34.705565+00:00,1099.240394,open,rgb,75.000,75.000,14,700,,0.258948864,58.4598,4.070642471,4.070145130,1.644326687
2026-07-28T16:53:34.855765+00:00,1099.390597,open,rgb,75.000,75.000,15,700,,0.258977273,58.4497,4.070672512,4.070201397,1.644091606
2026-07-28T16:53:35.005935+00:00,1099.540766,open,rgb,75.000,75.000,16,700,,0.258948864,58.4396,4.070761681,4.070281982,1.643941283
2026-07-28T16:53:35.156175+00:00,1099.691006,open,rgb,75.000,75.000,17,700,,0.258892045,58.4430,4.070591450,4.070124149,1.644364357
2026-07-28T16:53:35.306322+00:00,1099.841154,open,rgb,75.000,75.000,18,700,,0.258977273,58.4497,4.070617199,4.070115566,1.644088984
2026-07-28T16:53:35.456427+00:00,1099.991259,open,rgb,75.000,75.000,19,700,,0.258977273,58.4598,4.070642471,4.070202827,1.644286513
2026-07-28T16:53:38.137818+00:00,1102.672646,open,rgb,75.000,90.000,0,700,,0.258948864,58.5676,4.070668221,4.069904804,1.644293547
2026-07-28T16:53:38.288480+00:00,1102.823310,open,rgb,75.000,90.000,1,700,,0.258892045,58.5709,4.070616722,4.069899082,1.644405365
2026-07-28T16:53:38.439072+00:00,1102.973901,open,rgb,75.000,90.000,2,700,,0.258863636,58.5743,4.070607185,4.069849014,1.644124627
2026-07-28T16:53:38.589456+00:00,1103.124289,open,rgb,75.000,90.000,3,700,,0.258948864,58.5844,4.070646286,4.069933414,1.644298196
2026-07-28T16:53:38.739866+00:00,1103.274698,open,rgb,75.000,90.000,4,700,,0.258892045,58.5743,4.070519447,4.069831848,1.644228816
2026-07-28T16:53:38.890279+00:00,1103.425112,open,rgb,75.000,90.000,5,700,,0.258920455,58.5810,4.070718288,4.069983959,1.644116282
2026-07-28T16:53:39.040679+00:00,1103.575509,open,rgb,75.000,90.000,6,700,,0.258892045,58.5810,4.070602894,4.069825172,1.644131184
2026-07-28T16:53:39.191142+00:00,1103.725973,open,rgb,75.000,90.000,7,700,,0.258920455,58.5777,4.070536137,4.069769382,1.644276142
2026-07-28T16:53:39.341504+00:00,1103.876336,open,rgb,75.000,90.000,8,700,,0.258920455,58.5676,4.070617676,4.069903374,1.644353867
2026-07-28T16:53:39.491884+00:00,1104.026715,open,rgb,75.000,90.000,9,700,,0.258948864,58.5574,4.070599556,4.069854259,1.644441962
2026-07-28T16:53:39.642239+00:00,1104.177070,open,rgb,75.000,90.000,10,700,,0.258920455,58.5507,4.070640564,4.069839001,1.644268632
2026-07-28T16:53:39.792574+00:00,1104.327406,open,rgb,75.000,90.000,11,700,,0.258948864,58.5507,4.070691586,4.070003986,1.644183874
2026-07-28T16:53:39.942871+00:00,1104.477703,open,rgb,75.000,90.000,12,700,,0.258863636,58.5541,4.070556641,4.069781780,1.644193649
2026-07-28T16:53:40.093169+00:00,1104.628001,open,rgb,75.000,90.000,13,700,,0.259005682,58.5743,4.070713043,4.069897652,1.644302607
2026-07-28T16:53:40.243562+00:00,1104.778393,open,rgb,75.000,90.000,14,700,,0.258920455,58.5878,4.070578098,4.069818020,1.644492745
2026-07-28T16:53:40.394047+00:00,1104.928878,open,rgb,75.000,90.000,15,700,,0.259005682,58.5945,4.070557594,4.069853783,1.644286156
2026-07-28T16:53:40.544427+00:00,1105.079258,open,rgb,75.000,90.000,16,700,,0.258920455,58.6013,4.070685863,4.069931984,1.644294262
2026-07-28T16:53:40.694814+00:00,1105.229647,open,rgb,75.000,90.000,17,700,,0.258835227,58.6013,4.070750237,4.069993496,1.644372582
2026-07-28T16:53:40.845118+00:00,1105.379950,open,rgb,75.000,90.000,18,700,,0.258920455,58.6148,4.070710182,4.069856644,1.644033790
2026-07-28T16:53:40.995446+00:00,1105.530276,open,rgb,75.000,90.000,19,700,,0.258920455,58.6249,4.070737839,4.069994926,1.644204855
2026-07-28T16:53:51.777639+00:00,1116.312466,open,dark,90.000,-90.000,0,0,,0.000681818,58.4396,4.896907806,4.903516293,1.649802327
2026-07-28T16:53:51.928149+00:00,1116.462980,open,dark,90.000,-90.000,1,0,,0.000681818,58.3893,4.896916389,4.903489113,1.649657249
2026-07-28T16:53:52.078391+00:00,1116.613221,open,dark,90.000,-90.000,2,0,,0.000681818,58.3222,4.896908283,4.903482914,1.649697781
2026-07-28T16:53:52.228595+00:00,1116.763425,open,dark,90.000,-90.000,3,0,,0.000681818,58.2451,4.896911621,4.903536797,1.649571180
2026-07-28T16:53:52.378902+00:00,1116.913733,open,dark,90.000,-90.000,4,0,,0.000681818,58.1949,4.896919727,4.903527260,1.649684429
2026-07-28T16:53:52.529031+00:00,1117.063863,open,dark,90.000,-90.000,5,0,,0.000681818,58.1148,4.896911144,4.903517246,1.649765968
2026-07-28T16:53:52.679175+00:00,1117.214006,open,dark,90.000,-90.000,6,0,,0.000681818,58.0114,4.896914005,4.903503895,1.649562836
2026-07-28T16:53:52.829424+00:00,1117.364227,open,dark,90.000,-90.000,7,0,,0.000681818,57.9349,4.896891594,4.903499126,1.648917317
2026-07-28T16:53:52.979677+00:00,1117.514509,open,dark,90.000,-90.000,8,0,,0.000653409,57.8485,4.896911621,4.903513432,1.649666548
2026-07-28T16:53:53.129874+00:00,1117.664703,open,dark,90.000,-90.000,9,0,,0.000681818,57.7789,4.896919250,4.903502941,1.649566531
2026-07-28T16:53:53.280114+00:00,1117.814945,open,dark,90.000,-90.000,10,0,,0.000681818,57.7061,4.896922588,4.903542995,1.649822593
2026-07-28T16:53:53.430337+00:00,1117.965166,open,dark,90.000,-90.000,11,0,,0.000681818,57.6069,4.896938324,4.903534889,1.649577260
2026-07-28T16:53:53.580664+00:00,1118.115490,open,dark,90.000,-90.000,12,0,,0.000681818,57.5212,4.896944046,4.903477669,1.649565697
2026-07-28T16:53:53.731163+00:00,1118.265991,open,dark,90.000,-90.000,13,0,,0.000681818,57.4422,4.896940231,4.903524399,1.649803996
2026-07-28T16:53:53.881696+00:00,1118.416526,open,dark,90.000,-90.000,14,0,,0.000681818,57.3568,4.896950722,4.903535366,1.649552584
2026-07-28T16:53:54.032089+00:00,1118.566919,open,dark,90.000,-90.000,15,0,,0.000681818,57.2846,4.896941185,4.903499126,1.649690270
2026-07-28T16:53:54.182582+00:00,1118.717411,open,dark,90.000,-90.000,16,0,,0.000681818,57.2093,4.896934509,4.903522491,1.649703503
2026-07-28T16:53:54.333001+00:00,1118.867831,open,dark,90.000,-90.000,17,0,,0.000681818,57.1406,4.896943569,4.903497696,1.649583578
2026-07-28T16:53:54.483330+00:00,1119.018162,open,dark,90.000,-90.000,18,0,,0.000681818,57.0655,4.896933079,4.903534889,1.649624586
2026-07-28T16:53:54.633649+00:00,1119.168479,open,dark,90.000,-90.000,19,0,,0.000681818,56.9840,4.896926403,4.903516293,1.649441719
2026-07-28T16:53:58.828033+00:00,1123.362852,open,rgb,90.000,-90.000,0,700,,0.258806818,56.2859,4.065434456,4.065505028,1.647669077
2026-07-28T16:53:58.978658+00:00,1123.513483,open,rgb,90.000,-90.000,1,700,,0.258977273,56.2987,4.065343857,4.065590858,1.647610664
2026-07-28T16:53:59.129023+00:00,1123.663854,open,rgb,90.000,-90.000,2,700,,0.258863636,56.3147,4.065444946,4.065760612,1.647702217
2026-07-28T16:53:59.279264+00:00,1123.814094,open,rgb,90.000,-90.000,3,700,,0.258835227,56.3308,4.065484047,4.065817833,1.647746444
2026-07-28T16:53:59.429485+00:00,1123.964315,open,rgb,90.000,-90.000,4,700,,0.258806818,56.3372,4.065425873,4.065748215,1.647497177
2026-07-28T16:53:59.579745+00:00,1124.114577,open,rgb,90.000,-90.000,5,700,,0.258892045,56.3597,4.065524101,4.065833092,1.647645354
2026-07-28T16:53:59.729893+00:00,1124.264724,open,rgb,90.000,-90.000,6,700,,0.258778409,56.3726,4.065574646,4.065893650,1.647670507
2026-07-28T16:53:59.880122+00:00,1124.414950,open,rgb,90.000,-90.000,7,700,,0.258750000,56.3919,4.065700054,4.065822124,1.647496462
2026-07-28T16:54:00.030389+00:00,1124.565219,open,rgb,90.000,-90.000,8,700,,0.258835227,56.4144,4.065630913,4.065890312,1.647653937
2026-07-28T16:54:00.180662+00:00,1124.715493,open,rgb,90.000,-90.000,9,700,,0.258835227,56.4272,4.065871716,4.066135406,1.647541285
2026-07-28T16:54:00.330872+00:00,1124.865703,open,rgb,90.000,-90.000,10,700,,0.258721591,56.4305,4.065857887,4.066196442,1.647713184
2026-07-28T16:54:00.481024+00:00,1125.015857,open,rgb,90.000,-90.000,11,700,,0.258636364,56.3983,4.065916061,4.066192150,1.647764921
2026-07-28T16:54:00.631149+00:00,1125.165981,open,rgb,90.000,-90.000,12,700,,0.258721591,56.3854,4.065797329,4.066118240,1.647484660
2026-07-28T16:54:00.781318+00:00,1125.316149,open,rgb,90.000,-90.000,13,700,,0.258806818,56.4111,4.065957546,4.066222668,1.647809148
2026-07-28T16:54:00.931481+00:00,1125.466312,open,rgb,90.000,-90.000,14,700,,0.258778409,56.4305,4.065893173,4.066184521,1.647791624
2026-07-28T16:54:01.081692+00:00,1125.616522,open,rgb,90.000,-90.000,15,700,,0.258721591,56.4626,4.066243649,4.066379547,1.647675157
2026-07-28T16:54:01.231891+00:00,1125.766720,open,rgb,90.000,-90.000,16,700,,0.258721591,56.4916,4.065952778,4.065988064,1.647763729
2026-07-28T16:54:01.382473+00:00,1125.917301,open,rgb,90.000,-90.000,17,700,,0.258863636,56.5271,4.065744400,4.066058159,1.647654176
2026-07-28T16:54:01.532843+00:00,1126.067673,open,rgb,90.000,-90.000,18,700,,0.258778409,56.5464,4.065808773,4.066168785,1.647659779
2026-07-28T16:54:01.683070+00:00,1126.217901,open,rgb,90.000,-90.000,19,700,,0.258721591,56.5723,4.065857410,4.066143513,1.647683620
2026-07-28T16:54:04.364417+00:00,1128.899244,open,rgb,90.000,-75.000,0,700,,0.258721591,56.7890,4.066404819,4.066722870,1.647479534
2026-07-28T16:54:04.514993+00:00,1129.049825,open,rgb,90.000,-75.000,1,700,,0.258750000,56.8020,4.066302299,4.066524982,1.647217870
2026-07-28T16:54:04.665360+00:00,1129.200189,open,rgb,90.000,-75.000,2,700,,0.258693182,56.8312,4.066435814,4.066786289,1.647610188
2026-07-28T16:54:04.815972+00:00,1129.350803,open,rgb,90.000,-75.000,3,700,,0.258721591,56.8442,4.066380501,4.066576004,1.647732973
2026-07-28T16:54:04.966296+00:00,1129.501129,open,rgb,90.000,-75.000,4,700,,0.258778409,56.8572,4.066398621,4.066678047,1.647623181
2026-07-28T16:54:05.116751+00:00,1129.651578,open,rgb,90.000,-75.000,5,700,,0.258806818,56.8734,4.066545486,4.066733837,1.647508144
2026-07-28T16:54:05.267259+00:00,1129.802089,open,rgb,90.000,-75.000,6,700,,0.258664773,56.8832,4.066396236,4.066662312,1.647609472
2026-07-28T16:54:05.417641+00:00,1129.952471,open,rgb,90.000,-75.000,7,700,,0.258778409,56.9027,4.066494465,4.066756248,1.647543311
2026-07-28T16:54:05.567865+00:00,1130.102696,open,rgb,90.000,-75.000,8,700,,0.258835227,56.9027,4.066480160,4.066757202,1.647605062
2026-07-28T16:54:05.718006+00:00,1130.252837,open,rgb,90.000,-75.000,9,700,,0.258721591,56.9059,4.066383362,4.066647053,1.647327662
2026-07-28T16:54:05.868435+00:00,1130.403263,open,rgb,90.000,-75.000,10,700,,0.258778409,56.9417,4.066277981,4.066517830,1.647648811
2026-07-28T16:54:06.018700+00:00,1130.553531,open,rgb,90.000,-75.000,11,700,,0.258721591,56.9515,4.066259861,4.066566467,1.647792101
2026-07-28T16:54:06.169020+00:00,1130.703848,open,rgb,90.000,-75.000,12,700,,0.258750000,56.9580,4.066234112,4.066465378,1.647609711
2026-07-28T16:54:06.319585+00:00,1130.854412,open,rgb,90.000,-75.000,13,700,,0.258835227,56.9677,4.066337585,4.066671371,1.647632599
2026-07-28T16:54:06.470143+00:00,1131.004973,open,rgb,90.000,-75.000,14,700,,0.258750000,56.9710,4.066239834,4.066536427,1.647586703
2026-07-28T16:54:06.620554+00:00,1131.155385,open,rgb,90.000,-75.000,15,700,,0.258835227,56.9970,4.066573620,4.066839695,1.647608995
2026-07-28T16:54:06.770858+00:00,1131.305689,open,rgb,90.000,-75.000,16,700,,0.258693182,57.0133,4.066368103,4.066644669,1.647629738
2026-07-28T16:54:06.921231+00:00,1131.456059,open,rgb,90.000,-75.000,17,700,,0.258750000,57.0231,4.066333294,4.066640854,1.647386789
2026-07-28T16:54:07.071720+00:00,1131.606551,open,rgb,90.000,-75.000,18,700,,0.258750000,57.0394,4.066357136,4.066786766,1.647662401
2026-07-28T16:54:07.222051+00:00,1131.756881,open,rgb,90.000,-75.000,19,700,,0.258750000,57.0459,4.066414833,4.066639423,1.647719026
2026-07-28T16:54:09.903270+00:00,1134.438097,open,rgb,90.000,-60.000,0,700,,0.258863636,57.2420,4.066648960,4.066930771,1.647803783
2026-07-28T16:54:10.053632+00:00,1134.588464,open,rgb,90.000,-60.000,1,700,,0.258835227,57.2486,4.066664696,4.066951752,1.647561073
2026-07-28T16:54:10.204029+00:00,1134.738856,open,rgb,90.000,-60.000,2,700,,0.258863636,57.2584,4.066767693,4.067082882,1.647567749
2026-07-28T16:54:10.354374+00:00,1134.889203,open,rgb,90.000,-60.000,3,700,,0.258750000,57.2649,4.066669464,4.066986561,1.647802114
2026-07-28T16:54:10.504609+00:00,1135.039440,open,rgb,90.000,-60.000,4,700,,0.258863636,57.2780,4.066738129,4.066944599,1.647506714
2026-07-28T16:54:10.654704+00:00,1135.189536,open,rgb,90.000,-60.000,5,700,,0.258835227,57.2944,4.066715717,4.067049980,1.647711277
2026-07-28T16:54:10.804888+00:00,1135.339719,open,rgb,90.000,-60.000,6,700,,0.258806818,57.2944,4.066732883,4.066997528,1.647599697
2026-07-28T16:54:10.955047+00:00,1135.489879,open,rgb,90.000,-60.000,7,700,,0.258778409,57.3075,4.066868305,4.067140579,1.647511840
2026-07-28T16:54:11.105151+00:00,1135.639982,open,rgb,90.000,-60.000,8,700,,0.258863636,57.3207,4.066794872,4.067108631,1.647695899
2026-07-28T16:54:11.255611+00:00,1135.790435,open,rgb,90.000,-60.000,9,700,,0.258835227,57.3207,4.066647530,4.066944599,1.647417784
2026-07-28T16:54:11.406210+00:00,1135.941039,open,rgb,90.000,-60.000,10,700,,0.258863636,57.3338,4.066873074,4.067184925,1.647591114
2026-07-28T16:54:11.556647+00:00,1136.091476,open,rgb,90.000,-60.000,11,700,,0.258693182,57.3305,4.066751003,4.067101002,1.647776008
2026-07-28T16:54:11.707091+00:00,1136.241923,open,rgb,90.000,-60.000,12,700,,0.258835227,57.3404,4.066799164,4.066987991,1.647560358
2026-07-28T16:54:11.857477+00:00,1136.392309,open,rgb,90.000,-60.000,13,700,,0.258863636,57.3469,4.066812515,4.067102909,1.647731304
2026-07-28T16:54:12.007974+00:00,1136.542806,open,rgb,90.000,-60.000,14,700,,0.258806818,57.3436,4.066805363,4.067149639,1.647596240
2026-07-28T16:54:12.158286+00:00,1136.693117,open,rgb,90.000,-60.000,15,700,,0.258806818,57.3568,4.067099571,4.067386627,1.647476912
2026-07-28T16:54:12.308661+00:00,1136.843491,open,rgb,90.000,-60.000,16,700,,0.258835227,57.3732,4.066767216,4.067078590,1.647878766
2026-07-28T16:54:12.459070+00:00,1136.993901,open,rgb,90.000,-60.000,17,700,,0.258835227,57.3666,4.066865444,4.067200661,1.647544265
2026-07-28T16:54:12.609437+00:00,1137.144240,open,rgb,90.000,-60.000,18,700,,0.258750000,57.3666,4.067016602,4.067331791,1.647433400
2026-07-28T16:54:12.759729+00:00,1137.294560,open,rgb,90.000,-60.000,19,700,,0.258778409,57.3633,4.066812992,4.067189693,1.647749782
2026-07-28T16:54:15.441558+00:00,1139.976386,open,rgb,90.000,-45.000,0,700,,0.258835227,57.4225,4.069969654,4.070282936,1.647672892
2026-07-28T16:54:15.592195+00:00,1140.127024,open,rgb,90.000,-45.000,1,700,,0.258750000,57.4323,4.069845676,4.070207119,1.647550821
2026-07-28T16:54:15.742671+00:00,1140.277501,open,rgb,90.000,-45.000,2,700,,0.258835227,57.4586,4.070019722,4.070360661,1.647701740
2026-07-28T16:54:15.893042+00:00,1140.427873,open,rgb,90.000,-45.000,3,700,,0.258806818,57.4652,4.069907188,4.070264339,1.647767186
2026-07-28T16:54:16.043456+00:00,1140.578287,open,rgb,90.000,-45.000,4,700,,0.258750000,57.4718,4.070034981,4.070263386,1.647544742
2026-07-28T16:54:16.193846+00:00,1140.728677,open,rgb,90.000,-45.000,5,700,,0.258778409,57.4817,4.070054054,4.070405960,1.647630215
2026-07-28T16:54:16.344503+00:00,1140.879329,open,rgb,90.000,-45.000,6,700,,0.258721591,57.4685,4.069794655,4.070102692,1.647494197
2026-07-28T16:54:16.494989+00:00,1141.029820,open,rgb,90.000,-45.000,7,700,,0.258835227,57.4949,4.069923878,4.070269585,1.647409201
2026-07-28T16:54:16.645291+00:00,1141.180121,open,rgb,90.000,-45.000,8,700,,0.258835227,57.5146,4.069748402,4.070142269,1.647800565
2026-07-28T16:54:16.795787+00:00,1141.330617,open,rgb,90.000,-45.000,9,700,,0.258892045,57.5245,4.069696426,4.070030212,1.647541523
2026-07-28T16:54:16.946193+00:00,1141.481025,open,rgb,90.000,-45.000,10,700,,0.258835227,57.5377,4.069809914,4.070148468,1.647673130
2026-07-28T16:54:17.096565+00:00,1141.631397,open,rgb,90.000,-45.000,11,700,,0.258863636,57.5410,4.069704533,4.070076942,1.647835970
2026-07-28T16:54:17.246877+00:00,1141.781708,open,rgb,90.000,-45.000,12,700,,0.258892045,57.5509,4.069898605,4.070031643,1.647588015
2026-07-28T16:54:17.397194+00:00,1141.932025,open,rgb,90.000,-45.000,13,700,,0.258892045,57.5674,4.069816589,4.070192337,1.647747636
2026-07-28T16:54:17.547559+00:00,1142.082391,open,rgb,90.000,-45.000,14,700,,0.258806818,57.5641,4.069785595,4.070086479,1.647538424
2026-07-28T16:54:17.697882+00:00,1142.232714,open,rgb,90.000,-45.000,15,700,,0.258863636,57.5707,4.070072174,4.070466042,1.647492528
2026-07-28T16:54:17.848213+00:00,1142.383045,open,rgb,90.000,-45.000,16,700,,0.258806818,57.5805,4.069869995,4.070130825,1.647755742
2026-07-28T16:54:17.998573+00:00,1142.533405,open,rgb,90.000,-45.000,17,700,,0.258920455,57.5838,4.069847107,4.070194721,1.647517443
2026-07-28T16:54:18.148880+00:00,1142.683711,open,rgb,90.000,-45.000,18,700,,0.258835227,57.5871,4.069925308,4.070315838,1.647591352
2026-07-28T16:54:18.299332+00:00,1142.834161,open,rgb,90.000,-45.000,19,700,,0.258806818,57.5838,4.069858074,4.070333481,1.647674441
2026-07-28T16:54:20.980592+00:00,1145.515421,open,rgb,90.000,-30.000,0,700,,0.258721591,57.6565,4.070376873,4.070884705,1.647616506
2026-07-28T16:54:21.131177+00:00,1145.666006,open,rgb,90.000,-30.000,1,700,,0.258693182,57.6499,4.070136070,4.070613861,1.647329450
2026-07-28T16:54:21.281787+00:00,1145.816614,open,rgb,90.000,-30.000,2,700,,0.258863636,57.6598,4.070061684,4.070554733,1.647782087
2026-07-28T16:54:21.432382+00:00,1145.967213,open,rgb,90.000,-30.000,3,700,,0.258920455,57.6664,4.070163250,4.070688248,1.647610664
2026-07-28T16:54:21.582730+00:00,1146.117561,open,rgb,90.000,-30.000,4,700,,0.258806818,57.6631,4.070250988,4.070554733,1.647356749
2026-07-28T16:54:21.733173+00:00,1146.268004,open,rgb,90.000,-30.000,5,700,,0.258806818,57.6664,4.070144176,4.070713997,1.647582054
2026-07-28T16:54:21.883601+00:00,1146.418432,open,rgb,90.000,-30.000,6,700,,0.258835227,57.6598,4.070165157,4.070641518,1.647397757
2026-07-28T16:54:22.034056+00:00,1146.568887,open,rgb,90.000,-30.000,7,700,,0.258778409,57.6664,4.070227623,4.070761681,1.647434592
2026-07-28T16:54:22.184402+00:00,1146.719233,open,rgb,90.000,-30.000,8,700,,0.258750000,57.6796,4.070103645,4.070713043,1.647598028
2026-07-28T16:54:22.334756+00:00,1146.869588,open,rgb,90.000,-30.000,9,700,,0.258778409,57.6763,4.070120811,4.070624352,1.647315979
2026-07-28T16:54:22.485132+00:00,1147.019962,open,rgb,90.000,-30.000,10,700,,0.258863636,57.6962,4.070199490,4.070713520,1.647524714
2026-07-28T16:54:22.635587+00:00,1147.170419,open,rgb,90.000,-30.000,11,700,,0.258835227,57.6995,4.070159435,4.070697308,1.647628784
2026-07-28T16:54:22.785967+00:00,1147.320798,open,rgb,90.000,-30.000,12,700,,0.258806818,57.7094,4.070281506,4.070689201,1.647457838
2026-07-28T16:54:22.936499+00:00,1147.471329,open,rgb,90.000,-30.000,13,700,,0.258863636,57.7193,4.070223808,4.070779800,1.647621155
2026-07-28T16:54:23.086747+00:00,1147.621578,open,rgb,90.000,-30.000,14,700,,0.258835227,57.7193,4.070115566,4.070665836,1.647450566
2026-07-28T16:54:23.236983+00:00,1147.771815,open,rgb,90.000,-30.000,15,700,,0.258892045,57.7259,4.070471764,4.071023941,1.647356749
2026-07-28T16:54:23.387237+00:00,1147.922068,open,rgb,90.000,-30.000,16,700,,0.258806818,57.7392,4.070158005,4.070729733,1.647659779
2026-07-28T16:54:23.537486+00:00,1148.072317,open,rgb,90.000,-30.000,17,700,,0.258806818,57.7392,4.070140839,4.070629120,1.647550583
2026-07-28T16:54:23.687698+00:00,1148.222531,open,rgb,90.000,-30.000,18,700,,0.258806818,57.7458,4.070239544,4.070787907,1.647627234
2026-07-28T16:54:23.837885+00:00,1148.372716,open,rgb,90.000,-30.000,19,700,,0.258863636,57.7491,4.070174217,4.070727825,1.647621393
2026-07-28T16:54:26.519090+00:00,1151.053918,open,rgb,90.000,-15.000,0,700,,0.258863636,57.8452,4.070386887,4.070875168,1.647825003
2026-07-28T16:54:26.669390+00:00,1151.204220,open,rgb,90.000,-15.000,1,700,,0.258892045,57.8485,4.070305347,4.070864201,1.647637963
2026-07-28T16:54:26.819690+00:00,1151.354520,open,rgb,90.000,-15.000,2,700,,0.258920455,57.8585,4.070384026,4.070868492,1.647695661
2026-07-28T16:54:26.969901+00:00,1151.504731,open,rgb,90.000,-15.000,3,700,,0.258863636,57.8552,4.070262432,4.070869923,1.647698998
2026-07-28T16:54:27.120165+00:00,1151.654995,open,rgb,90.000,-15.000,4,700,,0.258892045,57.8684,4.070487499,4.070920944,1.647647738
2026-07-28T16:54:27.270367+00:00,1151.805198,open,rgb,90.000,-15.000,5,700,,0.258977273,57.8751,4.070419788,4.070992947,1.647702217
2026-07-28T16:54:27.420612+00:00,1151.955442,open,rgb,90.000,-15.000,6,700,,0.258892045,57.8751,4.070396900,4.070946217,1.647435904
2026-07-28T16:54:27.570758+00:00,1152.105589,open,rgb,90.000,-15.000,7,700,,0.258892045,57.8751,4.070488930,4.071078777,1.647588968
2026-07-28T16:54:27.720961+00:00,1152.255792,open,rgb,90.000,-15.000,8,700,,0.258835227,57.8651,4.070682049,4.071181297,1.647822857
2026-07-28T16:54:27.871161+00:00,1152.405993,open,rgb,90.000,-15.000,9,700,,0.258835227,57.8684,4.070559025,4.071084976,1.647579670
2026-07-28T16:54:28.021255+00:00,1152.556087,open,rgb,90.000,-15.000,10,700,,0.258863636,57.8784,4.070691586,4.071193695,1.647701263
2026-07-28T16:54:28.171468+00:00,1152.706298,open,rgb,90.000,-15.000,11,700,,0.258835227,57.8718,4.070582867,4.071144104,1.647755146
2026-07-28T16:54:28.321783+00:00,1152.856612,open,rgb,90.000,-15.000,12,700,,0.258863636,57.8751,4.070492744,4.070997238,1.647672415
2026-07-28T16:54:28.472038+00:00,1153.006869,open,rgb,90.000,-15.000,13,700,,0.258920455,57.8784,4.070493221,4.071023941,1.647730350
2026-07-28T16:54:28.622162+00:00,1153.156994,open,rgb,90.000,-15.000,14,700,,0.258892045,57.8718,4.070466995,4.070983410,1.647541523
2026-07-28T16:54:28.772447+00:00,1153.307278,open,rgb,90.000,-15.000,15,700,,0.258835227,57.8751,4.070785046,4.071292400,1.647425652
2026-07-28T16:54:28.922592+00:00,1153.457425,open,rgb,90.000,-15.000,16,700,,0.258750000,57.8784,4.070522308,4.071056843,1.647765994
2026-07-28T16:54:29.072685+00:00,1153.607517,open,rgb,90.000,-15.000,17,700,,0.258948864,57.8950,4.070558071,4.070953369,1.647560358
2026-07-28T16:54:29.222882+00:00,1153.757713,open,rgb,90.000,-15.000,18,700,,0.258920455,57.9116,4.070557594,4.071087360,1.647806287
2026-07-28T16:54:29.373075+00:00,1153.907908,open,rgb,90.000,-15.000,19,700,,0.258892045,57.9116,4.070447922,4.070970058,1.647705197
2026-07-28T16:54:32.054203+00:00,1156.589030,open,rgb,90.000,0.000,0,700,,0.258948864,57.9615,4.070163727,4.070543766,1.647668481
2026-07-28T16:54:32.204484+00:00,1156.739313,open,rgb,90.000,0.000,1,700,,0.258948864,57.9615,4.070240974,4.070560455,1.647469759
2026-07-28T16:54:32.354725+00:00,1156.889555,open,rgb,90.000,0.000,2,700,,0.258948864,57.9615,4.070333481,4.070723534,1.647427559
2026-07-28T16:54:32.504907+00:00,1157.039739,open,rgb,90.000,0.000,3,700,,0.258835227,57.9515,4.070171833,4.070508480,1.647438765
2026-07-28T16:54:32.655035+00:00,1157.189868,open,rgb,90.000,0.000,4,700,,0.258948864,57.9648,4.070204258,4.070611000,1.647553802
2026-07-28T16:54:32.805276+00:00,1157.340107,open,rgb,90.000,0.000,5,700,,0.259005682,57.9681,4.070184708,4.070596218,1.647689342
2026-07-28T16:54:32.955713+00:00,1157.490545,open,rgb,90.000,0.000,6,700,,0.258920455,57.9648,4.070187569,4.070589066,1.647433400
2026-07-28T16:54:33.106030+00:00,1157.640860,open,rgb,90.000,0.000,7,700,,0.258977273,57.9748,4.070344925,4.070740700,1.647539854
2026-07-28T16:54:33.256446+00:00,1157.791278,open,rgb,90.000,0.000,8,700,,0.258863636,57.9681,4.070199013,4.070590019,1.647648811
2026-07-28T16:54:33.406810+00:00,1157.941642,open,rgb,90.000,0.000,9,700,,0.258920455,57.9781,4.070321083,4.070489883,1.647474170
2026-07-28T16:54:33.557200+00:00,1158.092032,open,rgb,90.000,0.000,10,700,,0.259005682,57.9848,4.070282459,4.070872784,1.647619247
2026-07-28T16:54:33.707544+00:00,1158.242376,open,rgb,90.000,0.000,11,700,,0.258863636,57.9615,4.070412159,4.070765018,1.647474170
2026-07-28T16:54:33.857914+00:00,1158.392745,open,rgb,90.000,0.000,12,700,,0.258920455,57.9648,4.070527077,4.070904732,1.647550106
2026-07-28T16:54:34.008351+00:00,1158.543181,open,rgb,90.000,0.000,13,700,,0.258948864,57.9781,4.070508003,4.070849895,1.647708297
2026-07-28T16:54:34.158683+00:00,1158.693514,open,rgb,90.000,0.000,14,700,,0.258920455,57.9781,4.070405006,4.070790768,1.647579193
2026-07-28T16:54:34.309039+00:00,1158.843870,open,rgb,90.000,0.000,15,700,,0.258920455,57.9748,4.070687771,4.071031094,1.647493720
2026-07-28T16:54:34.459529+00:00,1158.994361,open,rgb,90.000,0.000,16,700,,0.258835227,57.9648,4.070454597,4.070815563,1.647690296
2026-07-28T16:54:34.609838+00:00,1159.144670,open,rgb,90.000,0.000,17,700,,0.258920455,57.9681,4.070570946,4.070751190,1.647456408
2026-07-28T16:54:34.760227+00:00,1159.295058,open,rgb,90.000,0.000,18,700,,0.258920455,57.9781,4.070524216,4.070861816,1.647572041
2026-07-28T16:54:34.910652+00:00,1159.445483,open,rgb,90.000,0.000,19,700,,0.258892045,57.9848,4.070407391,4.070776939,1.647480011
2026-07-28T16:54:37.592253+00:00,1162.127081,open,rgb,90.000,15.000,0,700,,0.258920455,58.0547,4.070413589,4.069866657,1.647695184
2026-07-28T16:54:37.742696+00:00,1162.277527,open,rgb,90.000,15.000,1,700,,0.258977273,58.0781,4.070517540,4.069824219,1.647576690
2026-07-28T16:54:37.893026+00:00,1162.427856,open,rgb,90.000,15.000,2,700,,0.258977273,58.0881,4.070536613,4.069997311,1.647599936
2026-07-28T16:54:38.043402+00:00,1162.578234,open,rgb,90.000,15.000,3,700,,0.258920455,58.0781,4.070408821,4.069830894,1.647379041
2026-07-28T16:54:38.193704+00:00,1162.728534,open,rgb,90.000,15.000,4,700,,0.258948864,58.0914,4.070535660,4.069942474,1.647640944
2026-07-28T16:54:38.344143+00:00,1162.878972,open,rgb,90.000,15.000,5,700,,0.258920455,58.0947,4.070609093,4.070137024,1.647662401
2026-07-28T16:54:38.494631+00:00,1163.029462,open,rgb,90.000,15.000,6,700,,0.258892045,58.0881,4.070614815,4.070045471,1.647387981
2026-07-28T16:54:38.645025+00:00,1163.179856,open,rgb,90.000,15.000,7,700,,0.258892045,58.1014,4.070764542,4.070178509,1.647633076
2026-07-28T16:54:38.795346+00:00,1163.330178,open,rgb,90.000,15.000,8,700,,0.258892045,58.0914,4.070756912,4.070180893,1.647588015
2026-07-28T16:54:38.945659+00:00,1163.480490,open,rgb,90.000,15.000,9,700,,0.258948864,58.0847,4.070857048,4.070096970,1.647395849
2026-07-28T16:54:39.096050+00:00,1163.630881,open,rgb,90.000,15.000,10,700,,0.258892045,58.0847,4.070703506,4.070167542,1.647569180
2026-07-28T16:54:39.246362+00:00,1163.781194,open,rgb,90.000,15.000,11,700,,0.258863636,58.0781,4.070675850,4.070141792,1.647413373
2026-07-28T16:54:39.396693+00:00,1163.931525,open,rgb,90.000,15.000,12,700,,0.258863636,58.0781,4.070896626,4.070340157,1.647478819
2026-07-28T16:54:39.546992+00:00,1164.081824,open,rgb,90.000,15.000,13,700,,0.258778409,58.0881,4.070742607,4.070228577,1.647548437
2026-07-28T16:54:39.697249+00:00,1164.232082,open,rgb,90.000,15.000,14,700,,0.258863636,58.0847,4.070765495,4.070214272,1.647352099
2026-07-28T16:54:39.847617+00:00,1164.382448,open,rgb,90.000,15.000,15,700,,0.258892045,58.0814,4.071093559,4.070528030,1.647310376
2026-07-28T16:54:39.997971+00:00,1164.532802,open,rgb,90.000,15.000,16,700,,0.258778409,58.0581,4.070788383,4.070219517,1.647483468
2026-07-28T16:54:40.148381+00:00,1164.683212,open,rgb,90.000,15.000,17,700,,0.258835227,58.0614,4.070880890,4.070193768,1.647383332
2026-07-28T16:54:40.298684+00:00,1164.833515,open,rgb,90.000,15.000,18,700,,0.258892045,58.0747,4.070789337,4.070265770,1.647497416
2026-07-28T16:54:40.449105+00:00,1164.983933,open,rgb,90.000,15.000,19,700,,0.258892045,58.0781,4.070461750,4.069971085,1.647388697
2026-07-28T16:54:43.131299+00:00,1167.666126,open,rgb,90.000,30.000,0,700,,0.258920455,58.1515,4.069928169,4.069839478,1.647600174
2026-07-28T16:54:43.281568+00:00,1167.816395,open,rgb,90.000,30.000,1,700,,0.258948864,58.1481,4.070126057,4.069809437,1.647418976
2026-07-28T16:54:43.432122+00:00,1167.966952,open,rgb,90.000,30.000,2,700,,0.258892045,58.1448,4.070039749,4.069872379,1.647614360
2026-07-28T16:54:43.582509+00:00,1168.117340,open,rgb,90.000,30.000,3,700,,0.258920455,58.1481,4.070033550,4.069808960,1.647435904
2026-07-28T16:54:43.732812+00:00,1168.267642,open,rgb,90.000,30.000,4,700,,0.258892045,58.1582,4.070144176,4.069961548,1.647471070
2026-07-28T16:54:43.883168+00:00,1168.418000,open,rgb,90.000,30.000,5,700,,0.258920455,58.1682,4.070089340,4.069922924,1.647504926
2026-07-28T16:54:44.033386+00:00,1168.568216,open,rgb,90.000,30.000,6,700,,0.258977273,58.1749,4.070066452,4.069849968,1.647281766
2026-07-28T16:54:44.183596+00:00,1168.718427,open,rgb,90.000,30.000,7,700,,0.258920455,58.1849,4.070183277,4.069993019,1.647457123
2026-07-28T16:54:44.333839+00:00,1168.868669,open,rgb,90.000,30.000,8,700,,0.258920455,58.1715,4.070092201,4.069921017,1.647521377
2026-07-28T16:54:44.483991+00:00,1169.018821,open,rgb,90.000,30.000,9,700,,0.258920455,58.1782,4.070171833,4.069903851,1.647407770
2026-07-28T16:54:44.634233+00:00,1169.169064,open,rgb,90.000,30.000,10,700,,0.258948864,58.1715,4.070141792,4.069994450,1.647479057
2026-07-28T16:54:44.784446+00:00,1169.319276,open,rgb,90.000,30.000,11,700,,0.258892045,58.1515,4.069998741,4.069850922,1.647304296
2026-07-28T16:54:44.934670+00:00,1169.469502,open,rgb,90.000,30.000,12,700,,0.258948864,58.1548,4.070169449,4.069969177,1.647543788
2026-07-28T16:54:45.084911+00:00,1169.619741,open,rgb,90.000,30.000,13,700,,0.258892045,58.1582,4.070095539,4.069931030,1.647594094
2026-07-28T16:54:45.235078+00:00,1169.769909,open,rgb,90.000,30.000,14,700,,0.258920455,58.1582,4.070247173,4.070009708,1.647310376
2026-07-28T16:54:45.385226+00:00,1169.920055,open,rgb,90.000,30.000,15,700,,0.258863636,58.1582,4.070389748,4.070120335,1.647480011
2026-07-28T16:54:45.535536+00:00,1170.070367,open,rgb,90.000,30.000,16,700,,0.258920455,58.1715,4.070096493,4.069925308,1.647544980
2026-07-28T16:54:45.685851+00:00,1170.220681,open,rgb,90.000,30.000,17,700,,0.258892045,58.1882,4.070207596,4.069911480,1.647501111
2026-07-28T16:54:45.836191+00:00,1170.371017,open,rgb,90.000,30.000,18,700,,0.258948864,58.2050,4.070068359,4.069949150,1.647686839
2026-07-28T16:54:45.986718+00:00,1170.521546,open,rgb,90.000,30.000,19,700,,0.258920455,58.2016,4.070079803,4.069880009,1.647422910
2026-07-28T16:54:48.668683+00:00,1173.203511,open,rgb,90.000,45.000,0,700,,0.258863636,58.3423,4.069860458,4.070376396,1.647383571
2026-07-28T16:54:48.819261+00:00,1173.354091,open,rgb,90.000,45.000,1,700,,0.258892045,58.3490,4.069928646,4.070319653,1.647251844
2026-07-28T16:54:48.969646+00:00,1173.504477,open,rgb,90.000,45.000,2,700,,0.258920455,58.3557,4.069837093,4.070290089,1.647509098
2026-07-28T16:54:49.120061+00:00,1173.654891,open,rgb,90.000,45.000,3,700,,0.258863636,58.3389,4.069730759,4.070192337,1.647217870
2026-07-28T16:54:49.270527+00:00,1173.805355,open,rgb,90.000,45.000,4,700,,0.258948864,58.3255,4.069847584,4.070328712,1.647590876
2026-07-28T16:54:49.420994+00:00,1173.955824,open,rgb,90.000,45.000,5,700,,0.258892045,58.2920,4.069809437,4.070279121,1.647513032
2026-07-28T16:54:49.571336+00:00,1174.106168,open,rgb,90.000,45.000,6,700,,0.258920455,58.2752,4.069820404,4.070214272,1.647344589
2026-07-28T16:54:49.721640+00:00,1174.256472,open,rgb,90.000,45.000,7,700,,0.258920455,58.2786,4.069839001,4.070305347,1.647534251
2026-07-28T16:54:49.872013+00:00,1174.406844,open,rgb,90.000,45.000,8,700,,0.258977273,58.2752,4.069833755,4.070279121,1.647425652
2026-07-28T16:54:50.022361+00:00,1174.557192,open,rgb,90.000,45.000,9,700,,0.258892045,58.2786,4.069963455,4.070446968,1.647281528
2026-07-28T16:54:50.172671+00:00,1174.707501,open,rgb,90.000,45.000,10,700,,0.258920455,58.2752,4.069952965,4.070455551,1.647340417
2026-07-28T16:54:50.323093+00:00,1174.857923,open,rgb,90.000,45.000,11,700,,0.258835227,58.2518,4.070008755,4.070511818,1.647096992
2026-07-28T16:54:50.473467+00:00,1175.008300,open,rgb,90.000,45.000,12,700,,0.258892045,58.2652,4.070156097,4.070556641,1.647403359
2026-07-28T16:54:50.623707+00:00,1175.158540,open,rgb,90.000,45.000,13,700,,0.258806818,58.2719,4.070106506,4.070532799,1.647567987
2026-07-28T16:54:50.773996+00:00,1175.308828,open,rgb,90.000,45.000,14,700,,0.258835227,58.2987,4.070127487,4.070492268,1.647332072
2026-07-28T16:54:50.924332+00:00,1175.459164,open,rgb,90.000,45.000,15,700,,0.258920455,58.3255,4.070309162,4.070792675,1.647271752
2026-07-28T16:54:51.074765+00:00,1175.609594,open,rgb,90.000,45.000,16,700,,0.258750000,58.3222,4.070045471,4.070523262,1.647257209
2026-07-28T16:54:51.225197+00:00,1175.760026,open,rgb,90.000,45.000,17,700,,0.258806818,58.3523,4.070147038,4.070598602,1.647466660
2026-07-28T16:54:51.376305+00:00,1175.911129,open,rgb,90.000,45.000,18,700,,0.258863636,58.3691,4.069624424,4.070330620,1.647539139
2026-07-28T16:54:51.526946+00:00,1176.061771,open,rgb,90.000,45.000,19,700,,0.258892045,58.3758,4.069941521,4.070439816,1.647229075
2026-07-28T16:54:54.208362+00:00,1178.743190,open,rgb,90.000,60.000,0,700,,0.258835227,58.3993,4.070292950,4.070677280,1.647409558
2026-07-28T16:54:54.358644+00:00,1178.893475,open,rgb,90.000,60.000,1,700,,0.258835227,58.4027,4.070453167,4.070785522,1.647317171
2026-07-28T16:54:54.508925+00:00,1179.043756,open,rgb,90.000,60.000,2,700,,0.258892045,58.4161,4.070278168,4.070631504,1.647509813
2026-07-28T16:54:54.659090+00:00,1179.193922,open,rgb,90.000,60.000,3,700,,0.258835227,58.4161,4.070176601,4.070573807,1.647313595
2026-07-28T16:54:54.809309+00:00,1179.344140,open,rgb,90.000,60.000,4,700,,0.258863636,58.4296,4.070272446,4.070650101,1.647572875
2026-07-28T16:54:54.959618+00:00,1179.494451,open,rgb,90.000,60.000,5,700,,0.258835227,58.4329,4.070220947,4.070598602,1.647730112
2026-07-28T16:54:55.109817+00:00,1179.644649,open,rgb,90.000,60.000,6,700,,0.258835227,58.4531,4.070286751,4.070529938,1.647439718
2026-07-28T16:54:55.260086+00:00,1179.794911,open,rgb,90.000,60.000,7,700,,0.258835227,58.4632,4.070373058,4.070649624,1.647561789
2026-07-28T16:54:55.410474+00:00,1179.945306,open,rgb,90.000,60.000,8,700,,0.258806818,58.4632,4.070289612,4.070624828,1.647479773
2026-07-28T16:54:55.560604+00:00,1180.095436,open,rgb,90.000,60.000,9,700,,0.258863636,58.4632,4.070406914,4.070754528,1.647456646
2026-07-28T16:54:55.710723+00:00,1180.245555,open,rgb,90.000,60.000,10,700,,0.258806818,58.4565,4.070357800,4.070698738,1.647620201
2026-07-28T16:54:55.860964+00:00,1180.395793,open,rgb,90.000,60.000,11,700,,0.258863636,58.4497,4.070263386,4.070668697,1.647353888
2026-07-28T16:54:56.011186+00:00,1180.546016,open,rgb,90.000,60.000,12,700,,0.258835227,58.4497,4.070408344,4.070724487,1.647482276
2026-07-28T16:54:56.161480+00:00,1180.696311,open,rgb,90.000,60.000,13,700,,0.258806818,58.4430,4.070321560,4.070666790,1.647625089
2026-07-28T16:54:56.316979+00:00,1180.851805,open,rgb,90.000,60.000,14,700,,0.258750000,58.4296,4.070293427,4.070420742,1.647292614
2026-07-28T16:54:56.467128+00:00,1181.001955,open,rgb,90.000,60.000,15,700,,0.258920455,58.4632,4.070411682,4.070605278,1.647144556
2026-07-28T16:54:56.617028+00:00,1181.151853,open,rgb,90.000,60.000,16,700,,0.258863636,58.4464,4.069591045,4.070399761,1.647467375
2026-07-28T16:54:56.767715+00:00,1181.302544,open,rgb,90.000,60.000,17,700,,0.258920455,58.4497,4.070211887,4.070564747,1.647327900
2026-07-28T16:54:56.918221+00:00,1181.453049,open,rgb,90.000,60.000,18,700,,0.258920455,58.4598,4.070134163,4.070482731,1.647610664
2026-07-28T16:54:57.068695+00:00,1181.603524,open,rgb,90.000,60.000,19,700,,0.258863636,58.4632,4.070063114,4.070415020,1.647336721
2026-07-28T16:54:59.749982+00:00,1184.284810,open,rgb,90.000,75.000,0,700,,0.258948864,58.5103,4.070069790,4.069994926,1.647525430
2026-07-28T16:54:59.900547+00:00,1184.435375,open,rgb,90.000,75.000,1,700,,0.258948864,58.5339,4.070211411,4.070151329,1.647622108
2026-07-28T16:55:00.050996+00:00,1184.585827,open,rgb,90.000,75.000,2,700,,0.258863636,58.5440,4.070184708,4.070123672,1.647555947
2026-07-28T16:55:00.201317+00:00,1184.736147,open,rgb,90.000,75.000,3,700,,0.258948864,58.5507,4.070134163,4.070103645,1.647321105
2026-07-28T16:55:00.351724+00:00,1184.886553,open,rgb,90.000,75.000,4,700,,0.258920455,58.5676,4.070307732,4.070266724,1.647475123
2026-07-28T16:55:00.502018+00:00,1185.036849,open,rgb,90.000,75.000,5,700,,0.258920455,58.5608,4.070163727,4.070096493,1.647698998
2026-07-28T16:55:00.652343+00:00,1185.187175,open,rgb,90.000,75.000,6,700,,0.258892045,58.5743,4.070281506,4.070140839,1.647412181
2026-07-28T16:55:00.802635+00:00,1185.337466,open,rgb,90.000,75.000,7,700,,0.258920455,58.5810,4.070303917,4.070283890,1.647382855
2026-07-28T16:55:00.953062+00:00,1185.487893,open,rgb,90.000,75.000,8,700,,0.258806818,58.5810,4.070179939,4.070137024,1.647309422
2026-07-28T16:55:01.103349+00:00,1185.638179,open,rgb,90.000,75.000,9,700,,0.258948864,58.5979,4.070388317,4.070304871,1.647416115
2026-07-28T16:55:01.253748+00:00,1185.788574,open,rgb,90.000,75.000,10,700,,0.258920455,58.6114,4.070312977,4.070193291,1.647623181
2026-07-28T16:55:01.404497+00:00,1185.939323,open,rgb,90.000,75.000,11,700,,0.258835227,58.6013,4.070282936,4.070184708,1.647249579
2026-07-28T16:55:01.555118+00:00,1186.089946,open,rgb,90.000,75.000,12,700,,0.258948864,58.5979,4.070349693,4.070311069,1.647212982
2026-07-28T16:55:01.705575+00:00,1186.240403,open,rgb,90.000,75.000,13,700,,0.258920455,58.5844,4.070218563,4.070222378,1.647548437
2026-07-28T16:55:01.855462+00:00,1186.390285,open,rgb,90.000,75.000,14,700,,0.258892045,58.5912,4.069920063,4.070096970,1.647371888
2026-07-28T16:55:02.006064+00:00,1186.540892,open,rgb,90.000,75.000,15,700,,0.258977273,58.6013,4.070509434,4.070398331,1.647143126
2026-07-28T16:55:02.156544+00:00,1186.691374,open,rgb,90.000,75.000,16,700,,0.258863636,58.6046,4.070232391,4.070149899,1.647369981
2026-07-28T16:55:02.306851+00:00,1186.841682,open,rgb,90.000,75.000,17,700,,0.258920455,58.6215,4.070437431,4.070364952,1.647412658
2026-07-28T16:55:02.457253+00:00,1186.992083,open,rgb,90.000,75.000,18,700,,0.258920455,58.6249,4.070260048,4.070240498,1.647595048
2026-07-28T16:55:02.607768+00:00,1187.142599,open,rgb,90.000,75.000,19,700,,0.258920455,58.6181,4.070219040,4.070195675,1.647397757
2026-07-28T16:55:05.289183+00:00,1189.824011,open,rgb,90.000,90.000,0,700,,0.258892045,58.7127,4.070252895,4.069977283,1.647345781
2026-07-28T16:55:05.439715+00:00,1189.974545,open,rgb,90.000,90.000,1,700,,0.258892045,58.7296,4.070376873,4.070105076,1.647441745
2026-07-28T16:55:05.590088+00:00,1190.124920,open,rgb,90.000,90.000,2,700,,0.258920455,58.7364,4.070353985,4.070028305,1.647584081
2026-07-28T16:55:05.740406+00:00,1190.275238,open,rgb,90.000,90.000,3,700,,0.258863636,58.7364,4.070201397,4.069985867,1.647406578
2026-07-28T16:55:05.890664+00:00,1190.425496,open,rgb,90.000,90.000,4,700,,0.258920455,58.7466,4.070371151,4.070087433,1.647441745
2026-07-28T16:55:06.041017+00:00,1190.575848,open,rgb,90.000,90.000,5,700,,0.258920455,58.7466,4.070290089,4.070015430,1.647621155
2026-07-28T16:55:06.191435+00:00,1190.726267,open,rgb,90.000,90.000,6,700,,0.258892045,58.7567,4.070375443,4.069985867,1.647451282
2026-07-28T16:55:06.341899+00:00,1190.876725,open,rgb,90.000,90.000,7,700,,0.258863636,58.7601,4.070393562,4.070077419,1.647501826
2026-07-28T16:55:06.492568+00:00,1191.027396,open,rgb,90.000,90.000,8,700,,0.258806818,58.7466,4.070195198,4.069916725,1.647394657
2026-07-28T16:55:06.642987+00:00,1191.177817,open,rgb,90.000,90.000,9,700,,0.258948864,58.7669,4.070317268,4.070075035,1.647675872
2026-07-28T16:55:06.793703+00:00,1191.328528,open,rgb,90.000,90.000,10,700,,0.258892045,58.7669,4.070342064,4.070047379,1.647550344
2026-07-28T16:55:06.944319+00:00,1191.479149,open,rgb,90.000,90.000,11,700,,0.258892045,58.7635,4.070186615,4.069917202,1.647338271
2026-07-28T16:55:07.094660+00:00,1191.629484,open,rgb,90.000,90.000,12,700,,0.258948864,58.7669,4.070254326,4.069624901,1.647569656
2026-07-28T16:55:07.245263+00:00,1191.780088,open,rgb,90.000,90.000,13,700,,0.258892045,58.7635,4.070395470,4.070108891,1.647590876
2026-07-28T16:55:07.395815+00:00,1191.930644,open,rgb,90.000,90.000,14,700,,0.258892045,58.7702,4.070484161,4.069995403,1.647376299
2026-07-28T16:55:07.546240+00:00,1192.081070,open,rgb,90.000,90.000,15,700,,0.258948864,58.7906,4.070592880,4.070153713,1.647228122
2026-07-28T16:55:07.696695+00:00,1192.231526,open,rgb,90.000,90.000,16,700,,0.258948864,58.7872,4.070319176,4.070040703,1.647357225
2026-07-28T16:55:07.847102+00:00,1192.381933,open,rgb,90.000,90.000,17,700,,0.258920455,58.7906,4.070407391,4.070195198,1.647398233
2026-07-28T16:55:07.997470+00:00,1192.532302,open,rgb,90.000,90.000,18,700,,0.258892045,58.7940,4.070382595,4.070169449,1.647556663
2026-07-28T16:55:08.147735+00:00,1192.682566,open,rgb,90.000,90.000,19,700,,0.258863636,58.7838,4.070230961,4.069980621,1.647273540
2026-07-28T16:55:19.476270+00:00,1204.011097,open,rgb_repeat,0.000,-90.000,0,700,,0.258693182,58.9229,4.073199749,4.069134712,1.637189984
2026-07-28T16:55:19.626762+00:00,1204.161592,open,rgb_repeat,0.000,-90.000,1,700,,0.258778409,58.9331,4.073322296,4.069255829,1.637509108
2026-07-28T16:55:19.777084+00:00,1204.311915,open,rgb_repeat,0.000,-90.000,2,700,,0.258806818,58.9263,4.073252678,4.069219589,1.637551546
2026-07-28T16:55:19.927447+00:00,1204.462278,open,rgb_repeat,0.000,-90.000,3,700,,0.258721591,58.9331,4.073309898,4.069193840,1.637383819
2026-07-28T16:55:20.077788+00:00,1204.612619,open,rgb_repeat,0.000,-90.000,4,700,,0.258806818,58.9365,4.073315620,4.069226265,1.637490988
2026-07-28T16:55:20.228151+00:00,1204.762982,open,rgb_repeat,0.000,-90.000,5,700,,0.258778409,58.9297,4.073318005,4.069347858,1.637222767
2026-07-28T16:55:20.378678+00:00,1204.913508,open,rgb_repeat,0.000,-90.000,6,700,,0.258721591,58.9263,4.073449135,4.069434166,1.637199521
2026-07-28T16:55:20.529002+00:00,1205.063834,open,rgb_repeat,0.000,-90.000,7,700,,0.258664773,58.9399,4.073255062,4.069231987,1.637542605
2026-07-28T16:55:20.679275+00:00,1205.214107,open,rgb_repeat,0.000,-90.000,8,700,,0.258750000,58.9331,4.073260784,4.069232941,1.637349248
2026-07-28T16:55:20.829635+00:00,1205.364465,open,rgb_repeat,0.000,-90.000,9,700,,0.258863636,58.9365,4.073346138,4.069274902,1.637443185
2026-07-28T16:55:20.980138+00:00,1205.514969,open,rgb_repeat,0.000,-90.000,10,700,,0.258721591,58.9297,4.073255062,4.069301605,1.637376308
2026-07-28T16:55:21.130427+00:00,1205.665258,open,rgb_repeat,0.000,-90.000,11,700,,0.258721591,58.9195,4.073406219,4.069258213,1.637193441
2026-07-28T16:55:21.280702+00:00,1205.815534,open,rgb_repeat,0.000,-90.000,12,700,,0.258721591,58.8957,4.073435307,4.069377422,1.637354851
2026-07-28T16:55:21.431144+00:00,1205.965972,open,rgb_repeat,0.000,-90.000,13,700,,0.258721591,58.8414,4.073089123,4.069080830,1.636419058
2026-07-28T16:55:21.581615+00:00,1206.116447,open,rgb_repeat,0.000,-90.000,14,700,,0.258806818,58.8516,4.073277473,4.069201946,1.637298942
2026-07-28T16:55:21.732008+00:00,1206.266839,open,rgb_repeat,0.000,-90.000,15,700,,0.258693182,58.8651,4.073129177,4.069122791,1.637464166
2026-07-28T16:55:21.882483+00:00,1206.417313,open,rgb_repeat,0.000,-90.000,16,700,,0.258806818,58.8685,4.073076725,4.069073677,1.637284756
2026-07-28T16:55:22.032834+00:00,1206.567664,open,rgb_repeat,0.000,-90.000,17,700,,0.258721591,58.8753,4.073206902,4.069164753,1.637324333
2026-07-28T16:55:22.183157+00:00,1206.717988,open,rgb_repeat,0.000,-90.000,18,700,,0.258806818,58.8753,4.073089600,4.069112778,1.637444139
2026-07-28T16:55:22.333469+00:00,1206.868300,open,rgb_repeat,0.000,-90.000,19,700,,0.258835227,58.8957,4.073191166,4.069057465,1.637320161
