timestamp_utc,elapsed_s,mode,led,polar_deg,azimuth_deg,sample_index,dac_code,target_current_a,led_current_a,bridge_temperature_c,sgt_tia_v,sol_tia_v,external_pd_v
2026-07-28T14:04:45.111794+00:00,67.257037,open,dark,-90.000,-90.000,0,0,,0.000681818,39.9295,4.896956921,4.903800488,1.651106954
2026-07-28T14:04:45.262212+00:00,67.407458,open,dark,-90.000,-90.000,1,0,,0.000710227,39.8846,4.896952152,4.903820038,1.650963187
2026-07-28T14:04:45.412457+00:00,67.557712,open,dark,-90.000,-90.000,2,0,,0.000681818,39.8398,4.896960735,4.903830528,1.651162624
2026-07-28T14:04:45.562656+00:00,67.707910,open,dark,-90.000,-90.000,3,0,,0.000681818,39.7832,4.897001743,4.903850079,1.650937557
2026-07-28T14:04:45.712876+00:00,67.858130,open,dark,-90.000,-90.000,4,0,,0.000681818,39.7314,4.897056580,4.903890610,1.651153684
2026-07-28T14:04:45.863057+00:00,68.008311,open,dark,-90.000,-90.000,5,0,,0.000681818,39.6749,4.897128105,4.903973579,1.651252270
2026-07-28T14:04:46.013256+00:00,68.158510,open,dark,-90.000,-90.000,6,0,,0.000681818,39.6115,4.897175312,4.904012203,1.650994658
2026-07-28T14:04:46.163501+00:00,68.308755,open,dark,-90.000,-90.000,7,0,,0.000681818,39.5504,4.897226334,4.904072762,1.651109934
2026-07-28T14:04:46.313707+00:00,68.458958,open,dark,-90.000,-90.000,8,0,,0.000681818,39.4824,4.897274017,4.904110909,1.651127219
2026-07-28T14:04:46.463992+00:00,68.609245,open,dark,-90.000,-90.000,9,0,,0.000681818,39.4167,4.897297382,4.904160976,1.651085734
2026-07-28T14:04:46.614166+00:00,68.759420,open,dark,-90.000,-90.000,10,0,,0.000681818,39.3535,4.897330284,4.904188156,1.651239872
2026-07-28T14:04:46.764390+00:00,68.909642,open,dark,-90.000,-90.000,11,0,,0.000681818,39.2833,4.897343636,4.904193401,1.650987387
2026-07-28T14:04:46.914635+00:00,69.059890,open,dark,-90.000,-90.000,12,0,,0.000710227,39.2155,4.897346973,4.904209137,1.651000857
2026-07-28T14:04:47.064806+00:00,69.210060,open,dark,-90.000,-90.000,13,0,,0.000681818,39.1432,4.897354126,4.904194355,1.651194930
2026-07-28T14:04:47.215070+00:00,69.360325,open,dark,-90.000,-90.000,14,0,,0.000681818,39.0755,4.897369862,4.904199600,1.650285006
2026-07-28T14:04:47.365396+00:00,69.510649,open,dark,-90.000,-90.000,15,0,,0.000681818,39.0126,4.897368431,4.904196262,1.651039600
2026-07-28T14:04:47.515600+00:00,69.660854,open,dark,-90.000,-90.000,16,0,,0.000681818,38.9428,4.897369385,4.904205799,1.651042104
2026-07-28T14:04:47.665784+00:00,69.811038,open,dark,-90.000,-90.000,17,0,,0.000681818,38.8847,4.897365093,4.904204369,1.651079655
2026-07-28T14:04:47.815961+00:00,69.961214,open,dark,-90.000,-90.000,18,0,,0.000710227,38.8289,4.897370338,4.904193878,1.651148796
2026-07-28T14:04:47.966133+00:00,70.111387,open,dark,-90.000,-90.000,19,0,,0.000681818,38.7709,4.897356987,4.904201031,1.650965452
2026-07-28T14:04:52.139709+00:00,74.284960,open,rgb,-90.000,-90.000,0,700,,0.258437500,38.6411,4.039527893,4.044113636,1.651304245
2026-07-28T14:04:52.290154+00:00,74.435406,open,rgb,-90.000,-90.000,1,700,,0.258522727,38.6759,4.039551258,4.044170380,1.651009083
2026-07-28T14:04:52.440482+00:00,74.585735,open,rgb,-90.000,-90.000,2,700,,0.258522727,38.7106,4.039756298,4.044313908,1.651116014
2026-07-28T14:04:52.590657+00:00,74.735911,open,rgb,-90.000,-90.000,3,700,,0.258494318,38.7431,4.039692402,4.044262886,1.651126981
2026-07-28T14:04:52.740888+00:00,74.886143,open,rgb,-90.000,-90.000,4,700,,0.258380682,38.7756,4.039882660,4.044246197,1.650263309
2026-07-28T14:04:52.891076+00:00,75.036330,open,rgb,-90.000,-90.000,5,700,,0.258522727,38.8173,4.039814949,4.044398785,1.651305795
2026-07-28T14:04:53.041186+00:00,75.186439,open,rgb,-90.000,-90.000,6,700,,0.258494318,38.8498,4.039737701,4.044334412,1.651090622
2026-07-28T14:04:53.191264+00:00,75.336509,open,rgb,-90.000,-90.000,7,700,,0.258522727,38.8847,4.039697170,4.044414520,1.651133657
2026-07-28T14:04:53.341844+00:00,75.487098,open,rgb,-90.000,-90.000,8,700,,0.258551136,38.9242,4.039664745,4.044250488,1.651268840
2026-07-28T14:04:53.492125+00:00,75.637379,open,rgb,-90.000,-90.000,9,700,,0.258522727,38.9545,4.039703369,4.044269562,1.650954366
2026-07-28T14:04:53.642488+00:00,75.787742,open,rgb,-90.000,-90.000,10,700,,0.258607955,38.9894,4.039888382,4.044436932,1.651035666
2026-07-28T14:04:53.792974+00:00,75.938227,open,rgb,-90.000,-90.000,11,700,,0.258437500,39.0220,4.039759636,4.044381618,1.651155353
2026-07-28T14:04:53.943242+00:00,76.088495,open,rgb,-90.000,-90.000,12,700,,0.258522727,39.0569,4.039895535,4.044404984,1.651079178
2026-07-28T14:04:54.093590+00:00,76.238838,open,rgb,-90.000,-90.000,13,700,,0.258607955,39.0849,4.039817810,4.044048309,1.650631189
2026-07-28T14:04:54.243993+00:00,76.389244,open,rgb,-90.000,-90.000,14,700,,0.258551136,39.1175,4.039898872,4.044451237,1.650959492
2026-07-28T14:04:54.394306+00:00,76.539559,open,rgb,-90.000,-90.000,15,700,,0.258607955,39.1502,4.039991379,4.044601440,1.651114106
2026-07-28T14:04:54.544489+00:00,76.689743,open,rgb,-90.000,-90.000,16,700,,0.258551136,39.1828,4.039955616,4.044492245,1.651275992
2026-07-28T14:04:54.694749+00:00,76.840003,open,rgb,-90.000,-90.000,17,700,,0.258551136,39.2132,4.039929390,4.044557095,1.650979757
2026-07-28T14:04:54.844993+00:00,76.990248,open,rgb,-90.000,-90.000,18,700,,0.258579545,39.2459,4.040112019,4.044696808,1.651135802
2026-07-28T14:04:54.995161+00:00,77.140416,open,rgb,-90.000,-90.000,19,700,,0.258437500,39.2786,4.040036678,4.044658661,1.651075959
2026-07-28T14:05:00.247621+00:00,82.392872,open,rgb,-90.000,0.000,0,700,,0.258522727,40.2206,4.045636177,4.045154572,1.650846720
2026-07-28T14:05:00.397990+00:00,82.543242,open,rgb,-90.000,0.000,1,700,,0.258465909,40.2538,4.045764446,4.045616627,1.650930762
2026-07-28T14:05:00.548242+00:00,82.693496,open,rgb,-90.000,0.000,2,700,,0.258494318,40.2847,4.045658112,4.045414448,1.650990844
2026-07-28T14:05:00.698491+00:00,82.843744,open,rgb,-90.000,0.000,3,700,,0.258465909,40.3155,4.046039104,4.045480728,1.650716186
2026-07-28T14:05:00.848683+00:00,82.993936,open,rgb,-90.000,0.000,4,700,,0.258465909,40.3393,4.046227455,4.045843124,1.650980830
2026-07-28T14:05:00.998814+00:00,83.144069,open,rgb,-90.000,0.000,5,700,,0.258437500,40.3512,4.046415329,4.045853138,1.650366306
2026-07-28T14:05:01.149001+00:00,83.294255,open,rgb,-90.000,0.000,6,700,,0.258494318,40.3726,4.046342373,4.045921326,1.650779605
2026-07-28T14:05:01.299427+00:00,83.444676,open,rgb,-90.000,0.000,7,700,,0.258409091,40.4035,4.046350002,4.045842171,1.650919318
2026-07-28T14:05:01.449774+00:00,83.595028,open,rgb,-90.000,0.000,8,700,,0.258409091,40.4297,4.046289444,4.045774460,1.650682926
2026-07-28T14:05:01.599973+00:00,83.745227,open,rgb,-90.000,0.000,9,700,,0.258437500,40.4606,4.046308517,4.045799255,1.650899529
2026-07-28T14:05:01.750223+00:00,83.895477,open,rgb,-90.000,0.000,10,700,,0.258465909,40.4892,4.046544552,4.045987606,1.650658488
2026-07-28T14:05:01.900427+00:00,84.045682,open,rgb,-90.000,0.000,11,700,,0.258465909,40.5083,4.046678066,4.045805931,1.650432944
2026-07-28T14:05:02.050612+00:00,84.195866,open,rgb,-90.000,0.000,12,700,,0.258494318,40.5369,4.046272278,4.045648098,1.650920510
2026-07-28T14:05:02.200761+00:00,84.346015,open,rgb,-90.000,0.000,13,700,,0.258494318,40.5607,4.046083927,4.045513153,1.650581360
2026-07-28T14:05:02.350979+00:00,84.496233,open,rgb,-90.000,0.000,14,700,,0.258522727,40.5893,4.045770168,4.045450211,1.650596261
2026-07-28T14:05:02.501097+00:00,84.646352,open,rgb,-90.000,0.000,15,700,,0.258579545,40.6108,4.045719147,4.045194626,1.650770783
2026-07-28T14:05:02.651254+00:00,84.796509,open,rgb,-90.000,0.000,16,700,,0.258551136,40.6299,4.045883179,4.045529842,1.650724888
2026-07-28T14:05:02.801468+00:00,84.946720,open,rgb,-90.000,0.000,17,700,,0.258522727,40.6442,4.046117306,4.045684338,1.650799632
2026-07-28T14:05:02.951588+00:00,85.096842,open,rgb,-90.000,0.000,18,700,,0.258494318,40.6227,4.045640945,4.045175552,1.651115298
2026-07-28T14:05:03.101718+00:00,85.246973,open,rgb,-90.000,0.000,19,700,,0.258607955,40.6251,4.045764446,4.045078754,1.651157737
2026-07-28T14:05:08.354247+00:00,90.499497,open,rgb,-90.000,90.000,0,700,,0.258636364,41.3792,4.053775311,4.048761368,1.650916815
2026-07-28T14:05:08.504834+00:00,90.650089,open,rgb,-90.000,90.000,1,700,,0.258664773,41.4034,4.054378986,4.048608780,1.651130915
2026-07-28T14:05:08.655320+00:00,90.800573,open,rgb,-90.000,90.000,2,700,,0.258664773,41.4276,4.054080009,4.048649788,1.650912881
2026-07-28T14:05:08.805817+00:00,90.951066,open,rgb,-90.000,90.000,3,700,,0.258664773,41.4518,4.055864334,4.048911572,1.651127219
2026-07-28T14:05:08.956401+00:00,91.101655,open,rgb,-90.000,90.000,4,700,,0.258579545,41.4590,4.055580616,4.048863888,1.650893092
2026-07-28T14:05:09.106816+00:00,91.252070,open,rgb,-90.000,90.000,5,700,,0.258636364,41.4929,4.055407524,4.048935890,1.651023269
2026-07-28T14:05:09.257190+00:00,91.402445,open,rgb,-90.000,90.000,6,700,,0.258636364,41.5220,4.055769444,4.049150944,1.651084304
2026-07-28T14:05:09.407645+00:00,91.552900,open,rgb,-90.000,90.000,7,700,,0.258522727,41.5341,4.054566383,4.048484325,1.650858045
2026-07-28T14:05:09.557966+00:00,91.703220,open,rgb,-90.000,90.000,8,700,,0.258664773,41.5801,4.057360172,4.047893047,1.651218534
2026-07-28T14:05:09.708714+00:00,91.853964,open,rgb,-90.000,90.000,9,700,,0.258636364,41.6116,4.057708740,4.047123432,1.650623798
2026-07-28T14:05:09.858522+00:00,92.003769,open,rgb,-90.000,90.000,10,700,,0.258551136,41.6529,4.058601856,4.047156811,1.651095748
2026-07-28T14:05:10.008931+00:00,92.154183,open,rgb,-90.000,90.000,11,700,,0.258778409,41.6456,4.056312561,4.047439575,1.651011586
2026-07-28T14:05:10.159202+00:00,92.304455,open,rgb,-90.000,90.000,12,700,,0.258778409,41.5922,4.055915833,4.047857285,1.650928736
2026-07-28T14:05:10.309460+00:00,92.454714,open,rgb,-90.000,90.000,13,700,,0.258579545,41.5753,4.056501389,4.047983170,1.651098728
2026-07-28T14:05:10.459674+00:00,92.604928,open,rgb,-90.000,90.000,14,700,,0.258465909,41.6116,4.057665825,4.049256802,1.651152134
2026-07-28T14:05:10.609891+00:00,92.755139,open,rgb,-90.000,90.000,15,700,,0.258380682,41.6359,4.054898262,4.049422264,1.650895119
2026-07-28T14:05:10.760162+00:00,92.905415,open,rgb,-90.000,90.000,16,700,,0.258522727,41.6674,4.053658962,4.049663067,1.650978804
2026-07-28T14:05:10.910476+00:00,93.055730,open,rgb,-90.000,90.000,17,700,,0.258437500,41.6723,4.055683136,4.049741268,1.651070833
2026-07-28T14:05:11.060622+00:00,93.205876,open,rgb,-90.000,90.000,18,700,,0.258437500,41.6917,4.058575153,4.049108505,1.650969505
2026-07-28T14:05:11.210892+00:00,93.356146,open,rgb,-90.000,90.000,19,700,,0.258551136,41.7014,4.054363251,4.050730705,1.651171446
2026-07-28T14:05:21.565286+00:00,103.710536,open,dark,-75.000,-90.000,0,0,,0.000681818,42.7253,4.897059441,4.903868675,1.651371121
2026-07-28T14:05:21.715871+00:00,103.861125,open,dark,-75.000,-90.000,1,0,,0.000681818,42.6759,4.897075653,4.903855324,1.651167750
2026-07-28T14:05:21.866266+00:00,104.011519,open,dark,-75.000,-90.000,2,0,,0.000681818,42.6265,4.897053719,4.903866768,1.651304483
2026-07-28T14:05:22.016689+00:00,104.161943,open,dark,-75.000,-90.000,3,0,,0.000681818,42.5698,4.897038460,4.903865337,1.651359200
2026-07-28T14:05:22.167083+00:00,104.312336,open,dark,-75.000,-90.000,4,0,,0.000710227,42.5132,4.897021770,4.903868198,1.651142120
2026-07-28T14:05:22.317503+00:00,104.462757,open,dark,-75.000,-90.000,5,0,,0.000681818,42.4566,4.897032261,4.903859615,1.651171684
2026-07-28T14:05:22.467984+00:00,104.613237,open,dark,-75.000,-90.000,6,0,,0.000681818,42.3927,4.896973610,4.903846264,1.651214480
2026-07-28T14:05:22.618409+00:00,104.763662,open,dark,-75.000,-90.000,7,0,,0.000681818,42.3338,4.897058964,4.903911591,1.651155114
2026-07-28T14:05:22.768768+00:00,104.914022,open,dark,-75.000,-90.000,8,0,,0.000681818,42.2700,4.897014141,4.903868198,1.651328206
2026-07-28T14:05:22.919143+00:00,105.064397,open,dark,-75.000,-90.000,9,0,,0.000681818,42.2038,4.897025585,4.903876305,1.651105285
2026-07-28T14:05:23.069504+00:00,105.214759,open,dark,-75.000,-90.000,10,0,,0.000681818,42.1353,4.897005081,4.903861046,1.651276946
2026-07-28T14:05:23.219840+00:00,105.365089,open,dark,-75.000,-90.000,11,0,,0.000681818,42.0595,4.897025108,4.903858185,1.650929809
2026-07-28T14:05:23.370306+00:00,105.515559,open,dark,-75.000,-90.000,12,0,,0.000681818,42.0009,4.897011757,4.903882980,1.651023030
2026-07-28T14:05:23.520787+00:00,105.666041,open,dark,-75.000,-90.000,13,0,,0.000681818,41.9399,4.897033691,4.903862953,1.651320577
2026-07-28T14:05:23.671149+00:00,105.816403,open,dark,-75.000,-90.000,14,0,,0.000710227,41.8717,4.897021770,4.903861046,1.651281834
2026-07-28T14:05:23.821531+00:00,105.966783,open,dark,-75.000,-90.000,15,0,,0.000681818,41.8011,4.897038460,4.903863430,1.651259303
2026-07-28T14:05:23.972074+00:00,106.117328,open,dark,-75.000,-90.000,16,0,,0.000681818,41.7233,4.896999359,4.903828621,1.651411414
2026-07-28T14:05:24.122393+00:00,106.267647,open,dark,-75.000,-90.000,17,0,,0.000681818,41.6480,4.897020817,4.903810024,1.651135325
2026-07-28T14:05:24.272761+00:00,106.418015,open,dark,-75.000,-90.000,18,0,,0.000681818,41.5825,4.897035122,4.903837204,1.651247144
2026-07-28T14:05:24.423188+00:00,106.568441,open,dark,-75.000,-90.000,19,0,,0.000681818,41.5147,4.897013187,4.903851032,1.651345968
2026-07-28T14:05:28.597011+00:00,110.742261,open,rgb,-75.000,-90.000,0,700,,0.258096591,41.1333,4.050542831,4.049263477,1.651183724
2026-07-28T14:05:28.747575+00:00,110.892828,open,rgb,-75.000,-90.000,1,700,,0.258664773,41.1766,4.046678066,4.046067238,1.650671482
2026-07-28T14:05:28.898063+00:00,111.043315,open,rgb,-75.000,-90.000,2,700,,0.258892045,41.2127,4.047375202,4.046256065,1.651038170
2026-07-28T14:05:29.048589+00:00,111.193841,open,rgb,-75.000,-90.000,3,700,,0.258892045,41.2489,4.047223091,4.046288490,1.651010275
2026-07-28T14:05:29.199073+00:00,111.344327,open,rgb,-75.000,-90.000,4,700,,0.258750000,41.2561,4.049038410,4.047315598,1.650822401
2026-07-28T14:05:29.349524+00:00,111.494776,open,rgb,-75.000,-90.000,5,700,,0.258806818,41.2561,4.049648762,4.047140121,1.650982261
2026-07-28T14:05:29.499995+00:00,111.645250,open,rgb,-75.000,-90.000,6,700,,0.258778409,41.2634,4.050264359,4.046821117,1.650905371
2026-07-28T14:05:29.650320+00:00,111.795574,open,rgb,-75.000,-90.000,7,700,,0.258778409,41.2802,4.050030708,4.046721458,1.650686383
2026-07-28T14:05:29.800691+00:00,111.945944,open,rgb,-75.000,-90.000,8,700,,0.258778409,41.3261,4.050261974,4.046976089,1.650938988
2026-07-28T14:05:29.951067+00:00,112.096322,open,rgb,-75.000,-90.000,9,700,,0.258778409,41.3696,4.050518513,4.047151566,1.651009560
2026-07-28T14:05:30.101481+00:00,112.246735,open,rgb,-75.000,-90.000,10,700,,0.258778409,41.4179,4.051031590,4.047389507,1.650921941
2026-07-28T14:05:30.251919+00:00,112.397172,open,rgb,-75.000,-90.000,11,700,,0.258835227,41.4663,4.051106930,4.047612667,1.651021123
2026-07-28T14:05:30.402351+00:00,112.547605,open,rgb,-75.000,-90.000,12,700,,0.258806818,41.5147,4.051048279,4.047591209,1.650715113
2026-07-28T14:05:30.552734+00:00,112.697988,open,rgb,-75.000,-90.000,13,700,,0.258778409,41.5631,4.052532673,4.047659874,1.650746942
2026-07-28T14:05:30.703115+00:00,112.848368,open,rgb,-75.000,-90.000,14,700,,0.258778409,41.6116,4.052470207,4.047094345,1.650888801
2026-07-28T14:05:30.853107+00:00,112.998350,open,rgb,-75.000,-90.000,15,700,,0.258750000,41.6432,4.052508354,4.045378208,1.650533080
2026-07-28T14:05:31.003749+00:00,113.148999,open,rgb,-75.000,-90.000,16,700,,0.258863636,41.6674,4.054533005,4.045509815,1.650773764
2026-07-28T14:05:31.154259+00:00,113.299511,open,rgb,-75.000,-90.000,17,700,,0.258693182,41.6820,4.054745674,4.045874119,1.650752544
2026-07-28T14:05:31.304522+00:00,113.449771,open,rgb,-75.000,-90.000,18,700,,0.258778409,41.7136,4.054692745,4.047097683,1.650641203
2026-07-28T14:05:31.455115+00:00,113.600367,open,rgb,-75.000,-90.000,19,700,,0.258806818,41.7573,4.053333282,4.047677040,1.650626302
2026-07-28T14:05:36.707328+00:00,118.852574,open,rgb,-75.000,0.000,0,700,,0.258607955,42.5403,4.054135323,4.050891876,1.650930524
2026-07-28T14:05:36.857948+00:00,119.003198,open,rgb,-75.000,0.000,1,700,,0.258778409,42.5698,4.054052353,4.050823689,1.650839448
2026-07-28T14:05:37.008503+00:00,119.153757,open,rgb,-75.000,0.000,2,700,,0.258750000,42.6093,4.054013729,4.050910950,1.650254488
2026-07-28T14:05:37.159051+00:00,119.304302,open,rgb,-75.000,0.000,3,700,,0.258750000,42.6463,4.054030895,4.051103115,1.650813580
2026-07-28T14:05:37.309735+00:00,119.454985,open,rgb,-75.000,0.000,4,700,,0.258806818,42.6882,4.054428101,4.051466942,1.650952935
2026-07-28T14:05:37.460413+00:00,119.605666,open,rgb,-75.000,0.000,5,700,,0.258750000,42.7228,4.054347515,4.051416874,1.651100874
2026-07-28T14:05:37.610911+00:00,119.756165,open,rgb,-75.000,0.000,6,700,,0.258750000,42.7549,4.054321766,4.051285744,1.650794744
2026-07-28T14:05:37.761388+00:00,119.906641,open,rgb,-75.000,0.000,7,700,,0.258778409,42.7846,4.054069996,4.051147938,1.651067495
2026-07-28T14:05:37.911820+00:00,120.057072,open,rgb,-75.000,0.000,8,700,,0.258778409,42.8044,4.054168224,4.051184177,1.650890470
2026-07-28T14:05:38.062230+00:00,120.207485,open,rgb,-75.000,0.000,9,700,,0.258750000,42.8143,4.054233551,4.051089764,1.650703907
2026-07-28T14:05:38.212592+00:00,120.357842,open,rgb,-75.000,0.000,10,700,,0.258806818,42.8118,4.054122925,4.051236629,1.650984406
2026-07-28T14:05:38.363172+00:00,120.508424,open,rgb,-75.000,0.000,11,700,,0.258750000,42.7920,4.054122925,4.051249504,1.650819421
2026-07-28T14:05:38.513654+00:00,120.658908,open,rgb,-75.000,0.000,12,700,,0.258721591,42.8093,4.054308891,4.051437855,1.650903106
2026-07-28T14:05:38.664051+00:00,120.809306,open,rgb,-75.000,0.000,13,700,,0.258721591,42.8440,4.054490089,4.051616669,1.651049852
2026-07-28T14:05:38.814409+00:00,120.959664,open,rgb,-75.000,0.000,14,700,,0.258778409,42.8737,4.054512024,4.051632404,1.650861621
2026-07-28T14:05:38.964806+00:00,121.110060,open,rgb,-75.000,0.000,15,700,,0.258778409,42.9059,4.054291725,4.051374435,1.650881410
2026-07-28T14:05:39.115304+00:00,121.260558,open,rgb,-75.000,0.000,16,700,,0.258750000,42.9307,4.054120541,4.051262856,1.650905371
2026-07-28T14:05:39.265671+00:00,121.410923,open,rgb,-75.000,0.000,17,700,,0.258778409,42.9629,4.054308891,4.051206589,1.650869012
2026-07-28T14:05:39.416088+00:00,121.561342,open,rgb,-75.000,0.000,18,700,,0.258806818,42.9877,4.054207802,4.051380634,1.651039124
2026-07-28T14:05:39.566487+00:00,121.711741,open,rgb,-75.000,0.000,19,700,,0.258750000,43.0051,4.054082870,4.051241875,1.650759101
2026-07-28T14:05:44.820518+00:00,126.965768,open,rgb,-75.000,90.000,0,700,,0.258693182,43.7922,4.059475422,4.054554939,1.650986671
2026-07-28T14:05:44.971194+00:00,127.116448,open,rgb,-75.000,90.000,1,700,,0.258778409,43.8148,4.059506416,4.054755211,1.651069403
2026-07-28T14:05:45.121611+00:00,127.266865,open,rgb,-75.000,90.000,2,700,,0.258778409,43.8324,4.059532642,4.054684639,1.650956631
2026-07-28T14:05:45.272047+00:00,127.417300,open,rgb,-75.000,90.000,3,700,,0.258721591,43.8551,4.059877396,4.055019379,1.650747895
2026-07-28T14:05:45.422369+00:00,127.567624,open,rgb,-75.000,90.000,4,700,,0.258778409,43.8777,4.059509754,4.054713726,1.651234746
2026-07-28T14:05:45.572749+00:00,127.718003,open,rgb,-75.000,90.000,5,700,,0.258750000,43.8929,4.059630394,4.054898262,1.651015759
2026-07-28T14:05:45.723191+00:00,127.868445,open,rgb,-75.000,90.000,6,700,,0.258750000,43.9080,4.059757233,4.054969788,1.650896072
2026-07-28T14:05:45.873631+00:00,128.018885,open,rgb,-75.000,90.000,7,700,,0.258636364,43.9206,4.059600353,4.054787636,1.651107788
2026-07-28T14:05:46.024073+00:00,128.169323,open,rgb,-75.000,90.000,8,700,,0.258750000,43.9382,4.060000420,4.055100441,1.650341153
2026-07-28T14:05:46.174766+00:00,128.320016,open,rgb,-75.000,90.000,9,700,,0.258664773,43.9508,4.059863091,4.055087566,1.650276661
2026-07-28T14:05:46.325353+00:00,128.470603,open,rgb,-75.000,90.000,10,700,,0.258636364,43.9736,4.059791088,4.054967880,1.650931716
2026-07-28T14:05:46.476038+00:00,128.621290,open,rgb,-75.000,90.000,11,700,,0.258664773,44.0038,4.059811115,4.055073738,1.650988817
2026-07-28T14:05:46.626215+00:00,128.771463,open,rgb,-75.000,90.000,12,700,,0.258778409,44.0215,4.059653759,4.055003643,1.651183963
2026-07-28T14:05:46.776820+00:00,128.922072,open,rgb,-75.000,90.000,13,700,,0.258693182,44.0316,4.059733391,4.054949760,1.650903940
2026-07-28T14:05:46.927534+00:00,129.072783,open,rgb,-75.000,90.000,14,700,,0.258693182,44.0443,4.059850216,4.055072784,1.651201248
2026-07-28T14:05:47.078021+00:00,129.223272,open,rgb,-75.000,90.000,15,700,,0.258636364,44.0569,4.059869289,4.055081367,1.651133180
2026-07-28T14:05:47.228280+00:00,129.373533,open,rgb,-75.000,90.000,16,700,,0.258693182,44.0720,4.059949398,4.055054188,1.650881648
2026-07-28T14:05:47.378669+00:00,129.523921,open,rgb,-75.000,90.000,17,700,,0.258721591,44.0897,4.059937954,4.055128098,1.651066780
2026-07-28T14:05:47.528895+00:00,129.674149,open,rgb,-75.000,90.000,18,700,,0.258664773,44.0973,4.059945583,4.055181980,1.650976658
2026-07-28T14:05:47.679173+00:00,129.824425,open,rgb,-75.000,90.000,19,700,,0.258636364,44.1100,4.060066700,4.055288315,1.650971055
2026-07-28T14:05:58.033978+00:00,140.179227,open,dark,-60.000,-90.000,0,0,,0.000710227,44.8277,4.896850109,4.903698444,1.651250839
2026-07-28T14:05:58.184380+00:00,140.329633,open,dark,-60.000,-90.000,1,0,,0.000681818,44.7816,4.896849155,4.903718948,1.651354790
2026-07-28T14:05:58.334724+00:00,140.479975,open,dark,-60.000,-90.000,2,0,,0.000681818,44.7254,4.896870136,4.903716564,1.651129007
2026-07-28T14:05:58.484976+00:00,140.630230,open,dark,-60.000,-90.000,3,0,,0.000710227,44.6513,4.896864414,4.903698921,1.651265264
2026-07-28T14:05:58.635303+00:00,140.780556,open,dark,-60.000,-90.000,4,0,,0.000681818,44.5747,4.896882057,4.903702259,1.651322603
2026-07-28T14:05:58.785547+00:00,140.930799,open,dark,-60.000,-90.000,5,0,,0.000681818,44.5161,4.896890640,4.903680801,1.651219606
2026-07-28T14:05:58.935730+00:00,141.080985,open,dark,-60.000,-90.000,6,0,,0.000710227,44.4575,4.896906376,4.903706074,1.651216626
2026-07-28T14:05:59.085840+00:00,141.231094,open,dark,-60.000,-90.000,7,0,,0.000681818,44.3940,4.896864891,4.903702736,1.650980592
2026-07-28T14:05:59.235988+00:00,141.381243,open,dark,-60.000,-90.000,8,0,,0.000710227,44.3305,4.896920204,4.903674603,1.651297212
2026-07-28T14:05:59.386152+00:00,141.531407,open,dark,-60.000,-90.000,9,0,,0.000681818,44.2721,4.896941185,4.903689384,1.651457310
2026-07-28T14:05:59.536445+00:00,141.681700,open,dark,-60.000,-90.000,10,0,,0.000681818,44.2011,4.896974087,4.903690338,1.651180267
2026-07-28T14:05:59.686633+00:00,141.831886,open,dark,-60.000,-90.000,11,0,,0.000681818,44.1353,4.896903992,4.903630733,1.651316524
2026-07-28T14:05:59.836873+00:00,141.982127,open,dark,-60.000,-90.000,12,0,,0.000681818,44.0569,4.896724224,4.903745651,1.651282310
2026-07-28T14:05:59.987114+00:00,142.132367,open,dark,-60.000,-90.000,13,0,,0.000681818,43.9635,4.896885872,4.903719902,1.651138544
2026-07-28T14:06:00.137575+00:00,142.282829,open,dark,-60.000,-90.000,14,0,,0.000710227,43.8803,4.896954060,4.903658867,1.651237607
2026-07-28T14:06:00.287992+00:00,142.433246,open,dark,-60.000,-90.000,15,0,,0.000681818,43.7771,4.896959782,4.903707504,1.651032090
2026-07-28T14:06:00.438423+00:00,142.583678,open,dark,-60.000,-90.000,16,0,,0.000681818,43.6992,4.896965504,4.903700829,1.651165843
2026-07-28T14:06:00.588729+00:00,142.733985,open,dark,-60.000,-90.000,17,0,,0.000681818,43.6188,4.896977425,4.903717995,1.651247382
2026-07-28T14:06:00.739062+00:00,142.884316,open,dark,-60.000,-90.000,18,0,,0.000710227,43.5512,4.896962166,4.903706074,1.651013732
2026-07-28T14:06:00.889469+00:00,143.034723,open,dark,-60.000,-90.000,19,0,,0.000710227,43.4961,4.896975040,4.903705597,1.651261330
2026-07-28T14:06:05.063367+00:00,147.208617,open,rgb,-60.000,-90.000,0,700,,0.258863636,43.2289,4.053246975,4.047845840,1.650553346
2026-07-28T14:06:05.214005+00:00,147.359255,open,rgb,-60.000,-90.000,1,700,,0.258920455,43.2638,4.053156853,4.048089981,1.650869250
2026-07-28T14:06:05.364498+00:00,147.509752,open,rgb,-60.000,-90.000,2,700,,0.258920455,43.2912,4.053400040,4.048319340,1.650697589
2026-07-28T14:06:05.514886+00:00,147.660141,open,rgb,-60.000,-90.000,3,700,,0.258806818,43.3211,4.053524971,4.048453331,1.650637269
2026-07-28T14:06:05.665211+00:00,147.810464,open,rgb,-60.000,-90.000,4,700,,0.258778409,43.3561,4.053475857,4.048351765,1.650839686
2026-07-28T14:06:05.815710+00:00,147.960964,open,rgb,-60.000,-90.000,5,700,,0.258806818,43.3811,4.053464413,4.048372269,1.650536895
2026-07-28T14:06:05.966053+00:00,148.111306,open,rgb,-60.000,-90.000,6,700,,0.258835227,43.4110,4.053629875,4.048531532,1.650590181
2026-07-28T14:06:06.116360+00:00,148.261613,open,rgb,-60.000,-90.000,7,700,,0.258750000,43.4335,4.053568363,4.048496246,1.650685191
2026-07-28T14:06:06.266632+00:00,148.411882,open,rgb,-60.000,-90.000,8,700,,0.258778409,43.4635,4.053778172,4.048348904,1.650427818
2026-07-28T14:06:06.416919+00:00,148.562172,open,rgb,-60.000,-90.000,9,700,,0.258835227,43.5011,4.053600311,4.048483849,1.650672913
2026-07-28T14:06:06.567077+00:00,148.712332,open,rgb,-60.000,-90.000,10,700,,0.258778409,43.5286,4.053594589,4.048527718,1.650597215
2026-07-28T14:06:06.717281+00:00,148.862535,open,rgb,-60.000,-90.000,11,700,,0.258778409,43.5587,4.053835392,4.048713684,1.650592566
2026-07-28T14:06:06.867533+00:00,149.012787,open,rgb,-60.000,-90.000,12,700,,0.258806818,43.5913,4.053761482,4.048642635,1.650755644
2026-07-28T14:06:07.017679+00:00,149.162934,open,rgb,-60.000,-90.000,13,700,,0.258892045,43.6138,4.053774357,4.048562050,1.650506377
2026-07-28T14:06:07.167931+00:00,149.313184,open,rgb,-60.000,-90.000,14,700,,0.258806818,43.6439,4.053867340,4.048754692,1.650732994
2026-07-28T14:06:07.318269+00:00,149.463520,open,rgb,-60.000,-90.000,15,700,,0.258778409,43.6615,4.053904533,4.048785686,1.650717378
2026-07-28T14:06:07.468797+00:00,149.614048,open,rgb,-60.000,-90.000,16,700,,0.258750000,43.6841,4.053989410,4.048677921,1.649852157
2026-07-28T14:06:07.619239+00:00,149.764484,open,rgb,-60.000,-90.000,17,700,,0.258835227,43.7192,4.053476334,4.048794270,1.650793314
2026-07-28T14:06:07.769830+00:00,149.915082,open,rgb,-60.000,-90.000,18,700,,0.258778409,43.7419,4.053904057,4.048750877,1.650611162
2026-07-28T14:06:07.920351+00:00,150.065605,open,rgb,-60.000,-90.000,19,700,,0.258806818,43.7670,4.054097652,4.048950195,1.650618672
2026-07-28T14:06:13.172074+00:00,155.317320,open,rgb,-60.000,0.000,0,700,,0.258892045,44.5849,4.054900646,4.050740719,1.650890708
2026-07-28T14:06:13.322923+00:00,155.468170,open,rgb,-60.000,0.000,1,700,,0.258806818,44.6002,4.054939270,4.050817013,1.650606990
2026-07-28T14:06:13.473564+00:00,155.618815,open,rgb,-60.000,0.000,2,700,,0.258835227,44.6232,4.055167198,4.050965309,1.650549412
2026-07-28T14:06:13.624063+00:00,155.769317,open,rgb,-60.000,0.000,3,700,,0.258863636,44.6487,4.055068016,4.050907135,1.650722504
2026-07-28T14:06:13.774469+00:00,155.919724,open,rgb,-60.000,0.000,4,700,,0.258863636,44.6692,4.054976940,4.050823212,1.650486708
2026-07-28T14:06:13.924929+00:00,156.070184,open,rgb,-60.000,0.000,5,700,,0.258892045,44.6973,4.055124760,4.050986290,1.650828719
2026-07-28T14:06:14.075328+00:00,156.220581,open,rgb,-60.000,0.000,6,700,,0.258778409,44.7126,4.055210114,4.051022053,1.650800824
2026-07-28T14:06:14.225688+00:00,156.370943,open,rgb,-60.000,0.000,7,700,,0.258806818,44.7330,4.055293083,4.050919056,1.650554299
2026-07-28T14:06:14.376174+00:00,156.521428,open,rgb,-60.000,0.000,8,700,,0.258892045,44.7535,4.055284977,4.051098347,1.650678754
2026-07-28T14:06:14.526564+00:00,156.671819,open,rgb,-60.000,0.000,9,700,,0.258806818,44.7509,4.055106163,4.050933361,1.650546670
2026-07-28T14:06:14.676831+00:00,156.822085,open,rgb,-60.000,0.000,10,700,,0.258835227,44.7509,4.055276394,4.051069736,1.650717616
2026-07-28T14:06:14.827192+00:00,156.972446,open,rgb,-60.000,0.000,11,700,,0.258806818,44.7612,4.055211067,4.051009178,1.650863647
2026-07-28T14:06:14.977492+00:00,157.122746,open,rgb,-60.000,0.000,12,700,,0.258835227,44.7612,4.055280685,4.051057816,1.650566697
2026-07-28T14:06:15.127685+00:00,157.272939,open,rgb,-60.000,0.000,13,700,,0.258892045,44.7586,4.055366039,4.051149368,1.650604606
2026-07-28T14:06:15.277840+00:00,157.423094,open,rgb,-60.000,0.000,14,700,,0.258778409,44.7612,4.055346012,4.051112652,1.650629997
2026-07-28T14:06:15.428109+00:00,157.573361,open,rgb,-60.000,0.000,15,700,,0.258806818,44.7663,4.055493355,4.051007271,1.650407076
2026-07-28T14:06:15.578489+00:00,157.723743,open,rgb,-60.000,0.000,16,700,,0.258863636,44.7765,4.055521011,4.051301479,1.650779605
2026-07-28T14:06:15.728646+00:00,157.873900,open,rgb,-60.000,0.000,17,700,,0.258806818,44.7765,4.055724621,4.051417828,1.650397778
2026-07-28T14:06:15.878850+00:00,158.024104,open,rgb,-60.000,0.000,18,700,,0.258806818,44.7509,4.055623055,4.051435471,1.650701523
2026-07-28T14:06:16.028996+00:00,158.174251,open,rgb,-60.000,0.000,19,700,,0.258806818,44.7330,4.055618763,4.051399708,1.650732517
2026-07-28T14:06:21.281518+00:00,163.426768,open,rgb,-60.000,90.000,0,700,,0.258693182,45.5443,4.061632633,4.055397034,1.650025249
2026-07-28T14:06:21.431869+00:00,163.577123,open,rgb,-60.000,90.000,1,700,,0.258721591,45.5651,4.061430931,4.055338860,1.650579453
2026-07-28T14:06:21.582069+00:00,163.727323,open,rgb,-60.000,90.000,2,700,,0.258721591,45.5780,4.061221123,4.055130005,1.650740504
2026-07-28T14:06:21.732322+00:00,163.877575,open,rgb,-60.000,90.000,3,700,,0.258693182,45.5884,4.060916424,4.054840565,1.650508642
2026-07-28T14:06:21.882562+00:00,164.027816,open,rgb,-60.000,90.000,4,700,,0.258664773,45.6092,4.061031818,4.054966450,1.650678754
2026-07-28T14:06:22.032659+00:00,164.177913,open,rgb,-60.000,90.000,5,700,,0.258636364,45.6248,4.060995102,4.054930210,1.650798917
2026-07-28T14:06:22.182879+00:00,164.328133,open,rgb,-60.000,90.000,6,700,,0.258721591,45.6430,4.061074257,4.054711342,1.650544763
2026-07-28T14:06:22.333095+00:00,164.478349,open,rgb,-60.000,90.000,7,700,,0.258693182,45.6586,4.061036587,4.054964066,1.650839448
2026-07-28T14:06:22.483253+00:00,164.628507,open,rgb,-60.000,90.000,8,700,,0.258607955,45.6690,4.061069012,4.054924011,1.650580645
2026-07-28T14:06:22.633370+00:00,164.778624,open,rgb,-60.000,90.000,9,700,,0.258664773,45.6820,4.061202049,4.055116177,1.650544524
2026-07-28T14:06:22.783586+00:00,164.928839,open,rgb,-60.000,90.000,10,700,,0.258664773,45.7028,4.061045170,4.054940224,1.650890708
2026-07-28T14:06:22.933966+00:00,165.079217,open,rgb,-60.000,90.000,11,700,,0.258721591,45.7106,4.060846329,4.054751396,1.650665641
2026-07-28T14:06:23.084280+00:00,165.229532,open,rgb,-60.000,90.000,12,700,,0.258721591,45.7262,4.060964108,4.054853439,1.650717139
2026-07-28T14:06:23.234844+00:00,165.380096,open,rgb,-60.000,90.000,13,700,,0.258664773,45.7366,4.060894012,4.054831982,1.650782824
2026-07-28T14:06:23.384722+00:00,165.529969,open,rgb,-60.000,90.000,14,700,,0.258778409,45.7522,4.061097145,4.054716110,1.650521040
2026-07-28T14:06:23.535318+00:00,165.680569,open,rgb,-60.000,90.000,15,700,,0.258778409,45.7731,4.060966015,4.054772854,1.650742769
2026-07-28T14:06:23.685813+00:00,165.831065,open,rgb,-60.000,90.000,16,700,,0.258693182,45.7913,4.060943604,4.054794312,1.650528669
2026-07-28T14:06:23.836250+00:00,165.981501,open,rgb,-60.000,90.000,17,700,,0.258721591,45.8174,4.061060429,4.054904938,1.650663137
2026-07-28T14:06:23.986676+00:00,166.131927,open,rgb,-60.000,90.000,18,700,,0.258750000,45.8434,4.061164856,4.055085182,1.650802374
2026-07-28T14:06:24.136925+00:00,166.282178,open,rgb,-60.000,90.000,19,700,,0.258607955,45.8487,4.060892105,4.054823399,1.650362134
2026-07-28T14:06:34.491558+00:00,176.636807,open,dark,-45.000,-90.000,0,0,,0.000681818,46.4387,4.896861553,4.903666973,1.651028156
2026-07-28T14:06:34.642078+00:00,176.787330,open,dark,-45.000,-90.000,1,0,,0.000710227,46.3939,4.896851540,4.903661728,1.651171923
2026-07-28T14:06:34.792373+00:00,176.937626,open,dark,-45.000,-90.000,2,0,,0.000681818,46.3333,4.896861076,4.903673172,1.651092410
2026-07-28T14:06:34.942620+00:00,177.087875,open,dark,-45.000,-90.000,3,0,,0.000681818,46.2781,4.896857262,4.903654099,1.650944471
2026-07-28T14:06:35.092917+00:00,177.238172,open,dark,-45.000,-90.000,4,0,,0.000681818,46.2203,4.896856308,4.903650761,1.650992751
2026-07-28T14:06:35.243097+00:00,177.388351,open,dark,-45.000,-90.000,5,0,,0.000681818,46.1547,4.896871567,4.903660297,1.650760055
2026-07-28T14:06:35.393298+00:00,177.538551,open,dark,-45.000,-90.000,6,0,,0.000710227,46.0944,4.896865368,4.903659821,1.651075482
2026-07-28T14:06:35.543616+00:00,177.688868,open,dark,-45.000,-90.000,7,0,,0.000710227,46.0237,4.896856308,4.903661728,1.651184440
2026-07-28T14:06:35.693811+00:00,177.839065,open,dark,-45.000,-90.000,8,0,,0.000681818,45.9609,4.896855831,4.903665066,1.650866270
2026-07-28T14:06:35.844020+00:00,177.989270,open,dark,-45.000,-90.000,9,0,,0.000710227,45.8956,4.896860123,4.903668880,1.651061654
2026-07-28T14:06:35.994315+00:00,178.139569,open,dark,-45.000,-90.000,10,0,,0.000681818,45.8278,4.896863461,4.903653145,1.650986433
2026-07-28T14:06:36.144529+00:00,178.289783,open,dark,-45.000,-90.000,11,0,,0.000710227,45.7627,4.896868706,4.903682709,1.650989771
2026-07-28T14:06:36.294312+00:00,178.439562,open,dark,-45.000,-90.000,12,0,,0.000710227,45.7028,4.896871567,4.903673649,1.651245236
2026-07-28T14:06:36.444590+00:00,178.589844,open,dark,-45.000,-90.000,13,0,,0.000681818,45.6326,4.896877289,4.903657913,1.650906324
2026-07-28T14:06:36.594701+00:00,178.739955,open,dark,-45.000,-90.000,14,0,,0.000681818,45.5703,4.896878719,4.903678894,1.651109934
2026-07-28T14:06:36.744911+00:00,178.890166,open,dark,-45.000,-90.000,15,0,,0.000681818,45.5002,4.896870136,4.903668404,1.651142359
2026-07-28T14:06:36.895048+00:00,179.040303,open,dark,-45.000,-90.000,16,0,,0.000681818,45.4355,4.896881104,4.903664589,1.650877714
2026-07-28T14:06:37.045193+00:00,179.190448,open,dark,-45.000,-90.000,17,0,,0.000681818,45.3759,4.896875858,4.903667450,1.651361465
2026-07-28T14:06:37.195312+00:00,179.340566,open,dark,-45.000,-90.000,18,0,,0.000681818,45.3087,4.896864414,4.903695107,1.651207805
2026-07-28T14:06:37.345610+00:00,179.490861,open,dark,-45.000,-90.000,19,0,,0.000681818,45.2390,4.896863937,4.903677464,1.651147246
2026-07-28T14:06:41.519266+00:00,183.664516,open,rgb,-45.000,-90.000,0,700,,0.258806818,44.8457,4.051292419,4.049231529,1.650133371
2026-07-28T14:06:41.669524+00:00,183.814776,open,rgb,-45.000,-90.000,1,700,,0.258721591,44.8739,4.049910069,4.048789978,1.650124550
2026-07-28T14:06:41.819827+00:00,183.965080,open,rgb,-45.000,-90.000,2,700,,0.258721591,44.9098,4.050269604,4.049177647,1.650291800
2026-07-28T14:06:41.970081+00:00,184.115335,open,rgb,-45.000,-90.000,3,700,,0.258693182,44.9328,4.050202847,4.049143314,1.650041342
2026-07-28T14:06:42.120349+00:00,184.265602,open,rgb,-45.000,-90.000,4,700,,0.258721591,44.9662,4.050343513,4.049286366,1.650182009
2026-07-28T14:06:42.270623+00:00,184.415877,open,rgb,-45.000,-90.000,5,700,,0.258636364,44.9919,4.050226688,4.049118519,1.650203466
2026-07-28T14:06:42.420881+00:00,184.566135,open,rgb,-45.000,-90.000,6,700,,0.258693182,45.0124,4.050191879,4.048898697,1.650055051
2026-07-28T14:06:42.570974+00:00,184.716229,open,rgb,-45.000,-90.000,7,700,,0.258750000,45.0382,4.050032616,4.048919201,1.650253057
2026-07-28T14:06:42.721252+00:00,184.866504,open,rgb,-45.000,-90.000,8,700,,0.258750000,45.0587,4.050086498,4.048986912,1.650092125
2026-07-28T14:06:42.871744+00:00,185.016995,open,rgb,-45.000,-90.000,9,700,,0.258806818,45.0870,4.050679684,4.049566269,1.650244951
2026-07-28T14:06:43.022122+00:00,185.167377,open,rgb,-45.000,-90.000,10,700,,0.258778409,45.1050,4.050770760,4.049638271,1.650414586
2026-07-28T14:06:43.172487+00:00,185.317742,open,rgb,-45.000,-90.000,11,700,,0.258750000,45.1050,4.050660133,4.049622059,1.650182247
2026-07-28T14:06:43.322831+00:00,185.468081,open,rgb,-45.000,-90.000,12,700,,0.258835227,45.1308,4.051202297,4.049926281,1.650269628
2026-07-28T14:06:43.473102+00:00,185.618356,open,rgb,-45.000,-90.000,13,700,,0.258778409,45.1514,4.051394463,4.050342083,1.649547219
2026-07-28T14:06:43.623495+00:00,185.768746,open,rgb,-45.000,-90.000,14,700,,0.258892045,45.1926,4.051921844,4.050605297,1.650169015
2026-07-28T14:06:43.773824+00:00,185.919076,open,rgb,-45.000,-90.000,15,700,,0.258863636,45.2261,4.052058220,4.050907135,1.650439739
2026-07-28T14:06:43.924509+00:00,186.069762,open,rgb,-45.000,-90.000,16,700,,0.258863636,45.2571,4.050832272,4.050977707,1.650193691
2026-07-28T14:06:44.074738+00:00,186.219991,open,rgb,-45.000,-90.000,17,700,,0.258835227,45.2932,4.053322315,4.052087784,1.650237679
2026-07-28T14:06:44.225153+00:00,186.370404,open,rgb,-45.000,-90.000,18,700,,0.258721591,45.3242,4.053349972,4.052099705,1.650291324
2026-07-28T14:06:44.375802+00:00,186.521049,open,rgb,-45.000,-90.000,19,700,,0.258750000,45.3527,4.053162098,4.052031517,1.650008678
2026-07-28T14:06:49.627620+00:00,191.772866,open,rgb,-45.000,0.000,0,700,,0.258892045,45.8669,4.056009293,4.054025173,1.650176406
2026-07-28T14:06:49.778300+00:00,191.923551,open,rgb,-45.000,0.000,1,700,,0.258863636,45.8930,4.056226730,4.054324150,1.650350928
2026-07-28T14:06:49.928800+00:00,192.074054,open,rgb,-45.000,0.000,2,700,,0.258806818,45.8513,4.056103230,4.054146767,1.650163651
2026-07-28T14:06:50.079326+00:00,192.224578,open,rgb,-45.000,0.000,3,700,,0.258892045,45.8043,4.056108475,4.054164886,1.650370955
2026-07-28T14:06:50.229812+00:00,192.375065,open,rgb,-45.000,0.000,4,700,,0.258863636,45.7861,4.056322575,4.053577900,1.650236845
2026-07-28T14:06:50.380221+00:00,192.525474,open,rgb,-45.000,0.000,5,700,,0.258892045,45.8043,4.056386948,4.053109169,1.649960756
2026-07-28T14:06:50.530622+00:00,192.675877,open,rgb,-45.000,0.000,6,700,,0.258835227,45.8252,4.056155205,4.052479267,1.650212049
2026-07-28T14:06:50.680982+00:00,192.826236,open,rgb,-45.000,0.000,7,700,,0.258835227,45.8148,4.055842400,4.052307129,1.650034547
2026-07-28T14:06:50.831352+00:00,192.976601,open,rgb,-45.000,0.000,8,700,,0.258835227,45.8200,4.055966377,4.051792145,1.650231004
2026-07-28T14:06:50.981812+00:00,193.127065,open,rgb,-45.000,0.000,9,700,,0.258806818,45.8200,4.055754662,4.050833225,1.650352120
2026-07-28T14:06:51.132205+00:00,193.277459,open,rgb,-45.000,0.000,10,700,,0.258892045,45.8278,4.055805683,4.050368786,1.650063992
2026-07-28T14:06:51.282651+00:00,193.427904,open,rgb,-45.000,0.000,11,700,,0.258835227,45.8252,4.055984497,4.050014496,1.650175810
2026-07-28T14:06:51.433030+00:00,193.578284,open,rgb,-45.000,0.000,12,700,,0.258835227,45.8304,4.055947304,4.049361229,1.650224686
2026-07-28T14:06:51.583321+00:00,193.728576,open,rgb,-45.000,0.000,13,700,,0.258835227,45.8461,4.056363583,4.049431801,1.650076032
2026-07-28T14:06:51.733661+00:00,193.878916,open,rgb,-45.000,0.000,14,700,,0.258835227,45.9087,4.056552410,4.049358845,1.649814487
2026-07-28T14:06:51.884032+00:00,194.029286,open,rgb,-45.000,0.000,15,700,,0.258778409,45.9609,4.056180954,4.049017906,1.650051832
2026-07-28T14:06:52.034370+00:00,194.179625,open,rgb,-45.000,0.000,16,700,,0.258835227,45.9688,4.056241035,4.049096584,1.650135875
2026-07-28T14:06:52.184681+00:00,194.329936,open,rgb,-45.000,0.000,17,700,,0.258721591,45.9923,4.056099892,4.053021431,1.650297165
2026-07-28T14:06:52.335103+00:00,194.480356,open,rgb,-45.000,0.000,18,700,,0.258778409,46.0211,4.055819988,4.053916454,1.650060177
2026-07-28T14:06:52.485479+00:00,194.630733,open,rgb,-45.000,0.000,19,700,,0.258778409,46.0551,4.055976868,4.054074764,1.650243759
2026-07-28T14:06:57.736717+00:00,199.881966,open,rgb,-45.000,90.000,0,700,,0.258750000,46.9074,4.060379028,4.053329468,1.650241494
2026-07-28T14:06:57.887241+00:00,200.032492,open,rgb,-45.000,90.000,1,700,,0.258750000,46.9180,4.060091019,4.052866936,1.650065541
2026-07-28T14:06:58.037501+00:00,200.182755,open,rgb,-45.000,90.000,2,700,,0.258920455,46.9499,4.060205936,4.053057671,1.650243282
2026-07-28T14:06:58.187821+00:00,200.333075,open,rgb,-45.000,90.000,3,700,,0.258835227,46.9632,4.060132980,4.052907944,1.650285959
2026-07-28T14:06:58.337956+00:00,200.483206,open,rgb,-45.000,90.000,4,700,,0.258892045,46.9899,4.060254574,4.052911758,1.650076509
2026-07-28T14:06:58.488337+00:00,200.633591,open,rgb,-45.000,90.000,5,700,,0.258892045,47.0032,4.060245037,4.053126335,1.650322080
2026-07-28T14:06:58.638741+00:00,200.783994,open,rgb,-45.000,90.000,6,700,,0.258750000,47.0138,4.060145378,4.053007126,1.650175571
2026-07-28T14:06:58.789205+00:00,200.934458,open,rgb,-45.000,90.000,7,700,,0.258806818,47.0352,4.060154915,4.053066254,1.650168300
2026-07-28T14:06:58.939643+00:00,201.084897,open,rgb,-45.000,90.000,8,700,,0.258806818,47.0592,4.059865952,4.052757263,1.650316238
2026-07-28T14:06:59.090146+00:00,201.235399,open,rgb,-45.000,90.000,9,700,,0.258920455,47.0752,4.059868813,4.052822590,1.650034308
2026-07-28T14:06:59.240539+00:00,201.385793,open,rgb,-45.000,90.000,10,700,,0.258835227,47.1018,4.059967041,4.052985191,1.650340676
2026-07-28T14:06:59.390936+00:00,201.536187,open,rgb,-45.000,90.000,11,700,,0.258806818,47.1179,4.060221195,4.053297043,1.650317430
2026-07-28T14:06:59.541335+00:00,201.686589,open,rgb,-45.000,90.000,12,700,,0.258750000,47.1392,4.060392380,4.053189278,1.650184631
2026-07-28T14:06:59.691722+00:00,201.836975,open,rgb,-45.000,90.000,13,700,,0.258835227,47.1579,4.059980392,4.052927494,1.650298119
2026-07-28T14:06:59.841954+00:00,201.987208,open,rgb,-45.000,90.000,14,700,,0.258778409,47.1739,4.059901714,4.052863121,1.650155306
2026-07-28T14:06:59.992276+00:00,202.137529,open,rgb,-45.000,90.000,15,700,,0.258778409,47.1927,4.060242653,4.053185940,1.650108457
2026-07-28T14:07:00.142134+00:00,202.287382,open,rgb,-45.000,90.000,16,700,,0.258693182,47.2060,4.060019493,4.053001881,1.650254250
2026-07-28T14:07:00.292804+00:00,202.438055,open,rgb,-45.000,90.000,17,700,,0.258750000,47.2274,4.059988976,4.052953243,1.649991751
2026-07-28T14:07:00.443282+00:00,202.588536,open,rgb,-45.000,90.000,18,700,,0.258835227,47.2488,4.060357571,4.053356171,1.650197864
2026-07-28T14:07:00.593731+00:00,202.738984,open,rgb,-45.000,90.000,19,700,,0.258693182,47.2542,4.060184479,4.053156853,1.650353551
2026-07-28T14:07:10.949182+00:00,213.094432,open,dark,-30.000,-90.000,0,0,,0.000710227,47.7489,4.896945953,4.903687477,1.651183486
2026-07-28T14:07:11.099593+00:00,213.244845,open,dark,-30.000,-90.000,1,0,,0.000681818,47.6949,4.896945000,4.903686523,1.650745869
2026-07-28T14:07:11.250046+00:00,213.395300,open,dark,-30.000,-90.000,2,0,,0.000681818,47.6356,4.896947384,4.903690338,1.651345491
2026-07-28T14:07:11.400479+00:00,213.545733,open,dark,-30.000,-90.000,3,0,,0.000681818,47.5709,4.896945000,4.903677464,1.650988102
2026-07-28T14:07:11.550852+00:00,213.696106,open,dark,-30.000,-90.000,4,0,,0.000681818,47.5063,4.896949768,4.903672695,1.651001334
2026-07-28T14:07:11.701206+00:00,213.846460,open,dark,-30.000,-90.000,5,0,,0.000681818,47.4392,4.896945000,4.903669357,1.651344538
2026-07-28T14:07:11.851650+00:00,213.996904,open,dark,-30.000,-90.000,6,0,,0.000681818,47.3801,4.896935463,4.903669357,1.651072145
2026-07-28T14:07:12.002061+00:00,214.147312,open,dark,-30.000,-90.000,7,0,,0.000681818,47.3184,4.896943092,4.903669834,1.651190281
2026-07-28T14:07:12.152619+00:00,214.297872,open,dark,-30.000,-90.000,8,0,,0.000681818,47.2435,4.896945000,4.903656960,1.651112080
2026-07-28T14:07:12.302971+00:00,214.448224,open,dark,-30.000,-90.000,9,0,,0.000710227,47.1793,4.896944523,4.903678417,1.651135325
2026-07-28T14:07:12.453149+00:00,214.598404,open,dark,-30.000,-90.000,10,0,,0.000710227,47.1125,4.896955967,4.903661728,1.651110172
2026-07-28T14:07:12.603323+00:00,214.748578,open,dark,-30.000,-90.000,11,0,,0.000710227,47.0352,4.896945477,4.903684616,1.650871634
2026-07-28T14:07:12.753499+00:00,214.898752,open,dark,-30.000,-90.000,12,0,,0.000710227,46.9686,4.896935463,4.903687954,1.651238322
2026-07-28T14:07:12.903700+00:00,215.048950,open,dark,-30.000,-90.000,13,0,,0.000681818,46.8994,4.896909714,4.903664112,1.651297688
2026-07-28T14:07:13.053969+00:00,215.199224,open,dark,-30.000,-90.000,14,0,,0.000710227,46.8250,4.896914005,4.903654575,1.651039124
2026-07-28T14:07:13.204344+00:00,215.349598,open,dark,-30.000,-90.000,15,0,,0.000681818,46.7533,4.896902084,4.903651237,1.651244998
2026-07-28T14:07:13.354935+00:00,215.500184,open,dark,-30.000,-90.000,16,0,,0.000681818,46.6712,4.896902561,4.903653145,1.651055694
2026-07-28T14:07:13.505279+00:00,215.650533,open,dark,-30.000,-90.000,17,0,,0.000710227,46.5945,4.896905899,4.903637886,1.650928497
2026-07-28T14:07:13.655489+00:00,215.800744,open,dark,-30.000,-90.000,18,0,,0.000681818,46.5311,4.896905422,4.903646469,1.651268125
2026-07-28T14:07:13.805674+00:00,215.950928,open,dark,-30.000,-90.000,19,0,,0.000681818,46.4545,4.896898746,4.903633118,1.651081085
2026-07-28T14:07:17.979241+00:00,220.124492,open,rgb,-30.000,-90.000,0,700,,0.258721591,46.0708,4.055057049,4.053099632,1.650004029
2026-07-28T14:07:18.129768+00:00,220.275020,open,rgb,-30.000,-90.000,1,700,,0.258664773,46.0970,4.054922581,4.052980423,1.649779081
2026-07-28T14:07:18.280300+00:00,220.425552,open,rgb,-30.000,-90.000,2,700,,0.258750000,46.1285,4.055046558,4.053197384,1.650007844
2026-07-28T14:07:18.430714+00:00,220.575965,open,rgb,-30.000,-90.000,3,700,,0.258693182,46.1547,4.054739952,4.052841187,1.650144100
2026-07-28T14:07:18.581095+00:00,220.726349,open,rgb,-30.000,-90.000,4,700,,0.258892045,46.1888,4.054905415,4.052958488,1.650027394
2026-07-28T14:07:18.731545+00:00,220.876799,open,rgb,-30.000,-90.000,5,700,,0.258835227,46.2151,4.054936886,4.053063869,1.650059938
2026-07-28T14:07:18.881722+00:00,221.026976,open,rgb,-30.000,-90.000,6,700,,0.258750000,46.2387,4.054817200,4.052906990,1.649827957
2026-07-28T14:07:19.031959+00:00,221.177214,open,rgb,-30.000,-90.000,7,700,,0.258806818,46.2702,4.055047035,4.053170204,1.650048614
2026-07-28T14:07:19.182192+00:00,221.327447,open,rgb,-30.000,-90.000,8,700,,0.258778409,46.2965,4.055065632,4.053189278,1.650059462
2026-07-28T14:07:19.332701+00:00,221.477951,open,rgb,-30.000,-90.000,9,700,,0.258806818,46.3228,4.054941177,4.053202629,1.649810910
2026-07-28T14:07:19.483271+00:00,221.628525,open,rgb,-30.000,-90.000,10,700,,0.258721591,46.3465,4.055080414,4.053121567,1.649663687
2026-07-28T14:07:19.633651+00:00,221.778906,open,rgb,-30.000,-90.000,11,700,,0.258750000,46.3728,4.055051327,4.053113937,1.650117993
2026-07-28T14:07:19.784158+00:00,221.929411,open,rgb,-30.000,-90.000,12,700,,0.258721591,46.3965,4.055232525,4.053082943,1.649926782
2026-07-28T14:07:19.934680+00:00,222.079932,open,rgb,-30.000,-90.000,13,700,,0.258778409,46.4229,4.055192947,4.053215504,1.650217175
2026-07-28T14:07:20.085157+00:00,222.230411,open,rgb,-30.000,-90.000,14,700,,0.258778409,46.4413,4.055041790,4.053122044,1.649965405
2026-07-28T14:07:20.235629+00:00,222.380882,open,rgb,-30.000,-90.000,15,700,,0.258806818,46.4651,4.055203438,4.053199768,1.650255680
2026-07-28T14:07:20.386222+00:00,222.531472,open,rgb,-30.000,-90.000,16,700,,0.258778409,46.4862,4.055282116,4.053340435,1.650081396
2026-07-28T14:07:20.537024+00:00,222.682264,open,rgb,-30.000,-90.000,17,700,,0.258750000,46.4994,4.055480480,4.053640842,1.649186611
2026-07-28T14:07:20.687067+00:00,222.832318,open,rgb,-30.000,-90.000,18,700,,0.258664773,46.5231,4.055365562,4.053417683,1.649898052
2026-07-28T14:07:20.837433+00:00,222.982659,open,rgb,-30.000,-90.000,19,700,,0.258778409,46.5601,4.055294514,4.053358555,1.650183916
2026-07-28T14:07:26.089811+00:00,228.235061,open,rgb,-30.000,0.000,0,700,,0.258721591,47.0805,4.056298256,4.052830219,1.649943471
2026-07-28T14:07:26.240496+00:00,228.385747,open,rgb,-30.000,0.000,1,700,,0.258750000,47.0885,4.056490898,4.053036690,1.649968624
2026-07-28T14:07:26.390511+00:00,228.535760,open,rgb,-30.000,0.000,2,700,,0.258693182,47.1018,4.056334496,4.052857876,1.650189042
2026-07-28T14:07:26.541130+00:00,228.686382,open,rgb,-30.000,0.000,3,700,,0.258835227,47.1205,4.056514263,4.052861691,1.649954200
2026-07-28T14:07:26.691583+00:00,228.836837,open,rgb,-30.000,0.000,4,700,,0.258750000,47.1606,4.056527615,4.053023815,1.650015712
2026-07-28T14:07:26.842049+00:00,228.987302,open,rgb,-30.000,0.000,5,700,,0.258721591,47.1927,4.056376934,4.052900791,1.649888039
2026-07-28T14:07:26.992569+00:00,229.137822,open,rgb,-30.000,0.000,6,700,,0.258778409,47.2328,4.056494713,4.053059578,1.650022745
2026-07-28T14:07:27.143051+00:00,229.288305,open,rgb,-30.000,0.000,7,700,,0.258750000,47.2756,4.056456566,4.053025723,1.650134563
2026-07-28T14:07:27.293502+00:00,229.438755,open,rgb,-30.000,0.000,8,700,,0.258721591,47.3131,4.056439400,4.053010464,1.649853110
2026-07-28T14:07:27.443880+00:00,229.589135,open,rgb,-30.000,0.000,9,700,,0.258778409,47.3479,4.056578159,4.053120136,1.649963260
2026-07-28T14:07:27.594212+00:00,229.739467,open,rgb,-30.000,0.000,10,700,,0.258721591,47.3721,4.056590080,4.053146362,1.650017142
2026-07-28T14:07:27.744790+00:00,229.890044,open,rgb,-30.000,0.000,11,700,,0.258721591,47.3989,4.056689739,4.053001881,1.649113894
2026-07-28T14:07:27.895338+00:00,230.040590,open,rgb,-30.000,0.000,12,700,,0.258806818,47.4365,4.056355000,4.052859783,1.650099874
2026-07-28T14:07:28.045787+00:00,230.191041,open,rgb,-30.000,0.000,13,700,,0.258835227,47.4687,4.056364536,4.052877903,1.649917603
2026-07-28T14:07:28.196258+00:00,230.341512,open,rgb,-30.000,0.000,14,700,,0.258806818,47.4983,4.056500435,4.053027153,1.649925351
2026-07-28T14:07:28.346755+00:00,230.492005,open,rgb,-30.000,0.000,15,700,,0.258778409,47.5252,4.056504250,4.053042412,1.649798632
2026-07-28T14:07:28.497481+00:00,230.642732,open,rgb,-30.000,0.000,16,700,,0.258835227,47.5494,4.056445122,4.052951336,1.649558902
2026-07-28T14:07:28.648172+00:00,230.793422,open,rgb,-30.000,0.000,17,700,,0.258806818,47.5790,4.056597233,4.053109169,1.649927139
2026-07-28T14:07:28.798694+00:00,230.943947,open,rgb,-30.000,0.000,18,700,,0.258806818,47.5979,4.056457996,4.052949905,1.650047421
2026-07-28T14:07:28.949094+00:00,231.094349,open,rgb,-30.000,0.000,19,700,,0.258778409,47.6221,4.056588650,4.052894115,1.649878740
2026-07-28T14:07:34.202344+00:00,236.347591,open,rgb,-30.000,90.000,0,700,,0.258778409,48.1366,4.061282158,4.054550648,1.649918795
2026-07-28T14:07:34.353075+00:00,236.498326,open,rgb,-30.000,90.000,1,700,,0.258835227,48.0985,4.061046124,4.054419518,1.650237441
2026-07-28T14:07:34.503285+00:00,236.648536,open,rgb,-30.000,90.000,2,700,,0.258835227,48.1203,4.061154842,4.054402351,1.650040865
2026-07-28T14:07:34.653784+00:00,236.799038,open,rgb,-30.000,90.000,3,700,,0.258863636,48.1393,4.061148643,4.054512501,1.650157332
2026-07-28T14:07:34.804254+00:00,236.949507,open,rgb,-30.000,90.000,4,700,,0.258835227,48.1584,4.061340332,4.054691792,1.650097728
2026-07-28T14:07:34.954676+00:00,237.099930,open,rgb,-30.000,90.000,5,700,,0.258863636,48.1883,4.061316490,4.054576874,1.650030851
2026-07-28T14:07:35.104995+00:00,237.250251,open,rgb,-30.000,90.000,6,700,,0.258806818,48.2156,4.061168671,4.054474354,1.650384068
2026-07-28T14:07:35.255440+00:00,237.400692,open,rgb,-30.000,90.000,7,700,,0.258863636,48.2292,4.061194897,4.054440022,1.650078654
2026-07-28T14:07:35.405922+00:00,237.551175,open,rgb,-30.000,90.000,8,700,,0.258835227,48.2483,4.061289310,4.054598331,1.649981022
2026-07-28T14:07:35.556460+00:00,237.701714,open,rgb,-30.000,90.000,9,700,,0.258806818,48.2674,4.061221600,4.054625511,1.650172472
2026-07-28T14:07:35.706753+00:00,237.852007,open,rgb,-30.000,90.000,10,700,,0.258806818,48.2892,4.061388016,4.054695129,1.649878263
2026-07-28T14:07:35.857079+00:00,238.002333,open,rgb,-30.000,90.000,11,700,,0.258778409,48.3056,4.061368465,4.054727554,1.650059104
2026-07-28T14:07:36.007552+00:00,238.152804,open,rgb,-30.000,90.000,12,700,,0.258835227,48.3165,4.061538696,4.054823875,1.649751782
2026-07-28T14:07:36.158003+00:00,238.303257,open,rgb,-30.000,90.000,13,700,,0.258806818,48.3356,4.061459064,4.054857254,1.649993539
2026-07-28T14:07:36.308829+00:00,238.454078,open,rgb,-30.000,90.000,14,700,,0.258806818,48.3547,4.061335564,4.054717064,1.650230050
2026-07-28T14:07:36.459300+00:00,238.604554,open,rgb,-30.000,90.000,15,700,,0.258863636,48.3629,4.061328411,4.054679871,1.649933934
2026-07-28T14:07:36.609649+00:00,238.754904,open,rgb,-30.000,90.000,16,700,,0.258835227,48.3711,4.061468601,4.054843903,1.649964213
2026-07-28T14:07:36.759991+00:00,238.905245,open,rgb,-30.000,90.000,17,700,,0.258835227,48.3766,4.061586380,4.054993629,1.650151968
2026-07-28T14:07:36.910369+00:00,239.055617,open,rgb,-30.000,90.000,18,700,,0.258835227,48.3657,4.061669350,4.054906845,1.649359941
2026-07-28T14:07:37.061001+00:00,239.206254,open,rgb,-30.000,90.000,19,700,,0.258863636,48.3602,4.061697483,4.055077076,1.650064588
2026-07-28T14:07:47.418000+00:00,249.563247,open,dark,-15.000,-90.000,0,0,,0.000681818,48.8930,4.896936893,4.903674126,1.650473714
2026-07-28T14:07:47.568594+00:00,249.713848,open,dark,-15.000,-90.000,1,0,,0.000681818,48.8461,4.896928787,4.903678417,1.650953412
2026-07-28T14:07:47.719115+00:00,249.864370,open,dark,-15.000,-90.000,2,0,,0.000681818,48.7965,4.896936893,4.903678894,1.650942922
2026-07-28T14:07:47.869637+00:00,250.014889,open,dark,-15.000,-90.000,3,0,,0.000681818,48.7414,4.896937847,4.903669357,1.651088715
2026-07-28T14:07:48.020084+00:00,250.165338,open,dark,-15.000,-90.000,4,0,,0.000710227,48.6809,4.896931171,4.903679848,1.650853634
2026-07-28T14:07:48.170605+00:00,250.315859,open,dark,-15.000,-90.000,5,0,,0.000681818,48.6232,4.896932125,4.903690338,1.650965691
2026-07-28T14:07:48.321088+00:00,250.466340,open,dark,-15.000,-90.000,6,0,,0.000710227,48.5600,4.896938324,4.903685570,1.650951743
2026-07-28T14:07:48.471731+00:00,250.616983,open,dark,-15.000,-90.000,7,0,,0.000681818,48.4997,4.896918774,4.903662205,1.650753498
2026-07-28T14:07:48.622280+00:00,250.767533,open,dark,-15.000,-90.000,8,0,,0.000681818,48.4422,4.896924973,4.903638840,1.650880456
2026-07-28T14:07:48.772736+00:00,250.917990,open,dark,-15.000,-90.000,9,0,,0.000710227,48.3739,4.896928787,4.903654099,1.650839925
2026-07-28T14:07:48.923188+00:00,251.068442,open,dark,-15.000,-90.000,10,0,,0.000681818,48.3083,4.896919250,4.903639793,1.650918484
2026-07-28T14:07:49.073613+00:00,251.218868,open,dark,-15.000,-90.000,11,0,,0.000681818,48.2428,4.896930695,4.903645039,1.651124835
2026-07-28T14:07:49.223997+00:00,251.369251,open,dark,-15.000,-90.000,12,0,,0.000681818,48.1665,4.896920204,4.903656006,1.650794029
2026-07-28T14:07:49.374690+00:00,251.519942,open,dark,-15.000,-90.000,13,0,,0.000710227,48.0958,4.896926403,4.903630257,1.651000857
2026-07-28T14:07:49.525228+00:00,251.670482,open,dark,-15.000,-90.000,14,0,,0.000681818,48.0061,4.896932125,4.903626919,1.651074529
2026-07-28T14:07:49.675626+00:00,251.820880,open,dark,-15.000,-90.000,15,0,,0.000681818,47.9302,4.896922588,4.903633118,1.650833607
2026-07-28T14:07:49.826065+00:00,251.971319,open,dark,-15.000,-90.000,16,0,,0.000681818,47.8598,4.896905899,4.903618813,1.651107788
2026-07-28T14:07:49.976508+00:00,252.121762,open,dark,-15.000,-90.000,17,0,,0.000681818,47.7732,4.896931171,4.903620720,1.650879979
2026-07-28T14:07:50.126873+00:00,252.272127,open,dark,-15.000,-90.000,18,0,,0.000681818,47.7057,4.896928787,4.903625965,1.650883913
2026-07-28T14:07:50.277215+00:00,252.422469,open,dark,-15.000,-90.000,19,0,,0.000681818,47.6437,4.896927834,4.903649807,1.651131153
2026-07-28T14:07:54.451127+00:00,256.596377,open,rgb,-15.000,-90.000,0,700,,0.258750000,47.2274,4.055279732,4.053656578,1.649791121
2026-07-28T14:07:54.601647+00:00,256.746899,open,rgb,-15.000,-90.000,1,700,,0.258664773,47.2461,4.055297375,4.053721428,1.649753213
2026-07-28T14:07:54.752078+00:00,256.897331,open,rgb,-15.000,-90.000,2,700,,0.258750000,47.2756,4.055348396,4.053678513,1.649576783
2026-07-28T14:07:54.902471+00:00,257.047725,open,rgb,-15.000,-90.000,3,700,,0.258750000,47.3051,4.055453300,4.053814888,1.649685383
2026-07-28T14:07:55.052891+00:00,257.198144,open,rgb,-15.000,-90.000,4,700,,0.258750000,47.3265,4.055433273,4.053805351,1.649670720
2026-07-28T14:07:55.203278+00:00,257.348532,open,rgb,-15.000,-90.000,5,700,,0.258693182,47.3533,4.055599213,4.053883076,1.649556518
2026-07-28T14:07:55.353902+00:00,257.499151,open,rgb,-15.000,-90.000,6,700,,0.258750000,47.3882,4.055631638,4.053978443,1.650000572
2026-07-28T14:07:55.504435+00:00,257.649689,open,rgb,-15.000,-90.000,7,700,,0.258693182,47.4043,4.055428028,4.053744793,1.649745941
2026-07-28T14:07:55.654830+00:00,257.800085,open,rgb,-15.000,-90.000,8,700,,0.258693182,47.4392,4.055542469,4.053911686,1.649839401
2026-07-28T14:07:55.805213+00:00,257.950466,open,rgb,-15.000,-90.000,9,700,,0.258750000,47.4580,4.055487633,4.053814411,1.650040388
2026-07-28T14:07:55.955628+00:00,258.100883,open,rgb,-15.000,-90.000,10,700,,0.258778409,47.4875,4.055531502,4.053803921,1.649758577
2026-07-28T14:07:56.106069+00:00,258.251324,open,rgb,-15.000,-90.000,11,700,,0.258806818,47.5198,4.055571079,4.054179668,1.649994016
2026-07-28T14:07:56.256397+00:00,258.401648,open,rgb,-15.000,-90.000,12,700,,0.258693182,47.5386,4.055840015,4.054183483,1.649889708
2026-07-28T14:07:56.406878+00:00,258.552131,open,rgb,-15.000,-90.000,13,700,,0.258721591,47.5655,4.055930614,4.054351330,1.649690032
2026-07-28T14:07:56.557257+00:00,258.702512,open,rgb,-15.000,-90.000,14,700,,0.258664773,47.5898,4.055882454,4.054270267,1.649949551
2026-07-28T14:07:56.707706+00:00,258.852961,open,rgb,-15.000,-90.000,15,700,,0.258750000,47.6086,4.055804729,4.054167271,1.649688125
2026-07-28T14:07:56.858077+00:00,259.003329,open,rgb,-15.000,-90.000,16,700,,0.258721591,47.6329,4.055943489,4.054352760,1.649847031
2026-07-28T14:07:57.008408+00:00,259.153661,open,rgb,-15.000,-90.000,17,700,,0.258636364,47.6491,4.055992126,4.054358006,1.649777889
2026-07-28T14:07:57.158715+00:00,259.303970,open,rgb,-15.000,-90.000,18,700,,0.258693182,47.6733,4.055996418,4.054299355,1.649635315
2026-07-28T14:07:57.308896+00:00,259.454150,open,rgb,-15.000,-90.000,19,700,,0.258778409,47.7003,4.056105137,4.054464340,1.649752259
2026-07-28T14:08:02.561821+00:00,264.707071,open,rgb,-15.000,0.000,0,700,,0.258778409,48.3930,4.056958199,4.052410603,1.650061846
2026-07-28T14:08:02.712472+00:00,264.857726,open,rgb,-15.000,0.000,1,700,,0.258863636,48.4094,4.056982994,4.052433491,1.649818897
2026-07-28T14:08:02.862866+00:00,265.008119,open,rgb,-15.000,0.000,2,700,,0.258835227,48.4340,4.057164669,4.052616119,1.649843097
2026-07-28T14:08:03.013455+00:00,265.158707,open,rgb,-15.000,0.000,3,700,,0.258693182,48.4450,4.057043552,4.052543640,1.649799109
2026-07-28T14:08:03.164212+00:00,265.309459,open,rgb,-15.000,0.000,4,700,,0.258835227,48.4723,4.057226658,4.052547932,1.649723411
2026-07-28T14:08:03.314806+00:00,265.460058,open,rgb,-15.000,0.000,5,700,,0.258806818,48.4860,4.057235241,4.052680492,1.649769068
2026-07-28T14:08:03.465463+00:00,265.610712,open,rgb,-15.000,0.000,6,700,,0.258750000,48.4970,4.057182312,4.052567959,1.649460554
2026-07-28T14:08:03.616080+00:00,265.761333,open,rgb,-15.000,0.000,7,700,,0.258835227,48.5162,4.057260513,4.052916527,1.649742961
2026-07-28T14:08:03.766464+00:00,265.911719,open,rgb,-15.000,0.000,8,700,,0.258636364,48.5244,4.057273388,4.052724361,1.649245143
2026-07-28T14:08:03.916852+00:00,266.062103,open,rgb,-15.000,0.000,9,700,,0.258778409,48.5463,4.057197571,4.052603722,1.649554014
2026-07-28T14:08:04.067303+00:00,266.212556,open,rgb,-15.000,0.000,10,700,,0.258863636,48.5683,4.057279110,4.052724361,1.649754524
2026-07-28T14:08:04.217696+00:00,266.362949,open,rgb,-15.000,0.000,11,700,,0.258778409,48.5875,4.057215691,4.052660942,1.649868011
2026-07-28T14:08:04.368164+00:00,266.513417,open,rgb,-15.000,0.000,12,700,,0.258806818,48.6094,4.057412624,4.052658558,1.649719119
2026-07-28T14:08:04.518595+00:00,266.663850,open,rgb,-15.000,0.000,13,700,,0.258863636,48.6342,4.057339668,4.052780151,1.649887800
2026-07-28T14:08:04.668986+00:00,266.814241,open,rgb,-15.000,0.000,14,700,,0.258806818,48.6451,4.057359695,4.052746773,1.649655819
2026-07-28T14:08:04.819367+00:00,266.964621,open,rgb,-15.000,0.000,15,700,,0.258778409,48.6506,4.057446480,4.052889824,1.649755478
2026-07-28T14:08:04.969787+00:00,267.115040,open,rgb,-15.000,0.000,16,700,,0.258750000,48.6479,4.057355404,4.052758694,1.650040388
2026-07-28T14:08:05.120175+00:00,267.265425,open,rgb,-15.000,0.000,17,700,,0.258835227,48.6534,4.057311058,4.052695274,1.649876356
2026-07-28T14:08:05.270662+00:00,267.415917,open,rgb,-15.000,0.000,18,700,,0.258892045,48.6726,4.057465076,4.052812576,1.649897814
2026-07-28T14:08:05.421035+00:00,267.566288,open,rgb,-15.000,0.000,19,700,,0.258835227,48.6864,4.057387829,4.052793503,1.649756908
2026-07-28T14:08:10.673523+00:00,272.818773,open,rgb,-15.000,90.000,0,700,,0.258806818,49.2086,4.061478615,4.055276394,1.649628043
2026-07-28T14:08:10.824017+00:00,272.969266,open,rgb,-15.000,90.000,1,700,,0.258806818,49.2364,4.061698437,4.055479050,1.649813771
2026-07-28T14:08:10.974299+00:00,273.119554,open,rgb,-15.000,90.000,2,700,,0.258806818,49.2503,4.061578751,4.055381775,1.649921417
2026-07-28T14:08:11.124474+00:00,273.269729,open,rgb,-15.000,90.000,3,700,,0.258835227,49.2698,4.061697006,4.055301666,1.649770617
2026-07-28T14:08:11.274804+00:00,273.420058,open,rgb,-15.000,90.000,4,700,,0.258863636,49.2865,4.061664581,4.055525303,1.649988413
2026-07-28T14:08:11.424990+00:00,273.570244,open,rgb,-15.000,90.000,5,700,,0.258806818,49.2892,4.061731815,4.055542469,1.649649024
2026-07-28T14:08:11.575156+00:00,273.720411,open,rgb,-15.000,90.000,6,700,,0.258778409,49.3059,4.061840057,4.055647373,1.649690509
2026-07-28T14:08:11.725298+00:00,273.870554,open,rgb,-15.000,90.000,7,700,,0.258721591,49.3254,4.061659813,4.055449009,1.650021076
2026-07-28T14:08:11.875539+00:00,274.020792,open,rgb,-15.000,90.000,8,700,,0.258835227,49.3421,4.061620235,4.055499077,1.649704933
2026-07-28T14:08:12.025778+00:00,274.171033,open,rgb,-15.000,90.000,9,700,,0.258835227,49.3616,4.061910629,4.055673599,1.649205923
2026-07-28T14:08:12.175987+00:00,274.321239,open,rgb,-15.000,90.000,10,700,,0.258778409,49.3728,4.061803818,4.055625916,1.649862170
2026-07-28T14:08:12.326213+00:00,274.471466,open,rgb,-15.000,90.000,11,700,,0.258778409,49.3923,4.061892033,4.055507660,1.649763942
2026-07-28T14:08:12.476460+00:00,274.621714,open,rgb,-15.000,90.000,12,700,,0.258835227,49.4174,4.061773777,4.055606842,1.649918795
2026-07-28T14:08:12.626599+00:00,274.771854,open,rgb,-15.000,90.000,13,700,,0.258806818,49.4313,4.061803818,4.055633068,1.649703979
2026-07-28T14:08:12.776687+00:00,274.921939,open,rgb,-15.000,90.000,14,700,,0.258778409,49.4453,4.062015057,4.055774689,1.649699092
2026-07-28T14:08:12.926967+00:00,275.072222,open,rgb,-15.000,90.000,15,700,,0.258778409,49.4592,4.061944008,4.055739403,1.649885058
2026-07-28T14:08:13.077159+00:00,275.222413,open,rgb,-15.000,90.000,16,700,,0.258721591,49.4732,4.061922550,4.055712700,1.649595499
2026-07-28T14:08:13.227414+00:00,275.372663,open,rgb,-15.000,90.000,17,700,,0.258835227,49.4899,4.062093735,4.055976391,1.649189472
2026-07-28T14:08:13.378254+00:00,275.523502,open,rgb,-15.000,90.000,18,700,,0.258750000,49.4955,4.061885357,4.055744171,1.649666786
2026-07-28T14:08:13.528977+00:00,275.674228,open,rgb,-15.000,90.000,19,700,,0.258778409,49.5290,4.062102318,4.055820942,1.649796009
2026-07-28T14:08:23.883620+00:00,286.028867,open,dark,0.000,-90.000,0,0,,0.000681818,49.9725,4.896950245,4.903609753,1.650730491
2026-07-28T14:08:24.034272+00:00,286.179523,open,dark,0.000,-90.000,1,0,,0.000710227,49.9217,4.896930695,4.903590202,1.650504231
2026-07-28T14:08:24.184997+00:00,286.330245,open,dark,0.000,-90.000,2,0,,0.000710227,49.8626,4.896940231,4.903598785,1.650166869
2026-07-28T14:08:24.335853+00:00,286.481100,open,dark,0.000,-90.000,3,0,,0.000681818,49.8092,4.896927834,4.903585434,1.650170684
2026-07-28T14:08:24.486505+00:00,286.631755,open,dark,0.000,-90.000,4,0,,0.000710227,49.7475,4.896944046,4.903591156,1.650941014
2026-07-28T14:08:24.637059+00:00,286.782310,open,dark,0.000,-90.000,5,0,,0.000681818,49.6970,4.896950245,4.903605461,1.651019573
2026-07-28T14:08:24.787631+00:00,286.932884,open,dark,0.000,-90.000,6,0,,0.000681818,49.6241,4.896945000,4.903597355,1.650987387
2026-07-28T14:08:24.938034+00:00,287.083287,open,dark,0.000,-90.000,7,0,,0.000681818,49.5514,4.896945000,4.903606415,1.650994897
2026-07-28T14:08:25.088460+00:00,287.233715,open,dark,0.000,-90.000,8,0,,0.000681818,49.4871,4.896948814,4.903602123,1.650976896
2026-07-28T14:08:25.238833+00:00,287.384086,open,dark,0.000,-90.000,9,0,,0.000710227,49.4174,4.896938801,4.903614044,1.651058674
2026-07-28T14:08:25.389432+00:00,287.534656,open,dark,0.000,-90.000,10,0,,0.000710227,49.3421,4.896955967,4.903599262,1.650814772
2026-07-28T14:08:25.539844+00:00,287.685097,open,dark,0.000,-90.000,11,0,,0.000681818,49.2781,4.896953106,4.903606892,1.651129007
2026-07-28T14:08:25.690055+00:00,287.835310,open,dark,0.000,-90.000,12,0,,0.000681818,49.2031,4.896954536,4.903592110,1.651153207
2026-07-28T14:08:25.840357+00:00,287.985612,open,dark,0.000,-90.000,13,0,,0.000710227,49.1309,4.896937370,4.903578281,1.650571346
2026-07-28T14:08:25.990588+00:00,288.135842,open,dark,0.000,-90.000,14,0,,0.000681818,49.0617,4.896956921,4.903613091,1.651024461
2026-07-28T14:08:26.140913+00:00,288.286167,open,dark,0.000,-90.000,15,0,,0.000681818,48.9869,4.896964550,4.903608322,1.650986195
2026-07-28T14:08:26.291144+00:00,288.436396,open,dark,0.000,-90.000,16,0,,0.000681818,48.9178,4.896959305,4.903573513,1.650942445
2026-07-28T14:08:26.441480+00:00,288.586731,open,dark,0.000,-90.000,17,0,,0.000710227,48.8461,4.896955013,4.903597832,1.651047230
2026-07-28T14:08:26.591774+00:00,288.737027,open,dark,0.000,-90.000,18,0,,0.000710227,48.7689,4.896952629,4.903602123,1.650828958
2026-07-28T14:08:26.741940+00:00,288.887195,open,dark,0.000,-90.000,19,0,,0.000681818,48.7001,4.896956921,4.903591156,1.650965691
2026-07-28T14:08:30.915555+00:00,293.060805,open,rgb,0.000,-90.000,0,700,,0.258806818,48.2483,4.055334568,4.054341793,1.649679542
2026-07-28T14:08:31.065993+00:00,293.211247,open,rgb,0.000,-90.000,1,700,,0.258806818,48.2728,4.055555820,4.054579258,1.649666071
2026-07-28T14:08:31.216258+00:00,293.361510,open,rgb,0.000,-90.000,2,700,,0.258778409,48.2919,4.055705547,4.054774761,1.649587512
2026-07-28T14:08:31.366835+00:00,293.512084,open,rgb,0.000,-90.000,3,700,,0.258636364,48.3110,4.056143284,4.054928303,1.649297237
2026-07-28T14:08:31.517360+00:00,293.662614,open,rgb,0.000,-90.000,4,700,,0.258693182,48.3383,4.055834770,4.054866314,1.649656773
2026-07-28T14:08:31.667772+00:00,293.813026,open,rgb,0.000,-90.000,5,700,,0.258664773,48.3575,4.055729389,4.054761410,1.649414182
2026-07-28T14:08:31.818209+00:00,293.963462,open,rgb,0.000,-90.000,6,700,,0.258721591,48.3848,4.055893421,4.054865360,1.649626493
2026-07-28T14:08:31.968603+00:00,294.113858,open,rgb,0.000,-90.000,7,700,,0.258664773,48.4149,4.055930138,4.054900169,1.649680972
2026-07-28T14:08:32.118992+00:00,294.264246,open,rgb,0.000,-90.000,8,700,,0.258693182,48.4368,4.055796623,4.054781437,1.649379253
2026-07-28T14:08:32.269290+00:00,294.414544,open,rgb,0.000,-90.000,9,700,,0.258750000,48.4669,4.055890560,4.054891586,1.649802327
2026-07-28T14:08:32.419767+00:00,294.565019,open,rgb,0.000,-90.000,10,700,,0.258664773,48.4888,4.055911064,4.054947853,1.649796009
2026-07-28T14:08:32.570203+00:00,294.715457,open,rgb,0.000,-90.000,11,700,,0.258806818,48.5107,4.056015491,4.054963112,1.649581432
2026-07-28T14:08:32.720573+00:00,294.865827,open,rgb,0.000,-90.000,12,700,,0.258693182,48.5408,4.056044102,4.055012703,1.649822354
2026-07-28T14:08:32.871001+00:00,295.016255,open,rgb,0.000,-90.000,13,700,,0.258721591,48.5628,4.055881977,4.054954052,1.649618268
2026-07-28T14:08:33.021351+00:00,295.166606,open,rgb,0.000,-90.000,14,700,,0.258806818,48.5875,4.056084633,4.055089474,1.649689317
2026-07-28T14:08:33.171750+00:00,295.317005,open,rgb,0.000,-90.000,15,700,,0.258664773,48.6177,4.056035995,4.055100441,1.649886250
2026-07-28T14:08:33.322110+00:00,295.467364,open,rgb,0.000,-90.000,16,700,,0.258693182,48.6369,4.055995464,4.055044174,1.649617553
2026-07-28T14:08:33.472588+00:00,295.617839,open,rgb,0.000,-90.000,17,700,,0.258721591,48.6589,4.055975437,4.054966927,1.649744034
2026-07-28T14:08:33.623098+00:00,295.768352,open,rgb,0.000,-90.000,18,700,,0.258721591,48.6864,4.055981159,4.055045605,1.649618030
2026-07-28T14:08:33.773482+00:00,295.918736,open,rgb,0.000,-90.000,19,700,,0.258778409,48.7084,4.056081772,4.054945946,1.649505734
2026-07-28T14:08:39.024974+00:00,301.170224,open,rgb,0.000,0.000,0,700,,0.258892045,49.3282,4.058242798,4.054469109,1.649892211
2026-07-28T14:08:39.175494+00:00,301.320745,open,rgb,0.000,0.000,1,700,,0.258835227,49.3282,4.058261871,4.054482937,1.649945855
2026-07-28T14:08:39.325792+00:00,301.471046,open,rgb,0.000,0.000,2,700,,0.258892045,49.3477,4.058367729,4.054403782,1.649733186
2026-07-28T14:08:39.475988+00:00,301.621242,open,rgb,0.000,0.000,3,700,,0.258863636,49.3477,4.058312893,4.054531097,1.649894357
2026-07-28T14:08:39.626146+00:00,301.771401,open,rgb,0.000,0.000,4,700,,0.258806818,49.3393,4.058427334,4.054758549,1.649623871
2026-07-28T14:08:39.776612+00:00,301.921863,open,rgb,0.000,0.000,5,700,,0.258721591,49.3338,4.058494091,4.054693699,1.649417996
2026-07-28T14:08:39.927286+00:00,302.072534,open,rgb,0.000,0.000,6,700,,0.258778409,49.3616,4.058375835,4.054615021,1.649875760
2026-07-28T14:08:40.077901+00:00,302.223152,open,rgb,0.000,0.000,7,700,,0.258806818,49.3672,4.058307648,4.054552078,1.649634123
2026-07-28T14:08:40.228382+00:00,302.373636,open,rgb,0.000,0.000,8,700,,0.258892045,49.3393,4.058433056,4.054663181,1.649830103
2026-07-28T14:08:40.378831+00:00,302.524084,open,rgb,0.000,0.000,9,700,,0.258806818,49.3477,4.058378220,4.054583549,1.649940491
2026-07-28T14:08:40.529206+00:00,302.674461,open,rgb,0.000,0.000,10,700,,0.258806818,49.3839,4.058579922,4.054513454,1.649752259
2026-07-28T14:08:40.679555+00:00,302.824809,open,rgb,0.000,0.000,11,700,,0.258892045,49.4257,4.058408737,4.054677486,1.650013804
2026-07-28T14:08:40.829924+00:00,302.975179,open,rgb,0.000,0.000,12,700,,0.258863636,49.4285,4.058502197,4.054788113,1.649786472
2026-07-28T14:08:40.980308+00:00,303.125562,open,rgb,0.000,0.000,13,700,,0.258806818,49.4397,4.058691025,4.054925919,1.649624109
2026-07-28T14:08:41.130670+00:00,303.275925,open,rgb,0.000,0.000,14,700,,0.258806818,49.4676,4.058586597,4.054969788,1.649840355
2026-07-28T14:08:41.281080+00:00,303.426335,open,rgb,0.000,0.000,15,700,,0.258750000,49.4592,4.058744431,4.054994106,1.649519086
2026-07-28T14:08:41.431427+00:00,303.576681,open,rgb,0.000,0.000,16,700,,0.258835227,49.4648,4.058886051,4.055109978,1.649826050
2026-07-28T14:08:41.581760+00:00,303.727014,open,rgb,0.000,0.000,17,700,,0.258778409,49.4732,4.058817863,4.055102348,1.649765968
2026-07-28T14:08:41.732156+00:00,303.877412,open,rgb,0.000,0.000,18,700,,0.258863636,49.5011,4.059013367,4.055067062,1.649658799
2026-07-28T14:08:41.882472+00:00,304.027725,open,rgb,0.000,0.000,19,700,,0.258778409,49.5402,4.058890820,4.055152416,1.649842143
2026-07-28T14:08:47.134526+00:00,309.279776,open,rgb,0.000,90.000,0,700,,0.258806818,50.0543,4.061645031,4.056488514,1.649981022
2026-07-28T14:08:47.285094+00:00,309.430348,open,rgb,0.000,90.000,1,700,,0.258806818,50.0825,4.061409950,4.056232452,1.649753690
2026-07-28T14:08:47.435555+00:00,309.580808,open,rgb,0.000,90.000,2,700,,0.258806818,50.1164,4.061709404,4.056543350,1.649869919
2026-07-28T14:08:47.586004+00:00,309.731258,open,rgb,0.000,90.000,3,700,,0.258806818,50.1419,4.061498642,4.056305885,1.649721742
2026-07-28T14:08:47.736397+00:00,309.881652,open,rgb,0.000,90.000,4,700,,0.258778409,50.1701,4.061675549,4.056550026,1.649749398
2026-07-28T14:08:47.886762+00:00,310.032015,open,rgb,0.000,90.000,5,700,,0.258863636,50.1984,4.061480522,4.056436539,1.649986386
2026-07-28T14:08:48.037168+00:00,310.182423,open,rgb,0.000,90.000,6,700,,0.258750000,50.2041,4.061420441,4.056313992,1.648972034
2026-07-28T14:08:48.187556+00:00,310.332811,open,rgb,0.000,90.000,7,700,,0.258806818,50.2324,4.061529636,4.056430340,1.649856091
2026-07-28T14:08:48.337943+00:00,310.483197,open,rgb,0.000,90.000,8,700,,0.258750000,50.2438,4.061555386,4.056427002,1.649902701
2026-07-28T14:08:48.487997+00:00,310.633247,open,rgb,0.000,90.000,9,700,,0.258778409,50.2636,4.061451912,4.056144238,1.649690986
2026-07-28T14:08:48.638413+00:00,310.783667,open,rgb,0.000,90.000,10,700,,0.258892045,50.2891,4.061384201,4.056325436,1.649848700
2026-07-28T14:08:48.788830+00:00,310.934082,open,rgb,0.000,90.000,11,700,,0.258778409,50.3033,4.061278343,4.056151867,1.649814487
2026-07-28T14:08:48.939276+00:00,311.084531,open,rgb,0.000,90.000,12,700,,0.258892045,50.3289,4.061404228,4.056337833,1.650027156
2026-07-28T14:08:49.089636+00:00,311.234890,open,rgb,0.000,90.000,13,700,,0.258863636,50.3516,4.061405182,4.056301594,1.650044560
2026-07-28T14:08:49.240033+00:00,311.385287,open,rgb,0.000,90.000,14,700,,0.258806818,50.3658,4.061368942,4.056324482,1.649742723
2026-07-28T14:08:49.390493+00:00,311.535744,open,rgb,0.000,90.000,15,700,,0.258892045,50.3828,4.061571598,4.056463242,1.649769664
2026-07-28T14:08:49.540956+00:00,311.686210,open,rgb,0.000,90.000,16,700,,0.258806818,50.3942,4.061522484,4.056368828,1.649814725
2026-07-28T14:08:49.691429+00:00,311.836683,open,rgb,0.000,90.000,17,700,,0.258863636,50.4141,4.061594486,4.056313992,1.649716616
2026-07-28T14:08:49.841809+00:00,311.987063,open,rgb,0.000,90.000,18,700,,0.258892045,50.4311,4.061493397,4.056409836,1.649938822
2026-07-28T14:08:49.992219+00:00,312.137472,open,rgb,0.000,90.000,19,700,,0.258863636,50.4425,4.061459064,4.056351185,1.649826527
2026-07-28T14:09:00.349473+00:00,322.494723,open,dark,15.000,-90.000,0,0,,0.000681818,50.8624,4.896943092,4.903630257,1.650914907
2026-07-28T14:09:00.500142+00:00,322.645391,open,dark,15.000,-90.000,1,0,,0.000681818,50.8166,4.896961212,4.903617859,1.651219845
2026-07-28T14:09:00.650761+00:00,322.796012,open,dark,15.000,-90.000,2,0,,0.000710227,50.7221,4.896975517,4.903634071,1.650487900
2026-07-28T14:09:00.801262+00:00,322.946514,open,dark,15.000,-90.000,3,0,,0.000681818,50.6592,4.896969318,4.903649807,1.650982022
2026-07-28T14:09:00.951727+00:00,323.096976,open,dark,15.000,-90.000,4,0,,0.000681818,50.6192,4.896975040,4.903655529,1.651270866
2026-07-28T14:09:01.102112+00:00,323.247366,open,dark,15.000,-90.000,5,0,,0.000681818,50.5365,4.896974087,4.903661251,1.651361108
2026-07-28T14:09:01.252488+00:00,323.397735,open,dark,15.000,-90.000,6,0,,0.000681818,50.4681,4.896967888,4.903637409,1.651179552
2026-07-28T14:09:01.402820+00:00,323.548072,open,dark,15.000,-90.000,7,0,,0.000681818,50.3857,4.896970272,4.903643608,1.651181936
2026-07-28T14:09:01.553036+00:00,323.698290,open,dark,15.000,-90.000,8,0,,0.000710227,50.3061,4.896975040,4.903641701,1.650938988
2026-07-28T14:09:01.703225+00:00,323.848480,open,dark,15.000,-90.000,9,0,,0.000681818,50.2438,4.896978855,4.903647423,1.651130199
2026-07-28T14:09:01.853397+00:00,323.998651,open,dark,15.000,-90.000,10,0,,0.000710227,50.1758,4.896966934,4.903618813,1.650546908
2026-07-28T14:09:02.003696+00:00,324.148948,open,dark,15.000,-90.000,11,0,,0.000681818,50.1023,4.896971226,4.903626442,1.650855780
2026-07-28T14:09:02.153967+00:00,324.299222,open,dark,15.000,-90.000,12,0,,0.000681818,50.0401,4.896984100,4.903625011,1.650927544
2026-07-28T14:09:02.304119+00:00,324.449372,open,dark,15.000,-90.000,13,0,,0.000681818,49.9640,4.896983624,4.903625965,1.651015759
2026-07-28T14:09:02.454288+00:00,324.599542,open,dark,15.000,-90.000,14,0,,0.000681818,49.8936,4.896977425,4.903643131,1.650923610
2026-07-28T14:09:02.604408+00:00,324.749662,open,dark,15.000,-90.000,15,0,,0.000710227,49.8233,4.896976948,4.903642178,1.651014447
2026-07-28T14:09:02.754582+00:00,324.899837,open,dark,15.000,-90.000,16,0,,0.000681818,49.7475,4.896971703,4.903634071,1.650754929
2026-07-28T14:09:02.904779+00:00,325.050029,open,dark,15.000,-90.000,17,0,,0.000681818,49.6857,4.896972656,4.903639317,1.651152611
2026-07-28T14:09:03.055049+00:00,325.200303,open,dark,15.000,-90.000,18,0,,0.000681818,49.6157,4.896981239,4.903632164,1.651060820
2026-07-28T14:09:03.205281+00:00,325.350535,open,dark,15.000,-90.000,19,0,,0.000681818,49.5430,4.896973610,4.903625965,1.650757909
2026-07-28T14:09:07.378900+00:00,329.524149,open,rgb,15.000,-90.000,0,700,,0.258778409,49.0617,4.060712337,4.055099487,1.649340391
2026-07-28T14:09:07.529288+00:00,329.674540,open,rgb,15.000,-90.000,1,700,,0.258721591,49.0810,4.060661316,4.055063725,1.649579883
2026-07-28T14:09:07.679507+00:00,329.824762,open,rgb,15.000,-90.000,2,700,,0.258806818,49.1143,4.060599804,4.055189133,1.649790645
2026-07-28T14:09:07.829665+00:00,329.974919,open,rgb,15.000,-90.000,3,700,,0.258750000,49.1337,4.060631275,4.055174828,1.649676561
2026-07-28T14:09:07.979948+00:00,330.125201,open,rgb,15.000,-90.000,4,700,,0.258806818,49.1642,4.060832977,4.055374146,1.649663925
2026-07-28T14:09:08.130296+00:00,330.275547,open,rgb,15.000,-90.000,5,700,,0.258750000,49.1892,4.060688496,4.055289745,1.649798155
2026-07-28T14:09:08.280588+00:00,330.425842,open,rgb,15.000,-90.000,6,700,,0.258721591,49.2114,4.060624123,4.055152416,1.649613857
2026-07-28T14:09:08.430813+00:00,330.576067,open,rgb,15.000,-90.000,7,700,,0.258750000,49.2420,4.060801506,4.055344105,1.649953723
2026-07-28T14:09:08.581270+00:00,330.726520,open,rgb,15.000,-90.000,8,700,,0.258778409,49.2670,4.060592175,4.055163383,1.649800420
2026-07-28T14:09:08.731839+00:00,330.877091,open,rgb,15.000,-90.000,9,700,,0.258835227,49.2948,4.060747147,4.055073261,1.649548888
2026-07-28T14:09:08.882155+00:00,331.027408,open,rgb,15.000,-90.000,10,700,,0.258778409,49.3226,4.060746670,4.055286407,1.649751782
2026-07-28T14:09:09.032402+00:00,331.177656,open,rgb,15.000,-90.000,11,700,,0.258806818,49.3421,4.060665131,4.055176735,1.649694443
2026-07-28T14:09:09.182791+00:00,331.328043,open,rgb,15.000,-90.000,12,700,,0.258806818,49.3672,4.060777664,4.055321217,1.649720073
2026-07-28T14:09:09.333242+00:00,331.478494,open,rgb,15.000,-90.000,13,700,,0.258863636,49.3951,4.060702801,4.055258274,1.649868488
2026-07-28T14:09:09.483733+00:00,331.628987,open,rgb,15.000,-90.000,14,700,,0.258806818,49.4090,4.060715675,4.055284023,1.649606824
2026-07-28T14:09:09.634093+00:00,331.779348,open,rgb,15.000,-90.000,15,700,,0.258806818,49.4341,4.060911655,4.055426598,1.649702668
2026-07-28T14:09:09.784383+00:00,331.929637,open,rgb,15.000,-90.000,16,700,,0.258778409,49.4480,4.060831547,4.055366039,1.649779320
2026-07-28T14:09:09.934665+00:00,332.079919,open,rgb,15.000,-90.000,17,700,,0.258835227,49.4759,4.060966492,4.055226326,1.649641633
2026-07-28T14:09:10.084978+00:00,332.230234,open,rgb,15.000,-90.000,18,700,,0.258863636,49.5039,4.061004639,4.055546761,1.649900675
2026-07-28T14:09:10.235308+00:00,332.380562,open,rgb,15.000,-90.000,19,700,,0.258750000,49.5123,4.060815811,4.055360794,1.649595499
2026-07-28T14:09:15.487139+00:00,337.632388,open,rgb,15.000,0.000,0,700,,0.258835227,50.0938,4.061391830,4.054677010,1.649629474
2026-07-28T14:09:15.637526+00:00,337.782780,open,rgb,15.000,0.000,1,700,,0.258863636,50.1079,4.061597824,4.055057526,1.649790406
2026-07-28T14:09:15.787931+00:00,337.933183,open,rgb,15.000,0.000,2,700,,0.258750000,50.1051,4.061260700,4.054659843,1.649734259
2026-07-28T14:09:15.938353+00:00,338.083605,open,rgb,15.000,0.000,3,700,,0.258892045,50.1305,4.061407089,4.054821968,1.649826050
2026-07-28T14:09:16.088705+00:00,338.233959,open,rgb,15.000,0.000,4,700,,0.258892045,50.1588,4.061281204,4.054779530,1.649913907
2026-07-28T14:09:16.239151+00:00,338.384401,open,rgb,15.000,0.000,5,700,,0.258892045,50.1730,4.061340809,4.054742336,1.649640918
2026-07-28T14:09:16.389552+00:00,338.534804,open,rgb,15.000,0.000,6,700,,0.258863636,50.1956,4.061456203,4.054874420,1.649743438
2026-07-28T14:09:16.540156+00:00,338.685408,open,rgb,15.000,0.000,7,700,,0.258750000,50.2069,4.061362267,4.054808140,1.649944425
2026-07-28T14:09:16.691327+00:00,338.836575,open,rgb,15.000,0.000,8,700,,0.258863636,50.2296,4.061459541,4.054724693,1.649702430
2026-07-28T14:09:16.841961+00:00,338.987213,open,rgb,15.000,0.000,9,700,,0.258863636,50.2579,4.061401367,4.054926872,1.649846554
2026-07-28T14:09:16.992448+00:00,339.137702,open,rgb,15.000,0.000,10,700,,0.258863636,50.2778,4.061338425,4.054795265,1.649761558
2026-07-28T14:09:17.142861+00:00,339.288115,open,rgb,15.000,0.000,11,700,,0.258863636,50.3061,4.061560154,4.054965496,1.649802089
2026-07-28T14:09:17.293327+00:00,339.438579,open,rgb,15.000,0.000,12,700,,0.258948864,50.3317,4.061476231,4.054909706,1.649944663
2026-07-28T14:09:17.443731+00:00,339.588984,open,rgb,15.000,0.000,13,700,,0.258863636,50.3459,4.061526775,4.054979801,1.649616003
2026-07-28T14:09:17.594112+00:00,339.739366,open,rgb,15.000,0.000,14,700,,0.258806818,50.3686,4.061885834,4.055336952,1.649544239
2026-07-28T14:09:17.744469+00:00,339.889723,open,rgb,15.000,0.000,15,700,,0.258750000,50.3800,4.061803341,4.055191994,1.649809122
2026-07-28T14:09:17.894842+00:00,340.040094,open,rgb,15.000,0.000,16,700,,0.258835227,50.3999,4.061830521,4.055078506,1.649566770
2026-07-28T14:09:18.045229+00:00,340.190483,open,rgb,15.000,0.000,17,700,,0.258835227,50.4226,4.061760426,4.055240631,1.649883151
2026-07-28T14:09:18.195561+00:00,340.340816,open,rgb,15.000,0.000,18,700,,0.258806818,50.4340,4.061667442,4.055119991,1.649768353
2026-07-28T14:09:18.345955+00:00,340.491208,open,rgb,15.000,0.000,19,700,,0.258835227,50.4539,4.061764717,4.055245399,1.649792075
2026-07-28T14:09:23.598292+00:00,345.743541,open,rgb,15.000,90.000,0,700,,0.258892045,50.7421,4.063770771,4.057443142,1.649864316
2026-07-28T14:09:23.748883+00:00,345.894136,open,rgb,15.000,90.000,1,700,,0.258892045,50.7507,4.063651562,4.057439804,1.649893880
2026-07-28T14:09:23.899268+00:00,346.044520,open,rgb,15.000,90.000,2,700,,0.258948864,50.7507,4.063787937,4.057646751,1.649789333
2026-07-28T14:09:24.049775+00:00,346.195028,open,rgb,15.000,90.000,3,700,,0.258892045,50.7707,4.063685417,4.057486057,1.649437785
2026-07-28T14:09:24.200232+00:00,346.345484,open,rgb,15.000,90.000,4,700,,0.258920455,50.7936,4.063671112,4.057439804,1.649580121
2026-07-28T14:09:24.350674+00:00,346.495927,open,rgb,15.000,90.000,5,700,,0.258863636,50.8366,4.063762188,4.057574749,1.649869204
2026-07-28T14:09:24.501048+00:00,346.646302,open,rgb,15.000,90.000,6,700,,0.258863636,50.8452,4.063749790,4.057502747,1.649933696
2026-07-28T14:09:24.651422+00:00,346.796677,open,rgb,15.000,90.000,7,700,,0.258863636,50.8624,4.063730717,4.057444096,1.649627090
2026-07-28T14:09:24.801774+00:00,346.947028,open,rgb,15.000,90.000,8,700,,0.258892045,50.8997,4.063855648,4.057593822,1.649915814
2026-07-28T14:09:24.952201+00:00,347.097455,open,rgb,15.000,90.000,9,700,,0.258863636,50.9256,4.063843727,4.057641983,1.649755716
2026-07-28T14:09:25.102665+00:00,347.247919,open,rgb,15.000,90.000,10,700,,0.258863636,50.9543,4.064065933,4.057702065,1.649608254
2026-07-28T14:09:25.253120+00:00,347.398369,open,rgb,15.000,90.000,11,700,,0.258948864,50.9888,4.063891411,4.057651043,1.649841905
2026-07-28T14:09:25.403713+00:00,347.548964,open,rgb,15.000,90.000,12,700,,0.258863636,51.0147,4.063919067,4.057665348,1.649603128
2026-07-28T14:09:25.554165+00:00,347.699419,open,rgb,15.000,90.000,13,700,,0.258892045,51.0377,4.064037323,4.057830334,1.649657249
2026-07-28T14:09:25.704609+00:00,347.849864,open,rgb,15.000,90.000,14,700,,0.258863636,51.0406,4.063918114,4.057693481,1.649917603
2026-07-28T14:09:25.855017+00:00,348.000269,open,rgb,15.000,90.000,15,700,,0.258863636,51.0579,4.063945770,4.057621002,1.649569154
2026-07-28T14:09:26.005452+00:00,348.150708,open,rgb,15.000,90.000,16,700,,0.258863636,51.0723,4.064064980,4.057804108,1.649782777
2026-07-28T14:09:26.155747+00:00,348.301001,open,rgb,15.000,90.000,17,700,,0.258806818,51.0809,4.063921928,4.057733536,1.649740577
2026-07-28T14:09:26.305932+00:00,348.451183,open,rgb,15.000,90.000,18,700,,0.258920455,51.0982,4.064382553,4.058072090,1.649668813
2026-07-28T14:09:26.456527+00:00,348.601779,open,rgb,15.000,90.000,19,700,,0.258863636,51.1011,4.064336300,4.058083534,1.649556756
2026-07-28T14:09:36.812435+00:00,358.957684,open,dark,30.000,-90.000,0,0,,0.000710227,51.5935,4.896949768,4.903640270,1.651206136
2026-07-28T14:09:36.962954+00:00,359.108205,open,dark,30.000,-90.000,1,0,,0.000681818,51.5295,4.896945953,4.903625488,1.650950551
2026-07-28T14:09:37.113190+00:00,359.258444,open,dark,30.000,-90.000,2,0,,0.000681818,51.4830,4.896946907,4.903637886,1.651171923
2026-07-28T14:09:37.263525+00:00,359.408771,open,dark,30.000,-90.000,3,0,,0.000681818,51.4191,4.896950245,4.903621197,1.651179314
2026-07-28T14:09:37.413947+00:00,359.559200,open,dark,30.000,-90.000,4,0,,0.000681818,51.3583,4.896938324,4.903635979,1.651002049
2026-07-28T14:09:37.564392+00:00,359.709644,open,dark,30.000,-90.000,5,0,,0.000681818,51.2946,4.896946430,4.903622150,1.651126266
2026-07-28T14:09:37.714667+00:00,359.859916,open,dark,30.000,-90.000,6,0,,0.000681818,51.2367,4.896939278,4.903632164,1.651004672
2026-07-28T14:09:37.865042+00:00,360.010294,open,dark,30.000,-90.000,7,0,,0.000710227,51.1501,4.896936417,4.903634071,1.650251269
2026-07-28T14:09:38.015419+00:00,360.160672,open,dark,30.000,-90.000,8,0,,0.000681818,51.0924,4.896936893,4.903628826,1.651243448
2026-07-28T14:09:38.165629+00:00,360.310882,open,dark,30.000,-90.000,9,0,,0.000681818,51.0205,4.896928310,4.903615475,1.651037931
2026-07-28T14:09:38.315891+00:00,360.461146,open,dark,30.000,-90.000,10,0,,0.000681818,50.9457,4.896947861,4.903614998,1.651157260
2026-07-28T14:09:38.466290+00:00,360.611540,open,dark,30.000,-90.000,11,0,,0.000681818,50.8653,4.896938324,4.903630733,1.651202917
2026-07-28T14:09:38.616716+00:00,360.761965,open,dark,30.000,-90.000,12,0,,0.000681818,50.7994,4.896935940,4.903622627,1.651042581
2026-07-28T14:09:38.767065+00:00,360.912317,open,dark,30.000,-90.000,13,0,,0.000681818,50.7249,4.896937370,4.903615475,1.651165843
2026-07-28T14:09:38.917437+00:00,361.062656,open,dark,30.000,-90.000,14,0,,0.000681818,50.6478,4.896941662,4.903621197,1.651044726
2026-07-28T14:09:39.067750+00:00,361.213004,open,dark,30.000,-90.000,15,0,,0.000681818,50.5793,4.896931171,4.903603554,1.651052356
2026-07-28T14:09:39.218025+00:00,361.363279,open,dark,30.000,-90.000,16,0,,0.000681818,50.5051,4.896934509,4.903611660,1.651195168
2026-07-28T14:09:39.368276+00:00,361.513529,open,dark,30.000,-90.000,17,0,,0.000681818,50.4255,4.896945000,4.903590202,1.650918245
2026-07-28T14:09:39.518472+00:00,361.663726,open,dark,30.000,-90.000,18,0,,0.000681818,50.3516,4.896940708,4.903603077,1.651043534
2026-07-28T14:09:39.668630+00:00,361.813885,open,dark,30.000,-90.000,19,0,,0.000681818,50.2721,4.896948814,4.903616428,1.651208043
2026-07-28T14:09:43.842228+00:00,365.987477,open,rgb,30.000,-90.000,0,700,,0.258750000,49.7531,4.062510014,4.055926800,1.650004506
2026-07-28T14:09:43.992595+00:00,366.137848,open,rgb,30.000,-90.000,1,700,,0.258750000,49.7727,4.062518597,4.055969238,1.650053024
2026-07-28T14:09:44.142818+00:00,366.288072,open,rgb,30.000,-90.000,2,700,,0.258806818,49.7952,4.062618732,4.056064129,1.649944186
2026-07-28T14:09:44.293130+00:00,366.438382,open,rgb,30.000,-90.000,3,700,,0.258806818,49.8177,4.062690258,4.056196690,1.649917364
2026-07-28T14:09:44.443420+00:00,366.588673,open,rgb,30.000,-90.000,4,700,,0.258721591,49.8092,4.062518120,4.055960655,1.649739146
2026-07-28T14:09:44.593566+00:00,366.738821,open,rgb,30.000,-90.000,5,700,,0.258778409,49.8120,4.062708855,4.056119442,1.650100231
2026-07-28T14:09:44.743731+00:00,366.888986,open,rgb,30.000,-90.000,6,700,,0.258778409,49.8317,4.062648773,4.056114674,1.650116324
2026-07-28T14:09:44.893869+00:00,367.039122,open,rgb,30.000,-90.000,7,700,,0.258750000,49.8626,4.062641144,4.056106567,1.649918795
2026-07-28T14:09:45.044118+00:00,367.189370,open,rgb,30.000,-90.000,8,700,,0.258778409,49.8992,4.062846184,4.056278229,1.649932981
2026-07-28T14:09:45.194486+00:00,367.339740,open,rgb,30.000,-90.000,9,700,,0.258721591,49.9246,4.062833309,4.056311131,1.649873376
2026-07-28T14:09:45.344610+00:00,367.489864,open,rgb,30.000,-90.000,10,700,,0.258750000,49.9612,4.062926292,4.056324482,1.649787903
2026-07-28T14:09:45.494891+00:00,367.640144,open,rgb,30.000,-90.000,11,700,,0.258806818,49.9950,4.062785149,4.056276321,1.650058866
2026-07-28T14:09:45.645128+00:00,367.790380,open,rgb,30.000,-90.000,12,700,,0.258750000,50.0176,4.062714100,4.056209087,1.649777412
2026-07-28T14:09:45.795435+00:00,367.940690,open,rgb,30.000,-90.000,13,700,,0.258863636,50.0486,4.062889099,4.056345940,1.650052547
2026-07-28T14:09:45.945562+00:00,368.090816,open,rgb,30.000,-90.000,14,700,,0.258721591,50.0684,4.062845230,4.056357384,1.650185347
2026-07-28T14:09:46.095747+00:00,368.241001,open,rgb,30.000,-90.000,15,700,,0.258693182,50.0938,4.063115120,4.056509972,1.649849892
2026-07-28T14:09:46.245993+00:00,368.391245,open,rgb,30.000,-90.000,16,700,,0.258721591,50.1192,4.062990189,4.056474686,1.650009155
2026-07-28T14:09:46.396328+00:00,368.541579,open,rgb,30.000,-90.000,17,700,,0.258806818,50.1362,4.062955379,4.056393147,1.649946332
2026-07-28T14:09:46.546577+00:00,368.691831,open,rgb,30.000,-90.000,18,700,,0.258778409,50.1532,4.063097954,4.056479454,1.649841428
2026-07-28T14:09:46.696742+00:00,368.841997,open,rgb,30.000,-90.000,19,700,,0.258835227,50.1758,4.063091755,4.056596279,1.649939060
2026-07-28T14:09:51.949190+00:00,374.094440,open,rgb,30.000,0.000,0,700,,0.258920455,50.7164,4.062303543,4.055424690,1.650037885
2026-07-28T14:09:52.099714+00:00,374.244968,open,rgb,30.000,0.000,1,700,,0.258863636,50.7478,4.062443256,4.055381298,1.649958372
2026-07-28T14:09:52.250197+00:00,374.395451,open,rgb,30.000,0.000,2,700,,0.258863636,50.7765,4.062332630,4.055476665,1.650134563
2026-07-28T14:09:52.400602+00:00,374.545855,open,rgb,30.000,0.000,3,700,,0.258863636,50.7994,4.062236786,4.055426121,1.649917841
2026-07-28T14:09:52.551000+00:00,374.696254,open,rgb,30.000,0.000,4,700,,0.258892045,50.8223,4.062385082,4.055579185,1.650051117
2026-07-28T14:09:52.701362+00:00,374.846616,open,rgb,30.000,0.000,5,700,,0.258835227,50.8395,4.062359810,4.055519581,1.650168777
2026-07-28T14:09:52.851713+00:00,374.996967,open,rgb,30.000,0.000,6,700,,0.258892045,50.8395,4.062342167,4.055522919,1.649796247
2026-07-28T14:09:53.002269+00:00,375.147521,open,rgb,30.000,0.000,7,700,,0.258863636,50.8510,4.062573433,4.055719852,1.649891973
2026-07-28T14:09:53.153025+00:00,375.298273,open,rgb,30.000,0.000,8,700,,0.258863636,50.8653,4.062357426,4.055577278,1.649974942
2026-07-28T14:09:53.303724+00:00,375.448976,open,rgb,30.000,0.000,9,700,,0.258835227,50.8940,4.062487602,4.055562496,1.649951935
2026-07-28T14:09:53.454200+00:00,375.599453,open,rgb,30.000,0.000,10,700,,0.258977273,50.9198,4.062469482,4.055616379,1.650011063
2026-07-28T14:09:53.604788+00:00,375.750037,open,rgb,30.000,0.000,11,700,,0.258806818,50.9313,4.062145710,4.055310726,1.649837494
2026-07-28T14:09:53.755172+00:00,375.900422,open,rgb,30.000,0.000,12,700,,0.258892045,50.9629,4.062240601,4.055498123,1.650057912
2026-07-28T14:09:53.905713+00:00,376.050965,open,rgb,30.000,0.000,13,700,,0.258835227,50.9831,4.062207222,4.055419445,1.650247097
2026-07-28T14:09:54.056191+00:00,376.201445,open,rgb,30.000,0.000,14,700,,0.258948864,50.9974,4.062189579,4.055323601,1.649974227
2026-07-28T14:09:54.206640+00:00,376.351894,open,rgb,30.000,0.000,15,700,,0.258977273,51.0205,4.062317371,4.055512428,1.650108695
2026-07-28T14:09:54.357130+00:00,376.502380,open,rgb,30.000,0.000,16,700,,0.258920455,51.0262,4.062272072,4.055584908,1.650081873
2026-07-28T14:09:54.507632+00:00,376.652885,open,rgb,30.000,0.000,17,700,,0.258835227,51.0320,4.062457561,4.055512428,1.649530888
2026-07-28T14:09:54.658021+00:00,376.803275,open,rgb,30.000,0.000,18,700,,0.258977273,51.0550,4.062433720,4.055607796,1.649982929
2026-07-28T14:09:54.808416+00:00,376.953672,open,rgb,30.000,0.000,19,700,,0.258863636,51.0579,4.062457561,4.055569649,1.649775267
2026-07-28T14:10:00.059097+00:00,382.204347,open,rgb,30.000,90.000,0,700,,0.258920455,51.4772,4.063944340,4.057916641,1.649811149
2026-07-28T14:10:00.209495+00:00,382.354748,open,rgb,30.000,90.000,1,700,,0.258948864,51.4801,4.063991547,4.058035374,1.650023460
2026-07-28T14:10:00.359692+00:00,382.504945,open,rgb,30.000,90.000,2,700,,0.258920455,51.4801,4.064073563,4.058119297,1.649869919
2026-07-28T14:10:00.509920+00:00,382.655174,open,rgb,30.000,90.000,3,700,,0.258920455,51.4975,4.064227104,4.058262825,1.649894834
2026-07-28T14:10:00.660069+00:00,382.805323,open,rgb,30.000,90.000,4,700,,0.258948864,51.5208,4.064223289,4.058234692,1.650060177
2026-07-28T14:10:00.810210+00:00,382.955464,open,rgb,30.000,90.000,5,700,,0.258948864,51.5353,4.064245224,4.058263779,1.649839163
2026-07-28T14:10:00.960407+00:00,383.105661,open,rgb,30.000,90.000,6,700,,0.258920455,51.5556,4.064363003,4.058402061,1.650091887
2026-07-28T14:10:01.110656+00:00,383.255911,open,rgb,30.000,90.000,7,700,,0.258835227,51.5702,4.064328671,4.058414459,1.650065303
2026-07-28T14:10:01.260917+00:00,383.406164,open,rgb,30.000,90.000,8,700,,0.258863636,51.5876,4.064480782,4.058284283,1.649918795
2026-07-28T14:10:01.411265+00:00,383.556518,open,rgb,30.000,90.000,9,700,,0.258920455,51.6109,4.064414024,4.058484077,1.650127292
2026-07-28T14:10:01.561496+00:00,383.706748,open,rgb,30.000,90.000,10,700,,0.258920455,51.6226,4.064365387,4.058456898,1.649858713
2026-07-28T14:10:01.711748+00:00,383.857002,open,rgb,30.000,90.000,11,700,,0.258835227,51.6401,4.064502239,4.058572769,1.649966121
2026-07-28T14:10:01.861942+00:00,384.007195,open,rgb,30.000,90.000,12,700,,0.258892045,51.6546,4.064446449,4.058550835,1.650130987
2026-07-28T14:10:02.012284+00:00,384.157537,open,rgb,30.000,90.000,13,700,,0.258920455,51.6575,4.064381599,4.058499813,1.649862170
2026-07-28T14:10:02.162570+00:00,384.307825,open,rgb,30.000,90.000,14,700,,0.258863636,51.6750,4.064515114,4.058609486,1.650058150
2026-07-28T14:10:02.312694+00:00,384.457948,open,rgb,30.000,90.000,15,700,,0.258835227,51.6779,4.064540386,4.058657169,1.649945140
2026-07-28T14:10:02.462855+00:00,384.608109,open,rgb,30.000,90.000,16,700,,0.258778409,51.6838,4.064700127,4.058669090,1.649653673
2026-07-28T14:10:02.613060+00:00,384.758314,open,rgb,30.000,90.000,17,700,,0.258863636,51.6984,4.064590454,4.058696747,1.649929523
2026-07-28T14:10:02.763171+00:00,384.908424,open,rgb,30.000,90.000,18,700,,0.258920455,51.7042,4.064492226,4.058606625,1.648920774
2026-07-28T14:10:02.913283+00:00,385.058536,open,rgb,30.000,90.000,19,700,,0.258892045,51.7217,4.064699173,4.058772087,1.649785042
2026-07-28T14:10:13.269050+00:00,395.414298,open,dark,45.000,-90.000,0,0,,0.000710227,52.0672,4.896901131,4.903617382,1.651028156
2026-07-28T14:10:13.419544+00:00,395.564797,open,dark,45.000,-90.000,1,0,,0.000710227,52.0114,4.896902561,4.903630733,1.651208520
2026-07-28T14:10:13.569955+00:00,395.715205,open,dark,45.000,-90.000,2,0,,0.000710227,51.9616,4.896893501,4.903615952,1.650986671
2026-07-28T14:10:13.720297+00:00,395.865551,open,dark,45.000,-90.000,3,0,,0.000681818,51.9000,4.896896362,4.903608322,1.651075721
2026-07-28T14:10:13.870663+00:00,396.015914,open,dark,45.000,-90.000,4,0,,0.000681818,51.8064,4.896889687,4.903616428,1.650394559
2026-07-28T14:10:14.020930+00:00,396.166183,open,dark,45.000,-90.000,5,0,,0.000681818,51.7567,4.896908283,4.903617859,1.651093364
2026-07-28T14:10:14.171445+00:00,396.316693,open,dark,45.000,-90.000,6,0,,0.000681818,51.6925,4.896889210,4.903624535,1.651321888
2026-07-28T14:10:14.321956+00:00,396.467206,open,dark,45.000,-90.000,7,0,,0.000710227,51.6226,4.896902084,4.903608322,1.651077032
2026-07-28T14:10:14.472507+00:00,396.617759,open,dark,45.000,-90.000,8,0,,0.000710227,51.5469,4.896890640,4.903632164,1.651107788
2026-07-28T14:10:14.623057+00:00,396.768309,open,dark,45.000,-90.000,9,0,,0.000681818,51.4481,4.896897316,4.903628349,1.651155829
2026-07-28T14:10:14.773491+00:00,396.918745,open,dark,45.000,-90.000,10,0,,0.000681818,51.3496,4.896902084,4.903616428,1.650871634
2026-07-28T14:10:14.923884+00:00,397.069138,open,dark,45.000,-90.000,11,0,,0.000681818,51.2656,4.896901131,4.903626919,1.651126266
2026-07-28T14:10:15.074264+00:00,397.219518,open,dark,45.000,-90.000,12,0,,0.000681818,51.1415,4.896904945,4.903634071,1.651025176
2026-07-28T14:10:15.224592+00:00,397.369847,open,dark,45.000,-90.000,13,0,,0.000710227,51.0636,4.896914482,4.903627396,1.651003003
2026-07-28T14:10:15.374902+00:00,397.520154,open,dark,45.000,-90.000,14,0,,0.000681818,51.0032,4.896915913,4.903623581,1.651311398
2026-07-28T14:10:15.525310+00:00,397.670564,open,dark,45.000,-90.000,15,0,,0.000710227,50.9313,4.896909714,4.903649807,1.651012778
2026-07-28T14:10:15.675721+00:00,397.820975,open,dark,45.000,-90.000,16,0,,0.000681818,50.8739,4.896923542,4.903666496,1.651148796
2026-07-28T14:10:15.826016+00:00,397.971271,open,dark,45.000,-90.000,17,0,,0.000681818,50.7965,4.896945953,4.903647423,1.651138783
2026-07-28T14:10:15.976528+00:00,398.121773,open,dark,45.000,-90.000,18,0,,0.000681818,50.7307,4.896940708,4.903622150,1.650891662
2026-07-28T14:10:16.127128+00:00,398.272381,open,dark,45.000,-90.000,19,0,,0.000681818,50.6763,4.896914482,4.903616905,1.651085019
2026-07-28T14:10:20.300693+00:00,402.445943,open,rgb,45.000,-90.000,0,700,,0.258835227,50.1984,4.063301563,4.056163788,1.650220752
2026-07-28T14:10:20.451073+00:00,402.596327,open,rgb,45.000,-90.000,1,700,,0.258806818,50.2239,4.063229084,4.056264877,1.650402665
2026-07-28T14:10:20.601384+00:00,402.746636,open,rgb,45.000,-90.000,2,700,,0.258835227,50.2438,4.063333988,4.056490898,1.650232553
2026-07-28T14:10:20.751677+00:00,402.896930,open,rgb,45.000,-90.000,3,700,,0.258721591,50.2636,4.063614368,4.056710243,1.650234461
2026-07-28T14:10:20.902328+00:00,403.047582,open,rgb,45.000,-90.000,4,700,,0.258693182,50.2920,4.063521385,4.056605816,1.650418758
2026-07-28T14:10:21.052737+00:00,403.197992,open,rgb,45.000,-90.000,5,700,,0.258806818,50.3090,4.063535213,4.056614876,1.650208831
2026-07-28T14:10:21.203100+00:00,403.348354,open,rgb,45.000,-90.000,6,700,,0.258721591,50.3345,4.063690186,4.056710243,1.650195122
2026-07-28T14:10:21.353482+00:00,403.498736,open,rgb,45.000,-90.000,7,700,,0.258750000,50.3516,4.063644886,4.056735039,1.650289416
2026-07-28T14:10:21.503888+00:00,403.649143,open,rgb,45.000,-90.000,8,700,,0.258693182,50.3771,4.063835144,4.056741714,1.650120735
2026-07-28T14:10:21.654192+00:00,403.799448,open,rgb,45.000,-90.000,9,700,,0.258778409,50.3999,4.063856125,4.056901455,1.650159717
2026-07-28T14:10:21.804468+00:00,403.949722,open,rgb,45.000,-90.000,10,700,,0.258693182,50.4169,4.063633919,4.056647301,1.649981022
2026-07-28T14:10:21.954829+00:00,404.100083,open,rgb,45.000,-90.000,11,700,,0.258721591,50.4454,4.063778877,4.056837082,1.650356531
2026-07-28T14:10:22.105188+00:00,404.250443,open,rgb,45.000,-90.000,12,700,,0.258721591,50.4738,4.063917160,4.056849957,1.650130749
2026-07-28T14:10:22.255553+00:00,404.400807,open,rgb,45.000,-90.000,13,700,,0.258750000,50.4966,4.063624859,4.056735516,1.650218368
2026-07-28T14:10:22.405992+00:00,404.551247,open,rgb,45.000,-90.000,14,700,,0.258721591,50.5222,4.063828468,4.056910515,1.650347233
2026-07-28T14:10:22.556432+00:00,404.701685,open,rgb,45.000,-90.000,15,700,,0.258636364,50.5365,4.063783646,4.056926250,1.650434136
2026-07-28T14:10:22.706822+00:00,404.852077,open,rgb,45.000,-90.000,16,700,,0.258778409,50.5507,4.063979149,4.056894302,1.650239348
2026-07-28T14:10:22.857089+00:00,405.002343,open,rgb,45.000,-90.000,17,700,,0.258806818,50.5678,4.063874245,4.057008743,1.650347948
2026-07-28T14:10:23.007506+00:00,405.152760,open,rgb,45.000,-90.000,18,700,,0.258693182,50.5850,4.063959599,4.056982517,1.650081873
2026-07-28T14:10:23.157812+00:00,405.303066,open,rgb,45.000,-90.000,19,700,,0.258721591,50.6078,4.063990593,4.057113171,1.650210261
2026-07-28T14:10:28.410315+00:00,410.555564,open,rgb,45.000,0.000,0,700,,0.258948864,51.2714,4.064337730,4.057503223,1.650360227
2026-07-28T14:10:28.560882+00:00,410.706131,open,rgb,45.000,0.000,1,700,,0.258892045,51.2830,4.064278603,4.057391167,1.650148511
2026-07-28T14:10:28.711566+00:00,410.856819,open,rgb,45.000,0.000,2,700,,0.258892045,51.3004,4.064430237,4.057567596,1.650169492
2026-07-28T14:10:28.862016+00:00,411.007270,open,rgb,45.000,0.000,3,700,,0.258892045,51.3206,4.064301491,4.057406902,1.650451541
2026-07-28T14:10:29.012486+00:00,411.157739,open,rgb,45.000,0.000,4,700,,0.258948864,51.3235,4.064284801,4.057356834,1.650175333
2026-07-28T14:10:29.162886+00:00,411.308138,open,rgb,45.000,0.000,5,700,,0.258948864,51.3264,4.064440250,4.057559490,1.650213480
2026-07-28T14:10:29.313332+00:00,411.458585,open,rgb,45.000,0.000,6,700,,0.258948864,51.3293,4.064368248,4.057531834,1.650332093
2026-07-28T14:10:29.463764+00:00,411.609019,open,rgb,45.000,0.000,7,700,,0.258948864,51.3467,4.064417839,4.057402611,1.650168538
2026-07-28T14:10:29.614143+00:00,411.759397,open,rgb,45.000,0.000,8,700,,0.259005682,51.3641,4.064398766,4.057555199,1.650342107
2026-07-28T14:10:29.764875+00:00,411.910128,open,rgb,45.000,0.000,9,700,,0.258863636,51.3669,4.064342499,4.057466507,1.650180936
2026-07-28T14:10:29.915138+00:00,412.060384,open,rgb,45.000,0.000,10,700,,0.258948864,51.3814,4.064583778,4.057737350,1.649993300
2026-07-28T14:10:30.065884+00:00,412.211133,open,rgb,45.000,0.000,11,700,,0.258920455,51.3901,4.064433575,4.057590961,1.649774551
2026-07-28T14:10:30.216458+00:00,412.361711,open,rgb,45.000,0.000,12,700,,0.258920455,51.4104,4.064433098,4.057531834,1.649983287
2026-07-28T14:10:30.366859+00:00,412.512111,open,rgb,45.000,0.000,13,700,,0.258948864,51.4278,4.064713001,4.057851315,1.650254488
2026-07-28T14:10:30.517246+00:00,412.662500,open,rgb,45.000,0.000,14,700,,0.258835227,51.4191,4.064459324,4.057621479,1.650313258
2026-07-28T14:10:30.667632+00:00,412.812886,open,rgb,45.000,0.000,15,700,,0.259034091,51.4510,4.064859867,4.057834148,1.650155783
2026-07-28T14:10:30.818077+00:00,412.963331,open,rgb,45.000,0.000,16,700,,0.258920455,51.4510,4.064857483,4.057972908,1.650116324
2026-07-28T14:10:30.968450+00:00,413.113703,open,rgb,45.000,0.000,17,700,,0.258863636,51.4569,4.064746857,4.057889462,1.649997354
2026-07-28T14:10:31.118799+00:00,413.264052,open,rgb,45.000,0.000,18,700,,0.258835227,51.4801,4.064847946,4.057985783,1.650133848
2026-07-28T14:10:31.269217+00:00,413.414462,open,rgb,45.000,0.000,19,700,,0.258863636,51.4975,4.064853191,4.057968616,1.650279880
2026-07-28T14:10:36.519577+00:00,418.664827,open,rgb,45.000,90.000,0,700,,0.258806818,51.9293,4.065740585,4.059143543,1.650103092
2026-07-28T14:10:36.669926+00:00,418.815179,open,rgb,45.000,90.000,1,700,,0.258863636,51.9557,4.065740585,4.059224129,1.650128484
2026-07-28T14:10:36.820434+00:00,418.965687,open,rgb,45.000,90.000,2,700,,0.258892045,51.9733,4.065748215,4.059221745,1.650271535
2026-07-28T14:10:36.970673+00:00,419.115927,open,rgb,45.000,90.000,3,700,,0.258835227,51.9880,4.065726280,4.059222221,1.650003552
2026-07-28T14:10:37.120977+00:00,419.266231,open,rgb,45.000,90.000,4,700,,0.258863636,52.0026,4.065864086,4.059379101,1.650047898
2026-07-28T14:10:37.271332+00:00,419.416582,open,rgb,45.000,90.000,5,700,,0.258806818,52.0056,4.065633774,4.059131145,1.650310397
2026-07-28T14:10:37.421729+00:00,419.566981,open,rgb,45.000,90.000,6,700,,0.258806818,52.0261,4.065868378,4.059213638,1.650079966
2026-07-28T14:10:37.571977+00:00,419.717230,open,rgb,45.000,90.000,7,700,,0.258892045,52.0496,4.065815926,4.059272766,1.650219798
2026-07-28T14:10:37.722242+00:00,419.867496,open,rgb,45.000,90.000,8,700,,0.258863636,52.0614,4.065793037,4.059232235,1.650041103
2026-07-28T14:10:37.872461+00:00,420.017712,open,rgb,45.000,90.000,9,700,,0.258863636,52.0819,4.065933228,4.059373379,1.650062084
2026-07-28T14:10:38.022928+00:00,420.168180,open,rgb,45.000,90.000,10,700,,0.258920455,52.1054,4.065871716,4.059367657,1.650237083
2026-07-28T14:10:38.173367+00:00,420.318621,open,rgb,45.000,90.000,11,700,,0.258835227,52.1113,4.065831184,4.059261322,1.649982691
2026-07-28T14:10:38.323731+00:00,420.468985,open,rgb,45.000,90.000,12,700,,0.258920455,52.1290,4.066001892,4.059437752,1.650056481
2026-07-28T14:10:38.474163+00:00,420.619416,open,rgb,45.000,90.000,13,700,,0.258835227,52.1290,4.065882683,4.059301853,1.650264978
2026-07-28T14:10:38.624310+00:00,420.769559,open,rgb,45.000,90.000,14,700,,0.258920455,52.1437,4.065644264,4.059038162,1.650118947
2026-07-28T14:10:38.774629+00:00,420.919883,open,rgb,45.000,90.000,15,700,,0.258920455,52.1496,4.065704346,4.059211254,1.649436116
2026-07-28T14:10:38.924925+00:00,421.070177,open,rgb,45.000,90.000,16,700,,0.258892045,52.1584,4.065704346,4.059102058,1.650041103
2026-07-28T14:10:39.075147+00:00,421.220401,open,rgb,45.000,90.000,17,700,,0.258892045,52.1702,4.065858841,4.059332848,1.650100708
2026-07-28T14:10:39.225325+00:00,421.370577,open,rgb,45.000,90.000,18,700,,0.258977273,52.1849,4.065702438,4.059089661,1.650293589
2026-07-28T14:10:39.375757+00:00,421.521010,open,rgb,45.000,90.000,19,700,,0.258948864,52.1908,4.065627098,4.059107780,1.650053740
2026-07-28T14:10:49.731767+00:00,431.877017,open,dark,60.000,-90.000,0,0,,0.000681818,52.5634,4.896932602,4.903579235,1.651088476
2026-07-28T14:10:49.882331+00:00,432.027584,open,dark,60.000,-90.000,1,0,,0.000681818,52.4922,4.896937370,4.903591156,1.650918722
2026-07-28T14:10:50.032814+00:00,432.178068,open,dark,60.000,-90.000,2,0,,0.000710227,52.4389,4.896923065,4.903625011,1.651209593
2026-07-28T14:10:50.183306+00:00,432.328560,open,dark,60.000,-90.000,3,0,,0.000710227,52.3679,4.896926403,4.903625488,1.651054502
2026-07-28T14:10:50.333654+00:00,432.478908,open,dark,60.000,-90.000,4,0,,0.000681818,52.2999,4.896860123,4.903632164,1.651301622
2026-07-28T14:10:50.484116+00:00,432.629370,open,dark,60.000,-90.000,5,0,,0.000681818,52.2321,4.896906853,4.903606892,1.651057243
2026-07-28T14:10:50.634480+00:00,432.779734,open,dark,60.000,-90.000,6,0,,0.000681818,52.1702,4.896885395,4.903611183,1.651199102
2026-07-28T14:10:50.785071+00:00,432.930323,open,dark,60.000,-90.000,7,0,,0.000710227,52.0996,4.896927834,4.903638840,1.651292324
2026-07-28T14:10:50.935764+00:00,433.081014,open,dark,60.000,-90.000,8,0,,0.000681818,52.0114,4.896955967,4.903621197,1.651030540
2026-07-28T14:10:51.086333+00:00,433.231584,open,dark,60.000,-90.000,9,0,,0.000681818,51.9322,4.896954536,4.903635025,1.651238799
2026-07-28T14:10:51.236745+00:00,433.381998,open,dark,60.000,-90.000,10,0,,0.000681818,51.8473,4.896955013,4.903653145,1.651238799
2026-07-28T14:10:51.387191+00:00,433.532443,open,dark,60.000,-90.000,11,0,,0.000710227,51.7801,4.896964550,4.903663158,1.651108980
2026-07-28T14:10:51.537633+00:00,433.682886,open,dark,60.000,-90.000,12,0,,0.000681818,51.7042,4.896964550,4.903636932,1.651204705
2026-07-28T14:10:51.688134+00:00,433.833388,open,dark,60.000,-90.000,13,0,,0.000681818,51.6226,4.896957874,4.903605461,1.651005507
2026-07-28T14:10:51.838487+00:00,433.983739,open,dark,60.000,-90.000,14,0,,0.000681818,51.5556,4.896968365,4.903638840,1.651069164
2026-07-28T14:10:51.988884+00:00,434.134137,open,dark,60.000,-90.000,15,0,,0.000710227,51.4888,4.896958351,4.903641701,1.651220798
2026-07-28T14:10:52.139085+00:00,434.284340,open,dark,60.000,-90.000,16,0,,0.000681818,51.4104,4.896957397,4.903622627,1.651008844
2026-07-28T14:10:52.289456+00:00,434.434710,open,dark,60.000,-90.000,17,0,,0.000681818,51.3380,4.896966934,4.903623104,1.651070833
2026-07-28T14:10:52.439775+00:00,434.585028,open,dark,60.000,-90.000,18,0,,0.000710227,51.2599,4.896975517,4.903643608,1.651087523
2026-07-28T14:10:52.589976+00:00,434.735229,open,dark,60.000,-90.000,19,0,,0.000681818,51.1790,4.896955013,4.903637886,1.650152445
2026-07-28T14:10:56.763551+00:00,438.908801,open,rgb,60.000,-90.000,0,700,,0.258778409,50.6620,4.061992645,4.054326534,1.650421739
2026-07-28T14:10:56.913901+00:00,439.059153,open,rgb,60.000,-90.000,1,700,,0.258750000,50.6935,4.062141895,4.054484367,1.650329471
2026-07-28T14:10:57.064154+00:00,439.209408,open,rgb,60.000,-90.000,2,700,,0.258778409,50.7249,4.062103748,4.054475307,1.650511265
2026-07-28T14:10:57.214357+00:00,439.359612,open,rgb,60.000,-90.000,3,700,,0.258721591,50.7421,4.062039852,4.054372787,1.650214434
2026-07-28T14:10:57.364480+00:00,439.509734,open,rgb,60.000,-90.000,4,700,,0.258835227,50.7765,4.062091827,4.054558754,1.650491238
2026-07-28T14:10:57.514741+00:00,439.659996,open,rgb,60.000,-90.000,5,700,,0.258721591,50.7965,4.062135696,4.054522514,1.650635123
2026-07-28T14:10:57.664936+00:00,439.810190,open,rgb,60.000,-90.000,6,700,,0.258721591,50.8223,4.062279701,4.054492950,1.650318623
2026-07-28T14:10:57.815100+00:00,439.960355,open,rgb,60.000,-90.000,7,700,,0.258750000,50.8452,4.062255383,4.054596901,1.650490522
2026-07-28T14:10:57.965479+00:00,440.110731,open,rgb,60.000,-90.000,8,700,,0.258693182,50.8682,4.062014103,4.054409027,1.650347948
2026-07-28T14:10:58.115749+00:00,440.261002,open,rgb,60.000,-90.000,9,700,,0.258806818,50.8940,4.062285900,4.054516315,1.649680972
2026-07-28T14:10:58.266029+00:00,440.411281,open,rgb,60.000,-90.000,10,700,,0.258835227,50.9198,4.062088966,4.054503441,1.650552034
2026-07-28T14:10:58.416498+00:00,440.561753,open,rgb,60.000,-90.000,11,700,,0.258806818,50.9371,4.062024593,4.054430485,1.650225878
2026-07-28T14:10:58.566893+00:00,440.712146,open,rgb,60.000,-90.000,12,700,,0.258806818,50.9629,4.062220097,4.054571152,1.650425673
2026-07-28T14:10:58.717353+00:00,440.862603,open,rgb,60.000,-90.000,13,700,,0.258806818,50.9831,4.062117577,4.054443359,1.650552511
2026-07-28T14:10:58.867895+00:00,441.013148,open,rgb,60.000,-90.000,14,700,,0.258806818,51.0089,4.062225342,4.054432869,1.650466084
2026-07-28T14:10:59.018275+00:00,441.163526,open,rgb,60.000,-90.000,15,700,,0.258778409,51.0291,4.062245369,4.054580688,1.650520325
2026-07-28T14:10:59.168826+00:00,441.314080,open,rgb,60.000,-90.000,16,700,,0.258806818,51.0464,4.062187672,4.054587364,1.650386333
2026-07-28T14:10:59.319205+00:00,441.464459,open,rgb,60.000,-90.000,17,700,,0.258806818,51.0665,4.062344551,4.054673195,1.650417566
2026-07-28T14:10:59.469501+00:00,441.614755,open,rgb,60.000,-90.000,18,700,,0.258892045,51.0924,4.062236786,4.054639339,1.650681734
2026-07-28T14:10:59.619662+00:00,441.764917,open,rgb,60.000,-90.000,19,700,,0.258835227,51.1069,4.062309265,4.054692268,1.650413156
2026-07-28T14:11:04.872403+00:00,447.017652,open,rgb,60.000,0.000,0,700,,0.258892045,51.7334,4.063511848,4.055216789,1.650345087
2026-07-28T14:11:05.022754+00:00,447.168007,open,rgb,60.000,0.000,1,700,,0.258892045,51.7421,4.063470840,4.055297852,1.650417805
2026-07-28T14:11:05.173014+00:00,447.318267,open,rgb,60.000,0.000,2,700,,0.258806818,51.7334,4.063376427,4.055181026,1.650182724
2026-07-28T14:11:05.323242+00:00,447.468497,open,rgb,60.000,0.000,3,700,,0.258863636,51.7421,4.063562393,4.055299282,1.650389194
2026-07-28T14:11:05.473460+00:00,447.618714,open,rgb,60.000,0.000,4,700,,0.258863636,51.7509,4.063385487,4.055203915,1.650586247
2026-07-28T14:11:05.623768+00:00,447.769022,open,rgb,60.000,0.000,5,700,,0.258806818,51.7742,4.063519955,4.055234909,1.650321603
2026-07-28T14:11:05.774171+00:00,447.919425,open,rgb,60.000,0.000,6,700,,0.258863636,51.7976,4.063553810,4.055326939,1.650426865
2026-07-28T14:11:05.924587+00:00,448.069840,open,rgb,60.000,0.000,7,700,,0.258806818,51.8152,4.063480854,4.055240154,1.650464892
2026-07-28T14:11:06.075000+00:00,448.220254,open,rgb,60.000,0.000,8,700,,0.258920455,51.8386,4.063652039,4.055356503,1.650308967
2026-07-28T14:11:06.225316+00:00,448.370570,open,rgb,60.000,0.000,9,700,,0.258892045,51.8649,4.063617229,4.055386543,1.650440454
2026-07-28T14:11:06.375589+00:00,448.520840,open,rgb,60.000,0.000,10,700,,0.258863636,51.8766,4.063654900,4.055391312,1.650104284
2026-07-28T14:11:06.526305+00:00,448.671555,open,rgb,60.000,0.000,11,700,,0.258778409,51.8883,4.063618183,4.055431366,1.650179267
2026-07-28T14:11:06.676987+00:00,448.822236,open,rgb,60.000,0.000,12,700,,0.258863636,51.8942,4.063598156,4.055294037,1.650543094
2026-07-28T14:11:06.827424+00:00,448.972678,open,rgb,60.000,0.000,13,700,,0.258892045,51.8971,4.063570976,4.055193424,1.650347948
2026-07-28T14:11:06.977663+00:00,449.122917,open,rgb,60.000,0.000,14,700,,0.258948864,51.9059,4.063608170,4.055378914,1.650626063
2026-07-28T14:11:07.127957+00:00,449.273209,open,rgb,60.000,0.000,15,700,,0.258863636,51.9088,4.063595295,4.055357456,1.650530577
2026-07-28T14:11:07.278314+00:00,449.423564,open,rgb,60.000,0.000,16,700,,0.258920455,51.9235,4.063634396,4.055406570,1.650447845
2026-07-28T14:11:07.428625+00:00,449.573878,open,rgb,60.000,0.000,17,700,,0.258948864,51.9410,4.063570499,4.055345535,1.650608420
2026-07-28T14:11:07.578891+00:00,449.724145,open,rgb,60.000,0.000,18,700,,0.258835227,51.9469,4.063579559,4.055325508,1.650327444
2026-07-28T14:11:07.729080+00:00,449.874335,open,rgb,60.000,0.000,19,700,,0.258863636,51.9616,4.063753128,4.055502415,1.650479555
2026-07-28T14:11:12.981262+00:00,455.126512,open,rgb,60.000,90.000,0,700,,0.258948864,52.4537,4.066688538,4.059113503,1.650609732
2026-07-28T14:11:13.131915+00:00,455.277168,open,rgb,60.000,90.000,1,700,,0.258920455,52.4448,4.066539764,4.059012413,1.650359154
2026-07-28T14:11:13.282503+00:00,455.427752,open,rgb,60.000,90.000,2,700,,0.258920455,52.4537,4.066649437,4.059122086,1.650500298
2026-07-28T14:11:13.432906+00:00,455.578159,open,rgb,60.000,90.000,3,700,,0.258892045,52.4448,4.066668510,4.059110165,1.650581837
2026-07-28T14:11:13.582976+00:00,455.728227,open,rgb,60.000,90.000,4,700,,0.258920455,52.4359,4.066440582,4.058866501,1.650278926
2026-07-28T14:11:13.733367+00:00,455.878620,open,rgb,60.000,90.000,5,700,,0.258948864,52.4537,4.066942215,4.059388161,1.650517225
2026-07-28T14:11:13.883878+00:00,456.029131,open,rgb,60.000,90.000,6,700,,0.258863636,52.4685,4.066830158,4.059291840,1.650538206
2026-07-28T14:11:14.034240+00:00,456.179495,open,rgb,60.000,90.000,7,700,,0.258948864,52.4952,4.066956520,4.059297085,1.650538445
2026-07-28T14:11:14.184592+00:00,456.329847,open,rgb,60.000,90.000,8,700,,0.258948864,52.5218,4.066832542,4.059259415,1.650691748
2026-07-28T14:11:14.335094+00:00,456.480348,open,rgb,60.000,90.000,9,700,,0.258892045,52.5426,4.066854000,4.059302330,1.650443912
2026-07-28T14:11:14.485538+00:00,456.630791,open,rgb,60.000,90.000,10,700,,0.258920455,52.5574,4.066931725,4.059373379,1.650392175
2026-07-28T14:11:14.636057+00:00,456.781310,open,rgb,60.000,90.000,11,700,,0.258863636,52.5664,4.066854477,4.059509754,1.650655389
2026-07-28T14:11:14.786478+00:00,456.931733,open,rgb,60.000,90.000,12,700,,0.258892045,52.5782,4.066759109,4.059200287,1.649946094
2026-07-28T14:11:14.936858+00:00,457.082111,open,rgb,60.000,90.000,13,700,,0.258977273,52.6079,4.066823006,4.059323311,1.650509357
2026-07-28T14:11:15.087220+00:00,457.232474,open,rgb,60.000,90.000,14,700,,0.258863636,52.6198,4.066833973,4.059309006,1.650574327
2026-07-28T14:11:15.237614+00:00,457.382869,open,rgb,60.000,90.000,15,700,,0.258977273,52.6406,4.067042351,4.059432030,1.650579691
2026-07-28T14:11:15.388041+00:00,457.533293,open,rgb,60.000,90.000,16,700,,0.258977273,52.6525,4.066992760,4.059478283,1.650639296
2026-07-28T14:11:15.538420+00:00,457.683674,open,rgb,60.000,90.000,17,700,,0.258920455,52.6555,4.066955566,4.059385300,1.650408983
2026-07-28T14:11:15.688745+00:00,457.833999,open,rgb,60.000,90.000,18,700,,0.258977273,52.6644,4.067166805,4.059741974,1.650571346
2026-07-28T14:11:15.839096+00:00,457.984350,open,rgb,60.000,90.000,19,700,,0.258806818,52.6614,4.067257404,4.059737206,1.650648475
2026-07-28T14:11:26.193950+00:00,468.339201,open,dark,75.000,-90.000,0,0,,0.000681818,53.0556,4.896925926,4.903622150,1.651210308
2026-07-28T14:11:26.344432+00:00,468.489682,open,dark,75.000,-90.000,1,0,,0.000681818,53.0017,4.896938324,4.903613567,1.650998831
2026-07-28T14:11:26.494706+00:00,468.639960,open,dark,75.000,-90.000,2,0,,0.000681818,52.9388,4.896962166,4.903625488,1.651207089
2026-07-28T14:11:26.644932+00:00,468.790186,open,dark,75.000,-90.000,3,0,,0.000681818,52.8641,4.896942139,4.903630733,1.651060104
2026-07-28T14:11:26.795091+00:00,468.940345,open,dark,75.000,-90.000,4,0,,0.000681818,52.7955,4.896952629,4.903604507,1.651042581
2026-07-28T14:11:26.945237+00:00,469.090491,open,dark,75.000,-90.000,5,0,,0.000681818,52.7299,4.896955967,4.903609753,1.651116014
2026-07-28T14:11:27.095542+00:00,469.240796,open,dark,75.000,-90.000,6,0,,0.000681818,52.6525,4.896945000,4.903610229,1.650862575
2026-07-28T14:11:27.245803+00:00,469.391056,open,dark,75.000,-90.000,7,0,,0.000681818,52.5871,4.896947861,4.903626919,1.651205897
2026-07-28T14:11:27.396033+00:00,469.541286,open,dark,75.000,-90.000,8,0,,0.000681818,52.5100,4.896947861,4.903612614,1.651212454
2026-07-28T14:11:27.546515+00:00,469.691765,open,dark,75.000,-90.000,9,0,,0.000681818,52.4359,4.896944046,4.903624535,1.650271297
2026-07-28T14:11:27.697184+00:00,469.842433,open,dark,75.000,-90.000,10,0,,0.000681818,52.3738,4.896948338,4.903608322,1.651132941
2026-07-28T14:11:27.847637+00:00,469.992887,open,dark,75.000,-90.000,11,0,,0.000681818,52.2852,4.896943092,4.903592110,1.650976658
2026-07-28T14:11:27.997985+00:00,470.143238,open,dark,75.000,-90.000,12,0,,0.000681818,52.2232,4.896923065,4.903596878,1.651071310
2026-07-28T14:11:28.148353+00:00,470.293606,open,dark,75.000,-90.000,13,0,,0.000681818,52.1466,4.896929741,4.903594017,1.651147008
2026-07-28T14:11:28.298610+00:00,470.443865,open,dark,75.000,-90.000,14,0,,0.000681818,52.0643,4.896923065,4.903598785,1.650831103
2026-07-28T14:11:28.448796+00:00,470.594050,open,dark,75.000,-90.000,15,0,,0.000681818,51.9938,4.896925926,4.903616905,1.651098013
2026-07-28T14:11:28.599092+00:00,470.744346,open,dark,75.000,-90.000,16,0,,0.000681818,51.9029,4.896926403,4.903584003,1.650546193
2026-07-28T14:11:28.749457+00:00,470.894709,open,dark,75.000,-90.000,17,0,,0.000681818,51.8444,4.896922588,4.903575897,1.650966167
2026-07-28T14:11:28.899737+00:00,471.044991,open,dark,75.000,-90.000,18,0,,0.000681818,51.7772,4.896926403,4.903588772,1.651137233
2026-07-28T14:11:29.049968+00:00,471.195221,open,dark,75.000,-90.000,19,0,,0.000681818,51.6954,4.896927834,4.903587341,1.651023030
2026-07-28T14:11:33.223759+00:00,475.369008,open,rgb,75.000,-90.000,0,700,,0.258750000,51.1501,4.064446449,4.057436943,1.650854588
2026-07-28T14:11:33.374132+00:00,475.519385,open,rgb,75.000,-90.000,1,700,,0.258693182,51.1703,4.064367771,4.057364941,1.650602102
2026-07-28T14:11:33.524406+00:00,475.669661,open,rgb,75.000,-90.000,2,700,,0.258778409,51.1992,4.064656258,4.057611942,1.650846243
2026-07-28T14:11:33.674762+00:00,475.820012,open,rgb,75.000,-90.000,3,700,,0.258636364,51.2165,4.064467430,4.057407856,1.650683165
2026-07-28T14:11:33.825067+00:00,475.970318,open,rgb,75.000,-90.000,4,700,,0.258750000,51.2483,4.064368725,4.057257652,1.650485396
2026-07-28T14:11:33.975432+00:00,476.120685,open,rgb,75.000,-90.000,5,700,,0.258806818,51.2772,4.064445019,4.057480335,1.650931478
2026-07-28T14:11:34.125720+00:00,476.270973,open,rgb,75.000,-90.000,6,700,,0.258778409,51.2859,4.064331055,4.057361603,1.650325060
2026-07-28T14:11:34.275996+00:00,476.421249,open,rgb,75.000,-90.000,7,700,,0.258806818,51.3264,4.064500332,4.057425499,1.650915384
2026-07-28T14:11:34.426185+00:00,476.571440,open,rgb,75.000,-90.000,8,700,,0.258778409,51.3467,4.064509392,4.057460785,1.650925159
2026-07-28T14:11:34.576643+00:00,476.721896,open,rgb,75.000,-90.000,9,700,,0.258721591,51.3641,4.064399719,4.057421684,1.650549173
2026-07-28T14:11:34.727073+00:00,476.872328,open,rgb,75.000,-90.000,10,700,,0.258778409,51.3901,4.064630508,4.057559013,1.650832057
2026-07-28T14:11:34.877484+00:00,477.022737,open,rgb,75.000,-90.000,11,700,,0.258750000,51.4046,4.064540863,4.057487488,1.650937557
2026-07-28T14:11:35.027902+00:00,477.173157,open,rgb,75.000,-90.000,12,700,,0.258778409,51.4278,4.064661026,4.057488918,1.650640249
2026-07-28T14:11:35.178223+00:00,477.323478,open,rgb,75.000,-90.000,13,700,,0.258778409,51.4481,4.064666748,4.057686329,1.650811791
2026-07-28T14:11:35.328598+00:00,477.473853,open,rgb,75.000,-90.000,14,700,,0.258721591,51.4656,4.064631939,4.057653427,1.650789142
2026-07-28T14:11:35.478880+00:00,477.624135,open,rgb,75.000,-90.000,15,700,,0.258835227,51.4917,4.064743042,4.057627201,1.650757909
2026-07-28T14:11:35.629175+00:00,477.774428,open,rgb,75.000,-90.000,16,700,,0.258778409,51.5149,4.064643860,4.057666779,1.650974393
2026-07-28T14:11:35.779648+00:00,477.924903,open,rgb,75.000,-90.000,17,700,,0.258806818,51.5295,4.064837456,4.057837009,1.650773525
2026-07-28T14:11:35.930036+00:00,478.075288,open,rgb,75.000,-90.000,18,700,,0.258721591,51.5411,4.064994812,4.058000565,1.650800109
2026-07-28T14:11:36.080304+00:00,478.225556,open,rgb,75.000,-90.000,19,700,,0.258750000,51.5527,4.064956665,4.057983398,1.650860190
2026-07-28T14:11:41.331515+00:00,483.476766,open,rgb,75.000,0.000,0,700,,0.258806818,52.1260,4.065479279,4.057465076,1.650626302
2026-07-28T14:11:41.481815+00:00,483.627067,open,rgb,75.000,0.000,1,700,,0.258806818,52.1437,4.065728664,4.057621956,1.650870681
2026-07-28T14:11:41.632007+00:00,483.777261,open,rgb,75.000,0.000,2,700,,0.258835227,52.1525,4.065506458,4.057479858,1.650914669
2026-07-28T14:11:41.782186+00:00,483.927440,open,rgb,75.000,0.000,3,700,,0.258778409,52.1555,4.065357208,4.057054043,1.650676847
2026-07-28T14:11:41.932367+00:00,484.077621,open,rgb,75.000,0.000,4,700,,0.258863636,52.1702,4.064991951,4.056830406,1.650963902
2026-07-28T14:11:42.082513+00:00,484.227767,open,rgb,75.000,0.000,5,700,,0.258806818,52.1849,4.064768791,4.056665421,1.650873661
2026-07-28T14:11:42.232656+00:00,484.377912,open,rgb,75.000,0.000,6,700,,0.258835227,52.1908,4.064858437,4.056702137,1.650670528
2026-07-28T14:11:42.382962+00:00,484.528215,open,rgb,75.000,0.000,7,700,,0.258863636,52.1908,4.064972878,4.056801796,1.650618672
2026-07-28T14:11:42.533152+00:00,484.678404,open,rgb,75.000,0.000,8,700,,0.258778409,52.1937,4.064662933,4.056670666,1.650573373
2026-07-28T14:11:42.683469+00:00,484.828723,open,rgb,75.000,0.000,9,700,,0.258892045,52.2232,4.064789295,4.056776047,1.650747657
2026-07-28T14:11:42.833694+00:00,484.978945,open,rgb,75.000,0.000,10,700,,0.258835227,52.2439,4.064412594,4.056436539,1.651017427
2026-07-28T14:11:42.984091+00:00,485.129344,open,rgb,75.000,0.000,11,700,,0.258920455,52.2616,4.064411163,4.056403160,1.650777936
2026-07-28T14:11:43.134402+00:00,485.279651,open,rgb,75.000,0.000,12,700,,0.258948864,52.2763,4.064699173,4.056530952,1.650597930
2026-07-28T14:11:43.285000+00:00,485.430249,open,rgb,75.000,0.000,13,700,,0.258892045,52.2881,4.064452171,4.056442738,1.650801778
2026-07-28T14:11:43.435623+00:00,485.580872,open,rgb,75.000,0.000,14,700,,0.258920455,52.3147,4.064693928,4.056514740,1.650768161
2026-07-28T14:11:43.585972+00:00,485.731222,open,rgb,75.000,0.000,15,700,,0.258977273,52.3383,4.064594746,4.056505203,1.650907278
2026-07-28T14:11:43.735876+00:00,485.881125,open,rgb,75.000,0.000,16,700,,0.258948864,52.3472,4.064476490,4.056476593,1.650691748
2026-07-28T14:11:43.886262+00:00,486.031513,open,rgb,75.000,0.000,17,700,,0.258920455,52.3649,4.064631462,4.056583881,1.650817752
2026-07-28T14:11:44.036830+00:00,486.182083,open,rgb,75.000,0.000,18,700,,0.258892045,52.3708,4.064578056,4.056482792,1.650947571
2026-07-28T14:11:44.187270+00:00,486.332523,open,rgb,75.000,0.000,19,700,,0.258920455,52.3827,4.064522266,4.056437969,1.650693893
2026-07-28T14:11:49.438996+00:00,491.584246,open,rgb,75.000,90.000,0,700,,0.258806818,52.7299,4.067723751,4.060301781,1.650753021
2026-07-28T14:11:49.589346+00:00,491.734599,open,rgb,75.000,90.000,1,700,,0.258636364,52.7418,4.067577839,4.060129166,1.651094079
2026-07-28T14:11:49.739591+00:00,491.884845,open,rgb,75.000,90.000,2,700,,0.258778409,52.7507,4.067588329,4.060142517,1.650808930
2026-07-28T14:11:49.889829+00:00,492.035082,open,rgb,75.000,90.000,3,700,,0.258835227,52.7597,4.067719936,4.060297489,1.650878549
2026-07-28T14:11:50.040120+00:00,492.185373,open,rgb,75.000,90.000,4,700,,0.258778409,52.7597,4.067656517,4.060199738,1.650954962
2026-07-28T14:11:50.190282+00:00,492.335536,open,rgb,75.000,90.000,5,700,,0.258778409,52.7627,4.067843914,4.060115814,1.650718331
2026-07-28T14:11:50.340477+00:00,492.485732,open,rgb,75.000,90.000,6,700,,0.258863636,52.7746,4.067722797,4.060297012,1.650940537
2026-07-28T14:11:50.490650+00:00,492.635904,open,rgb,75.000,90.000,7,700,,0.258806818,52.7865,4.067621231,4.060205460,1.650743723
2026-07-28T14:11:50.640902+00:00,492.786155,open,rgb,75.000,90.000,8,700,,0.258835227,52.8014,4.067978382,4.060571194,1.650844097
2026-07-28T14:11:50.791065+00:00,492.936319,open,rgb,75.000,90.000,9,700,,0.258664773,52.7805,4.067974567,4.060519695,1.650665641
2026-07-28T14:11:50.941270+00:00,493.086525,open,rgb,75.000,90.000,10,700,,0.258778409,52.7686,4.067903042,4.060475349,1.650593281
2026-07-28T14:11:51.091421+00:00,493.236675,open,rgb,75.000,90.000,11,700,,0.258750000,52.7776,4.068025589,4.060603619,1.650834799
2026-07-28T14:11:51.241540+00:00,493.386794,open,rgb,75.000,90.000,12,700,,0.258693182,52.7865,4.068084240,4.060625553,1.650781870
2026-07-28T14:11:51.391692+00:00,493.536947,open,rgb,75.000,90.000,13,700,,0.258693182,52.8014,4.068178654,4.060593128,1.650649548
2026-07-28T14:11:51.541811+00:00,493.687066,open,rgb,75.000,90.000,14,700,,0.258778409,52.8193,4.068041801,4.060683250,1.650817275
2026-07-28T14:11:51.691972+00:00,493.837227,open,rgb,75.000,90.000,15,700,,0.258664773,52.8342,4.068009377,4.060618401,1.650601149
2026-07-28T14:11:51.842208+00:00,493.987462,open,rgb,75.000,90.000,16,700,,0.258778409,52.8641,4.068136692,4.060729504,1.650729060
2026-07-28T14:11:51.992412+00:00,494.137666,open,rgb,75.000,90.000,17,700,,0.258721591,52.8999,4.068064213,4.060636044,1.650906563
2026-07-28T14:11:52.142744+00:00,494.287997,open,rgb,75.000,90.000,18,700,,0.258693182,52.9298,4.067978382,4.060617924,1.650706172
2026-07-28T14:11:52.292883+00:00,494.438137,open,rgb,75.000,90.000,19,700,,0.258778409,52.9568,4.068189144,4.060781956,1.650741100
2026-07-28T14:12:02.648743+00:00,504.793994,open,dark,90.000,-90.000,0,0,,0.000710227,53.3865,4.896906853,4.903645992,1.651194930
2026-07-28T14:12:02.799086+00:00,504.944340,open,dark,90.000,-90.000,1,0,,0.000710227,53.2870,4.896906376,4.903627396,1.651073575
2026-07-28T14:12:02.949468+00:00,505.094722,open,dark,90.000,-90.000,2,0,,0.000710227,53.2118,4.896911621,4.903619766,1.650964141
2026-07-28T14:12:03.099805+00:00,505.245055,open,dark,90.000,-90.000,3,0,,0.000681818,53.1546,4.896903992,4.903625488,1.651163697
2026-07-28T14:12:03.250099+00:00,505.395352,open,dark,90.000,-90.000,4,0,,0.000681818,53.0856,4.896917820,4.903635502,1.650882840
2026-07-28T14:12:03.400279+00:00,505.545532,open,dark,90.000,-90.000,5,0,,0.000710227,53.0286,4.896927357,4.903627872,1.651171684
2026-07-28T14:12:03.550626+00:00,505.695877,open,dark,90.000,-90.000,6,0,,0.000710227,52.9598,4.896913528,4.903627872,1.651215196
2026-07-28T14:12:03.700692+00:00,505.845942,open,dark,90.000,-90.000,7,0,,0.000710227,52.8910,4.896909237,4.903589249,1.650914192
2026-07-28T14:12:03.851279+00:00,505.996531,open,dark,90.000,-90.000,8,0,,0.000681818,52.8372,4.896886826,4.903586388,1.651200771
2026-07-28T14:12:04.001711+00:00,506.146964,open,dark,90.000,-90.000,9,0,,0.000681818,52.7597,4.896887779,4.903604507,1.651078701
2026-07-28T14:12:04.152488+00:00,506.297738,open,dark,90.000,-90.000,10,0,,0.000681818,52.6942,4.896878242,4.903589725,1.650269628
2026-07-28T14:12:04.302853+00:00,506.448105,open,dark,90.000,-90.000,11,0,,0.000681818,52.6317,4.896883011,4.903595448,1.651278377
2026-07-28T14:12:04.453919+00:00,506.599167,open,dark,90.000,-90.000,12,0,,0.000681818,52.5723,4.896881104,4.903594971,1.650979042
2026-07-28T14:12:04.604535+00:00,506.749788,open,dark,90.000,-90.000,13,0,,0.000710227,52.4744,4.896899223,4.903606415,1.650566936
2026-07-28T14:12:04.754971+00:00,506.900225,open,dark,90.000,-90.000,14,0,,0.000681818,52.4063,4.896900177,4.903582573,1.651285291
2026-07-28T14:12:04.905358+00:00,507.050611,open,dark,90.000,-90.000,15,0,,0.000681818,52.3383,4.896894455,4.903577805,1.650977373
2026-07-28T14:12:05.055825+00:00,507.201077,open,dark,90.000,-90.000,16,0,,0.000710227,52.2675,4.896903515,4.903577805,1.651130199
2026-07-28T14:12:05.206295+00:00,507.351545,open,dark,90.000,-90.000,17,0,,0.000681818,52.1849,4.896908283,4.903585911,1.651133895
2026-07-28T14:12:05.356788+00:00,507.502042,open,dark,90.000,-90.000,18,0,,0.000681818,52.1113,4.896905899,4.903590202,1.651096225
2026-07-28T14:12:05.507173+00:00,507.652428,open,dark,90.000,-90.000,19,0,,0.000710227,52.0290,4.896908283,4.903570175,1.651150465
2026-07-28T14:12:09.680997+00:00,511.826245,open,rgb,90.000,-90.000,0,700,,0.258806818,51.4830,4.063702583,4.056355953,1.651053786
2026-07-28T14:12:09.831447+00:00,511.976700,open,rgb,90.000,-90.000,1,700,,0.258863636,51.5149,4.063581944,4.056213856,1.651311636
2026-07-28T14:12:09.981640+00:00,512.126894,open,rgb,90.000,-90.000,2,700,,0.258835227,51.5353,4.063666821,4.056340218,1.651012063
2026-07-28T14:12:10.132095+00:00,512.277348,open,rgb,90.000,-90.000,3,700,,0.258721591,51.5498,4.063776970,4.056459427,1.650323868
2026-07-28T14:12:10.282291+00:00,512.427545,open,rgb,90.000,-90.000,4,700,,0.258835227,51.5789,4.063774109,4.056398392,1.651011586
2026-07-28T14:12:10.432445+00:00,512.577699,open,rgb,90.000,-90.000,5,700,,0.258835227,51.6022,4.063939571,4.056291103,1.650875092
2026-07-28T14:12:10.582641+00:00,512.727895,open,rgb,90.000,-90.000,6,700,,0.258863636,51.6342,4.063831329,4.056416988,1.651251554
2026-07-28T14:12:10.732771+00:00,512.878024,open,rgb,90.000,-90.000,7,700,,0.258806818,51.6517,4.063786983,4.056464195,1.651071310
2026-07-28T14:12:10.883109+00:00,513.028361,open,rgb,90.000,-90.000,8,700,,0.258806818,51.6750,4.063978672,4.056633472,1.650997400
2026-07-28T14:12:11.033614+00:00,513.178867,open,rgb,90.000,-90.000,9,700,,0.258721591,51.7013,4.063858509,4.056483269,1.651294470
2026-07-28T14:12:11.184041+00:00,513.329296,open,rgb,90.000,-90.000,10,700,,0.258750000,51.7188,4.063849926,4.056479454,1.651052833
2026-07-28T14:12:11.334414+00:00,513.479669,open,rgb,90.000,-90.000,11,700,,0.258863636,51.7421,4.063965797,4.056640148,1.651190758
2026-07-28T14:12:11.484756+00:00,513.630011,open,rgb,90.000,-90.000,12,700,,0.258778409,51.7567,4.063956261,4.056784153,1.651216388
2026-07-28T14:12:11.635317+00:00,513.780567,open,rgb,90.000,-90.000,13,700,,0.258721591,51.7742,4.064317226,4.056796551,1.651101828
2026-07-28T14:12:11.785732+00:00,513.930986,open,rgb,90.000,-90.000,14,700,,0.258778409,51.8005,4.064247608,4.056870461,1.651211500
2026-07-28T14:12:11.936129+00:00,514.081383,open,rgb,90.000,-90.000,15,700,,0.258750000,51.8181,4.064232349,4.056905270,1.650945425
2026-07-28T14:12:12.086567+00:00,514.231821,open,rgb,90.000,-90.000,16,700,,0.258750000,51.8444,4.064387798,4.057005405,1.651026011
2026-07-28T14:12:12.236914+00:00,514.382169,open,rgb,90.000,-90.000,17,700,,0.258721591,51.8678,4.064257622,4.056949139,1.651167035
2026-07-28T14:12:12.387292+00:00,514.532546,open,rgb,90.000,-90.000,18,700,,0.258750000,51.8795,4.064224243,4.056866169,1.650969863
2026-07-28T14:12:12.537646+00:00,514.682900,open,rgb,90.000,-90.000,19,700,,0.258778409,51.9029,4.064423561,4.057119370,1.651094794
2026-07-28T14:12:17.790364+00:00,519.935615,open,rgb,90.000,0.000,0,700,,0.258835227,52.4537,4.066212654,4.058887482,1.651194692
2026-07-28T14:12:17.940630+00:00,520.085882,open,rgb,90.000,0.000,1,700,,0.258778409,52.4685,4.066065788,4.058804512,1.650957346
2026-07-28T14:12:18.091075+00:00,520.236324,open,rgb,90.000,0.000,2,700,,0.258806818,52.4863,4.066031456,4.058737278,1.651225924
2026-07-28T14:12:18.241502+00:00,520.386756,open,rgb,90.000,0.000,3,700,,0.258835227,52.5011,4.065991879,4.058714390,1.651199579
2026-07-28T14:12:18.391881+00:00,520.537135,open,rgb,90.000,0.000,4,700,,0.258835227,52.5189,4.066322327,4.058703899,1.650370479
2026-07-28T14:12:18.542155+00:00,520.687409,open,rgb,90.000,0.000,5,700,,0.258892045,52.5307,4.066108227,4.058814049,1.651057482
2026-07-28T14:12:18.692324+00:00,520.837573,open,rgb,90.000,0.000,6,700,,0.258835227,52.5337,4.065961838,4.058624268,1.651019096
2026-07-28T14:12:18.842644+00:00,520.987897,open,rgb,90.000,0.000,7,700,,0.258920455,52.5396,4.066152096,4.058834553,1.651087284
2026-07-28T14:12:18.993018+00:00,521.138271,open,rgb,90.000,0.000,8,700,,0.258863636,52.5456,4.066060543,4.058770180,1.651210785
2026-07-28T14:12:19.143184+00:00,521.288437,open,rgb,90.000,0.000,9,700,,0.258892045,52.5545,4.066002369,4.058741570,1.650971055
2026-07-28T14:12:19.293843+00:00,521.439092,open,rgb,90.000,0.000,10,700,,0.258920455,52.5723,4.066142559,4.058858871,1.651045203
2026-07-28T14:12:19.444428+00:00,521.589682,open,rgb,90.000,0.000,11,700,,0.258835227,52.5753,4.066101551,4.058839321,1.651249886
2026-07-28T14:12:19.594809+00:00,521.740064,open,rgb,90.000,0.000,12,700,,0.258863636,52.5931,4.066218853,4.058736801,1.651095510
2026-07-28T14:12:19.745185+00:00,521.890438,open,rgb,90.000,0.000,13,700,,0.258920455,52.6050,4.066198826,4.058854580,1.651141405
2026-07-28T14:12:19.895545+00:00,522.040799,open,rgb,90.000,0.000,14,700,,0.258863636,52.6109,4.066169262,4.058868408,1.650960088
2026-07-28T14:12:20.046330+00:00,522.191579,open,rgb,90.000,0.000,15,700,,0.258835227,52.6168,4.066289902,4.059019089,1.650400519
2026-07-28T14:12:20.197119+00:00,522.342367,open,rgb,90.000,0.000,16,700,,0.258863636,52.6466,4.066180229,4.058913231,1.651154160
2026-07-28T14:12:20.347722+00:00,522.492975,open,rgb,90.000,0.000,17,700,,0.258863636,52.6466,4.066142559,4.058867931,1.650948763
2026-07-28T14:12:20.498182+00:00,522.643436,open,rgb,90.000,0.000,18,700,,0.258920455,52.6585,4.066296101,4.059003830,1.651044011
2026-07-28T14:12:20.648753+00:00,522.794005,open,rgb,90.000,0.000,19,700,,0.258863636,52.6614,4.066169739,4.058838367,1.651192904
2026-07-28T14:12:25.900844+00:00,528.046093,open,rgb,90.000,90.000,0,700,,0.258948864,53.1607,4.067584991,4.059548855,1.651012540
2026-07-28T14:12:26.051355+00:00,528.196608,open,rgb,90.000,90.000,1,700,,0.258977273,53.1817,4.067789078,4.059774876,1.651127815
2026-07-28T14:12:26.201790+00:00,528.347042,open,rgb,90.000,90.000,2,700,,0.258863636,53.1937,4.067731857,4.059697628,1.651217341
2026-07-28T14:12:26.352506+00:00,528.497757,open,rgb,90.000,90.000,3,700,,0.258892045,53.2148,4.067784786,4.059651375,1.650988579
2026-07-28T14:12:26.502994+00:00,528.648247,open,rgb,90.000,90.000,4,700,,0.258920455,53.2298,4.067804337,4.059808731,1.651072860
2026-07-28T14:12:26.653476+00:00,528.798729,open,rgb,90.000,90.000,5,700,,0.258863636,53.2418,4.068228722,4.060180187,1.650942206
2026-07-28T14:12:26.803863+00:00,528.949117,open,rgb,90.000,90.000,6,700,,0.258778409,53.2509,4.068201065,4.060084820,1.650877714
2026-07-28T14:12:26.954181+00:00,529.099435,open,rgb,90.000,90.000,7,700,,0.258920455,53.2750,4.068025112,4.059995651,1.651166081
2026-07-28T14:12:27.104523+00:00,529.249776,open,rgb,90.000,90.000,8,700,,0.258835227,53.2720,4.068012714,4.059948444,1.650896072
2026-07-28T14:12:27.254848+00:00,529.400101,open,rgb,90.000,90.000,9,700,,0.258835227,53.2870,4.068103790,4.060032368,1.651118279
2026-07-28T14:12:27.405188+00:00,529.550441,open,rgb,90.000,90.000,10,700,,0.258863636,53.2900,4.068053246,4.060003281,1.651243925
2026-07-28T14:12:27.555564+00:00,529.700818,open,rgb,90.000,90.000,11,700,,0.258835227,53.3021,4.068120956,4.059908867,1.650973439
2026-07-28T14:12:27.705999+00:00,529.851253,open,rgb,90.000,90.000,12,700,,0.258835227,53.3171,4.068089485,4.060074806,1.651169062
2026-07-28T14:12:27.856470+00:00,530.001721,open,rgb,90.000,90.000,13,700,,0.258835227,53.3292,4.068068027,4.059861660,1.651138783
2026-07-28T14:12:28.007085+00:00,530.152336,open,rgb,90.000,90.000,14,700,,0.258948864,53.3564,4.067953587,4.059895992,1.651095986
2026-07-28T14:12:28.157520+00:00,530.302770,open,rgb,90.000,90.000,15,700,,0.259005682,53.3775,4.067973614,4.059882641,1.651256680
2026-07-28T14:12:28.308052+00:00,530.453305,open,rgb,90.000,90.000,16,700,,0.258920455,53.3835,4.067947388,4.059892654,1.650924206
2026-07-28T14:12:28.458463+00:00,530.603718,open,rgb,90.000,90.000,17,700,,0.258920455,53.4016,4.068070889,4.059998989,1.651067972
2026-07-28T14:12:28.608824+00:00,530.754079,open,rgb,90.000,90.000,18,700,,0.258892045,53.4107,4.067973137,4.059910297,1.651283026
2026-07-28T14:12:28.759098+00:00,530.904349,open,rgb,90.000,90.000,19,700,,0.258920455,53.4228,4.068044662,4.059819221,1.650961995
2026-07-28T14:12:37.112319+00:00,539.257570,open,rgb_repeat,0.000,-90.000,0,700,,0.258920455,53.8750,4.070539951,4.060897350,1.649988651
2026-07-28T14:12:37.262765+00:00,539.408010,open,rgb_repeat,0.000,-90.000,1,700,,0.258778409,53.8719,4.070559978,4.060868740,1.649920940
2026-07-28T14:12:37.413286+00:00,539.558538,open,rgb_repeat,0.000,-90.000,2,700,,0.258806818,53.8811,4.070644855,4.060893059,1.649818182
2026-07-28T14:12:37.563750+00:00,539.709005,open,rgb_repeat,0.000,-90.000,3,700,,0.258892045,53.8963,4.070522308,4.060937405,1.650086284
2026-07-28T14:12:37.714200+00:00,539.859454,open,rgb_repeat,0.000,-90.000,4,700,,0.258835227,53.8994,4.070652962,4.061018944,1.649743199
2026-07-28T14:12:37.864682+00:00,540.009935,open,rgb_repeat,0.000,-90.000,5,700,,0.258750000,53.9024,4.070620060,4.061041832,1.649980783
2026-07-28T14:12:38.015155+00:00,540.160408,open,rgb_repeat,0.000,-90.000,6,700,,0.258778409,53.9177,4.070542336,4.060960293,1.650106072
2026-07-28T14:12:38.165620+00:00,540.310873,open,rgb_repeat,0.000,-90.000,7,700,,0.258778409,53.9330,4.070641041,4.061001778,1.649772048
2026-07-28T14:12:38.316042+00:00,540.461296,open,rgb_repeat,0.000,-90.000,8,700,,0.258835227,53.9452,4.070742607,4.061169147,1.649890423
2026-07-28T14:12:38.466401+00:00,540.611655,open,rgb_repeat,0.000,-90.000,9,700,,0.258863636,53.9452,4.070640087,4.061013222,1.649837494
2026-07-28T14:12:38.616752+00:00,540.762008,open,rgb_repeat,0.000,-90.000,10,700,,0.258835227,53.9574,4.070721626,4.061101913,1.649803758
2026-07-28T14:12:38.767180+00:00,540.912432,open,rgb_repeat,0.000,-90.000,11,700,,0.258806818,53.9635,4.070684433,4.061138630,1.649984241
2026-07-28T14:12:38.917726+00:00,541.062977,open,rgb_repeat,0.000,-90.000,12,700,,0.258835227,53.9635,4.070626259,4.061022758,1.649684191
2026-07-28T14:12:39.068267+00:00,541.213520,open,rgb_repeat,0.000,-90.000,13,700,,0.258863636,53.9757,4.070692539,4.061192513,1.649949789
2026-07-28T14:12:39.218673+00:00,541.363927,open,rgb_repeat,0.000,-90.000,14,700,,0.258863636,53.9788,4.070669651,4.061098099,1.650059700
2026-07-28T14:12:39.369242+00:00,541.514496,open,rgb_repeat,0.000,-90.000,15,700,,0.258806818,53.9910,4.070669174,4.061006546,1.649795771
2026-07-28T14:12:39.519632+00:00,541.664886,open,rgb_repeat,0.000,-90.000,16,700,,0.258835227,54.0002,4.070749760,4.061167717,1.649974942
2026-07-28T14:12:39.670003+00:00,541.815257,open,rgb_repeat,0.000,-90.000,17,700,,0.258806818,54.0002,4.070667267,4.061130047,1.649803996
2026-07-28T14:12:39.820426+00:00,541.965682,open,rgb_repeat,0.000,-90.000,18,700,,0.258863636,54.0063,4.070762634,4.061167240,1.649826050
2026-07-28T14:12:39.970756+00:00,542.116011,open,rgb_repeat,0.000,-90.000,19,700,,0.258806818,54.0124,4.070715904,4.061192513,1.649975181
