timestamp_utc,elapsed_s,mode,led,polar_deg,azimuth_deg,sample_index,dac_code,target_current_a,led_current_a,bridge_temperature_c,sgt_tia_v,sol_tia_v,external_pd_v
2026-07-28T18:36:37.494135+00:00,310.275661,open,dark,-90.000,-90.000,0,0,,0.000681818,53.3202,4.897045135,4.903620243,1.649860144
2026-07-28T18:36:37.644836+00:00,310.426371,open,dark,-90.000,-90.000,1,0,,0.000681818,53.2599,4.897029400,4.903601646,1.649688840
2026-07-28T18:36:37.795280+00:00,310.576820,open,dark,-90.000,-90.000,2,0,,0.000681818,53.1847,4.897045612,4.903625488,1.649455190
2026-07-28T18:36:37.945623+00:00,310.727163,open,dark,-90.000,-90.000,3,0,,0.000681818,53.1156,4.897091866,4.903665066,1.649669528
2026-07-28T18:36:38.096040+00:00,310.877578,open,dark,-90.000,-90.000,4,0,,0.000681818,53.0466,4.897129059,4.903708458,1.649506211
2026-07-28T18:36:38.246380+00:00,311.027919,open,dark,-90.000,-90.000,5,0,,0.000681818,52.9807,4.897185802,4.903769016,1.649840355
2026-07-28T18:36:38.396747+00:00,311.178288,open,dark,-90.000,-90.000,6,0,,0.000681818,52.9029,4.897216320,4.903827667,1.649595261
2026-07-28T18:36:38.547101+00:00,311.328640,open,dark,-90.000,-90.000,7,0,,0.000681818,52.8253,4.897282124,4.903859615,1.649638057
2026-07-28T18:36:38.697502+00:00,311.479043,open,dark,-90.000,-90.000,8,0,,0.000681818,52.7448,4.897312164,4.903883457,1.649895549
2026-07-28T18:36:38.847878+00:00,311.629418,open,dark,-90.000,-90.000,9,0,,0.000681818,52.6763,4.897338867,4.903942108,1.649802804
2026-07-28T18:36:38.998220+00:00,311.779761,open,dark,-90.000,-90.000,10,0,,0.000681818,52.5960,4.897364140,4.903959751,1.649770856
2026-07-28T18:36:39.148655+00:00,311.930192,open,dark,-90.000,-90.000,11,0,,0.000681818,52.5189,4.897374630,4.903958321,1.649680257
2026-07-28T18:36:39.298993+00:00,312.080534,open,dark,-90.000,-90.000,12,0,,0.000681818,52.4418,4.897394180,4.903982639,1.649725199
2026-07-28T18:36:39.449390+00:00,312.230928,open,dark,-90.000,-90.000,13,0,,0.000681818,52.3620,4.897390366,4.903973579,1.649855256
2026-07-28T18:36:39.599953+00:00,312.381489,open,dark,-90.000,-90.000,14,0,,0.000681818,52.2734,4.897369862,4.903956413,1.649649262
2026-07-28T18:36:39.750426+00:00,312.531966,open,dark,-90.000,-90.000,15,0,,0.000710227,52.2026,4.897355556,4.903955936,1.649741054
2026-07-28T18:36:39.900854+00:00,312.682394,open,dark,-90.000,-90.000,16,0,,0.000681818,52.1202,4.897374153,4.903967857,1.649798870
2026-07-28T18:36:40.051138+00:00,312.832679,open,dark,-90.000,-90.000,17,0,,0.000681818,52.0467,4.897355080,4.903950691,1.649603605
2026-07-28T18:36:40.201481+00:00,312.983022,open,dark,-90.000,-90.000,18,0,,0.000681818,51.9733,4.897349358,4.903954983,1.649821877
2026-07-28T18:36:40.351883+00:00,313.133422,open,dark,-90.000,-90.000,19,0,,0.000681818,51.8971,4.897357464,4.903928757,1.649789333
2026-07-28T18:36:44.545903+00:00,317.327437,open,rgb,-90.000,-90.000,0,700,,0.258977273,51.2656,4.061136723,4.057962418,1.649576545
2026-07-28T18:36:44.696196+00:00,317.477731,open,rgb,-90.000,-90.000,1,700,,0.258920455,51.2917,4.061094761,4.057946205,1.649513006
2026-07-28T18:36:44.846774+00:00,317.628309,open,rgb,-90.000,-90.000,2,700,,0.258977273,51.3061,4.061207294,4.058023453,1.649513960
2026-07-28T18:36:44.997213+00:00,317.778751,open,rgb,-90.000,-90.000,3,700,,0.258920455,51.3293,4.061124802,4.058000088,1.649745941
2026-07-28T18:36:45.147528+00:00,317.929068,open,rgb,-90.000,-90.000,4,700,,0.258863636,51.3438,4.061062336,4.057919025,1.649533272
2026-07-28T18:36:45.297772+00:00,318.079312,open,rgb,-90.000,-90.000,5,700,,0.258977273,51.3669,4.061190605,4.058077812,1.649655581
2026-07-28T18:36:45.448003+00:00,318.229542,open,rgb,-90.000,-90.000,6,700,,0.258892045,51.3814,4.061133862,4.057976246,1.649781585
2026-07-28T18:36:45.598277+00:00,318.379816,open,rgb,-90.000,-90.000,7,700,,0.258948864,51.4017,4.061197281,4.057960987,1.649670720
2026-07-28T18:36:45.748474+00:00,318.530015,open,rgb,-90.000,-90.000,8,700,,0.258920455,51.4249,4.061260223,4.058102608,1.649696350
2026-07-28T18:36:45.898635+00:00,318.680176,open,rgb,-90.000,-90.000,9,700,,0.258892045,51.4394,4.061228275,4.058121681,1.649596810
2026-07-28T18:36:46.048983+00:00,318.830519,open,rgb,-90.000,-90.000,10,700,,0.258920455,51.4481,4.061428070,4.058259964,1.648825049
2026-07-28T18:36:46.199241+00:00,318.980782,open,rgb,-90.000,-90.000,11,700,,0.258948864,51.4801,4.061236382,4.058143139,1.649761319
2026-07-28T18:36:46.349499+00:00,319.131035,open,rgb,-90.000,-90.000,12,700,,0.258948864,51.4946,4.061299801,4.058179379,1.649622440
2026-07-28T18:36:46.499829+00:00,319.281367,open,rgb,-90.000,-90.000,13,700,,0.258892045,51.5149,4.061358452,4.058274269,1.649642110
2026-07-28T18:36:46.650058+00:00,319.431597,open,rgb,-90.000,-90.000,14,700,,0.258892045,51.5295,4.061278820,4.058180332,1.649783969
2026-07-28T18:36:46.800494+00:00,319.582031,open,rgb,-90.000,-90.000,15,700,,0.258863636,51.5556,4.061404228,4.058221817,1.649682999
2026-07-28T18:36:46.953177+00:00,319.734711,open,rgb,-90.000,-90.000,16,700,,0.258920455,51.5906,4.061428070,4.058286190,1.649724722
2026-07-28T18:36:47.103788+00:00,319.885324,open,rgb,-90.000,-90.000,17,700,,0.258892045,51.5906,4.061385632,4.058210373,1.649616480
2026-07-28T18:36:47.254149+00:00,320.035689,open,rgb,-90.000,-90.000,18,700,,0.258892045,51.6080,4.061474323,4.058404922,1.649549127
2026-07-28T18:36:47.404434+00:00,320.185974,open,rgb,-90.000,-90.000,19,700,,0.258948864,51.6284,4.061573982,4.058433056,1.649597764
2026-07-28T18:36:49.759534+00:00,322.541069,open,rgb,-90.000,-85.000,0,700,,0.258892045,51.8942,4.061614990,4.058453560,1.649567008
2026-07-28T18:36:49.909826+00:00,322.691365,open,rgb,-90.000,-85.000,1,700,,0.258920455,51.9147,4.061741352,4.058571815,1.649538159
2026-07-28T18:36:50.060025+00:00,322.841564,open,rgb,-90.000,-85.000,2,700,,0.258977273,51.9352,4.061619282,4.058510780,1.649647832
2026-07-28T18:36:50.210375+00:00,322.991914,open,rgb,-90.000,-85.000,3,700,,0.258920455,51.9410,4.061661243,4.058451176,1.649542809
2026-07-28T18:36:50.360622+00:00,323.142162,open,rgb,-90.000,-85.000,4,700,,0.258948864,51.9557,4.061751842,4.058678627,1.649551153
2026-07-28T18:36:50.510955+00:00,323.292494,open,rgb,-90.000,-85.000,5,700,,0.258863636,51.9645,4.061718941,4.058578491,1.649691701
2026-07-28T18:36:50.661142+00:00,323.442682,open,rgb,-90.000,-85.000,6,700,,0.258948864,51.9792,4.061818123,4.058429241,1.649492502
2026-07-28T18:36:50.811369+00:00,323.592909,open,rgb,-90.000,-85.000,7,700,,0.258977273,51.9997,4.061745167,4.058588982,1.649708271
2026-07-28T18:36:50.961478+00:00,323.743020,open,rgb,-90.000,-85.000,8,700,,0.258948864,52.0114,4.061794758,4.058598042,1.649585247
2026-07-28T18:36:51.111578+00:00,323.893118,open,rgb,-90.000,-85.000,9,700,,0.258920455,52.0232,4.061875820,4.058715820,1.649576545
2026-07-28T18:36:51.261821+00:00,324.043361,open,rgb,-90.000,-85.000,10,700,,0.258920455,52.0379,4.061769962,4.058598995,1.649745703
2026-07-28T18:36:51.412150+00:00,324.193688,open,rgb,-90.000,-85.000,11,700,,0.258948864,52.0408,4.061738491,4.058582306,1.649593353
2026-07-28T18:36:51.562472+00:00,324.344010,open,rgb,-90.000,-85.000,12,700,,0.258948864,52.0467,4.061989307,4.058706760,1.649053574
2026-07-28T18:36:51.712659+00:00,324.494198,open,rgb,-90.000,-85.000,13,700,,0.258863636,52.0467,4.061842442,4.058683395,1.649683952
2026-07-28T18:36:51.863101+00:00,324.644639,open,rgb,-90.000,-85.000,14,700,,0.258892045,52.0584,4.061940670,4.058555603,1.649459004
2026-07-28T18:36:52.013308+00:00,324.794848,open,rgb,-90.000,-85.000,15,700,,0.258920455,52.0790,4.061803341,4.058659554,1.649641633
2026-07-28T18:36:52.163455+00:00,324.944989,open,rgb,-90.000,-85.000,16,700,,0.258920455,52.0907,4.061696529,4.058531284,1.649535775
2026-07-28T18:36:52.313898+00:00,325.095436,open,rgb,-90.000,-85.000,17,700,,0.258977273,52.1143,4.061845779,4.058659554,1.649752259
2026-07-28T18:36:52.464304+00:00,325.245837,open,rgb,-90.000,-85.000,18,700,,0.258948864,52.1349,4.061866760,4.058626175,1.649805546
2026-07-28T18:36:52.614672+00:00,325.396210,open,rgb,-90.000,-85.000,19,700,,0.258977273,52.1466,4.061846256,4.058637142,1.649602890
2026-07-28T18:36:54.970007+00:00,327.751541,open,rgb,-90.000,-80.000,0,700,,0.258977273,52.3620,4.061836243,4.058590412,1.649723172
2026-07-28T18:36:55.120669+00:00,327.902206,open,rgb,-90.000,-80.000,1,700,,0.258948864,52.3738,4.061863422,4.058627605,1.649701476
2026-07-28T18:36:55.271209+00:00,328.052744,open,rgb,-90.000,-80.000,2,700,,0.258920455,52.3797,4.061767101,4.058544159,1.649491549
2026-07-28T18:36:55.421535+00:00,328.203074,open,rgb,-90.000,-80.000,3,700,,0.258948864,52.3915,4.061920643,4.058659077,1.649646282
2026-07-28T18:36:55.571851+00:00,328.353390,open,rgb,-90.000,-80.000,4,700,,0.258892045,52.4004,4.061777115,4.058586121,1.649806738
2026-07-28T18:36:55.722107+00:00,328.503647,open,rgb,-90.000,-80.000,5,700,,0.258948864,52.4122,4.061932087,4.058584690,1.649687529
2026-07-28T18:36:55.872360+00:00,328.653900,open,rgb,-90.000,-80.000,6,700,,0.258920455,52.4270,4.062026024,4.058726311,1.649718642
2026-07-28T18:36:56.022584+00:00,328.804125,open,rgb,-90.000,-80.000,7,700,,0.258920455,52.4300,4.061882973,4.058650017,1.649460316
2026-07-28T18:36:56.172740+00:00,328.954279,open,rgb,-90.000,-80.000,8,700,,0.258948864,52.4418,4.062018871,4.058803558,1.649567246
2026-07-28T18:36:56.322920+00:00,329.104457,open,rgb,-90.000,-80.000,9,700,,0.258892045,52.4537,4.062005043,4.058698654,1.649656534
2026-07-28T18:36:56.473091+00:00,329.254631,open,rgb,-90.000,-80.000,10,700,,0.258920455,52.4626,4.061872005,4.058643341,1.649501562
2026-07-28T18:36:56.623382+00:00,329.404922,open,rgb,-90.000,-80.000,11,700,,0.258920455,52.4744,4.062098026,4.058900356,1.649623394
2026-07-28T18:36:56.773567+00:00,329.555104,open,rgb,-90.000,-80.000,12,700,,0.258863636,52.4715,4.062153816,4.058958054,1.649673700
2026-07-28T18:36:56.923983+00:00,329.705520,open,rgb,-90.000,-80.000,13,700,,0.258750000,52.4744,4.062261105,4.058957100,1.649573326
2026-07-28T18:36:57.074153+00:00,329.855692,open,rgb,-90.000,-80.000,14,700,,0.258920455,52.4922,4.062398911,4.059142113,1.649385333
2026-07-28T18:36:57.224415+00:00,330.005955,open,rgb,-90.000,-80.000,15,700,,0.258892045,52.4922,4.062094688,4.058838367,1.649499536
2026-07-28T18:36:57.374627+00:00,330.156160,open,rgb,-90.000,-80.000,16,700,,0.258892045,52.5070,4.061888695,4.058903217,1.649728298
2026-07-28T18:36:57.525023+00:00,330.306561,open,rgb,-90.000,-80.000,17,700,,0.258920455,52.5130,4.062233448,4.059017658,1.649755955
2026-07-28T18:36:57.675385+00:00,330.456925,open,rgb,-90.000,-80.000,18,700,,0.258892045,52.5159,4.062159538,4.058951855,1.649528146
2026-07-28T18:36:57.825626+00:00,330.607163,open,rgb,-90.000,-80.000,19,700,,0.258920455,52.5218,4.062274933,4.059064865,1.649625778
2026-07-28T18:37:00.180688+00:00,332.962223,open,rgb,-90.000,-75.000,0,700,,0.258892045,52.6674,4.061572075,4.058280468,1.649591923
2026-07-28T18:37:00.331259+00:00,333.112798,open,rgb,-90.000,-75.000,1,700,,0.258920455,52.6763,4.061442375,4.058217525,1.649542570
2026-07-28T18:37:00.481642+00:00,333.263181,open,rgb,-90.000,-75.000,2,700,,0.258977273,52.6882,4.061590195,4.058321953,1.649724722
2026-07-28T18:37:00.632134+00:00,333.413674,open,rgb,-90.000,-75.000,3,700,,0.258977273,52.6942,4.061440945,4.058178902,1.649838209
2026-07-28T18:37:00.782547+00:00,333.564087,open,rgb,-90.000,-75.000,4,700,,0.259034091,52.7120,4.061533451,4.058261871,1.649777412
2026-07-28T18:37:00.932983+00:00,333.714522,open,rgb,-90.000,-75.000,5,700,,0.259005682,52.7210,4.061620712,4.058379173,1.649662137
2026-07-28T18:37:01.083159+00:00,333.864699,open,rgb,-90.000,-75.000,6,700,,0.258977273,52.7269,4.061491966,4.058196068,1.649495244
2026-07-28T18:37:01.233282+00:00,334.014822,open,rgb,-90.000,-75.000,7,700,,0.259005682,52.7448,4.061562538,4.058297157,1.649738789
2026-07-28T18:37:01.383826+00:00,334.165363,open,rgb,-90.000,-75.000,8,700,,0.258948864,52.7597,4.061594486,4.058380127,1.649680018
2026-07-28T18:37:01.534108+00:00,334.315647,open,rgb,-90.000,-75.000,9,700,,0.258892045,52.7656,4.061508179,4.058254719,1.649486184
2026-07-28T18:37:01.684281+00:00,334.465821,open,rgb,-90.000,-75.000,10,700,,0.258977273,52.7805,4.061890602,4.058632374,1.649796963
2026-07-28T18:37:01.834475+00:00,334.616015,open,rgb,-90.000,-75.000,11,700,,0.258892045,52.7805,4.061889172,4.058640480,1.649576306
2026-07-28T18:37:01.989055+00:00,334.770589,open,rgb,-90.000,-75.000,12,700,,0.258806818,52.7895,4.062175751,4.058738232,1.648998618
2026-07-28T18:37:02.139563+00:00,334.921097,open,rgb,-90.000,-75.000,13,700,,0.258835227,52.7955,4.061675549,4.058408260,1.649018645
2026-07-28T18:37:02.290073+00:00,335.071612,open,rgb,-90.000,-75.000,14,700,,0.258977273,52.8163,4.061536312,4.058340549,1.649514198
2026-07-28T18:37:02.440450+00:00,335.221990,open,rgb,-90.000,-75.000,15,700,,0.258977273,52.8313,4.061702728,4.058466434,1.649668336
2026-07-28T18:37:02.592675+00:00,335.374210,open,rgb,-90.000,-75.000,16,700,,0.258920455,52.8402,4.061817646,4.058073997,1.649741530
2026-07-28T18:37:02.742913+00:00,335.524451,open,rgb,-90.000,-75.000,17,700,,0.258892045,52.8492,4.061666012,4.058448315,1.649605513
2026-07-28T18:37:02.893254+00:00,335.674790,open,rgb,-90.000,-75.000,18,700,,0.258977273,52.8551,4.061764240,4.058552742,1.649565458
2026-07-28T18:37:03.043686+00:00,335.825225,open,rgb,-90.000,-75.000,19,700,,0.258977273,52.8522,4.061687469,4.058448792,1.649667025
2026-07-28T18:37:05.398683+00:00,338.180219,open,rgb,-90.000,-70.000,0,700,,0.258920455,52.9657,4.061660290,4.058289051,1.648843050
2026-07-28T18:37:05.548970+00:00,338.330509,open,rgb,-90.000,-70.000,1,700,,0.259034091,52.9807,4.061671257,4.058347225,1.649717808
2026-07-28T18:37:05.699325+00:00,338.480865,open,rgb,-90.000,-70.000,2,700,,0.258948864,52.9717,4.061875820,4.058594227,1.649644852
2026-07-28T18:37:05.849472+00:00,338.631012,open,rgb,-90.000,-70.000,3,700,,0.258920455,52.9837,4.061963081,4.058521271,1.649519801
2026-07-28T18:37:05.999613+00:00,338.781153,open,rgb,-90.000,-70.000,4,700,,0.258920455,52.9957,4.061901093,4.058565617,1.649752736
2026-07-28T18:37:06.149772+00:00,338.931311,open,rgb,-90.000,-70.000,5,700,,0.258892045,53.0017,4.061707973,4.058455467,1.649606824
2026-07-28T18:37:06.299883+00:00,339.081420,open,rgb,-90.000,-70.000,6,700,,0.258948864,53.0166,4.061832428,4.058501244,1.649832845
2026-07-28T18:37:06.450152+00:00,339.231693,open,rgb,-90.000,-70.000,7,700,,0.258892045,53.0226,4.061891556,4.058533192,1.649822354
2026-07-28T18:37:06.600451+00:00,339.381991,open,rgb,-90.000,-70.000,8,700,,0.258892045,53.0256,4.061903477,4.058601379,1.649607062
2026-07-28T18:37:06.750725+00:00,339.532265,open,rgb,-90.000,-70.000,9,700,,0.258920455,53.0346,4.062001228,4.058693886,1.649543285
2026-07-28T18:37:06.900883+00:00,339.682424,open,rgb,-90.000,-70.000,10,700,,0.258863636,53.0406,4.061992168,4.058721542,1.649589658
2026-07-28T18:37:07.051329+00:00,339.832866,open,rgb,-90.000,-70.000,11,700,,0.258835227,53.0466,4.062112331,4.058704853,1.649457812
2026-07-28T18:37:07.201683+00:00,339.983223,open,rgb,-90.000,-70.000,12,700,,0.258892045,53.0646,4.061996460,4.058716297,1.649707794
2026-07-28T18:37:07.352061+00:00,340.133597,open,rgb,-90.000,-70.000,13,700,,0.258863636,53.0706,4.061974049,4.058682919,1.649556994
2026-07-28T18:37:07.502609+00:00,340.284147,open,rgb,-90.000,-70.000,14,700,,0.258977273,53.0766,4.061996937,4.058756351,1.649744272
2026-07-28T18:37:07.652878+00:00,340.434418,open,rgb,-90.000,-70.000,15,700,,0.258863636,53.0856,4.061911583,4.058633804,1.649978876
2026-07-28T18:37:07.803095+00:00,340.584635,open,rgb,-90.000,-70.000,16,700,,0.258920455,53.0976,4.061882019,4.058586121,1.649734020
2026-07-28T18:37:07.953825+00:00,340.735358,open,rgb,-90.000,-70.000,17,700,,0.258920455,53.1156,4.061965942,4.058701992,1.649746895
2026-07-28T18:37:08.104501+00:00,340.886039,open,rgb,-90.000,-70.000,18,700,,0.258920455,53.1096,4.062155247,4.058915615,1.649718285
2026-07-28T18:37:08.254899+00:00,341.036438,open,rgb,-90.000,-70.000,19,700,,0.258863636,53.1036,4.062090874,4.058809757,1.649509788
2026-07-28T18:37:10.609972+00:00,343.391505,open,rgb,-90.000,-65.000,0,700,,0.258948864,53.2208,4.061833382,4.058509827,1.649770617
2026-07-28T18:37:10.760556+00:00,343.542095,open,rgb,-90.000,-65.000,1,700,,0.259005682,53.2178,4.061807632,4.058467865,1.649700522
2026-07-28T18:37:10.911068+00:00,343.692607,open,rgb,-90.000,-65.000,2,700,,0.258977273,53.2238,4.062122345,4.058697701,1.649370193
2026-07-28T18:37:11.061507+00:00,343.843045,open,rgb,-90.000,-65.000,3,700,,0.258977273,53.2298,4.061866283,4.058533192,1.649705172
2026-07-28T18:37:11.211963+00:00,343.993503,open,rgb,-90.000,-65.000,4,700,,0.258977273,53.2328,4.061841011,4.058458805,1.649527192
2026-07-28T18:37:11.362296+00:00,344.143836,open,rgb,-90.000,-65.000,5,700,,0.258948864,53.2418,4.061903954,4.058513641,1.649744272
2026-07-28T18:37:11.512577+00:00,344.294117,open,rgb,-90.000,-65.000,6,700,,0.258892045,53.2449,4.061905861,4.058515072,1.649727106
2026-07-28T18:37:11.662966+00:00,344.444507,open,rgb,-90.000,-65.000,7,700,,0.258920455,53.2479,4.062142372,4.058665752,1.649567723
2026-07-28T18:37:11.813306+00:00,344.594847,open,rgb,-90.000,-65.000,8,700,,0.258977273,53.2479,4.062157631,4.058795452,1.649711728
2026-07-28T18:37:11.963592+00:00,344.745133,open,rgb,-90.000,-65.000,9,700,,0.258920455,53.2509,4.062120914,4.058816910,1.649621367
2026-07-28T18:37:12.113961+00:00,344.895500,open,rgb,-90.000,-65.000,10,700,,0.258863636,53.2539,4.062175274,4.058790207,1.649486184
2026-07-28T18:37:12.264387+00:00,345.045927,open,rgb,-90.000,-65.000,11,700,,0.258948864,53.2659,4.062110901,4.058822632,1.649767399
2026-07-28T18:37:12.414718+00:00,345.196257,open,rgb,-90.000,-65.000,12,700,,0.258835227,53.2629,4.062055111,4.058700085,1.649493933
2026-07-28T18:37:12.565014+00:00,345.346554,open,rgb,-90.000,-65.000,13,700,,0.258948864,53.2689,4.062206745,4.058871269,1.649647593
2026-07-28T18:37:12.715360+00:00,345.496898,open,rgb,-90.000,-65.000,14,700,,0.258892045,53.2689,4.061949730,4.058489323,1.649946094
2026-07-28T18:37:12.865776+00:00,345.647317,open,rgb,-90.000,-65.000,15,700,,0.258977273,53.2810,4.061860085,4.058446884,1.649717808
2026-07-28T18:37:13.016146+00:00,345.797686,open,rgb,-90.000,-65.000,16,700,,0.259005682,53.2900,4.061958313,4.058576107,1.649707556
2026-07-28T18:37:13.166784+00:00,345.948317,open,rgb,-90.000,-65.000,17,700,,0.258948864,53.2870,4.061766624,4.058471203,1.649598002
2026-07-28T18:37:13.317468+00:00,346.099004,open,rgb,-90.000,-65.000,18,700,,0.259005682,53.2991,4.061961651,4.058598995,1.649787903
2026-07-28T18:37:13.468043+00:00,346.249583,open,rgb,-90.000,-65.000,19,700,,0.258977273,53.3021,4.061940193,4.058614731,1.649731994
2026-07-28T18:37:15.823170+00:00,348.604705,open,rgb,-90.000,-60.000,0,700,,0.258948864,53.3745,4.061861038,4.058500290,1.649502277
2026-07-28T18:37:15.973532+00:00,348.755072,open,rgb,-90.000,-60.000,1,700,,0.259034091,53.3865,4.062070847,4.058651447,1.649569631
2026-07-28T18:37:16.123867+00:00,348.905407,open,rgb,-90.000,-60.000,2,700,,0.259034091,53.3956,4.061932087,4.058550835,1.649809361
2026-07-28T18:37:16.274020+00:00,349.055556,open,rgb,-90.000,-60.000,3,700,,0.258977273,53.3986,4.061917305,4.058533669,1.649647593
2026-07-28T18:37:16.424358+00:00,349.205898,open,rgb,-90.000,-60.000,4,700,,0.258977273,53.4016,4.062298298,4.058910370,1.649587035
2026-07-28T18:37:16.574584+00:00,349.356124,open,rgb,-90.000,-60.000,5,700,,0.258863636,53.3956,4.061988831,4.058584690,1.649741054
2026-07-28T18:37:16.724769+00:00,349.506310,open,rgb,-90.000,-60.000,6,700,,0.258920455,53.4137,4.062273026,4.058826447,1.649524689
2026-07-28T18:37:16.874982+00:00,349.656523,open,rgb,-90.000,-60.000,7,700,,0.258892045,53.4137,4.062210560,4.058870316,1.649697781
2026-07-28T18:37:17.025168+00:00,349.806708,open,rgb,-90.000,-60.000,8,700,,0.258920455,53.4137,4.062123775,4.058721542,1.649621964
2026-07-28T18:37:17.175519+00:00,349.957055,open,rgb,-90.000,-60.000,9,700,,0.258892045,53.4258,4.062041759,4.058628082,1.649615049
2026-07-28T18:37:17.325813+00:00,350.107351,open,rgb,-90.000,-60.000,10,700,,0.259005682,53.4409,4.062100410,4.058621407,1.649619222
2026-07-28T18:37:17.475986+00:00,350.257527,open,rgb,-90.000,-60.000,11,700,,0.259005682,53.4409,4.061954975,4.058549404,1.649486423
2026-07-28T18:37:17.626319+00:00,350.407856,open,rgb,-90.000,-60.000,12,700,,0.258977273,53.4500,4.062025070,4.058641911,1.649675369
2026-07-28T18:37:17.776656+00:00,350.558196,open,rgb,-90.000,-60.000,13,700,,0.258948864,53.4469,4.062005997,4.058617592,1.649636269
2026-07-28T18:37:17.926862+00:00,350.708403,open,rgb,-90.000,-60.000,14,700,,0.258977273,53.4530,4.062108517,4.058611393,1.649464488
2026-07-28T18:37:18.077020+00:00,350.858559,open,rgb,-90.000,-60.000,15,700,,0.259005682,53.4590,4.062018394,4.058685303,1.649680495
2026-07-28T18:37:18.227659+00:00,351.009196,open,rgb,-90.000,-60.000,16,700,,0.258920455,53.4530,4.062017441,4.058614254,1.649556994
2026-07-28T18:37:18.377557+00:00,351.159088,open,rgb,-90.000,-60.000,17,700,,0.258948864,53.4681,4.061988831,4.058733940,1.649553061
2026-07-28T18:37:18.528272+00:00,351.309810,open,rgb,-90.000,-60.000,18,700,,0.258948864,53.4772,4.062023640,4.058660507,1.649712443
2026-07-28T18:37:18.678681+00:00,351.460220,open,rgb,-90.000,-60.000,19,700,,0.258977273,53.4772,4.062014103,4.058640480,1.649541855
2026-07-28T18:37:21.033786+00:00,353.815323,open,rgb,-90.000,-55.000,0,700,,0.258948864,53.5498,4.063613892,4.060303688,1.649472237
2026-07-28T18:37:21.184448+00:00,353.965985,open,rgb,-90.000,-55.000,1,700,,0.258977273,53.5589,4.063460350,4.060136318,1.649754524
2026-07-28T18:37:21.334907+00:00,354.116447,open,rgb,-90.000,-55.000,2,700,,0.259034091,53.5589,4.063427925,4.060129642,1.649601698
2026-07-28T18:37:21.485314+00:00,354.266854,open,rgb,-90.000,-55.000,3,700,,0.258977273,53.5619,4.063510418,4.060229778,1.649714231
2026-07-28T18:37:21.635863+00:00,354.417404,open,rgb,-90.000,-55.000,4,700,,0.258948864,53.5650,4.063470364,4.060159206,1.649741292
2026-07-28T18:37:21.786232+00:00,354.567773,open,rgb,-90.000,-55.000,5,700,,0.258977273,53.5710,4.063659668,4.060193062,1.649485707
2026-07-28T18:37:21.936600+00:00,354.718142,open,rgb,-90.000,-55.000,6,700,,0.258977273,53.5740,4.063782692,4.060554028,1.649538159
2026-07-28T18:37:22.087009+00:00,354.868550,open,rgb,-90.000,-55.000,7,700,,0.258835227,53.5559,4.063426495,4.060148716,1.649263501
2026-07-28T18:37:22.237330+00:00,355.018871,open,rgb,-90.000,-55.000,8,700,,0.259005682,53.5801,4.063546658,4.060278416,1.649634838
2026-07-28T18:37:22.388000+00:00,355.169537,open,rgb,-90.000,-55.000,9,700,,0.258948864,53.5862,4.063516617,4.060191631,1.649766922
2026-07-28T18:37:22.538411+00:00,355.319950,open,rgb,-90.000,-55.000,10,700,,0.259005682,53.5831,4.063428402,4.060122013,1.649574280
2026-07-28T18:37:22.688728+00:00,355.470269,open,rgb,-90.000,-55.000,11,700,,0.259005682,53.5862,4.063584805,4.060275078,1.649622917
2026-07-28T18:37:22.839104+00:00,355.620644,open,rgb,-90.000,-55.000,12,700,,0.258920455,53.5862,4.063436508,4.060147285,1.649691701
2026-07-28T18:37:22.989449+00:00,355.770990,open,rgb,-90.000,-55.000,13,700,,0.259005682,53.5922,4.063596725,4.060153484,1.649645329
2026-07-28T18:37:23.139762+00:00,355.921300,open,rgb,-90.000,-55.000,14,700,,0.258977273,53.5892,4.063544750,4.060346603,1.649685860
2026-07-28T18:37:23.290408+00:00,356.071947,open,rgb,-90.000,-55.000,15,700,,0.258892045,53.5892,4.063445568,4.060179710,1.649521828
2026-07-28T18:37:23.440852+00:00,356.222391,open,rgb,-90.000,-55.000,16,700,,0.258977273,53.5953,4.063589573,4.060311794,1.649603844
2026-07-28T18:37:23.592717+00:00,356.374250,open,rgb,-90.000,-55.000,17,700,,0.258948864,53.6013,4.063413620,4.059716225,1.649843335
2026-07-28T18:37:23.743333+00:00,356.524869,open,rgb,-90.000,-55.000,18,700,,0.258977273,53.6013,4.063476562,4.060175419,1.649706841
2026-07-28T18:37:23.893654+00:00,356.675195,open,rgb,-90.000,-55.000,19,700,,0.259034091,53.6044,4.063551426,4.060301781,1.649711490
2026-07-28T18:37:26.248697+00:00,359.030232,open,rgb,-90.000,-50.000,0,700,,0.258977273,53.6377,4.065576077,4.062548637,1.649670720
2026-07-28T18:37:26.399072+00:00,359.180610,open,rgb,-90.000,-50.000,1,700,,0.258977273,53.6438,4.065521240,4.062467575,1.649525762
2026-07-28T18:37:26.549372+00:00,359.330912,open,rgb,-90.000,-50.000,2,700,,0.259005682,53.6529,4.065598488,4.062568665,1.649625301
2026-07-28T18:37:26.699666+00:00,359.481207,open,rgb,-90.000,-50.000,3,700,,0.259005682,53.6559,4.065725803,4.062668800,1.649804473
2026-07-28T18:37:26.849970+00:00,359.631512,open,rgb,-90.000,-50.000,4,700,,0.258920455,53.6559,4.065780163,4.062694073,1.649597526
2026-07-28T18:37:27.000129+00:00,359.781670,open,rgb,-90.000,-50.000,5,700,,0.258948864,53.6590,4.065830231,4.062822342,1.649641395
2026-07-28T18:37:27.150419+00:00,359.931958,open,rgb,-90.000,-50.000,6,700,,0.258892045,53.6620,4.065749645,4.062746048,1.649445176
2026-07-28T18:37:27.300618+00:00,360.082159,open,rgb,-90.000,-50.000,7,700,,0.258948864,53.6620,4.065807343,4.062828541,1.649622917
2026-07-28T18:37:27.450894+00:00,360.232434,open,rgb,-90.000,-50.000,8,700,,0.258863636,53.6620,4.065799236,4.062962055,1.649751544
2026-07-28T18:37:27.601129+00:00,360.382669,open,rgb,-90.000,-50.000,9,700,,0.258835227,53.6559,4.065821648,4.062782288,1.649107933
2026-07-28T18:37:27.751430+00:00,360.532968,open,rgb,-90.000,-50.000,10,700,,0.258920455,53.6620,4.065661907,4.062690735,1.649550915
2026-07-28T18:37:27.901654+00:00,360.683195,open,rgb,-90.000,-50.000,11,700,,0.258948864,53.6590,4.065542698,4.062594414,1.649597526
2026-07-28T18:37:28.051926+00:00,360.833466,open,rgb,-90.000,-50.000,12,700,,0.258977273,53.6590,4.065647125,4.062512398,1.649565220
2026-07-28T18:37:28.202115+00:00,360.983654,open,rgb,-90.000,-50.000,13,700,,0.259005682,53.6650,4.065588474,4.062605858,1.649663925
2026-07-28T18:37:28.352493+00:00,361.134031,open,rgb,-90.000,-50.000,14,700,,0.258948864,53.6650,4.065560818,4.062551498,1.649474978
2026-07-28T18:37:28.502733+00:00,361.284273,open,rgb,-90.000,-50.000,15,700,,0.258977273,53.6742,4.065606117,4.062646389,1.649695396
2026-07-28T18:37:28.652957+00:00,361.434496,open,rgb,-90.000,-50.000,16,700,,0.258977273,53.6772,4.065574646,4.062587738,1.649723172
2026-07-28T18:37:28.803162+00:00,361.584701,open,rgb,-90.000,-50.000,17,700,,0.259005682,53.6802,4.065494061,4.062526703,1.649518132
2026-07-28T18:37:28.953901+00:00,361.735435,open,rgb,-90.000,-50.000,18,700,,0.259034091,53.6863,4.065640450,4.062693596,1.649697304
2026-07-28T18:37:29.104526+00:00,361.886065,open,rgb,-90.000,-50.000,19,700,,0.258977273,53.6438,4.065597534,4.062624931,1.649691939
2026-07-28T18:37:31.459654+00:00,364.241190,open,rgb,-90.000,-45.000,0,700,,0.259119318,53.7167,4.067057133,4.063820839,1.649736643
2026-07-28T18:37:31.610079+00:00,364.391616,open,rgb,-90.000,-45.000,1,700,,0.258977273,53.7319,4.067165375,4.063920498,1.649558187
2026-07-28T18:37:31.760284+00:00,364.541823,open,rgb,-90.000,-45.000,2,700,,0.259005682,53.7380,4.067122459,4.063842773,1.649603128
2026-07-28T18:37:31.910472+00:00,364.692012,open,rgb,-90.000,-45.000,3,700,,0.259034091,53.7501,4.067418098,4.064089775,1.649426341
2026-07-28T18:37:32.060636+00:00,364.842176,open,rgb,-90.000,-45.000,4,700,,0.259005682,53.7562,4.067409515,4.064148903,1.649586201
2026-07-28T18:37:32.211083+00:00,364.992621,open,rgb,-90.000,-45.000,5,700,,0.258920455,53.7562,4.067143917,4.063900948,1.649415374
2026-07-28T18:37:32.361353+00:00,365.142893,open,rgb,-90.000,-45.000,6,700,,0.259062500,53.7684,4.067177773,4.063966751,1.649508834
2026-07-28T18:37:32.511595+00:00,365.293135,open,rgb,-90.000,-45.000,7,700,,0.258977273,53.7684,4.067173004,4.063950062,1.649605989
2026-07-28T18:37:32.661553+00:00,365.443088,open,rgb,-90.000,-45.000,8,700,,0.259005682,53.7714,4.067105293,4.063880920,1.649381399
2026-07-28T18:37:32.811956+00:00,365.593494,open,rgb,-90.000,-45.000,9,700,,0.259034091,53.7745,4.067159176,4.063941479,1.649543762
2026-07-28T18:37:32.962150+00:00,365.743691,open,rgb,-90.000,-45.000,10,700,,0.259005682,53.7745,4.067009449,4.063811779,1.649679065
2026-07-28T18:37:33.112407+00:00,365.893947,open,rgb,-90.000,-45.000,11,700,,0.259005682,53.7836,4.067080498,4.063882828,1.649095297
2026-07-28T18:37:33.262620+00:00,366.044161,open,rgb,-90.000,-45.000,12,700,,0.259034091,53.7866,4.067246914,4.064019203,1.649557471
2026-07-28T18:37:33.412820+00:00,366.194357,open,rgb,-90.000,-45.000,13,700,,0.258977273,53.7653,4.067291737,4.064021587,1.649327517
2026-07-28T18:37:33.563783+00:00,366.345316,open,rgb,-90.000,-45.000,14,700,,0.258948864,53.7562,4.067341328,4.064137936,1.649047732
2026-07-28T18:37:33.714142+00:00,366.495681,open,rgb,-90.000,-45.000,15,700,,0.259034091,53.7623,4.067078114,4.063847065,1.649920464
2026-07-28T18:37:33.864430+00:00,366.645970,open,rgb,-90.000,-45.000,16,700,,0.259005682,53.7501,4.067096233,4.063873768,1.649697065
2026-07-28T18:37:34.014674+00:00,366.796214,open,rgb,-90.000,-45.000,17,700,,0.259034091,53.7380,4.067242146,4.064000130,1.649724722
2026-07-28T18:37:34.164990+00:00,366.946524,open,rgb,-90.000,-45.000,18,700,,0.259005682,53.7380,4.067050934,4.063865662,1.649750829
2026-07-28T18:37:34.315474+00:00,367.097014,open,rgb,-90.000,-45.000,19,700,,0.259005682,53.7471,4.067174435,4.064015865,1.649707079
2026-07-28T18:37:36.670694+00:00,369.452229,open,rgb,-90.000,-40.000,0,700,,0.259062500,53.8415,4.067921638,4.065038204,1.649618506
2026-07-28T18:37:36.821310+00:00,369.602847,open,rgb,-90.000,-40.000,1,700,,0.258977273,53.8293,4.067931175,4.064991474,1.649540067
2026-07-28T18:37:36.971782+00:00,369.753322,open,rgb,-90.000,-40.000,2,700,,0.258948864,53.8384,4.068011761,4.065032959,1.649517655
2026-07-28T18:37:37.122197+00:00,369.903738,open,rgb,-90.000,-40.000,3,700,,0.259005682,53.8415,4.068027496,4.065051079,1.649721503
2026-07-28T18:37:37.272370+00:00,370.053905,open,rgb,-90.000,-40.000,4,700,,0.258948864,53.8262,4.067937374,4.065007687,1.649511099
2026-07-28T18:37:37.422862+00:00,370.204402,open,rgb,-90.000,-40.000,5,700,,0.258977273,53.8262,4.068043709,4.065116405,1.649615049
2026-07-28T18:37:37.573229+00:00,370.354768,open,rgb,-90.000,-40.000,6,700,,0.259005682,53.8171,4.067963600,4.064942360,1.649847746
2026-07-28T18:37:37.723577+00:00,370.505116,open,rgb,-90.000,-40.000,7,700,,0.258977273,53.8049,4.068003654,4.065040588,1.649667501
2026-07-28T18:37:37.873948+00:00,370.655489,open,rgb,-90.000,-40.000,8,700,,0.258977273,53.7927,4.068149567,4.065178871,1.649560571
2026-07-28T18:37:38.024397+00:00,370.805936,open,rgb,-90.000,-40.000,9,700,,0.258948864,53.7897,4.067973614,4.065058231,1.649518371
2026-07-28T18:37:38.174858+00:00,370.956397,open,rgb,-90.000,-40.000,10,700,,0.259062500,53.7836,4.068008423,4.065085411,1.649627805
2026-07-28T18:37:38.325212+00:00,371.106752,open,rgb,-90.000,-40.000,11,700,,0.258977273,53.7471,4.068030357,4.065109253,1.649575472
2026-07-28T18:37:38.475534+00:00,371.257075,open,rgb,-90.000,-40.000,12,700,,0.258977273,53.7045,4.067992210,4.065036297,1.649401903
2026-07-28T18:37:38.626059+00:00,371.407597,open,rgb,-90.000,-40.000,13,700,,0.259005682,53.6893,4.068184853,4.065223217,1.648876071
2026-07-28T18:37:38.776546+00:00,371.558085,open,rgb,-90.000,-40.000,14,700,,0.258863636,53.6893,4.068070412,4.065077305,1.649623156
2026-07-28T18:37:38.926894+00:00,371.708434,open,rgb,-90.000,-40.000,15,700,,0.259005682,53.7136,4.068031788,4.064951420,1.649519086
2026-07-28T18:37:39.077181+00:00,371.858722,open,rgb,-90.000,-40.000,16,700,,0.258977273,53.7288,4.068063736,4.065099239,1.649717331
2026-07-28T18:37:39.227567+00:00,372.009107,open,rgb,-90.000,-40.000,17,700,,0.258920455,53.7410,4.067978382,4.065009117,1.649565697
2026-07-28T18:37:39.377562+00:00,372.159095,open,rgb,-90.000,-40.000,18,700,,0.258977273,53.7623,4.067992687,4.065159798,1.649617791
2026-07-28T18:37:39.528303+00:00,372.309836,open,rgb,-90.000,-40.000,19,700,,0.259005682,53.7805,4.068015575,4.064836502,1.649709582
2026-07-28T18:37:41.884091+00:00,374.665627,open,rgb,-90.000,-35.000,0,700,,0.258977273,53.8902,4.068546295,4.065518379,1.649442196
2026-07-28T18:37:42.034496+00:00,374.816035,open,rgb,-90.000,-35.000,1,700,,0.258977273,53.8933,4.068664551,4.065695763,1.649340630
2026-07-28T18:37:42.184829+00:00,374.966367,open,rgb,-90.000,-35.000,2,700,,0.258977273,53.8872,4.068506241,4.065495491,1.649524689
2026-07-28T18:37:42.335303+00:00,375.116841,open,rgb,-90.000,-35.000,3,700,,0.258920455,53.8750,4.068461895,4.065464973,1.649409771
2026-07-28T18:37:42.485669+00:00,375.267209,open,rgb,-90.000,-35.000,4,700,,0.258977273,53.8780,4.068522453,4.065511703,1.649518132
2026-07-28T18:37:42.636085+00:00,375.417624,open,rgb,-90.000,-35.000,5,700,,0.258948864,53.8780,4.068482876,4.065474987,1.649687767
2026-07-28T18:37:42.786414+00:00,375.567954,open,rgb,-90.000,-35.000,6,700,,0.258920455,53.8933,4.068597317,4.065453529,1.649501085
2026-07-28T18:37:42.936791+00:00,375.718329,open,rgb,-90.000,-35.000,7,700,,0.258977273,53.8963,4.068636894,4.065622807,1.649397016
2026-07-28T18:37:43.087122+00:00,375.868662,open,rgb,-90.000,-35.000,8,700,,0.258863636,53.8933,4.068535805,4.065505505,1.649367213
2026-07-28T18:37:43.237469+00:00,376.019010,open,rgb,-90.000,-35.000,9,700,,0.258920455,53.9055,4.068531036,4.065609932,1.649597764
2026-07-28T18:37:43.388054+00:00,376.169591,open,rgb,-90.000,-35.000,10,700,,0.258977273,53.9207,4.068490028,4.065485954,1.649681926
2026-07-28T18:37:43.538517+00:00,376.320056,open,rgb,-90.000,-35.000,11,700,,0.258920455,53.9207,4.068385124,4.065417767,1.649536729
2026-07-28T18:37:43.689187+00:00,376.470724,open,rgb,-90.000,-35.000,12,700,,0.258948864,53.9269,4.068521976,4.065492630,1.649678349
2026-07-28T18:37:43.839714+00:00,376.621253,open,rgb,-90.000,-35.000,13,700,,0.259005682,53.9330,4.068564892,4.065584183,1.649602413
2026-07-28T18:37:43.990065+00:00,376.771606,open,rgb,-90.000,-35.000,14,700,,0.258948864,53.9360,4.068655014,4.065403461,1.649354100
2026-07-28T18:37:44.140449+00:00,376.921989,open,rgb,-90.000,-35.000,15,700,,0.259005682,53.9421,4.068644047,4.065583229,1.649490118
2026-07-28T18:37:44.290840+00:00,377.072379,open,rgb,-90.000,-35.000,16,700,,0.258977273,53.9360,4.068458080,4.065505505,1.649604321
2026-07-28T18:37:44.441144+00:00,377.222685,open,rgb,-90.000,-35.000,17,700,,0.258948864,53.9360,4.068574429,4.065537453,1.649604559
2026-07-28T18:37:44.592904+00:00,377.374440,open,rgb,-90.000,-35.000,18,700,,0.259005682,53.9299,4.068475246,4.064973354,1.649707556
2026-07-28T18:37:44.743434+00:00,377.524969,open,rgb,-90.000,-35.000,19,700,,0.259034091,53.9055,4.068241596,4.065276146,1.649532080
2026-07-28T18:37:47.098627+00:00,379.880163,open,rgb,-90.000,-30.000,0,700,,0.258948864,53.9604,4.068818092,4.065663338,1.649709105
2026-07-28T18:37:47.249294+00:00,380.030831,open,rgb,-90.000,-30.000,1,700,,0.258892045,53.9635,4.068577766,4.065469265,1.649616718
2026-07-28T18:37:47.399896+00:00,380.181435,open,rgb,-90.000,-30.000,2,700,,0.259034091,53.9818,4.068616867,4.065483093,1.649448752
2026-07-28T18:37:47.550271+00:00,380.331810,open,rgb,-90.000,-30.000,3,700,,0.258948864,53.9971,4.068763733,4.065685272,1.649523258
2026-07-28T18:37:47.700722+00:00,380.482260,open,rgb,-90.000,-30.000,4,700,,0.258977273,54.0032,4.068645477,4.065521240,1.649595499
2026-07-28T18:37:47.851249+00:00,380.632788,open,rgb,-90.000,-30.000,5,700,,0.258920455,54.0155,4.068768024,4.065513134,1.649535775
2026-07-28T18:37:48.001788+00:00,380.783328,open,rgb,-90.000,-30.000,6,700,,0.259005682,54.0185,4.068719864,4.065555573,1.649632931
2026-07-28T18:37:48.152033+00:00,380.933573,open,rgb,-90.000,-30.000,7,700,,0.259034091,54.0124,4.068655968,4.065617561,1.649557948
2026-07-28T18:37:48.302176+00:00,381.083716,open,rgb,-90.000,-30.000,8,700,,0.258977273,54.0155,4.068758965,4.065646172,1.649530649
2026-07-28T18:37:48.452429+00:00,381.233970,open,rgb,-90.000,-30.000,9,700,,0.259005682,54.0246,4.068640232,4.065549850,1.649709344
2026-07-28T18:37:48.602845+00:00,381.384385,open,rgb,-90.000,-30.000,10,700,,0.259034091,54.0124,4.068625927,4.065536499,1.649453878
2026-07-28T18:37:48.753274+00:00,381.534812,open,rgb,-90.000,-30.000,11,700,,0.258948864,54.0032,4.068641186,4.065533638,1.649583817
2026-07-28T18:37:48.903526+00:00,381.685064,open,rgb,-90.000,-30.000,12,700,,0.258977273,54.0185,4.068680286,4.065548420,1.649674654
2026-07-28T18:37:49.053889+00:00,381.835426,open,rgb,-90.000,-30.000,13,700,,0.258920455,54.0307,4.068687439,4.065441132,1.649547935
2026-07-28T18:37:49.204274+00:00,381.985814,open,rgb,-90.000,-30.000,14,700,,0.258977273,54.0491,4.068606853,4.065473080,1.649794698
2026-07-28T18:37:49.354762+00:00,382.136298,open,rgb,-90.000,-30.000,15,700,,0.259034091,54.0522,4.068586349,4.065547943,1.649555206
2026-07-28T18:37:49.505228+00:00,382.286764,open,rgb,-90.000,-30.000,16,700,,0.259005682,54.0460,4.068728447,4.065629005,1.649539351
2026-07-28T18:37:49.655455+00:00,382.436991,open,rgb,-90.000,-30.000,17,700,,0.258920455,54.0430,4.068929195,4.065862656,1.649441957
2026-07-28T18:37:49.806001+00:00,382.587540,open,rgb,-90.000,-30.000,18,700,,0.258920455,54.0369,4.068556786,4.065420628,1.649313331
2026-07-28T18:37:49.956676+00:00,382.738210,open,rgb,-90.000,-30.000,19,700,,0.258977273,54.0767,4.068670273,4.065560341,1.649677515
2026-07-28T18:37:52.312012+00:00,385.093548,open,rgb,-90.000,-25.000,0,700,,0.258892045,54.0920,4.069093227,4.065824509,1.649693727
2026-07-28T18:37:52.462693+00:00,385.244230,open,rgb,-90.000,-25.000,1,700,,0.259005682,54.1012,4.068881989,4.065480232,1.648932457
2026-07-28T18:37:52.613162+00:00,385.394701,open,rgb,-90.000,-25.000,2,700,,0.259034091,54.1104,4.068841457,4.065599442,1.649708629
2026-07-28T18:37:52.763604+00:00,385.545143,open,rgb,-90.000,-25.000,3,700,,0.259034091,54.1165,4.068799019,4.065526009,1.649735451
2026-07-28T18:37:52.913989+00:00,385.695529,open,rgb,-90.000,-25.000,4,700,,0.259062500,54.1104,4.068897247,4.065552711,1.649645805
2026-07-28T18:37:53.064449+00:00,385.845987,open,rgb,-90.000,-25.000,5,700,,0.258977273,54.0981,4.068906784,4.065656185,1.649732709
2026-07-28T18:37:53.215079+00:00,385.996614,open,rgb,-90.000,-25.000,6,700,,0.258920455,54.0828,4.068866730,4.065658092,1.649620414
2026-07-28T18:37:53.365625+00:00,386.147164,open,rgb,-90.000,-25.000,7,700,,0.259034091,54.0828,4.068948746,4.065710068,1.649606228
2026-07-28T18:37:53.516029+00:00,386.297570,open,rgb,-90.000,-25.000,8,700,,0.258977273,54.0920,4.068872452,4.065615654,1.649786234
2026-07-28T18:37:53.666413+00:00,386.447952,open,rgb,-90.000,-25.000,9,700,,0.258977273,54.0950,4.068847179,4.065608025,1.649595737
2026-07-28T18:37:53.817014+00:00,386.598552,open,rgb,-90.000,-25.000,10,700,,0.258948864,54.1073,4.068928242,4.065671444,1.649616480
2026-07-28T18:37:53.967712+00:00,386.749249,open,rgb,-90.000,-25.000,11,700,,0.258977273,54.1073,4.068900108,4.065610886,1.649269819
2026-07-28T18:37:54.118304+00:00,386.899843,open,rgb,-90.000,-25.000,12,700,,0.258977273,54.1195,4.068907261,4.065586567,1.649595499
2026-07-28T18:37:54.268708+00:00,387.050248,open,rgb,-90.000,-25.000,13,700,,0.259062500,54.1287,4.068964958,4.065755844,1.649693966
2026-07-28T18:37:54.419200+00:00,387.200741,open,rgb,-90.000,-25.000,14,700,,0.258977273,54.1257,4.068877697,4.065642357,1.649537206
2026-07-28T18:37:54.569506+00:00,387.351046,open,rgb,-90.000,-25.000,15,700,,0.258977273,54.1318,4.068985939,4.065706253,1.649651647
2026-07-28T18:37:54.720123+00:00,387.501659,open,rgb,-90.000,-25.000,16,700,,0.259005682,54.1349,4.068913937,4.065714359,1.649693489
2026-07-28T18:37:54.870668+00:00,387.652208,open,rgb,-90.000,-25.000,17,700,,0.259005682,54.1165,4.068865299,4.065621376,1.649520397
2026-07-28T18:37:55.021025+00:00,387.802565,open,rgb,-90.000,-25.000,18,700,,0.259005682,54.0920,4.068953991,4.065688133,1.649649739
2026-07-28T18:37:55.171623+00:00,387.953157,open,rgb,-90.000,-25.000,19,700,,0.258948864,54.0736,4.069035053,4.065750122,1.649656057
2026-07-28T18:37:57.527084+00:00,390.308620,open,rgb,-90.000,-20.000,0,700,,0.258863636,54.1471,4.069269657,4.065857887,1.649459839
2026-07-28T18:37:57.677568+00:00,390.459108,open,rgb,-90.000,-20.000,1,700,,0.258948864,54.1594,4.069319248,4.065949917,1.649595022
2026-07-28T18:37:57.828090+00:00,390.609629,open,rgb,-90.000,-20.000,2,700,,0.258920455,54.1655,4.069313526,4.065874577,1.649507403
2026-07-28T18:37:57.978537+00:00,390.760077,open,rgb,-90.000,-20.000,3,700,,0.258892045,54.1901,4.069577217,4.065937042,1.649121642
2026-07-28T18:37:58.128957+00:00,390.910496,open,rgb,-90.000,-20.000,4,700,,0.258948864,54.2054,4.069240570,4.065878868,1.649785757
2026-07-28T18:37:58.279344+00:00,391.060883,open,rgb,-90.000,-20.000,5,700,,0.258920455,54.1993,4.069168091,4.065835476,1.649542093
2026-07-28T18:37:58.429673+00:00,391.211213,open,rgb,-90.000,-20.000,6,700,,0.258920455,54.1962,4.069327354,4.065954208,1.649693251
2026-07-28T18:37:58.579948+00:00,391.361488,open,rgb,-90.000,-20.000,7,700,,0.258920455,54.1901,4.069307327,4.065890789,1.649748325
2026-07-28T18:37:58.730161+00:00,391.511701,open,rgb,-90.000,-20.000,8,700,,0.258920455,54.1747,4.069291115,4.065872669,1.649505734
2026-07-28T18:37:58.880512+00:00,391.662049,open,rgb,-90.000,-20.000,9,700,,0.258863636,54.1840,4.069363117,4.065976143,1.649588466
2026-07-28T18:37:59.030745+00:00,391.812285,open,rgb,-90.000,-20.000,10,700,,0.258863636,54.1932,4.069260120,4.065876484,1.649584770
2026-07-28T18:37:59.181107+00:00,391.962645,open,rgb,-90.000,-20.000,11,700,,0.258977273,54.2116,4.069366455,4.065893173,1.649595261
2026-07-28T18:37:59.331326+00:00,392.112866,open,rgb,-90.000,-20.000,12,700,,0.258920455,54.2239,4.069414139,4.065986156,1.649595499
2026-07-28T18:37:59.481498+00:00,392.263039,open,rgb,-90.000,-20.000,13,700,,0.258892045,54.2300,4.069341660,4.065999508,1.649393439
2026-07-28T18:37:59.631956+00:00,392.413491,open,rgb,-90.000,-20.000,14,700,,0.258892045,54.2423,4.069348335,4.065751076,1.649482965
2026-07-28T18:37:59.782501+00:00,392.564039,open,rgb,-90.000,-20.000,15,700,,0.258920455,54.2577,4.069112778,4.065757275,1.649714708
2026-07-28T18:37:59.932700+00:00,392.714240,open,rgb,-90.000,-20.000,16,700,,0.258977273,54.2730,4.069110870,4.065679550,1.649547935
2026-07-28T18:38:00.082826+00:00,392.864366,open,rgb,-90.000,-20.000,17,700,,0.258920455,54.2823,4.069216728,4.065755367,1.649529576
2026-07-28T18:38:00.232955+00:00,393.014495,open,rgb,-90.000,-20.000,18,700,,0.258948864,54.2730,4.069082260,4.065732479,1.649577975
2026-07-28T18:38:00.382509+00:00,393.164043,open,rgb,-90.000,-20.000,19,700,,0.259005682,54.2454,4.069248199,4.065803528,1.649527669
2026-07-28T18:38:02.737533+00:00,395.519068,open,rgb,-90.000,-15.000,0,700,,0.258948864,54.2454,4.069418907,4.065871716,1.649396539
2026-07-28T18:38:02.887927+00:00,395.669463,open,rgb,-90.000,-15.000,1,700,,0.258920455,54.2669,4.069370270,4.065830231,1.649360657
2026-07-28T18:38:03.038250+00:00,395.819789,open,rgb,-90.000,-15.000,2,700,,0.258948864,54.2730,4.069481850,4.065851212,1.649358511
2026-07-28T18:38:03.188588+00:00,395.970125,open,rgb,-90.000,-15.000,3,700,,0.259005682,54.2946,4.069262505,4.065734863,1.649554729
2026-07-28T18:38:03.338883+00:00,396.120423,open,rgb,-90.000,-15.000,4,700,,0.258977273,54.2976,4.069244862,4.065689564,1.649389982
2026-07-28T18:38:03.489232+00:00,396.270770,open,rgb,-90.000,-15.000,5,700,,0.258920455,54.3099,4.069522858,4.066050529,1.649475455
2026-07-28T18:38:03.639717+00:00,396.421256,open,rgb,-90.000,-15.000,6,700,,0.258863636,54.3130,4.069351196,4.065800190,1.649533510
2026-07-28T18:38:03.790161+00:00,396.571701,open,rgb,-90.000,-15.000,7,700,,0.258948864,54.3253,4.069409847,4.065737247,1.649358034
2026-07-28T18:38:03.940787+00:00,396.722325,open,rgb,-90.000,-15.000,8,700,,0.258977273,54.3346,4.069388866,4.065772057,1.649543524
2026-07-28T18:38:04.091170+00:00,396.872711,open,rgb,-90.000,-15.000,9,700,,0.258977273,54.3407,4.069388390,4.065861225,1.649478793
2026-07-28T18:38:04.241488+00:00,397.023028,open,rgb,-90.000,-15.000,10,700,,0.258948864,54.3469,4.069484711,4.065889835,1.649386525
2026-07-28T18:38:04.391886+00:00,397.173426,open,rgb,-90.000,-15.000,11,700,,0.258948864,54.3623,4.069356441,4.065764427,1.649701476
2026-07-28T18:38:04.542203+00:00,397.323744,open,rgb,-90.000,-15.000,12,700,,0.258948864,54.3654,4.069314957,4.065753937,1.649478555
2026-07-28T18:38:04.692671+00:00,397.474206,open,rgb,-90.000,-15.000,13,700,,0.258977273,54.3684,4.069437027,4.065899372,1.649528384
2026-07-28T18:38:04.843155+00:00,397.624692,open,rgb,-90.000,-15.000,14,700,,0.258920455,54.3715,4.069415092,4.065855980,1.649639726
2026-07-28T18:38:04.993669+00:00,397.775203,open,rgb,-90.000,-15.000,15,700,,0.258948864,54.3654,4.069633961,4.066057682,1.648730040
2026-07-28T18:38:05.144340+00:00,397.925875,open,rgb,-90.000,-15.000,16,700,,0.258892045,54.3500,4.069518089,4.065969944,1.648801088
2026-07-28T18:38:05.295129+00:00,398.076668,open,rgb,-90.000,-15.000,17,700,,0.258892045,54.3284,4.069595337,4.066083908,1.649357200
2026-07-28T18:38:05.445537+00:00,398.227076,open,rgb,-90.000,-15.000,18,700,,0.258892045,54.3223,4.069793224,4.066242218,1.649370909
2026-07-28T18:38:05.595935+00:00,398.377470,open,rgb,-90.000,-15.000,19,700,,0.258892045,54.3315,4.069467545,4.065660477,1.649698615
2026-07-28T18:38:07.950715+00:00,400.732251,open,rgb,-90.000,-10.000,0,700,,0.258948864,54.2515,4.069548607,4.065813065,1.649576306
2026-07-28T18:38:08.101161+00:00,400.882700,open,rgb,-90.000,-10.000,1,700,,0.258948864,54.2730,4.069628239,4.065907955,1.649457097
2026-07-28T18:38:08.251628+00:00,401.033165,open,rgb,-90.000,-10.000,2,700,,0.259005682,54.2884,4.069564819,4.065814972,1.649650216
2026-07-28T18:38:08.402129+00:00,401.183669,open,rgb,-90.000,-10.000,3,700,,0.258892045,54.2546,4.069568157,4.065835953,1.649401188
2026-07-28T18:38:08.552589+00:00,401.334126,open,rgb,-90.000,-10.000,4,700,,0.258920455,54.2208,4.069624424,4.065931797,1.649464130
2026-07-28T18:38:08.703106+00:00,401.484645,open,rgb,-90.000,-10.000,5,700,,0.258920455,54.1870,4.069549561,4.065851212,1.649608970
2026-07-28T18:38:08.853537+00:00,401.635077,open,rgb,-90.000,-10.000,6,700,,0.258977273,54.1471,4.069634914,4.065812111,1.649401903
2026-07-28T18:38:09.004099+00:00,401.785637,open,rgb,-90.000,-10.000,7,700,,0.258892045,54.1502,4.069793224,4.066097736,1.649604082
2026-07-28T18:38:09.154507+00:00,401.936046,open,rgb,-90.000,-10.000,8,700,,0.258892045,54.1747,4.069553852,4.065830231,1.649346948
2026-07-28T18:38:09.304917+00:00,402.086456,open,rgb,-90.000,-10.000,9,700,,0.258948864,54.1686,4.069681644,4.065952778,1.649497867
2026-07-28T18:38:09.455373+00:00,402.236912,open,rgb,-90.000,-10.000,10,700,,0.258920455,54.1410,4.069659233,4.065910339,1.649599195
2026-07-28T18:38:09.605673+00:00,402.387213,open,rgb,-90.000,-10.000,11,700,,0.258948864,54.1318,4.069626808,4.065894127,1.649353862
2026-07-28T18:38:09.756092+00:00,402.537627,open,rgb,-90.000,-10.000,12,700,,0.258920455,54.1686,4.069684982,4.065967083,1.649510860
2026-07-28T18:38:09.906563+00:00,402.688103,open,rgb,-90.000,-10.000,13,700,,0.258892045,54.1901,4.069564342,4.065835953,1.649593115
2026-07-28T18:38:10.056915+00:00,402.838456,open,rgb,-90.000,-10.000,14,700,,0.258948864,54.2269,4.069685459,4.065796375,1.649478078
2026-07-28T18:38:10.207258+00:00,402.988799,open,rgb,-90.000,-10.000,15,700,,0.258920455,54.2546,4.069661140,4.065926075,1.649517417
2026-07-28T18:38:10.357635+00:00,403.139173,open,rgb,-90.000,-10.000,16,700,,0.258920455,54.2730,4.069666386,4.065928936,1.649400711
2026-07-28T18:38:10.508036+00:00,403.289577,open,rgb,-90.000,-10.000,17,700,,0.258920455,54.2946,4.069725990,4.065971851,1.649297953
2026-07-28T18:38:10.658377+00:00,403.439917,open,rgb,-90.000,-10.000,18,700,,0.258920455,54.3315,4.069564819,4.065846920,1.649788618
2026-07-28T18:38:10.808717+00:00,403.590257,open,rgb,-90.000,-10.000,19,700,,0.258920455,54.3438,4.069489479,4.065785885,1.649526238
2026-07-28T18:38:13.164056+00:00,405.945591,open,rgb,-90.000,-5.000,0,700,,0.258863636,54.4332,4.070009232,4.066200256,1.649467349
2026-07-28T18:38:13.314661+00:00,406.096195,open,rgb,-90.000,-5.000,1,700,,0.258863636,54.4486,4.069744110,4.065876961,1.649609923
2026-07-28T18:38:13.464963+00:00,406.246502,open,rgb,-90.000,-5.000,2,700,,0.258920455,54.4579,4.069639683,4.065811634,1.649453402
2026-07-28T18:38:13.615249+00:00,406.396786,open,rgb,-90.000,-5.000,3,700,,0.258977273,54.4671,4.069771290,4.065940380,1.649527907
2026-07-28T18:38:13.765514+00:00,406.547054,open,rgb,-90.000,-5.000,4,700,,0.258920455,54.4733,4.069734097,4.065960884,1.649541140
2026-07-28T18:38:13.915831+00:00,406.697370,open,rgb,-90.000,-5.000,5,700,,0.258948864,54.4857,4.069904804,4.065866947,1.649281621
2026-07-28T18:38:14.066197+00:00,406.847734,open,rgb,-90.000,-5.000,6,700,,0.258948864,54.4918,4.069785118,4.065900326,1.649515510
2026-07-28T18:38:14.216674+00:00,406.998213,open,rgb,-90.000,-5.000,7,700,,0.258920455,54.4887,4.069553375,4.065753460,1.649435401
2026-07-28T18:38:14.367052+00:00,407.148592,open,rgb,-90.000,-5.000,8,700,,0.258977273,54.4918,4.069702148,4.065860748,1.649661660
2026-07-28T18:38:14.517259+00:00,407.298799,open,rgb,-90.000,-5.000,9,700,,0.258920455,54.4795,4.069709301,4.066062927,1.649672151
2026-07-28T18:38:14.667630+00:00,407.449165,open,rgb,-90.000,-5.000,10,700,,0.258863636,54.4548,4.069590569,4.065818787,1.649025202
2026-07-28T18:38:14.817966+00:00,407.599507,open,rgb,-90.000,-5.000,11,700,,0.258948864,54.4733,4.069682121,4.065902710,1.649582624
2026-07-28T18:38:14.968517+00:00,407.750053,open,rgb,-90.000,-5.000,12,700,,0.258920455,54.4857,4.069707394,4.065910816,1.649621964
2026-07-28T18:38:15.118901+00:00,407.900439,open,rgb,-90.000,-5.000,13,700,,0.258948864,54.4826,4.069887161,4.065938950,1.649370432
2026-07-28T18:38:15.268999+00:00,408.050539,open,rgb,-90.000,-5.000,14,700,,0.258920455,54.4826,4.069793701,4.066020489,1.649522066
2026-07-28T18:38:15.419237+00:00,408.200774,open,rgb,-90.000,-5.000,15,700,,0.258920455,54.4887,4.069680691,4.065900326,1.649377227
2026-07-28T18:38:15.569661+00:00,408.351198,open,rgb,-90.000,-5.000,16,700,,0.258977273,54.5011,4.069816589,4.065980911,1.649429560
2026-07-28T18:38:15.720065+00:00,408.501604,open,rgb,-90.000,-5.000,17,700,,0.258977273,54.5196,4.069711685,4.065915108,1.649693489
2026-07-28T18:38:15.870490+00:00,408.652030,open,rgb,-90.000,-5.000,18,700,,0.258948864,54.5227,4.069710732,4.065905571,1.649482250
2026-07-28T18:38:16.020818+00:00,408.802359,open,rgb,-90.000,-5.000,19,700,,0.258948864,54.5289,4.069807053,4.065980434,1.649480581
2026-07-28T18:38:18.376079+00:00,411.157615,open,rgb,-90.000,0.000,0,700,,0.258920455,54.5475,4.069800854,4.066272736,1.649607539
2026-07-28T18:38:18.526642+00:00,411.308182,open,rgb,-90.000,0.000,1,700,,0.258892045,54.5104,4.069794178,4.066207886,1.649409533
2026-07-28T18:38:18.677053+00:00,411.458591,open,rgb,-90.000,0.000,2,700,,0.258920455,54.5073,4.069900036,4.066359520,1.649467111
2026-07-28T18:38:18.827557+00:00,411.609094,open,rgb,-90.000,0.000,3,700,,0.258892045,54.5165,4.069792747,4.066178322,1.649625540
2026-07-28T18:38:18.978025+00:00,411.759564,open,rgb,-90.000,0.000,4,700,,0.258977273,54.5289,4.069897652,4.066172123,1.649529099
2026-07-28T18:38:19.128587+00:00,411.910126,open,rgb,-90.000,0.000,5,700,,0.258920455,54.4887,4.069885254,4.066293716,1.649379015
2026-07-28T18:38:19.278893+00:00,412.060428,open,rgb,-90.000,0.000,6,700,,0.258863636,54.4826,4.069756985,4.066169739,1.649371386
2026-07-28T18:38:19.429362+00:00,412.210902,open,rgb,-90.000,0.000,7,700,,0.258948864,54.4640,4.069915295,4.066372395,1.649413705
2026-07-28T18:38:19.579736+00:00,412.361274,open,rgb,-90.000,0.000,8,700,,0.258863636,54.4640,4.069799900,4.066184998,1.649662137
2026-07-28T18:38:19.730247+00:00,412.511783,open,rgb,-90.000,0.000,9,700,,0.258948864,54.4764,4.069838524,4.066226006,1.649495721
2026-07-28T18:38:19.880713+00:00,412.662254,open,rgb,-90.000,0.000,10,700,,0.258920455,54.4826,4.069937229,4.066317081,1.649458289
2026-07-28T18:38:20.031071+00:00,412.812612,open,rgb,-90.000,0.000,11,700,,0.258920455,54.4857,4.069886684,4.066251278,1.649502039
2026-07-28T18:38:20.181521+00:00,412.963060,open,rgb,-90.000,0.000,12,700,,0.258835227,54.4548,4.069911480,4.066178799,1.648636341
2026-07-28T18:38:20.331885+00:00,413.113425,open,rgb,-90.000,0.000,13,700,,0.258892045,54.4826,4.069909096,4.066319942,1.649446368
2026-07-28T18:38:20.482223+00:00,413.263758,open,rgb,-90.000,0.000,14,700,,0.258920455,54.5135,4.069851875,4.066273689,1.649273515
2026-07-28T18:38:20.632697+00:00,413.414235,open,rgb,-90.000,0.000,15,700,,0.258948864,54.5351,4.069982052,4.066362858,1.649344325
2026-07-28T18:38:20.782962+00:00,413.564501,open,rgb,-90.000,0.000,16,700,,0.258892045,54.5475,4.069839001,4.066244602,1.649555206
2026-07-28T18:38:20.933165+00:00,413.714705,open,rgb,-90.000,0.000,17,700,,0.258948864,54.5475,4.069777489,4.066203594,1.649372578
2026-07-28T18:38:21.083443+00:00,413.864984,open,rgb,-90.000,0.000,18,700,,0.258920455,54.5536,4.069911957,4.066304207,1.649545431
2026-07-28T18:38:21.233794+00:00,414.015334,open,rgb,-90.000,0.000,19,700,,0.258920455,54.5475,4.069935322,4.066341400,1.649363637
2026-07-28T18:38:23.588999+00:00,416.370535,open,rgb,-90.000,5.000,0,700,,0.258948864,54.4764,4.069780827,4.066226006,1.649356961
2026-07-28T18:38:23.739399+00:00,416.520939,open,rgb,-90.000,5.000,1,700,,0.258977273,54.4857,4.069891453,4.066293240,1.649534225
2026-07-28T18:38:23.889622+00:00,416.671162,open,rgb,-90.000,5.000,2,700,,0.258920455,54.4949,4.069870949,4.066333294,1.649553537
2026-07-28T18:38:24.039905+00:00,416.821445,open,rgb,-90.000,5.000,3,700,,0.258948864,54.5135,4.069944859,4.066298008,1.649378300
2026-07-28T18:38:24.194328+00:00,416.975866,open,rgb,-90.000,5.000,4,700,,0.258948864,54.5289,4.069946766,4.066391945,1.649509072
2026-07-28T18:38:24.344619+00:00,417.126158,open,rgb,-90.000,5.000,5,700,,0.258948864,54.5444,4.069849014,4.066272736,1.649362087
2026-07-28T18:38:24.494900+00:00,417.276440,open,rgb,-90.000,5.000,6,700,,0.258948864,54.5567,4.069901943,4.066358089,1.649496198
2026-07-28T18:38:24.645172+00:00,417.426708,open,rgb,-90.000,5.000,7,700,,0.258892045,54.5660,4.069839478,4.066239357,1.649648786
2026-07-28T18:38:24.795543+00:00,417.577080,open,rgb,-90.000,5.000,8,700,,0.258948864,54.5629,4.069796085,4.066215038,1.649391413
2026-07-28T18:38:24.945834+00:00,417.727374,open,rgb,-90.000,5.000,9,700,,0.258977273,54.5475,4.069921494,4.066343784,1.649501801
2026-07-28T18:38:25.096049+00:00,417.877589,open,rgb,-90.000,5.000,10,700,,0.258920455,54.5413,4.069807053,4.066275597,1.649584055
2026-07-28T18:38:25.246246+00:00,418.027780,open,rgb,-90.000,5.000,11,700,,0.258948864,54.5567,4.069969654,4.066183090,1.649464488
2026-07-28T18:38:25.396542+00:00,418.178080,open,rgb,-90.000,5.000,12,700,,0.258948864,54.5722,4.069898129,4.066306114,1.649602890
2026-07-28T18:38:25.546757+00:00,418.328296,open,rgb,-90.000,5.000,13,700,,0.258948864,54.5846,4.069861412,4.066256523,1.649504662
2026-07-28T18:38:25.696948+00:00,418.478487,open,rgb,-90.000,5.000,14,700,,0.258920455,54.5939,4.069948673,4.066315651,1.648862839
2026-07-28T18:38:25.847086+00:00,418.628625,open,rgb,-90.000,5.000,15,700,,0.258948864,54.5505,4.069877625,4.066299915,1.649618745
2026-07-28T18:38:25.997355+00:00,418.778896,open,rgb,-90.000,5.000,16,700,,0.258977273,54.5011,4.069828510,4.066176891,1.649391413
2026-07-28T18:38:26.147525+00:00,418.929063,open,rgb,-90.000,5.000,17,700,,0.258977273,54.5073,4.069982052,4.066354275,1.649604797
2026-07-28T18:38:26.297644+00:00,419.079180,open,rgb,-90.000,5.000,18,700,,0.258892045,54.5042,4.069865704,4.066285133,1.649557471
2026-07-28T18:38:26.448010+00:00,419.229546,open,rgb,-90.000,5.000,19,700,,0.258892045,54.5165,4.069993496,4.066319466,1.649467349
2026-07-28T18:38:28.803442+00:00,421.584978,open,rgb,-90.000,10.000,0,700,,0.258977273,54.6744,4.069987297,4.066432953,1.649508595
2026-07-28T18:38:28.953821+00:00,421.735359,open,rgb,-90.000,10.000,1,700,,0.258948864,54.6868,4.069919109,4.066289902,1.649501324
2026-07-28T18:38:29.104178+00:00,421.885718,open,rgb,-90.000,10.000,2,700,,0.258920455,54.7054,4.070019722,4.066335678,1.649419069
2026-07-28T18:38:29.254476+00:00,422.036016,open,rgb,-90.000,10.000,3,700,,0.258977273,54.7240,4.069915295,4.066367626,1.649614334
2026-07-28T18:38:29.404718+00:00,422.186258,open,rgb,-90.000,10.000,4,700,,0.258948864,54.7240,4.069909096,4.066329479,1.649431467
2026-07-28T18:38:29.554998+00:00,422.336535,open,rgb,-90.000,10.000,5,700,,0.258920455,54.7271,4.070047379,4.066490173,1.649056911
2026-07-28T18:38:29.705160+00:00,422.486696,open,rgb,-90.000,10.000,6,700,,0.258863636,54.7085,4.069869995,4.066293716,1.649721265
2026-07-28T18:38:29.855551+00:00,422.637092,open,rgb,-90.000,10.000,7,700,,0.258948864,54.6868,4.069869041,4.066257954,1.649607539
2026-07-28T18:38:30.005805+00:00,422.787345,open,rgb,-90.000,10.000,8,700,,0.258948864,54.6589,4.069998741,4.066426277,1.649509788
2026-07-28T18:38:30.155992+00:00,422.937532,open,rgb,-90.000,10.000,9,700,,0.258892045,54.6341,4.069861889,4.066316605,1.649553537
2026-07-28T18:38:30.306245+00:00,423.087785,open,rgb,-90.000,10.000,10,700,,0.258920455,54.6155,4.070009232,4.066307068,1.649510622
2026-07-28T18:38:30.456446+00:00,423.237987,open,rgb,-90.000,10.000,11,700,,0.259005682,54.6093,4.069898605,4.066319942,1.649699330
2026-07-28T18:38:30.606531+00:00,423.388071,open,rgb,-90.000,10.000,12,700,,0.258977273,54.6001,4.069936752,4.066347122,1.649604559
2026-07-28T18:38:30.756690+00:00,423.538230,open,rgb,-90.000,10.000,13,700,,0.258948864,54.5784,4.069959164,4.066369057,1.649576783
2026-07-28T18:38:30.906827+00:00,423.688367,open,rgb,-90.000,10.000,14,700,,0.258948864,54.5536,4.070120335,4.066536427,1.649686813
2026-07-28T18:38:31.057151+00:00,423.838690,open,rgb,-90.000,10.000,15,700,,0.258892045,54.5351,4.070119381,4.066523075,1.649410963
2026-07-28T18:38:31.207537+00:00,423.989077,open,rgb,-90.000,10.000,16,700,,0.258892045,54.5444,4.070408821,4.066618919,1.649139285
2026-07-28T18:38:31.357889+00:00,424.139425,open,rgb,-90.000,10.000,17,700,,0.258892045,54.5691,4.070120335,4.066583157,1.649542093
2026-07-28T18:38:31.508304+00:00,424.289842,open,rgb,-90.000,10.000,18,700,,0.258892045,54.5846,4.070206642,4.066609859,1.649480581
2026-07-28T18:38:31.658597+00:00,424.440136,open,rgb,-90.000,10.000,19,700,,0.258892045,54.6032,4.070197582,4.066634178,1.649530053
2026-07-28T18:38:34.013923+00:00,426.795460,open,rgb,-90.000,15.000,0,700,,0.258948864,54.6961,4.069849014,4.066358566,1.649038911
2026-07-28T18:38:34.164789+00:00,426.946327,open,rgb,-90.000,15.000,1,700,,0.258948864,54.7085,4.069926739,4.066431046,1.649614811
2026-07-28T18:38:34.315242+00:00,427.096781,open,rgb,-90.000,15.000,2,700,,0.259005682,54.7147,4.069842339,4.066421032,1.649762034
2026-07-28T18:38:34.465692+00:00,427.247233,open,rgb,-90.000,15.000,3,700,,0.259005682,54.7085,4.069822788,4.066409111,1.649468303
2026-07-28T18:38:34.616163+00:00,427.397698,open,rgb,-90.000,15.000,4,700,,0.258920455,54.7116,4.069944382,4.066514015,1.649528623
2026-07-28T18:38:34.766678+00:00,427.548215,open,rgb,-90.000,15.000,5,700,,0.258920455,54.6930,4.069908142,4.066477299,1.649704933
2026-07-28T18:38:34.917224+00:00,427.698761,open,rgb,-90.000,15.000,6,700,,0.258948864,54.6744,4.069879055,4.066398144,1.649432421
2026-07-28T18:38:35.067687+00:00,427.849226,open,rgb,-90.000,15.000,7,700,,0.258977273,54.6651,4.070014000,4.066514015,1.649578929
2026-07-28T18:38:35.217908+00:00,427.999447,open,rgb,-90.000,15.000,8,700,,0.258892045,54.6620,4.069858074,4.066399574,1.649565697
2026-07-28T18:38:35.368110+00:00,428.149651,open,rgb,-90.000,15.000,9,700,,0.258948864,54.6775,4.069952011,4.066491604,1.649546504
2026-07-28T18:38:35.518236+00:00,428.299776,open,rgb,-90.000,15.000,10,700,,0.258977273,54.6868,4.069942951,4.066434383,1.649647236
2026-07-28T18:38:35.668441+00:00,428.449980,open,rgb,-90.000,15.000,11,700,,0.258920455,54.7023,4.069870949,4.066460133,1.649414420
2026-07-28T18:38:35.818634+00:00,428.600174,open,rgb,-90.000,15.000,12,700,,0.258920455,54.7147,4.070135117,4.066720963,1.649687529
2026-07-28T18:38:35.968780+00:00,428.750321,open,rgb,-90.000,15.000,13,700,,0.258892045,54.7240,4.070119381,4.066630363,1.649749637
2026-07-28T18:38:36.118896+00:00,428.900436,open,rgb,-90.000,15.000,14,700,,0.258863636,54.7334,4.070201874,4.066734791,1.649546504
2026-07-28T18:38:36.268909+00:00,429.050446,open,rgb,-90.000,15.000,15,700,,0.258863636,54.7427,4.070189476,4.066857338,1.649453163
2026-07-28T18:38:36.419717+00:00,429.201251,open,rgb,-90.000,15.000,16,700,,0.258863636,54.7303,4.070195198,4.066726685,1.649432898
2026-07-28T18:38:36.570077+00:00,429.351613,open,rgb,-90.000,15.000,17,700,,0.258863636,54.7303,4.070375443,4.066793919,1.648941994
2026-07-28T18:38:36.720445+00:00,429.501983,open,rgb,-90.000,15.000,18,700,,0.258892045,54.7209,4.070483208,4.066984177,1.649369717
2026-07-28T18:38:36.870652+00:00,429.652192,open,rgb,-90.000,15.000,19,700,,0.258806818,54.6961,4.070173264,4.066704750,1.649277449
2026-07-28T18:38:39.226571+00:00,432.008107,open,rgb,-90.000,20.000,0,700,,0.258948864,54.7799,4.070244789,4.066719532,1.649595976
2026-07-28T18:38:39.376974+00:00,432.158512,open,rgb,-90.000,20.000,1,700,,0.258920455,54.7706,4.070165634,4.066678047,1.649562836
2026-07-28T18:38:39.527144+00:00,432.308685,open,rgb,-90.000,20.000,2,700,,0.258892045,54.7706,4.070138454,4.066539288,1.648814559
2026-07-28T18:38:39.677499+00:00,432.459033,open,rgb,-90.000,20.000,3,700,,0.258948864,54.7862,4.070146561,4.066434860,1.649683952
2026-07-28T18:38:39.827817+00:00,432.609357,open,rgb,-90.000,20.000,4,700,,0.258948864,54.8017,4.069983482,4.066490650,1.649629474
2026-07-28T18:38:39.978413+00:00,432.759951,open,rgb,-90.000,20.000,5,700,,0.258948864,54.8110,4.070050240,4.066514492,1.649474740
2026-07-28T18:38:40.128694+00:00,432.910233,open,rgb,-90.000,20.000,6,700,,0.259005682,54.8141,4.070055008,4.066590309,1.649479032
2026-07-28T18:38:40.278937+00:00,433.060476,open,rgb,-90.000,20.000,7,700,,0.258920455,54.7893,4.069925785,4.066494465,1.649451733
2026-07-28T18:38:40.429124+00:00,433.210664,open,rgb,-90.000,20.000,8,700,,0.258948864,54.7799,4.070091248,4.066612244,1.649457097
2026-07-28T18:38:40.579305+00:00,433.360846,open,rgb,-90.000,20.000,9,700,,0.258977273,54.7831,4.069901466,4.066444397,1.649709821
2026-07-28T18:38:40.729465+00:00,433.511005,open,rgb,-90.000,20.000,10,700,,0.258920455,54.7799,4.069872856,4.066442490,1.649529099
2026-07-28T18:38:40.879612+00:00,433.661154,open,rgb,-90.000,20.000,11,700,,0.259005682,54.7893,4.069945335,4.066472054,1.649737120
2026-07-28T18:38:41.029803+00:00,433.811344,open,rgb,-90.000,20.000,12,700,,0.258948864,54.7862,4.069996357,4.066496372,1.649720311
2026-07-28T18:38:41.179954+00:00,433.961494,open,rgb,-90.000,20.000,13,700,,0.258920455,54.7862,4.070031166,4.066419125,1.649558425
2026-07-28T18:38:41.330110+00:00,434.111650,open,rgb,-90.000,20.000,14,700,,0.258977273,54.7986,4.070016861,4.066555023,1.649674892
2026-07-28T18:38:41.480284+00:00,434.261825,open,rgb,-90.000,20.000,15,700,,0.258920455,54.7986,4.069886208,4.066467762,1.649508119
2026-07-28T18:38:41.630464+00:00,434.412004,open,rgb,-90.000,20.000,16,700,,0.258977273,54.8079,4.070032120,4.066539764,1.649639487
2026-07-28T18:38:41.780598+00:00,434.562139,open,rgb,-90.000,20.000,17,700,,0.258920455,54.8141,4.070219994,4.066730499,1.649690986
2026-07-28T18:38:41.930714+00:00,434.712254,open,rgb,-90.000,20.000,18,700,,0.258892045,54.8017,4.070160866,4.066742420,1.649457335
2026-07-28T18:38:42.080935+00:00,434.862474,open,rgb,-90.000,20.000,19,700,,0.258863636,54.8172,4.070252419,4.066785336,1.649687290
2026-07-28T18:38:44.436256+00:00,437.217793,open,rgb,-90.000,25.000,0,700,,0.258892045,54.9262,4.070300579,4.066823959,1.649551630
2026-07-28T18:38:44.590660+00:00,437.372198,open,rgb,-90.000,25.000,1,700,,0.258778409,54.8919,4.070234776,4.066787243,1.649327993
2026-07-28T18:38:44.740428+00:00,437.521962,open,rgb,-90.000,25.000,2,700,,0.258835227,54.8577,4.069865227,4.066577911,1.649492979
2026-07-28T18:38:44.890753+00:00,437.672292,open,rgb,-90.000,25.000,3,700,,0.258920455,54.8235,4.070049286,4.066551208,1.649667263
2026-07-28T18:38:45.040949+00:00,437.822489,open,rgb,-90.000,25.000,4,700,,0.258948864,54.7706,4.070350647,4.066534042,1.649132371
2026-07-28T18:38:45.191263+00:00,437.972801,open,rgb,-90.000,25.000,5,700,,0.258948864,54.7240,4.070026398,4.066526890,1.649566531
2026-07-28T18:38:45.341533+00:00,438.123073,open,rgb,-90.000,25.000,6,700,,0.258892045,54.6961,4.070060253,4.066500187,1.649431944
2026-07-28T18:38:45.491840+00:00,438.273380,open,rgb,-90.000,25.000,7,700,,0.258948864,54.6899,4.070163727,4.066675186,1.649427295
2026-07-28T18:38:45.641989+00:00,438.423529,open,rgb,-90.000,25.000,8,700,,0.258920455,54.6992,4.070053577,4.066596985,1.649676800
2026-07-28T18:38:45.792168+00:00,438.573708,open,rgb,-90.000,25.000,9,700,,0.258920455,54.7116,4.069965363,4.066487312,1.649437308
2026-07-28T18:38:45.942367+00:00,438.723909,open,rgb,-90.000,25.000,10,700,,0.258977273,54.7396,4.070041656,4.066576004,1.649646282
2026-07-28T18:38:46.092435+00:00,438.873975,open,rgb,-90.000,25.000,11,700,,0.258920455,54.7613,4.070023060,4.066589355,1.649614096
2026-07-28T18:38:46.242810+00:00,439.024349,open,rgb,-90.000,25.000,12,700,,0.258948864,54.7706,4.070158482,4.066569328,1.649464726
2026-07-28T18:38:46.393183+00:00,439.174720,open,rgb,-90.000,25.000,13,700,,0.258977273,54.7831,4.070155144,4.066703320,1.649437070
2026-07-28T18:38:46.543413+00:00,439.324953,open,rgb,-90.000,25.000,14,700,,0.258892045,54.7862,4.070081234,4.066556931,1.649341345
2026-07-28T18:38:46.693538+00:00,439.475078,open,rgb,-90.000,25.000,15,700,,0.258920455,54.7955,4.070128441,4.066613197,1.649494410
2026-07-28T18:38:46.843892+00:00,439.625423,open,rgb,-90.000,25.000,16,700,,0.258920455,54.7955,4.070370674,4.066784859,1.649533033
2026-07-28T18:38:46.994223+00:00,439.775762,open,rgb,-90.000,25.000,17,700,,0.258863636,54.7893,4.070311546,4.066791058,1.649356723
2026-07-28T18:38:47.144468+00:00,439.926008,open,rgb,-90.000,25.000,18,700,,0.258920455,54.8172,4.070317745,4.066807747,1.649526954
2026-07-28T18:38:47.294831+00:00,440.076367,open,rgb,-90.000,25.000,19,700,,0.258835227,54.8452,4.070134163,4.066610336,1.649547696
2026-07-28T18:38:49.650091+00:00,442.431627,open,rgb,-90.000,30.000,0,700,,0.258948864,55.0042,4.070225239,4.066674232,1.649586558
2026-07-28T18:38:49.800909+00:00,442.582446,open,rgb,-90.000,30.000,1,700,,0.258892045,55.0198,4.070305347,4.066827774,1.649612188
2026-07-28T18:38:49.951288+00:00,442.732825,open,rgb,-90.000,30.000,2,700,,0.258920455,55.0136,4.070259094,4.066764355,1.649564505
2026-07-28T18:38:50.101521+00:00,442.883062,open,rgb,-90.000,30.000,3,700,,0.258948864,55.0167,4.070453167,4.066757202,1.649403095
2026-07-28T18:38:50.251822+00:00,443.033360,open,rgb,-90.000,30.000,4,700,,0.258977273,55.0198,4.070585251,4.067126274,1.649627805
2026-07-28T18:38:50.402049+00:00,443.183587,open,rgb,-90.000,30.000,5,700,,0.258863636,54.9980,4.070486546,4.066971302,1.649484158
2026-07-28T18:38:50.552423+00:00,443.333960,open,rgb,-90.000,30.000,6,700,,0.258892045,54.9886,4.070775509,4.067295074,1.649564981
2026-07-28T18:38:50.702733+00:00,443.484271,open,rgb,-90.000,30.000,7,700,,0.258806818,54.9886,4.070515156,4.066942215,1.649675131
2026-07-28T18:38:50.852941+00:00,443.634481,open,rgb,-90.000,30.000,8,700,,0.258892045,54.9980,4.070477962,4.066971779,1.649498582
2026-07-28T18:38:51.003147+00:00,443.784687,open,rgb,-90.000,30.000,9,700,,0.258892045,55.0042,4.070575714,4.067089081,1.649550557
2026-07-28T18:38:51.153352+00:00,443.934891,open,rgb,-90.000,30.000,10,700,,0.258863636,55.0011,4.070492268,4.066999435,1.649594069
2026-07-28T18:38:51.303604+00:00,444.085145,open,rgb,-90.000,30.000,11,700,,0.258892045,55.0073,4.070563316,4.066906452,1.649580359
2026-07-28T18:38:51.453775+00:00,444.235316,open,rgb,-90.000,30.000,12,700,,0.258920455,55.0292,4.070498466,4.067027092,1.649724007
2026-07-28T18:38:51.604058+00:00,444.385597,open,rgb,-90.000,30.000,13,700,,0.258948864,55.0323,4.070573807,4.067109108,1.649510622
2026-07-28T18:38:51.754273+00:00,444.535814,open,rgb,-90.000,30.000,14,700,,0.258892045,55.0448,4.070643425,4.067206383,1.649451494
2026-07-28T18:38:51.904450+00:00,444.685990,open,rgb,-90.000,30.000,15,700,,0.258863636,55.0511,4.070622444,4.067129135,1.649560332
2026-07-28T18:38:52.054673+00:00,444.836211,open,rgb,-90.000,30.000,16,700,,0.258863636,55.0542,4.070547581,4.067106247,1.649275661
2026-07-28T18:38:52.204956+00:00,444.986495,open,rgb,-90.000,30.000,17,700,,0.258892045,55.0604,4.070630550,4.067129135,1.649600148
2026-07-28T18:38:52.355134+00:00,445.136674,open,rgb,-90.000,30.000,18,700,,0.258835227,55.0542,4.070507050,4.067073822,1.649628282
2026-07-28T18:38:52.505311+00:00,445.286850,open,rgb,-90.000,30.000,19,700,,0.258892045,55.0573,4.070603371,4.067108154,1.649549365
2026-07-28T18:38:54.860551+00:00,447.642087,open,rgb,-90.000,35.000,0,700,,0.258948864,55.1136,4.070771217,4.067258358,1.649627805
2026-07-28T18:38:55.016069+00:00,447.797606,open,rgb,-90.000,35.000,1,700,,0.258892045,55.1136,4.070819855,4.067306519,1.649501085
2026-07-28T18:38:55.166645+00:00,447.948183,open,rgb,-90.000,35.000,2,700,,0.258948864,55.1230,4.070930004,4.067152023,1.649344325
2026-07-28T18:38:55.317332+00:00,448.098866,open,rgb,-90.000,35.000,3,700,,0.259005682,55.1386,4.070725441,4.067238808,1.649703503
2026-07-28T18:38:55.468014+00:00,448.249551,open,rgb,-90.000,35.000,4,700,,0.258948864,55.1230,4.070783615,4.067263126,1.649477363
2026-07-28T18:38:55.618380+00:00,448.399918,open,rgb,-90.000,35.000,5,700,,0.258948864,55.1073,4.070805550,4.067337990,1.649424195
2026-07-28T18:38:55.768814+00:00,448.550355,open,rgb,-90.000,35.000,6,700,,0.258948864,55.0448,4.070901871,4.067415237,1.649474144
2026-07-28T18:38:55.919301+00:00,448.700836,open,rgb,-90.000,35.000,7,700,,0.258948864,55.0136,4.070767879,4.067245483,1.649144888
2026-07-28T18:38:56.069701+00:00,448.851242,open,rgb,-90.000,35.000,8,700,,0.258948864,55.0136,4.071074486,4.067538261,1.649449348
2026-07-28T18:38:56.220130+00:00,449.001671,open,rgb,-90.000,35.000,9,700,,0.258806818,54.9636,4.070733070,4.067194939,1.649488330
2026-07-28T18:38:56.370588+00:00,449.152124,open,rgb,-90.000,35.000,10,700,,0.258977273,54.9480,4.070828438,4.067202091,1.649473190
2026-07-28T18:38:56.521037+00:00,449.302576,open,rgb,-90.000,35.000,11,700,,0.258977273,54.9293,4.070840359,4.067327499,1.649540067
2026-07-28T18:38:56.671444+00:00,449.452983,open,rgb,-90.000,35.000,12,700,,0.258920455,54.9418,4.070845127,4.067317963,1.649336457
2026-07-28T18:38:56.821793+00:00,449.603333,open,rgb,-90.000,35.000,13,700,,0.258977273,54.9449,4.070940971,4.067631245,1.649324298
2026-07-28T18:38:56.972118+00:00,449.753659,open,rgb,-90.000,35.000,14,700,,0.258835227,54.9324,4.070897102,4.067440510,1.649720788
2026-07-28T18:38:57.122535+00:00,449.904074,open,rgb,-90.000,35.000,15,700,,0.258892045,54.9262,4.070952415,4.067422867,1.649513483
2026-07-28T18:38:57.272896+00:00,450.054437,open,rgb,-90.000,35.000,16,700,,0.258892045,54.9013,4.071063042,4.067535400,1.649467587
2026-07-28T18:38:57.423254+00:00,450.204795,open,rgb,-90.000,35.000,17,700,,0.258835227,54.9044,4.071086884,4.067501068,1.649446368
2026-07-28T18:38:57.573701+00:00,450.355240,open,rgb,-90.000,35.000,18,700,,0.258835227,54.9013,4.071115017,4.067503929,1.649390459
2026-07-28T18:38:57.724236+00:00,450.505770,open,rgb,-90.000,35.000,19,700,,0.259005682,54.8919,4.071099281,4.067681313,1.648984432
2026-07-28T18:39:00.079402+00:00,452.860939,open,rgb,-90.000,40.000,0,700,,0.258920455,54.9980,4.071154118,4.067612171,1.649513006
2026-07-28T18:39:00.230026+00:00,453.011563,open,rgb,-90.000,40.000,1,700,,0.258948864,55.0011,4.071269512,4.067625523,1.649439096
2026-07-28T18:39:00.380382+00:00,453.161921,open,rgb,-90.000,40.000,2,700,,0.258977273,55.0042,4.071213245,4.067705154,1.649671197
2026-07-28T18:39:00.530608+00:00,453.312148,open,rgb,-90.000,40.000,3,700,,0.258948864,54.9980,4.071137905,4.067635059,1.649525166
2026-07-28T18:39:00.680846+00:00,453.462385,open,rgb,-90.000,40.000,4,700,,0.258977273,55.0042,4.071297169,4.067728519,1.649495959
2026-07-28T18:39:00.831060+00:00,453.612600,open,rgb,-90.000,40.000,5,700,,0.258920455,55.0198,4.071163177,4.067627907,1.649624109
2026-07-28T18:39:00.981289+00:00,453.762827,open,rgb,-90.000,40.000,6,700,,0.258977273,55.0292,4.071007729,4.067536831,1.649422407
2026-07-28T18:39:01.131698+00:00,453.913237,open,rgb,-90.000,40.000,7,700,,0.259005682,55.0448,4.071171761,4.067626476,1.649659038
2026-07-28T18:39:01.282114+00:00,454.063649,open,rgb,-90.000,40.000,8,700,,0.258892045,55.0386,4.071030617,4.067499638,1.649683237
2026-07-28T18:39:01.432461+00:00,454.214000,open,rgb,-90.000,40.000,9,700,,0.258920455,55.0229,4.071163177,4.067634583,1.649617076
2026-07-28T18:39:01.582652+00:00,454.364193,open,rgb,-90.000,40.000,10,700,,0.258948864,55.0323,4.071226597,4.067879200,1.649615288
2026-07-28T18:39:01.732927+00:00,454.514466,open,rgb,-90.000,40.000,11,700,,0.258863636,54.9917,4.071117401,4.067596912,1.649056435
2026-07-28T18:39:01.883218+00:00,454.664757,open,rgb,-90.000,40.000,12,700,,0.258920455,55.0011,4.071205139,4.067694664,1.649563313
2026-07-28T18:39:02.033478+00:00,454.815019,open,rgb,-90.000,40.000,13,700,,0.258920455,55.0136,4.071410179,4.067928314,1.649658084
2026-07-28T18:39:02.183768+00:00,454.965306,open,rgb,-90.000,40.000,14,700,,0.258920455,55.0261,4.071246147,4.067621231,1.649375081
2026-07-28T18:39:02.334120+00:00,455.115659,open,rgb,-90.000,40.000,15,700,,0.258977273,55.0542,4.071206570,4.067741394,1.649525523
2026-07-28T18:39:02.484510+00:00,455.266049,open,rgb,-90.000,40.000,16,700,,0.258948864,55.0604,4.071161747,4.067677975,1.649564981
2026-07-28T18:39:02.634904+00:00,455.416442,open,rgb,-90.000,40.000,17,700,,0.258920455,55.0823,4.071305275,4.067742348,1.649431467
2026-07-28T18:39:02.785477+00:00,455.567015,open,rgb,-90.000,40.000,18,700,,0.258948864,55.1042,4.071249485,4.067728519,1.649444938
2026-07-28T18:39:02.935952+00:00,455.717492,open,rgb,-90.000,40.000,19,700,,0.258948864,55.1199,4.071152687,4.067633629,1.649259090
2026-07-28T18:39:05.290880+00:00,458.072415,open,rgb,-90.000,45.000,0,700,,0.258948864,55.1856,4.071275234,4.067682266,1.649477124
2026-07-28T18:39:05.445209+00:00,458.226746,open,rgb,-90.000,45.000,1,700,,0.258892045,55.1856,4.071244240,4.067711353,1.649599910
2026-07-28T18:39:05.595687+00:00,458.377227,open,rgb,-90.000,45.000,2,700,,0.258920455,55.1794,4.071430206,4.067892551,1.649411440
2026-07-28T18:39:05.746060+00:00,458.527600,open,rgb,-90.000,45.000,3,700,,0.258892045,55.1700,4.071574688,4.067992687,1.649482250
2026-07-28T18:39:05.896466+00:00,458.678007,open,rgb,-90.000,45.000,4,700,,0.258835227,55.1668,4.071455479,4.067913055,1.649688125
2026-07-28T18:39:06.046850+00:00,458.828387,open,rgb,-90.000,45.000,5,700,,0.258892045,55.1637,4.071467400,4.067931175,1.649495482
2026-07-28T18:39:06.197464+00:00,458.979004,open,rgb,-90.000,45.000,6,700,,0.258920455,55.1700,4.071578503,4.068027020,1.649492979
2026-07-28T18:39:06.348011+00:00,459.129547,open,rgb,-90.000,45.000,7,700,,0.258863636,55.1731,4.071455479,4.067909718,1.649515986
2026-07-28T18:39:06.498461+00:00,459.280001,open,rgb,-90.000,45.000,8,700,,0.258892045,55.1888,4.071567535,4.067860603,1.649543047
2026-07-28T18:39:06.648854+00:00,459.430393,open,rgb,-90.000,45.000,9,700,,0.258948864,55.2013,4.071473122,4.067910671,1.649753451
2026-07-28T18:39:06.799276+00:00,459.580816,open,rgb,-90.000,45.000,10,700,,0.258892045,55.2013,4.071387768,4.067824841,1.649511337
2026-07-28T18:39:06.949665+00:00,459.731206,open,rgb,-90.000,45.000,11,700,,0.258920455,55.2076,4.071567535,4.068061352,1.649609685
2026-07-28T18:39:07.100037+00:00,459.881579,open,rgb,-90.000,45.000,12,700,,0.258863636,55.2013,4.071600914,4.068092346,1.649548411
2026-07-28T18:39:07.250405+00:00,460.031940,open,rgb,-90.000,45.000,13,700,,0.258778409,55.1825,4.071511269,4.067895412,1.648650527
2026-07-28T18:39:07.401045+00:00,460.182583,open,rgb,-90.000,45.000,14,700,,0.258920455,55.2013,4.071544170,4.068037033,1.649539828
2026-07-28T18:39:07.551565+00:00,460.333103,open,rgb,-90.000,45.000,15,700,,0.258863636,55.1888,4.071513653,4.067949295,1.649517417
2026-07-28T18:39:07.702022+00:00,460.483562,open,rgb,-90.000,45.000,16,700,,0.258863636,55.1982,4.071622372,4.068029404,1.649522305
2026-07-28T18:39:07.852494+00:00,460.634033,open,rgb,-90.000,45.000,17,700,,0.258920455,55.1982,4.071553707,4.068015099,1.649597526
2026-07-28T18:39:08.002810+00:00,460.784351,open,rgb,-90.000,45.000,18,700,,0.258920455,55.1888,4.071485519,4.067911148,1.649384618
2026-07-28T18:39:08.153156+00:00,460.934696,open,rgb,-90.000,45.000,19,700,,0.258892045,55.1888,4.071566105,4.068047523,1.649472713
2026-07-28T18:39:10.508273+00:00,463.289809,open,rgb,-90.000,50.000,0,700,,0.258948864,55.2797,4.071425438,4.067930222,1.649549127
2026-07-28T18:39:10.658999+00:00,463.440536,open,rgb,-90.000,50.000,1,700,,0.258892045,55.2703,4.071372032,4.067832470,1.649341583
2026-07-28T18:39:10.809499+00:00,463.591038,open,rgb,-90.000,50.000,2,700,,0.258920455,55.2766,4.071462154,4.067937851,1.649509549
2026-07-28T18:39:10.959982+00:00,463.741522,open,rgb,-90.000,50.000,3,700,,0.258863636,55.2829,4.071393490,4.067787170,1.649766684
2026-07-28T18:39:11.110383+00:00,463.891924,open,rgb,-90.000,50.000,4,700,,0.258948864,55.2860,4.071406841,4.067834854,1.649610400
2026-07-28T18:39:11.260812+00:00,464.042350,open,rgb,-90.000,50.000,5,700,,0.258948864,55.2766,4.071475506,4.067931652,1.649536014
2026-07-28T18:39:11.411255+00:00,464.192794,open,rgb,-90.000,50.000,6,700,,0.258948864,55.2640,4.071372032,4.067782402,1.649643421
2026-07-28T18:39:11.561610+00:00,464.343150,open,rgb,-90.000,50.000,7,700,,0.258948864,55.2766,4.071440697,4.067840576,1.649595499
2026-07-28T18:39:11.712051+00:00,464.493590,open,rgb,-90.000,50.000,8,700,,0.258948864,55.2892,4.071374416,4.067839622,1.649705648
2026-07-28T18:39:11.862439+00:00,464.643979,open,rgb,-90.000,50.000,9,700,,0.258977273,55.2923,4.071597576,4.068030357,1.649491310
2026-07-28T18:39:12.012777+00:00,464.794318,open,rgb,-90.000,50.000,10,700,,0.258948864,55.2923,4.071706772,4.068215370,1.649523973
2026-07-28T18:39:12.163101+00:00,464.944641,open,rgb,-90.000,50.000,11,700,,0.258863636,55.2892,4.071649551,4.068140030,1.649633169
2026-07-28T18:39:12.313470+00:00,465.095010,open,rgb,-90.000,50.000,12,700,,0.258806818,55.2923,4.071683407,4.068130970,1.649445415
2026-07-28T18:39:12.463855+00:00,465.245396,open,rgb,-90.000,50.000,13,700,,0.258863636,55.3049,4.071717262,4.068188190,1.649544954
2026-07-28T18:39:12.614260+00:00,465.395800,open,rgb,-90.000,50.000,14,700,,0.258892045,55.3112,4.071624279,4.068063736,1.649549365
2026-07-28T18:39:12.764568+00:00,465.546108,open,rgb,-90.000,50.000,15,700,,0.258863636,55.3143,4.071672440,4.068119049,1.648850679
2026-07-28T18:39:12.915030+00:00,465.696567,open,rgb,-90.000,50.000,16,700,,0.258892045,55.3363,4.071458340,4.067903042,1.649560928
2026-07-28T18:39:13.065501+00:00,465.847041,open,rgb,-90.000,50.000,17,700,,0.258948864,55.3615,4.071400642,4.067876816,1.649361610
2026-07-28T18:39:13.216071+00:00,465.997607,open,rgb,-90.000,50.000,18,700,,0.258948864,55.3709,4.071545124,4.067978859,1.649530053
2026-07-28T18:39:13.366835+00:00,466.148371,open,rgb,-90.000,50.000,19,700,,0.258920455,55.3678,4.071391582,4.067850113,1.649682164
2026-07-28T18:39:15.722288+00:00,468.503824,open,rgb,-90.000,55.000,0,700,,0.258892045,55.3269,4.071465492,4.067913055,1.649432898
2026-07-28T18:39:15.873003+00:00,468.654539,open,rgb,-90.000,55.000,1,700,,0.258948864,55.2923,4.071528435,4.067974567,1.649601698
2026-07-28T18:39:16.023570+00:00,468.805109,open,rgb,-90.000,55.000,2,700,,0.258948864,55.2672,4.071489334,4.067935467,1.649736404
2026-07-28T18:39:16.173992+00:00,468.955532,open,rgb,-90.000,55.000,3,700,,0.258977273,55.2672,4.071450710,4.067811489,1.649461031
2026-07-28T18:39:16.324632+00:00,469.106167,open,rgb,-90.000,55.000,4,700,,0.258977273,55.2766,4.071607113,4.067927361,1.649670243
2026-07-28T18:39:16.475162+00:00,469.256701,open,rgb,-90.000,55.000,5,700,,0.259005682,55.2609,4.071485519,4.067917347,1.649581671
2026-07-28T18:39:16.625546+00:00,469.407084,open,rgb,-90.000,55.000,6,700,,0.258920455,55.2766,4.071559429,4.067949295,1.649515748
2026-07-28T18:39:16.775993+00:00,469.557533,open,rgb,-90.000,55.000,7,700,,0.258977273,55.2829,4.071467400,4.067910671,1.649772048
2026-07-28T18:39:16.926379+00:00,469.707919,open,rgb,-90.000,55.000,8,700,,0.258977273,55.2923,4.071410179,4.067842960,1.649556518
2026-07-28T18:39:17.076731+00:00,469.858272,open,rgb,-90.000,55.000,9,700,,0.258977273,55.3143,4.071521282,4.067933083,1.649633408
2026-07-28T18:39:17.227190+00:00,470.008727,open,rgb,-90.000,55.000,10,700,,0.258977273,55.3332,4.071506500,4.067959309,1.649682999
2026-07-28T18:39:17.377499+00:00,470.159039,open,rgb,-90.000,55.000,11,700,,0.258948864,55.3489,4.071441650,4.067880154,1.649543762
2026-07-28T18:39:17.527660+00:00,470.309201,open,rgb,-90.000,55.000,12,700,,0.258920455,55.3583,4.071538448,4.067997456,1.649569154
2026-07-28T18:39:17.677942+00:00,470.459481,open,rgb,-90.000,55.000,13,700,,0.258948864,55.3583,4.071437359,4.067896843,1.649577737
2026-07-28T18:39:17.828460+00:00,470.609998,open,rgb,-90.000,55.000,14,700,,0.258948864,55.3678,4.071531773,4.067985535,1.649513483
2026-07-28T18:39:17.979170+00:00,470.760708,open,rgb,-90.000,55.000,15,700,,0.258977273,55.3803,4.071506977,4.067950249,1.649684429
2026-07-28T18:39:18.129565+00:00,470.911106,open,rgb,-90.000,55.000,16,700,,0.258948864,55.3835,4.071441650,4.067851067,1.649507403
2026-07-28T18:39:18.280017+00:00,471.061556,open,rgb,-90.000,55.000,17,700,,0.259005682,55.3961,4.071618080,4.067976952,1.649144173
2026-07-28T18:39:18.430388+00:00,471.211928,open,rgb,-90.000,55.000,18,700,,0.258948864,55.3929,4.071495056,4.067967415,1.649643421
2026-07-28T18:39:18.580693+00:00,471.362235,open,rgb,-90.000,55.000,19,700,,0.258977273,55.3992,4.071565151,4.067893982,1.649470329
2026-07-28T18:39:20.935938+00:00,473.717473,open,rgb,-90.000,60.000,0,700,,0.258948864,55.4685,4.071552277,4.068045139,1.649604321
2026-07-28T18:39:21.090756+00:00,473.872293,open,rgb,-90.000,60.000,1,700,,0.258806818,55.4370,4.071545601,4.067992687,1.648967862
2026-07-28T18:39:21.241028+00:00,474.022566,open,rgb,-90.000,60.000,2,700,,0.258920455,55.4307,4.071406841,4.067769527,1.649518132
2026-07-28T18:39:21.391232+00:00,474.172773,open,rgb,-90.000,60.000,3,700,,0.258977273,55.4339,4.071456909,4.067895889,1.649889231
2026-07-28T18:39:21.541455+00:00,474.322994,open,rgb,-90.000,60.000,4,700,,0.259005682,55.3929,4.071532249,4.068027020,1.649718046
2026-07-28T18:39:21.691697+00:00,474.473236,open,rgb,-90.000,60.000,5,700,,0.258920455,55.3740,4.071640015,4.068060875,1.649501324
2026-07-28T18:39:21.841897+00:00,474.623437,open,rgb,-90.000,60.000,6,700,,0.258977273,55.3520,4.071691990,4.068153381,1.649740577
2026-07-28T18:39:21.992102+00:00,474.773643,open,rgb,-90.000,60.000,7,700,,0.258892045,55.3174,4.071651459,4.068143845,1.649430752
2026-07-28T18:39:22.142377+00:00,474.923915,open,rgb,-90.000,60.000,8,700,,0.258892045,55.3174,4.071788311,4.068260670,1.649650455
2026-07-28T18:39:22.292941+00:00,475.074477,open,rgb,-90.000,60.000,9,700,,0.258920455,55.3112,4.071527481,4.067985535,1.649763465
2026-07-28T18:39:22.443435+00:00,475.224975,open,rgb,-90.000,60.000,10,700,,0.258948864,55.3269,4.071553230,4.067975998,1.649580359
2026-07-28T18:39:22.593794+00:00,475.375335,open,rgb,-90.000,60.000,11,700,,0.259005682,55.3269,4.071599007,4.068049431,1.649584770
2026-07-28T18:39:22.744153+00:00,475.525693,open,rgb,-90.000,60.000,12,700,,0.258920455,55.3300,4.071513176,4.067954063,1.649459004
2026-07-28T18:39:22.894531+00:00,475.676072,open,rgb,-90.000,60.000,13,700,,0.258948864,55.3457,4.071630478,4.067988396,1.649516463
2026-07-28T18:39:23.044831+00:00,475.826372,open,rgb,-90.000,60.000,14,700,,0.259034091,55.3489,4.071463585,4.067945957,1.649833322
2026-07-28T18:39:23.195150+00:00,475.976689,open,rgb,-90.000,60.000,15,700,,0.258920455,55.3457,4.071565151,4.067936420,1.649576783
2026-07-28T18:39:23.345492+00:00,476.127033,open,rgb,-90.000,60.000,16,700,,0.258920455,55.3300,4.071651459,4.068076134,1.649555683
2026-07-28T18:39:23.496002+00:00,476.277541,open,rgb,-90.000,60.000,17,700,,0.258892045,55.3080,4.071648121,4.068040848,1.649659514
2026-07-28T18:39:23.646358+00:00,476.427898,open,rgb,-90.000,60.000,18,700,,0.258920455,55.3112,4.071556568,4.067884445,1.649441242
2026-07-28T18:39:23.796707+00:00,476.578247,open,rgb,-90.000,60.000,19,700,,0.258920455,55.3112,4.071712017,4.068041325,1.649438500
2026-07-28T18:39:26.151954+00:00,478.933491,open,rgb,-90.000,65.000,0,700,,0.258920455,55.2452,4.071424484,4.067862988,1.649739861
2026-07-28T18:39:26.306500+00:00,479.088036,open,rgb,-90.000,65.000,1,700,,0.258977273,55.2578,4.071376801,4.067782879,1.649619699
2026-07-28T18:39:26.457027+00:00,479.238566,open,rgb,-90.000,65.000,2,700,,0.258977273,55.2672,4.071463108,4.067887783,1.649719596
2026-07-28T18:39:26.607401+00:00,479.388941,open,rgb,-90.000,65.000,3,700,,0.258948864,55.2703,4.071380138,4.067812920,1.649058223
2026-07-28T18:39:26.757632+00:00,479.539171,open,rgb,-90.000,65.000,4,700,,0.258977273,55.2797,4.071491718,4.067876339,1.649764180
2026-07-28T18:39:26.907950+00:00,479.689488,open,rgb,-90.000,65.000,5,700,,0.258977273,55.2358,4.071684837,4.068136692,1.649588466
2026-07-28T18:39:27.058279+00:00,479.839818,open,rgb,-90.000,65.000,6,700,,0.258835227,55.2138,4.071571350,4.067992687,1.649421930
2026-07-28T18:39:27.208524+00:00,479.990062,open,rgb,-90.000,65.000,7,700,,0.258948864,55.2295,4.071703434,4.068150997,1.649657845
2026-07-28T18:39:27.358816+00:00,480.140355,open,rgb,-90.000,65.000,8,700,,0.258863636,55.2452,4.071682453,4.068057537,1.649729133
2026-07-28T18:39:27.508991+00:00,480.290532,open,rgb,-90.000,65.000,9,700,,0.258892045,55.2672,4.071726322,4.068109035,1.649429798
2026-07-28T18:39:27.659114+00:00,480.440654,open,rgb,-90.000,65.000,10,700,,0.258892045,55.2892,4.071759224,4.068194389,1.649621964
2026-07-28T18:39:27.809393+00:00,480.590930,open,rgb,-90.000,65.000,11,700,,0.258892045,55.2986,4.071393490,4.067890644,1.649525762
2026-07-28T18:39:27.959605+00:00,480.741145,open,rgb,-90.000,65.000,12,700,,0.258948864,55.3237,4.071479321,4.067875385,1.649590611
2026-07-28T18:39:28.109855+00:00,480.891396,open,rgb,-90.000,65.000,13,700,,0.259034091,55.3332,4.071469784,4.067897320,1.649672985
2026-07-28T18:39:28.259998+00:00,481.041537,open,rgb,-90.000,65.000,14,700,,0.258948864,55.3300,4.071448326,4.067873478,1.649533033
2026-07-28T18:39:28.410170+00:00,481.191711,open,rgb,-90.000,65.000,15,700,,0.258977273,55.3269,4.071591854,4.068044662,1.649552584
2026-07-28T18:39:28.560423+00:00,481.341962,open,rgb,-90.000,65.000,16,700,,0.258948864,55.3206,4.071490288,4.067953110,1.649693489
2026-07-28T18:39:28.710638+00:00,481.492177,open,rgb,-90.000,65.000,17,700,,0.258977273,55.3112,4.071506977,4.067853451,1.649479270
2026-07-28T18:39:28.860813+00:00,481.642354,open,rgb,-90.000,65.000,18,700,,0.258977273,55.2546,4.071516991,4.067965031,1.649663448
2026-07-28T18:39:29.011049+00:00,481.792588,open,rgb,-90.000,65.000,19,700,,0.258948864,55.2233,4.071458340,4.067891121,1.649532080
2026-07-28T18:39:31.366068+00:00,484.147601,open,rgb,-90.000,70.000,0,700,,0.258948864,55.3237,4.071488857,4.067882061,1.649391413
2026-07-28T18:39:31.520649+00:00,484.302187,open,rgb,-90.000,70.000,1,700,,0.258948864,55.3394,4.071519375,4.067961216,1.649626732
2026-07-28T18:39:31.671131+00:00,484.452669,open,rgb,-90.000,70.000,2,700,,0.258863636,55.3457,4.071551323,4.068010330,1.649477363
2026-07-28T18:39:31.821529+00:00,484.603069,open,rgb,-90.000,70.000,3,700,,0.258977273,55.3520,4.071911812,4.068269253,1.649387479
2026-07-28T18:39:31.971983+00:00,484.753524,open,rgb,-90.000,70.000,4,700,,0.258920455,55.3615,4.071670055,4.068109512,1.649732471
2026-07-28T18:39:32.122420+00:00,484.903961,open,rgb,-90.000,70.000,5,700,,0.258920455,55.3678,4.071784973,4.068212986,1.648890972
2026-07-28T18:39:32.272928+00:00,485.054464,open,rgb,-90.000,70.000,6,700,,0.258920455,55.3866,4.071548462,4.068031788,1.649520040
2026-07-28T18:39:32.423555+00:00,485.205095,open,rgb,-90.000,70.000,7,700,,0.258920455,55.3992,4.071566582,4.068047523,1.649673462
2026-07-28T18:39:32.573944+00:00,485.355484,open,rgb,-90.000,70.000,8,700,,0.258948864,55.4118,4.071535587,4.067837715,1.649399519
2026-07-28T18:39:32.724348+00:00,485.505887,open,rgb,-90.000,70.000,9,700,,0.259005682,55.4276,4.071516037,4.067952633,1.649689794
2026-07-28T18:39:32.874909+00:00,485.656445,open,rgb,-90.000,70.000,10,700,,0.258977273,55.4402,4.071457863,4.067862988,1.649713755
2026-07-28T18:39:33.025167+00:00,485.806707,open,rgb,-90.000,70.000,11,700,,0.258948864,55.4339,4.071490288,4.067958832,1.649664640
2026-07-28T18:39:33.175574+00:00,485.957115,open,rgb,-90.000,70.000,12,700,,0.258977273,55.4307,4.071551323,4.068005562,1.649494410
2026-07-28T18:39:33.325819+00:00,486.107359,open,rgb,-90.000,70.000,13,700,,0.258920455,55.4276,4.071496010,4.067935944,1.649344087
2026-07-28T18:39:33.476001+00:00,486.257541,open,rgb,-90.000,70.000,14,700,,0.258948864,55.4339,4.071577072,4.068079472,1.649481058
2026-07-28T18:39:33.626237+00:00,486.407777,open,rgb,-90.000,70.000,15,700,,0.258892045,55.4370,4.071547985,4.067997932,1.649641395
2026-07-28T18:39:33.776440+00:00,486.557980,open,rgb,-90.000,70.000,16,700,,0.258920455,55.4433,4.071627617,4.067961693,1.649393916
2026-07-28T18:39:33.926721+00:00,486.708261,open,rgb,-90.000,70.000,17,700,,0.258948864,55.4465,4.071538925,4.068020821,1.649630189
2026-07-28T18:39:34.076985+00:00,486.858526,open,rgb,-90.000,70.000,18,700,,0.258920455,55.4433,4.071549416,4.068006039,1.649507403
2026-07-28T18:39:34.227230+00:00,487.008769,open,rgb,-90.000,70.000,19,700,,0.258892045,55.4370,4.071694851,4.068123817,1.649404407
2026-07-28T18:39:36.582091+00:00,489.363627,open,rgb,-90.000,75.000,0,700,,0.258948864,55.2860,4.071554184,4.067988873,1.649608254
2026-07-28T18:39:36.737237+00:00,489.518775,open,rgb,-90.000,75.000,1,700,,0.258920455,55.2829,4.071489811,4.067918301,1.649624109
2026-07-28T18:39:36.887903+00:00,489.669441,open,rgb,-90.000,75.000,2,700,,0.258948864,55.2797,4.071787357,4.068225861,1.649599433
2026-07-28T18:39:37.038303+00:00,489.819843,open,rgb,-90.000,75.000,3,700,,0.258920455,55.2703,4.071804523,4.068253517,1.649574280
2026-07-28T18:39:37.188659+00:00,489.970199,open,rgb,-90.000,75.000,4,700,,0.258892045,55.2703,4.071808338,4.068241596,1.649395347
2026-07-28T18:39:37.339272+00:00,490.120807,open,rgb,-90.000,75.000,5,700,,0.258835227,55.2860,4.071876049,4.068318844,1.649447083
2026-07-28T18:39:37.489580+00:00,490.271118,open,rgb,-90.000,75.000,6,700,,0.258863636,55.3049,4.071778297,4.068170547,1.649555206
2026-07-28T18:39:37.639848+00:00,490.421387,open,rgb,-90.000,75.000,7,700,,0.258892045,55.3300,4.071973801,4.068223000,1.649092555
2026-07-28T18:39:37.790075+00:00,490.571613,open,rgb,-90.000,75.000,8,700,,0.258920455,55.3552,4.071799278,4.068276405,1.649588227
2026-07-28T18:39:37.940265+00:00,490.721806,open,rgb,-90.000,75.000,9,700,,0.258863636,55.3615,4.071732044,4.068204880,1.649510622
2026-07-28T18:39:38.090353+00:00,490.871895,open,rgb,-90.000,75.000,10,700,,0.258948864,55.3394,4.071806908,4.068272591,1.649615049
2026-07-28T18:39:38.240603+00:00,491.022144,open,rgb,-90.000,75.000,11,700,,0.258920455,55.3489,4.071712971,4.068192005,1.649688363
2026-07-28T18:39:38.390798+00:00,491.172338,open,rgb,-90.000,75.000,12,700,,0.258892045,55.3615,4.071714878,4.068171024,1.649421692
2026-07-28T18:39:38.540896+00:00,491.322435,open,rgb,-90.000,75.000,13,700,,0.258892045,55.3772,4.071836948,4.068365574,1.649537444
2026-07-28T18:39:38.691098+00:00,491.472638,open,rgb,-90.000,75.000,14,700,,0.258863636,55.3835,4.071753502,4.068258286,1.649678349
2026-07-28T18:39:38.841258+00:00,491.622799,open,rgb,-90.000,75.000,15,700,,0.258892045,55.3992,4.071765900,4.068145275,1.649462461
2026-07-28T18:39:38.991497+00:00,491.773036,open,rgb,-90.000,75.000,16,700,,0.258892045,55.3992,4.071784019,4.068221569,1.649606824
2026-07-28T18:39:39.141696+00:00,491.923237,open,rgb,-90.000,75.000,17,700,,0.258892045,55.3961,4.071762085,4.068267822,1.649493217
2026-07-28T18:39:39.291952+00:00,492.073492,open,rgb,-90.000,75.000,18,700,,0.258892045,55.3898,4.071841240,4.068341732,1.649516225
2026-07-28T18:39:39.442131+00:00,492.223670,open,rgb,-90.000,75.000,19,700,,0.258920455,55.3866,4.071767807,4.068246365,1.649575949
2026-07-28T18:39:41.796915+00:00,494.578451,open,rgb,-90.000,80.000,0,700,,0.258977273,55.3740,4.071551800,4.068132877,1.649554729
2026-07-28T18:39:41.951602+00:00,494.733140,open,rgb,-90.000,80.000,1,700,,0.258835227,55.3143,4.071909904,4.068333626,1.649458766
2026-07-28T18:39:42.101947+00:00,494.883487,open,rgb,-90.000,80.000,2,700,,0.258948864,55.3206,4.071813107,4.068212032,1.649647236
2026-07-28T18:39:42.252148+00:00,495.033687,open,rgb,-90.000,80.000,3,700,,0.258892045,55.3300,4.071767330,4.068259716,1.649493694
2026-07-28T18:39:42.402384+00:00,495.183921,open,rgb,-90.000,80.000,4,700,,0.258892045,55.3363,4.071933746,4.068426609,1.649462461
2026-07-28T18:39:42.552637+00:00,495.334176,open,rgb,-90.000,80.000,5,700,,0.258835227,55.3426,4.071779728,4.068274975,1.649616241
2026-07-28T18:39:42.702845+00:00,495.484384,open,rgb,-90.000,80.000,6,700,,0.258892045,55.3583,4.071889877,4.068217754,1.649443984
2026-07-28T18:39:42.853016+00:00,495.634557,open,rgb,-90.000,80.000,7,700,,0.258892045,55.3740,4.071892738,4.068363667,1.649563313
2026-07-28T18:39:43.003398+00:00,495.784939,open,rgb,-90.000,80.000,8,700,,0.258863636,55.3835,4.071841717,4.068288326,1.649498820
2026-07-28T18:39:43.153505+00:00,495.935046,open,rgb,-90.000,80.000,9,700,,0.258920455,55.3803,4.072072983,4.068569183,1.649505258
2026-07-28T18:39:43.303735+00:00,496.085271,open,rgb,-90.000,80.000,10,700,,0.258835227,55.3583,4.071824551,4.068336010,1.649653435
2026-07-28T18:39:43.454034+00:00,496.235574,open,rgb,-90.000,80.000,11,700,,0.258892045,55.3426,4.071778774,4.068294525,1.649415612
2026-07-28T18:39:43.604253+00:00,496.385793,open,rgb,-90.000,80.000,12,700,,0.258892045,55.3489,4.071881771,4.068365097,1.649537921
2026-07-28T18:39:43.754487+00:00,496.536026,open,rgb,-90.000,80.000,13,700,,0.258892045,55.3678,4.071823120,4.068329811,1.649705887
2026-07-28T18:39:43.904678+00:00,496.686219,open,rgb,-90.000,80.000,14,700,,0.258863636,55.3835,4.071901321,4.068250656,1.649470091
2026-07-28T18:39:44.054805+00:00,496.836345,open,rgb,-90.000,80.000,15,700,,0.258863636,55.3835,4.071909904,4.068394184,1.649527907
2026-07-28T18:39:44.204952+00:00,496.986492,open,rgb,-90.000,80.000,16,700,,0.258806818,55.3898,4.071827412,4.068245411,1.649413705
2026-07-28T18:39:44.355241+00:00,497.136774,open,rgb,-90.000,80.000,17,700,,0.258863636,55.4150,4.071960449,4.068146706,1.649555445
2026-07-28T18:39:44.505814+00:00,497.287348,open,rgb,-90.000,80.000,18,700,,0.259005682,55.4496,4.071761608,4.068224907,1.649614573
2026-07-28T18:39:44.656664+00:00,497.438198,open,rgb,-90.000,80.000,19,700,,0.258920455,55.4402,4.071692467,4.068042278,1.648776412
2026-07-28T18:39:47.012146+00:00,499.793682,open,rgb,-90.000,85.000,0,700,,0.258920455,55.4087,4.071679592,4.068199158,1.649465203
2026-07-28T18:39:47.168139+00:00,499.949676,open,rgb,-90.000,85.000,1,700,,0.258948864,55.4181,4.071674347,4.068153858,1.649654150
2026-07-28T18:39:47.318612+00:00,500.100146,open,rgb,-90.000,85.000,2,700,,0.258948864,55.4213,4.071509361,4.068022251,1.649451256
2026-07-28T18:39:47.469035+00:00,500.250575,open,rgb,-90.000,85.000,3,700,,0.258977273,55.4213,4.071611881,4.068102360,1.649557471
2026-07-28T18:39:47.619251+00:00,500.400788,open,rgb,-90.000,85.000,4,700,,0.258920455,55.4150,4.071613789,4.068109512,1.649645805
2026-07-28T18:39:47.769535+00:00,500.551071,open,rgb,-90.000,85.000,5,700,,0.258948864,55.4213,4.071621418,4.067896843,1.649450779
2026-07-28T18:39:47.919999+00:00,500.701539,open,rgb,-90.000,85.000,6,700,,0.258977273,55.4370,4.071603298,4.068141460,1.649640918
2026-07-28T18:39:48.070366+00:00,500.851906,open,rgb,-90.000,85.000,7,700,,0.258948864,55.4339,4.071598053,4.068059444,1.649508834
2026-07-28T18:39:48.220767+00:00,501.002308,open,rgb,-90.000,85.000,8,700,,0.258948864,55.4496,4.071675301,4.068149567,1.649544954
2026-07-28T18:39:48.371129+00:00,501.152668,open,rgb,-90.000,85.000,9,700,,0.258920455,55.4591,4.071619034,4.068079948,1.649703145
2026-07-28T18:39:48.521475+00:00,501.303015,open,rgb,-90.000,85.000,10,700,,0.258920455,55.4591,4.071589470,4.068017960,1.649542332
2026-07-28T18:39:48.671774+00:00,501.453313,open,rgb,-90.000,85.000,11,700,,0.258948864,55.4622,4.071859360,4.068355083,1.649531603
2026-07-28T18:39:48.822162+00:00,501.603701,open,rgb,-90.000,85.000,12,700,,0.258835227,55.4496,4.071587563,4.068026066,1.649682999
2026-07-28T18:39:48.972677+00:00,501.754216,open,rgb,-90.000,85.000,13,700,,0.258948864,55.4717,4.071635246,4.068078518,1.649563313
2026-07-28T18:39:49.122897+00:00,501.904439,open,rgb,-90.000,85.000,14,700,,0.258977273,55.4717,4.071603775,4.068153381,1.649556756
2026-07-28T18:39:49.272983+00:00,502.054517,open,rgb,-90.000,85.000,15,700,,0.258948864,55.4717,4.071423531,4.067934513,1.649566531
2026-07-28T18:39:49.423347+00:00,502.204887,open,rgb,-90.000,85.000,16,700,,0.258977273,55.4875,4.071579456,4.068040371,1.649723768
2026-07-28T18:39:49.573628+00:00,502.355168,open,rgb,-90.000,85.000,17,700,,0.258948864,55.5001,4.071595192,4.068030834,1.649817467
2026-07-28T18:39:49.723868+00:00,502.505406,open,rgb,-90.000,85.000,18,700,,0.258948864,55.4969,4.071608543,4.068074703,1.649553537
2026-07-28T18:39:49.874491+00:00,502.656027,open,rgb,-90.000,85.000,19,700,,0.258977273,55.5064,4.071717262,4.068133354,1.649563551
2026-07-28T18:39:52.229695+00:00,505.011230,open,rgb,-90.000,90.000,0,700,,0.259005682,55.5032,4.071655750,4.068171978,1.649566293
2026-07-28T18:39:52.380316+00:00,505.161854,open,rgb,-90.000,90.000,1,700,,0.258948864,55.4906,4.071570396,4.068057060,1.649364114
2026-07-28T18:39:52.530719+00:00,505.312259,open,rgb,-90.000,90.000,2,700,,0.258977273,55.4938,4.071665287,4.068130970,1.649719596
2026-07-28T18:39:52.681122+00:00,505.462659,open,rgb,-90.000,90.000,3,700,,0.258948864,55.4748,4.071768761,4.068141460,1.649667263
2026-07-28T18:39:52.831511+00:00,505.613050,open,rgb,-90.000,90.000,4,700,,0.258977273,55.4622,4.071692944,4.068068027,1.649529815
2026-07-28T18:39:52.981709+00:00,505.763249,open,rgb,-90.000,90.000,5,700,,0.258977273,55.4496,4.071703434,4.068160057,1.649587989
2026-07-28T18:39:53.131984+00:00,505.913525,open,rgb,-90.000,90.000,6,700,,0.258948864,55.4370,4.071568966,4.068078518,1.649562597
2026-07-28T18:39:53.282147+00:00,506.063687,open,rgb,-90.000,90.000,7,700,,0.258977273,55.4370,4.071677685,4.068115234,1.649641156
2026-07-28T18:39:53.432336+00:00,506.213877,open,rgb,-90.000,90.000,8,700,,0.259005682,55.4433,4.071622372,4.068075657,1.649809361
2026-07-28T18:39:53.582465+00:00,506.364007,open,rgb,-90.000,90.000,9,700,,0.258948864,55.4528,4.071562767,4.068003178,1.649518132
2026-07-28T18:39:53.732619+00:00,506.514159,open,rgb,-90.000,90.000,10,700,,0.259005682,55.4717,4.071673393,4.068116188,1.649604321
2026-07-28T18:39:53.882784+00:00,506.664324,open,rgb,-90.000,90.000,11,700,,0.258948864,55.4843,4.071584702,4.068064213,1.649807930
2026-07-28T18:39:54.032962+00:00,506.814502,open,rgb,-90.000,90.000,12,700,,0.258977273,55.5095,4.071664810,4.068078041,1.649628043
2026-07-28T18:39:54.183218+00:00,506.964759,open,rgb,-90.000,90.000,13,700,,0.258920455,55.5159,4.071871758,4.068405628,1.649452209
2026-07-28T18:39:54.333467+00:00,507.115007,open,rgb,-90.000,90.000,14,700,,0.258806818,55.5127,4.071699142,4.068117619,1.648931503
2026-07-28T18:39:54.483581+00:00,507.265122,open,rgb,-90.000,90.000,15,700,,0.258948864,55.5411,4.071750641,4.068278790,1.649425387
2026-07-28T18:39:54.633791+00:00,507.415331,open,rgb,-90.000,90.000,16,700,,0.258920455,55.5474,4.071683884,4.068127632,1.649669766
2026-07-28T18:39:54.784140+00:00,507.565675,open,rgb,-90.000,90.000,17,700,,0.258920455,55.5537,4.071506023,4.068040371,1.649448514
2026-07-28T18:39:54.934671+00:00,507.716211,open,rgb,-90.000,90.000,18,700,,0.258977273,55.5632,4.071661949,4.068215370,1.649558902
2026-07-28T18:39:55.085176+00:00,507.866715,open,rgb,-90.000,90.000,19,700,,0.258977273,55.5601,4.071557999,4.068046570,1.649794221
2026-07-28T18:40:05.538891+00:00,518.320427,open,dark,-85.000,-90.000,0,0,,0.000681818,55.5285,4.896945000,4.903542519,1.649597526
2026-07-28T18:40:05.689192+00:00,518.470731,open,dark,-85.000,-90.000,1,0,,0.000681818,55.4622,4.896936417,4.903540134,1.649544239
2026-07-28T18:40:05.839538+00:00,518.621078,open,dark,-85.000,-90.000,2,0,,0.000681818,55.4024,4.896937847,4.903530121,1.649560571
2026-07-28T18:40:05.989772+00:00,518.771313,open,dark,-85.000,-90.000,3,0,,0.000681818,55.3237,4.896945000,4.903546333,1.649597526
2026-07-28T18:40:06.140056+00:00,518.921595,open,dark,-85.000,-90.000,4,0,,0.000681818,55.2421,4.896929741,4.903539181,1.649402618
2026-07-28T18:40:06.290482+00:00,519.072019,open,dark,-85.000,-90.000,5,0,,0.000681818,55.1794,4.896921158,4.903545856,1.649614096
2026-07-28T18:40:06.442095+00:00,519.223628,open,dark,-85.000,-90.000,6,0,,0.000681818,55.1073,4.896941662,4.903532982,1.649731994
2026-07-28T18:40:06.592718+00:00,519.374257,open,dark,-85.000,-90.000,7,0,,0.000681818,55.0386,4.896940231,4.903532028,1.649404407
2026-07-28T18:40:06.743198+00:00,519.524736,open,dark,-85.000,-90.000,8,0,,0.000681818,54.9668,4.896944046,4.903534412,1.649687529
2026-07-28T18:40:06.893652+00:00,519.675191,open,dark,-85.000,-90.000,9,0,,0.000681818,54.8919,4.896942139,4.903544426,1.649775743
2026-07-28T18:40:07.044195+00:00,519.825735,open,dark,-85.000,-90.000,10,0,,0.000681818,54.8110,4.896946907,4.903509617,1.649726629
2026-07-28T18:40:07.194579+00:00,519.976118,open,dark,-85.000,-90.000,11,0,,0.000681818,54.7054,4.896955967,4.903537273,1.649710774
2026-07-28T18:40:07.345145+00:00,520.126680,open,dark,-85.000,-90.000,12,0,,0.000681818,54.6032,4.896927834,4.903515816,1.649520397
2026-07-28T18:40:07.495514+00:00,520.277053,open,dark,-85.000,-90.000,13,0,,0.000681818,54.5289,4.896918297,4.903501511,1.649602890
2026-07-28T18:40:07.645808+00:00,520.427347,open,dark,-85.000,-90.000,14,0,,0.000681818,54.4548,4.896913528,4.903507710,1.649702191
2026-07-28T18:40:07.796032+00:00,520.577571,open,dark,-85.000,-90.000,15,0,,0.000681818,54.3808,4.896913528,4.903510094,1.649518609
2026-07-28T18:40:07.946177+00:00,520.727716,open,dark,-85.000,-90.000,16,0,,0.000681818,54.3130,4.896920681,4.903508186,1.649778128
2026-07-28T18:40:08.096426+00:00,520.877966,open,dark,-85.000,-90.000,17,0,,0.000681818,54.2331,4.896903515,4.903517246,1.649396300
2026-07-28T18:40:08.246847+00:00,521.028382,open,dark,-85.000,-90.000,18,0,,0.000681818,54.1625,4.896930695,4.903491974,1.649674654
2026-07-28T18:40:08.397324+00:00,521.178863,open,dark,-85.000,-90.000,19,0,,0.000681818,54.0858,4.896921635,4.903497219,1.649756670
2026-07-28T18:40:12.591292+00:00,525.372828,open,rgb,-85.000,-90.000,0,700,,0.258948864,53.3745,4.063877106,4.061303616,1.649488568
2026-07-28T18:40:12.741901+00:00,525.523439,open,rgb,-85.000,-90.000,1,700,,0.258977273,53.3926,4.063842773,4.061275959,1.649639010
2026-07-28T18:40:12.892494+00:00,525.674031,open,rgb,-85.000,-90.000,2,700,,0.258948864,53.3956,4.063883305,4.061350346,1.649461985
2026-07-28T18:40:13.042985+00:00,525.824526,open,rgb,-85.000,-90.000,3,700,,0.259005682,53.4107,4.063982010,4.061444759,1.649526954
2026-07-28T18:40:13.193381+00:00,525.974921,open,rgb,-85.000,-90.000,4,700,,0.258863636,53.4258,4.063895226,4.061312675,1.649783492
2026-07-28T18:40:13.343924+00:00,526.125459,open,rgb,-85.000,-90.000,5,700,,0.259005682,53.4530,4.063955307,4.061378479,1.649527192
2026-07-28T18:40:13.494372+00:00,526.275913,open,rgb,-85.000,-90.000,6,700,,0.259034091,53.4802,4.064074039,4.061460495,1.649622440
2026-07-28T18:40:13.644687+00:00,526.426227,open,rgb,-85.000,-90.000,7,700,,0.258977273,53.5014,4.064069748,4.061396599,1.649036169
2026-07-28T18:40:13.795080+00:00,526.576620,open,rgb,-85.000,-90.000,8,700,,0.258948864,53.5316,4.064126015,4.061464310,1.649588704
2026-07-28T18:40:13.945522+00:00,526.727062,open,rgb,-85.000,-90.000,9,700,,0.258977273,53.5619,4.064020634,4.061398029,1.649791121
2026-07-28T18:40:14.095884+00:00,526.877425,open,rgb,-85.000,-90.000,10,700,,0.258977273,53.5831,4.064088821,4.061518669,1.649533272
2026-07-28T18:40:14.246286+00:00,527.027825,open,rgb,-85.000,-90.000,11,700,,0.258920455,53.6044,4.064224243,4.061632633,1.649543762
2026-07-28T18:40:14.396675+00:00,527.178213,open,rgb,-85.000,-90.000,12,700,,0.258892045,53.6226,4.064089298,4.061491966,1.649782300
2026-07-28T18:40:14.547098+00:00,527.328639,open,rgb,-85.000,-90.000,13,700,,0.258920455,53.6499,4.064147949,4.061509132,1.649589181
2026-07-28T18:40:14.697484+00:00,527.479023,open,rgb,-85.000,-90.000,14,700,,0.258977273,53.6742,4.064198494,4.061661243,1.649586201
2026-07-28T18:40:14.848004+00:00,527.629541,open,rgb,-85.000,-90.000,15,700,,0.258977273,53.6893,4.064167976,4.061550617,1.649524450
2026-07-28T18:40:14.998411+00:00,527.779951,open,rgb,-85.000,-90.000,16,700,,0.258920455,53.7106,4.064271450,4.061673164,1.649603367
2026-07-28T18:40:15.148686+00:00,527.930228,open,rgb,-85.000,-90.000,17,700,,0.258977273,53.7349,4.064321995,4.061734676,1.649583340
2026-07-28T18:40:15.299112+00:00,528.080652,open,rgb,-85.000,-90.000,18,700,,0.258948864,53.7440,4.064198971,4.061583519,1.649390697
2026-07-28T18:40:15.449570+00:00,528.231105,open,rgb,-85.000,-90.000,19,700,,0.258977273,53.7684,4.064430237,4.061955452,1.649600148
2026-07-28T18:40:17.804884+00:00,530.586417,open,rgb,-85.000,-85.000,0,700,,0.258948864,53.9604,4.064555645,4.061817169,1.649471521
2026-07-28T18:40:17.955406+00:00,530.736946,open,rgb,-85.000,-85.000,1,700,,0.258948864,53.9696,4.064494133,4.061825275,1.649375081
2026-07-28T18:40:18.105563+00:00,530.887104,open,rgb,-85.000,-85.000,2,700,,0.259005682,53.9849,4.064692974,4.061983109,1.649480581
2026-07-28T18:40:18.255760+00:00,531.037299,open,rgb,-85.000,-85.000,3,700,,0.258892045,53.9849,4.064509392,4.061853409,1.649670482
2026-07-28T18:40:18.405976+00:00,531.187515,open,rgb,-85.000,-85.000,4,700,,0.258977273,53.9971,4.064574242,4.061809063,1.649375558
2026-07-28T18:40:18.556229+00:00,531.337768,open,rgb,-85.000,-85.000,5,700,,0.258920455,54.0124,4.064625740,4.061969757,1.649619937
2026-07-28T18:40:18.706359+00:00,531.487899,open,rgb,-85.000,-85.000,6,700,,0.258892045,54.0216,4.064657211,4.061922073,1.649422884
2026-07-28T18:40:18.856583+00:00,531.638123,open,rgb,-85.000,-85.000,7,700,,0.258920455,54.0369,4.064795494,4.062069893,1.649344087
2026-07-28T18:40:19.006826+00:00,531.788365,open,rgb,-85.000,-85.000,8,700,,0.258920455,54.0522,4.064754486,4.062066555,1.649486899
2026-07-28T18:40:19.157181+00:00,531.938722,open,rgb,-85.000,-85.000,9,700,,0.258948864,54.0644,4.064805984,4.062041759,1.649040818
2026-07-28T18:40:19.307726+00:00,532.089261,open,rgb,-85.000,-85.000,10,700,,0.258977273,54.0797,4.064785957,4.062087059,1.649406552
2026-07-28T18:40:19.458248+00:00,532.239787,open,rgb,-85.000,-85.000,11,700,,0.258948864,54.0858,4.064697266,4.062045574,1.649673462
2026-07-28T18:40:19.608656+00:00,532.390196,open,rgb,-85.000,-85.000,12,700,,0.258948864,54.1042,4.064755917,4.062003613,1.649455190
2026-07-28T18:40:19.759112+00:00,532.540651,open,rgb,-85.000,-85.000,13,700,,0.258920455,54.1195,4.064754963,4.062161446,1.649457574
2026-07-28T18:40:19.909796+00:00,532.691332,open,rgb,-85.000,-85.000,14,700,,0.258948864,54.1257,4.064771652,4.062072277,1.649390697
2026-07-28T18:40:20.060316+00:00,532.841854,open,rgb,-85.000,-85.000,15,700,,0.258948864,54.1410,4.064852715,4.062144279,1.649426341
2026-07-28T18:40:20.210760+00:00,532.992299,open,rgb,-85.000,-85.000,16,700,,0.258920455,54.1471,4.064845562,4.062150002,1.649489880
2026-07-28T18:40:20.361146+00:00,533.142685,open,rgb,-85.000,-85.000,17,700,,0.258920455,54.1533,4.064793110,4.062071800,1.649336934
2026-07-28T18:40:20.511555+00:00,533.293094,open,rgb,-85.000,-85.000,18,700,,0.258948864,54.1655,4.064865112,4.062188625,1.649552107
2026-07-28T18:40:20.661988+00:00,533.443528,open,rgb,-85.000,-85.000,19,700,,0.258863636,54.1655,4.064777374,4.062068939,1.649605513
2026-07-28T18:40:23.017218+00:00,535.798754,open,rgb,-85.000,-80.000,0,700,,0.258892045,54.3192,4.064946651,4.062273026,1.649395585
2026-07-28T18:40:23.167741+00:00,535.949281,open,rgb,-85.000,-80.000,1,700,,0.258948864,54.3376,4.065032482,4.062362194,1.649356246
2026-07-28T18:40:23.318226+00:00,536.099765,open,rgb,-85.000,-80.000,2,700,,0.258920455,54.3438,4.064953327,4.062226772,1.649608970
2026-07-28T18:40:23.468635+00:00,536.250176,open,rgb,-85.000,-80.000,3,700,,0.258920455,54.3623,4.064895630,4.062082291,1.649394393
2026-07-28T18:40:23.619078+00:00,536.400618,open,rgb,-85.000,-80.000,4,700,,0.258948864,54.3715,4.064917088,4.062281132,1.649658322
2026-07-28T18:40:23.769468+00:00,536.551007,open,rgb,-85.000,-80.000,5,700,,0.258920455,54.3561,4.065188408,4.062453270,1.649564505
2026-07-28T18:40:23.919865+00:00,536.701406,open,rgb,-85.000,-80.000,6,700,,0.258892045,54.3438,4.065308571,4.062547207,1.649409056
2026-07-28T18:40:24.070216+00:00,536.851756,open,rgb,-85.000,-80.000,7,700,,0.258835227,54.3561,4.065233231,4.062486172,1.649618506
2026-07-28T18:40:24.220548+00:00,537.002089,open,rgb,-85.000,-80.000,8,700,,0.258863636,54.3623,4.065215588,4.062478065,1.649369478
2026-07-28T18:40:24.370880+00:00,537.152420,open,rgb,-85.000,-80.000,9,700,,0.258863636,54.3777,4.065299511,4.062599659,1.649496436
2026-07-28T18:40:24.521341+00:00,537.302881,open,rgb,-85.000,-80.000,10,700,,0.258892045,54.3869,4.065207958,4.062473774,1.649697542
2026-07-28T18:40:24.671937+00:00,537.453474,open,rgb,-85.000,-80.000,11,700,,0.258863636,54.4054,4.065412045,4.062635899,1.649538398
2026-07-28T18:40:24.822335+00:00,537.603869,open,rgb,-85.000,-80.000,12,700,,0.258863636,54.4178,4.065046310,4.062335968,1.649555445
2026-07-28T18:40:24.972825+00:00,537.754364,open,rgb,-85.000,-80.000,13,700,,0.258892045,54.4332,4.065052509,4.062351704,1.649478078
2026-07-28T18:40:25.123166+00:00,537.904705,open,rgb,-85.000,-80.000,14,700,,0.258920455,54.4486,4.065166473,4.062443256,1.649365783
2026-07-28T18:40:25.273551+00:00,538.055086,open,rgb,-85.000,-80.000,15,700,,0.258920455,54.4640,4.065090179,4.062404156,1.649419069
2026-07-28T18:40:25.424070+00:00,538.205610,open,rgb,-85.000,-80.000,16,700,,0.258920455,54.4702,4.065130711,4.062336922,1.649270773
2026-07-28T18:40:25.574408+00:00,538.355949,open,rgb,-85.000,-80.000,17,700,,0.258948864,54.4857,4.065211773,4.062482357,1.649303555
2026-07-28T18:40:25.724742+00:00,538.506282,open,rgb,-85.000,-80.000,18,700,,0.258920455,54.4949,4.065072060,4.062356949,1.649607778
2026-07-28T18:40:25.875157+00:00,538.656696,open,rgb,-85.000,-80.000,19,700,,0.258920455,54.5042,4.065151691,4.062263489,1.649470329
2026-07-28T18:40:28.230438+00:00,541.011970,open,rgb,-85.000,-75.000,0,700,,0.258920455,54.5691,4.064938545,4.062134266,1.649611115
2026-07-28T18:40:28.381081+00:00,541.162619,open,rgb,-85.000,-75.000,1,700,,0.258977273,54.5722,4.064950466,4.062176228,1.649625063
2026-07-28T18:40:28.531559+00:00,541.313097,open,rgb,-85.000,-75.000,2,700,,0.258948864,54.5815,4.065042973,4.062076092,1.649345756
2026-07-28T18:40:28.681806+00:00,541.463347,open,rgb,-85.000,-75.000,3,700,,0.258948864,54.6001,4.064982414,4.062174797,1.649521351
2026-07-28T18:40:28.832158+00:00,541.613696,open,rgb,-85.000,-75.000,4,700,,0.258892045,54.6032,4.064878941,4.062084675,1.649463892
2026-07-28T18:40:28.982455+00:00,541.763995,open,rgb,-85.000,-75.000,5,700,,0.258920455,54.6186,4.065055370,4.062264442,1.649487853
2026-07-28T18:40:29.132629+00:00,541.914170,open,rgb,-85.000,-75.000,6,700,,0.258863636,54.6279,4.065003872,4.062200546,1.649579644
2026-07-28T18:40:29.282809+00:00,542.064351,open,rgb,-85.000,-75.000,7,700,,0.258892045,54.6124,4.064952850,4.062122822,1.649323821
2026-07-28T18:40:29.432956+00:00,542.214497,open,rgb,-85.000,-75.000,8,700,,0.258948864,54.6001,4.065097809,4.062261581,1.649527669
2026-07-28T18:40:29.583132+00:00,542.364672,open,rgb,-85.000,-75.000,9,700,,0.258863636,54.5846,4.065033436,4.062222481,1.649571896
2026-07-28T18:40:29.733307+00:00,542.514846,open,rgb,-85.000,-75.000,10,700,,0.258948864,54.5908,4.065110207,4.062191010,1.649400234
2026-07-28T18:40:29.883662+00:00,542.665199,open,rgb,-85.000,-75.000,11,700,,0.258892045,54.6093,4.065067768,4.062291622,1.649491310
2026-07-28T18:40:30.033986+00:00,542.815523,open,rgb,-85.000,-75.000,12,700,,0.258948864,54.6279,4.064945698,4.062116146,1.649479866
2026-07-28T18:40:30.184336+00:00,542.965875,open,rgb,-85.000,-75.000,13,700,,0.258977273,54.6434,4.065298557,4.062523365,1.649589658
2026-07-28T18:40:30.334549+00:00,543.116089,open,rgb,-85.000,-75.000,14,700,,0.258863636,54.6465,4.065130711,4.062251091,1.649384856
2026-07-28T18:40:30.484686+00:00,543.266227,open,rgb,-85.000,-75.000,15,700,,0.258920455,54.6372,4.064981461,4.062180996,1.649286985
2026-07-28T18:40:30.634810+00:00,543.416350,open,rgb,-85.000,-75.000,16,700,,0.258977273,54.6527,4.065079212,4.062267303,1.649561882
2026-07-28T18:40:30.784960+00:00,543.566498,open,rgb,-85.000,-75.000,17,700,,0.258892045,54.6651,4.064975739,4.062148094,1.649619460
2026-07-28T18:40:30.935174+00:00,543.716715,open,rgb,-85.000,-75.000,18,700,,0.258977273,54.6806,4.065134048,4.062173367,1.649511337
2026-07-28T18:40:31.085282+00:00,543.866823,open,rgb,-85.000,-75.000,19,700,,0.258920455,54.6930,4.065086842,4.062288284,1.649597049
2026-07-28T18:40:33.440818+00:00,546.222354,open,rgb,-85.000,-70.000,0,700,,0.258892045,54.8328,4.064512730,4.061732769,1.649572849
2026-07-28T18:40:33.591294+00:00,546.372834,open,rgb,-85.000,-70.000,1,700,,0.258920455,54.8328,4.064594269,4.061597347,1.649373889
2026-07-28T18:40:33.741810+00:00,546.523350,open,rgb,-85.000,-70.000,2,700,,0.258948864,54.8359,4.064562798,4.061684132,1.649578691
2026-07-28T18:40:33.892210+00:00,546.673750,open,rgb,-85.000,-70.000,3,700,,0.258948864,54.8390,4.064436913,4.061641216,1.649430990
2026-07-28T18:40:34.042620+00:00,546.824160,open,rgb,-85.000,-70.000,4,700,,0.258892045,54.8546,4.064554691,4.061752319,1.649552584
2026-07-28T18:40:34.192996+00:00,546.974538,open,rgb,-85.000,-70.000,5,700,,0.258892045,54.8608,4.064569473,4.061701775,1.649587512
2026-07-28T18:40:34.343300+00:00,547.124840,open,rgb,-85.000,-70.000,6,700,,0.258920455,54.8577,4.064542770,4.061707497,1.649309874
2026-07-28T18:40:34.493641+00:00,547.275182,open,rgb,-85.000,-70.000,7,700,,0.258948864,54.8577,4.064675331,4.061879158,1.649383664
2026-07-28T18:40:34.643999+00:00,547.425539,open,rgb,-85.000,-70.000,8,700,,0.258806818,54.8484,4.064631939,4.061842918,1.649310827
2026-07-28T18:40:34.794167+00:00,547.575704,open,rgb,-85.000,-70.000,9,700,,0.258948864,54.8577,4.064747810,4.061699390,1.649204373
2026-07-28T18:40:34.944751+00:00,547.726289,open,rgb,-85.000,-70.000,10,700,,0.258863636,54.8733,4.064591408,4.061770439,1.649505734
2026-07-28T18:40:35.095305+00:00,547.876845,open,rgb,-85.000,-70.000,11,700,,0.258892045,54.8826,4.064543247,4.061717987,1.649407506
2026-07-28T18:40:35.245647+00:00,548.027186,open,rgb,-85.000,-70.000,12,700,,0.258920455,54.8951,4.064666748,4.061904907,1.649428844
2026-07-28T18:40:35.395984+00:00,548.177525,open,rgb,-85.000,-70.000,13,700,,0.258863636,54.9044,4.064599991,4.061756611,1.649671674
2026-07-28T18:40:35.546300+00:00,548.327840,open,rgb,-85.000,-70.000,14,700,,0.258920455,54.9013,4.064513206,4.061724186,1.649499893
2026-07-28T18:40:35.696663+00:00,548.478204,open,rgb,-85.000,-70.000,15,700,,0.258948864,54.9075,4.064651012,4.062059402,1.649519324
2026-07-28T18:40:35.847109+00:00,548.628648,open,rgb,-85.000,-70.000,16,700,,0.258863636,54.8982,4.064716339,4.061913013,1.648943901
2026-07-28T18:40:35.997552+00:00,548.779093,open,rgb,-85.000,-70.000,17,700,,0.258892045,54.9137,4.064802170,4.061793804,1.649255395
2026-07-28T18:40:36.147938+00:00,548.929479,open,rgb,-85.000,-70.000,18,700,,0.258863636,54.9262,4.064712048,4.061948776,1.649494171
2026-07-28T18:40:36.297890+00:00,549.079428,open,rgb,-85.000,-70.000,19,700,,0.258892045,54.9231,4.064672470,4.061827183,1.649317265
2026-07-28T18:40:38.653035+00:00,551.434570,open,rgb,-85.000,-65.000,0,700,,0.258835227,55.0229,4.064864635,4.061750412,1.649356246
2026-07-28T18:40:38.803706+00:00,551.585245,open,rgb,-85.000,-65.000,1,700,,0.258863636,55.0448,4.064820290,4.061841488,1.649468541
2026-07-28T18:40:38.954214+00:00,551.735751,open,rgb,-85.000,-65.000,2,700,,0.258892045,55.0511,4.064703941,4.061770916,1.649324298
2026-07-28T18:40:39.104707+00:00,551.886247,open,rgb,-85.000,-65.000,3,700,,0.258892045,55.0636,4.064863205,4.061940670,1.649474740
2026-07-28T18:40:39.255119+00:00,552.036659,open,rgb,-85.000,-65.000,4,700,,0.258806818,55.0792,4.064826488,4.061850071,1.649632454
2026-07-28T18:40:39.405477+00:00,552.187017,open,rgb,-85.000,-65.000,5,700,,0.258863636,55.0761,4.064722538,4.061732769,1.649438024
2026-07-28T18:40:39.555902+00:00,552.337444,open,rgb,-85.000,-65.000,6,700,,0.258863636,55.0823,4.064863205,4.061898232,1.649596572
2026-07-28T18:40:39.706213+00:00,552.487753,open,rgb,-85.000,-65.000,7,700,,0.258892045,55.0761,4.064885139,4.061863422,1.649456382
2026-07-28T18:40:39.856880+00:00,552.638413,open,rgb,-85.000,-65.000,8,700,,0.258863636,55.0823,4.064750195,4.061661720,1.649345756
2026-07-28T18:40:40.007466+00:00,552.789005,open,rgb,-85.000,-65.000,9,700,,0.258948864,55.0980,4.064643383,4.061718941,1.649559140
2026-07-28T18:40:40.157839+00:00,552.939380,open,rgb,-85.000,-65.000,10,700,,0.258920455,55.0886,4.064625740,4.061617374,1.649395585
2026-07-28T18:40:40.308227+00:00,553.089766,open,rgb,-85.000,-65.000,11,700,,0.258948864,55.0980,4.064672470,4.061680794,1.649552107
2026-07-28T18:40:40.458624+00:00,553.240165,open,rgb,-85.000,-65.000,12,700,,0.258892045,55.0886,4.064635754,4.061609745,1.649629951
2026-07-28T18:40:40.609032+00:00,553.390573,open,rgb,-85.000,-65.000,13,700,,0.258948864,55.0542,4.064521313,4.061494350,1.649443388
2026-07-28T18:40:40.759391+00:00,553.540932,open,rgb,-85.000,-65.000,14,700,,0.258948864,55.0448,4.064566612,4.061634064,1.649684668
2026-07-28T18:40:40.909774+00:00,553.691315,open,rgb,-85.000,-65.000,15,700,,0.258920455,55.0292,4.064601898,4.061650276,1.649667025
2026-07-28T18:40:41.060211+00:00,553.841750,open,rgb,-85.000,-65.000,16,700,,0.258948864,55.0198,4.064787388,4.061671257,1.649484396
2026-07-28T18:40:41.210618+00:00,553.992158,open,rgb,-85.000,-65.000,17,700,,0.258948864,55.0167,4.064638138,4.061682224,1.649707317
2026-07-28T18:40:41.361005+00:00,554.142545,open,rgb,-85.000,-65.000,18,700,,0.258863636,54.9980,4.064677238,4.061671257,1.648843050
2026-07-28T18:40:41.511461+00:00,554.292999,open,rgb,-85.000,-65.000,19,700,,0.258920455,55.0167,4.064770222,4.061787605,1.649473190
2026-07-28T18:40:43.866654+00:00,556.648189,open,rgb,-85.000,-60.000,0,700,,0.258806818,55.1355,4.064787388,4.061583996,1.649628043
2026-07-28T18:40:44.017160+00:00,556.798699,open,rgb,-85.000,-60.000,1,700,,0.258863636,55.1324,4.064875126,4.061691284,1.649439335
2026-07-28T18:40:44.167565+00:00,556.949105,open,rgb,-85.000,-60.000,2,700,,0.258863636,55.1292,4.064830780,4.061667919,1.649272323
2026-07-28T18:40:44.318037+00:00,557.099576,open,rgb,-85.000,-60.000,3,700,,0.258806818,55.1418,4.064738274,4.061522961,1.649680495
2026-07-28T18:40:44.468412+00:00,557.249953,open,rgb,-85.000,-60.000,4,700,,0.258835227,55.1418,4.064697266,4.061480045,1.649453402
2026-07-28T18:40:44.618822+00:00,557.400362,open,rgb,-85.000,-60.000,5,700,,0.258948864,55.1480,4.064785957,4.061651707,1.649533987
2026-07-28T18:40:44.769146+00:00,557.550686,open,rgb,-85.000,-60.000,6,700,,0.258863636,55.1480,4.064620495,4.061419010,1.649592638
2026-07-28T18:40:44.918867+00:00,557.700401,open,rgb,-85.000,-60.000,7,700,,0.258892045,55.1637,4.064733028,4.061397076,1.649495721
2026-07-28T18:40:45.069322+00:00,557.850860,open,rgb,-85.000,-60.000,8,700,,0.258892045,55.1856,4.064727783,4.061490059,1.649424672
2026-07-28T18:40:45.219735+00:00,558.001275,open,rgb,-85.000,-60.000,9,700,,0.258948864,55.1919,4.064614296,4.061377048,1.649338961
2026-07-28T18:40:45.370128+00:00,558.151668,open,rgb,-85.000,-60.000,10,700,,0.258892045,55.2107,4.064632893,4.061421394,1.649518847
2026-07-28T18:40:45.520507+00:00,558.302046,open,rgb,-85.000,-60.000,11,700,,0.258948864,55.2233,4.064669132,4.061467171,1.649628997
2026-07-28T18:40:45.670873+00:00,558.452414,open,rgb,-85.000,-60.000,12,700,,0.258892045,55.2233,4.064517975,4.061297894,1.649294734
2026-07-28T18:40:45.821324+00:00,558.602863,open,rgb,-85.000,-60.000,13,700,,0.258948864,55.2233,4.064573288,4.061378956,1.649671197
2026-07-28T18:40:45.971713+00:00,558.753255,open,rgb,-85.000,-60.000,14,700,,0.258920455,55.1919,4.064689159,4.061463356,1.649481058
2026-07-28T18:40:46.122028+00:00,558.903567,open,rgb,-85.000,-60.000,15,700,,0.258892045,55.1700,4.064763546,4.061405182,1.649260283
2026-07-28T18:40:46.272566+00:00,559.054101,open,rgb,-85.000,-60.000,16,700,,0.258948864,55.1888,4.064569950,4.061390877,1.649552822
2026-07-28T18:40:46.423113+00:00,559.204652,open,rgb,-85.000,-60.000,17,700,,0.258920455,55.1950,4.064579964,4.061320305,1.649343371
2026-07-28T18:40:46.573460+00:00,559.355000,open,rgb,-85.000,-60.000,18,700,,0.258920455,55.2107,4.064731598,4.061509132,1.649431705
2026-07-28T18:40:46.723877+00:00,559.505416,open,rgb,-85.000,-60.000,19,700,,0.258892045,55.2201,4.064655304,4.061439991,1.649563313
2026-07-28T18:40:49.079661+00:00,561.861197,open,rgb,-85.000,-55.000,0,700,,0.258977273,55.3237,4.066920280,4.063517570,1.649370193
2026-07-28T18:40:49.230203+00:00,562.011741,open,rgb,-85.000,-55.000,1,700,,0.258977273,55.3332,4.066944599,4.063627243,1.649572611
2026-07-28T18:40:49.380768+00:00,562.162304,open,rgb,-85.000,-55.000,2,700,,0.258920455,55.3426,4.066965580,4.063641548,1.649608493
2026-07-28T18:40:49.531328+00:00,562.312867,open,rgb,-85.000,-55.000,3,700,,0.258948864,55.3426,4.066914082,4.063673496,1.649445653
2026-07-28T18:40:49.681685+00:00,562.463226,open,rgb,-85.000,-55.000,4,700,,0.258977273,55.3363,4.067004681,4.063687801,1.648883343
2026-07-28T18:40:49.832104+00:00,562.613640,open,rgb,-85.000,-55.000,5,700,,0.258920455,55.3394,4.066949368,4.063545704,1.649475694
2026-07-28T18:40:49.982716+00:00,562.764254,open,rgb,-85.000,-55.000,6,700,,0.259005682,55.3520,4.067036629,4.063587666,1.649417758
2026-07-28T18:40:50.133200+00:00,562.914741,open,rgb,-85.000,-55.000,7,700,,0.258977273,55.3615,4.066936493,4.063624859,1.649687290
2026-07-28T18:40:50.283599+00:00,563.065137,open,rgb,-85.000,-55.000,8,700,,0.258920455,55.3615,4.067004204,4.063671112,1.649466395
2026-07-28T18:40:50.433951+00:00,563.215490,open,rgb,-85.000,-55.000,9,700,,0.258977273,55.3615,4.067143917,4.063754082,1.649429560
2026-07-28T18:40:50.584300+00:00,563.365841,open,rgb,-85.000,-55.000,10,700,,0.258948864,55.3363,4.066943645,4.063643932,1.649668813
2026-07-28T18:40:50.734684+00:00,563.516224,open,rgb,-85.000,-55.000,11,700,,0.258977273,55.3143,4.066934586,4.063565254,1.649413943
2026-07-28T18:40:50.885074+00:00,563.666613,open,rgb,-85.000,-55.000,12,700,,0.258977273,55.2986,4.067016602,4.063669205,1.649515748
2026-07-28T18:40:51.035344+00:00,563.816884,open,rgb,-85.000,-55.000,13,700,,0.258920455,55.2954,4.067122459,4.063841343,1.649486184
2026-07-28T18:40:51.185547+00:00,563.967088,open,rgb,-85.000,-55.000,14,700,,0.258863636,55.3017,4.067277908,4.063920975,1.649492502
2026-07-28T18:40:51.335771+00:00,564.117310,open,rgb,-85.000,-55.000,15,700,,0.258863636,55.3174,4.067317963,4.063964367,1.649420738
2026-07-28T18:40:51.485965+00:00,564.267507,open,rgb,-85.000,-55.000,16,700,,0.258892045,55.3206,4.067175865,4.063796520,1.649209738
2026-07-28T18:40:51.636122+00:00,564.417663,open,rgb,-85.000,-55.000,17,700,,0.258892045,55.3426,4.067286015,4.063889503,1.649531364
2026-07-28T18:40:51.786410+00:00,564.567949,open,rgb,-85.000,-55.000,18,700,,0.258863636,55.3457,4.067243576,4.063902378,1.649555683
2026-07-28T18:40:51.936760+00:00,564.718300,open,rgb,-85.000,-55.000,19,700,,0.258892045,55.3583,4.067263126,4.063831329,1.649307251
2026-07-28T18:40:54.292053+00:00,567.073588,open,rgb,-85.000,-50.000,0,700,,0.258948864,55.3835,4.068655491,4.065590382,1.649713159
2026-07-28T18:40:54.442696+00:00,567.224233,open,rgb,-85.000,-50.000,1,700,,0.258920455,55.3772,4.068949223,4.065905571,1.649537921
2026-07-28T18:40:54.593141+00:00,567.374681,open,rgb,-85.000,-50.000,2,700,,0.258920455,55.3646,4.068848133,4.065769196,1.649479032
2026-07-28T18:40:54.743538+00:00,567.525078,open,rgb,-85.000,-50.000,3,700,,0.258892045,55.3740,4.068889141,4.065887928,1.649615765
2026-07-28T18:40:54.894033+00:00,567.675568,open,rgb,-85.000,-50.000,4,700,,0.258863636,55.3803,4.068582535,4.065540791,1.649583101
2026-07-28T18:40:55.044549+00:00,567.826090,open,rgb,-85.000,-50.000,5,700,,0.258977273,55.4118,4.068655968,4.065604687,1.649705648
2026-07-28T18:40:55.195025+00:00,567.976564,open,rgb,-85.000,-50.000,6,700,,0.258948864,55.4118,4.068632603,4.065631390,1.649171710
2026-07-28T18:40:55.345644+00:00,568.127179,open,rgb,-85.000,-50.000,7,700,,0.258977273,55.4244,4.068570614,4.065552235,1.649536729
2026-07-28T18:40:55.496149+00:00,568.277689,open,rgb,-85.000,-50.000,8,700,,0.259062500,55.4307,4.068689346,4.065707207,1.649598479
2026-07-28T18:40:55.646626+00:00,568.428166,open,rgb,-85.000,-50.000,9,700,,0.258977273,55.4307,4.068723202,4.065689087,1.649669766
2026-07-28T18:40:55.796908+00:00,568.578448,open,rgb,-85.000,-50.000,10,700,,0.259005682,55.4276,4.068715096,4.065726757,1.649505019
2026-07-28T18:40:55.947340+00:00,568.728880,open,rgb,-85.000,-50.000,11,700,,0.258948864,55.4276,4.068729401,4.065769196,1.649574757
2026-07-28T18:40:56.097723+00:00,568.879264,open,rgb,-85.000,-50.000,12,700,,0.258948864,55.4307,4.068569183,4.065598965,1.649554253
2026-07-28T18:40:56.248168+00:00,569.029704,open,rgb,-85.000,-50.000,13,700,,0.259062500,55.4496,4.068704605,4.065758228,1.649648786
2026-07-28T18:40:56.398946+00:00,569.180481,open,rgb,-85.000,-50.000,14,700,,0.259062500,55.4685,4.068593025,4.065672398,1.649842143
2026-07-28T18:40:56.549496+00:00,569.331036,open,rgb,-85.000,-50.000,15,700,,0.258948864,55.4717,4.068600655,4.065671921,1.649557233
2026-07-28T18:40:56.699870+00:00,569.481410,open,rgb,-85.000,-50.000,16,700,,0.259005682,55.4875,4.068747044,4.065788746,1.649732709
2026-07-28T18:40:56.850315+00:00,569.631853,open,rgb,-85.000,-50.000,17,700,,0.258948864,55.4875,4.068694592,4.065742970,1.649626017
2026-07-28T18:40:57.000704+00:00,569.782245,open,rgb,-85.000,-50.000,18,700,,0.258977273,55.4748,4.068738937,4.065710068,1.649369717
2026-07-28T18:40:57.151200+00:00,569.932741,open,rgb,-85.000,-50.000,19,700,,0.258977273,55.4717,4.068737030,4.065803051,1.649592638
2026-07-28T18:40:59.506360+00:00,572.287896,open,rgb,-85.000,-45.000,0,700,,0.258892045,55.3772,4.070020676,4.066618919,1.649649501
2026-07-28T18:40:59.656941+00:00,572.438479,open,rgb,-85.000,-45.000,1,700,,0.258948864,55.3866,4.070049286,4.066595078,1.649489284
2026-07-28T18:40:59.807287+00:00,572.588827,open,rgb,-85.000,-45.000,2,700,,0.258977273,55.3772,4.070069313,4.066666126,1.649535775
2026-07-28T18:40:59.957571+00:00,572.739107,open,rgb,-85.000,-45.000,3,700,,0.258977273,55.3678,4.069807053,4.066423893,1.649486899
2026-07-28T18:41:00.108079+00:00,572.889619,open,rgb,-85.000,-45.000,4,700,,0.259005682,55.3678,4.069982052,4.066501617,1.649398327
2026-07-28T18:41:00.258495+00:00,573.040034,open,rgb,-85.000,-45.000,5,700,,0.259062500,55.3772,4.069828033,4.066446781,1.649506927
2026-07-28T18:41:00.409077+00:00,573.190615,open,rgb,-85.000,-45.000,6,700,,0.258920455,55.3803,4.069832802,4.066421509,1.649254918
2026-07-28T18:41:00.559540+00:00,573.341080,open,rgb,-85.000,-45.000,7,700,,0.258920455,55.3678,4.069897652,4.066459179,1.649477124
2026-07-28T18:41:00.709882+00:00,573.491423,open,rgb,-85.000,-45.000,8,700,,0.258948864,55.3426,4.069899559,4.066415310,1.649013996
2026-07-28T18:41:00.860307+00:00,573.641847,open,rgb,-85.000,-45.000,9,700,,0.258977273,55.3363,4.069835663,4.066368103,1.649327040
2026-07-28T18:41:01.010595+00:00,573.792135,open,rgb,-85.000,-45.000,10,700,,0.258977273,55.3300,4.069852829,4.066453934,1.649477601
2026-07-28T18:41:01.160787+00:00,573.942327,open,rgb,-85.000,-45.000,11,700,,0.258948864,55.3332,4.069740295,4.066349983,1.649441957
2026-07-28T18:41:01.310993+00:00,574.092528,open,rgb,-85.000,-45.000,12,700,,0.259062500,55.3552,4.069825649,4.066468239,1.649531841
2026-07-28T18:41:01.461364+00:00,574.242903,open,rgb,-85.000,-45.000,13,700,,0.259034091,55.3709,4.069740295,4.066345692,1.649626732
2026-07-28T18:41:01.611580+00:00,574.393120,open,rgb,-85.000,-45.000,14,700,,0.259005682,55.3866,4.069735527,4.066313744,1.649418235
2026-07-28T18:41:01.761787+00:00,574.543326,open,rgb,-85.000,-45.000,15,700,,0.259062500,55.3992,4.069784164,4.066409588,1.649561405
2026-07-28T18:41:01.911958+00:00,574.693499,open,rgb,-85.000,-45.000,16,700,,0.259005682,55.4024,4.069786549,4.066595078,1.649566293
2026-07-28T18:41:02.062127+00:00,574.843668,open,rgb,-85.000,-45.000,17,700,,0.258948864,55.4024,4.070050240,4.066597462,1.649450064
2026-07-28T18:41:02.212660+00:00,574.994198,open,rgb,-85.000,-45.000,18,700,,0.258948864,55.4087,4.069866657,4.066531181,1.649459004
2026-07-28T18:41:02.362982+00:00,575.144520,open,rgb,-85.000,-45.000,19,700,,0.258948864,55.4244,4.069792271,4.066403866,1.649401426
2026-07-28T18:41:04.718188+00:00,577.499723,open,rgb,-85.000,-40.000,0,700,,0.259005682,55.4118,4.070150375,4.066719055,1.649356484
2026-07-28T18:41:04.868704+00:00,577.650238,open,rgb,-85.000,-40.000,1,700,,0.258977273,55.3898,4.070155144,4.066881180,1.649493456
2026-07-28T18:41:05.019126+00:00,577.800664,open,rgb,-85.000,-40.000,2,700,,0.258948864,55.3929,4.070171356,4.066771507,1.649330378
2026-07-28T18:41:05.169462+00:00,577.951001,open,rgb,-85.000,-40.000,3,700,,0.259034091,55.3992,4.070229053,4.066896915,1.649346471
2026-07-28T18:41:05.319689+00:00,578.101228,open,rgb,-85.000,-40.000,4,700,,0.258977273,55.3866,4.070116043,4.066723824,1.649646997
2026-07-28T18:41:05.469985+00:00,578.251524,open,rgb,-85.000,-40.000,5,700,,0.259005682,55.3615,4.070098400,4.066712856,1.649413109
2026-07-28T18:41:05.620256+00:00,578.401795,open,rgb,-85.000,-40.000,6,700,,0.259005682,55.3615,4.070426941,4.067048550,1.649554014
2026-07-28T18:41:05.770507+00:00,578.552047,open,rgb,-85.000,-40.000,7,700,,0.258920455,55.3394,4.070445061,4.067089558,1.649453402
2026-07-28T18:41:05.920693+00:00,578.702233,open,rgb,-85.000,-40.000,8,700,,0.258892045,55.3552,4.070523739,4.066843510,1.649232030
2026-07-28T18:41:06.070877+00:00,578.852417,open,rgb,-85.000,-40.000,9,700,,0.258977273,55.3866,4.070398808,4.067003727,1.649501324
2026-07-28T18:41:06.221072+00:00,579.002613,open,rgb,-85.000,-40.000,10,700,,0.258920455,55.3898,4.070565701,4.067054749,1.649139762
2026-07-28T18:41:06.371338+00:00,579.152875,open,rgb,-85.000,-40.000,11,700,,0.258892045,55.3678,4.070425987,4.067018986,1.649497390
2026-07-28T18:41:06.521532+00:00,579.303072,open,rgb,-85.000,-40.000,12,700,,0.258977273,55.3772,4.070361137,4.066968918,1.649612665
2026-07-28T18:41:06.671663+00:00,579.453203,open,rgb,-85.000,-40.000,13,700,,0.258948864,55.3866,4.070395470,4.066947937,1.649381399
2026-07-28T18:41:06.821839+00:00,579.603379,open,rgb,-85.000,-40.000,14,700,,0.259005682,55.3961,4.070516109,4.067155838,1.649335742
2026-07-28T18:41:06.972023+00:00,579.753564,open,rgb,-85.000,-40.000,15,700,,0.258892045,55.4087,4.070374489,4.066956997,1.649567485
2026-07-28T18:41:07.122157+00:00,579.903699,open,rgb,-85.000,-40.000,16,700,,0.258977273,55.4244,4.070415020,4.066885471,1.649473190
2026-07-28T18:41:07.272707+00:00,580.054241,open,rgb,-85.000,-40.000,17,700,,0.259005682,55.4370,4.070354462,4.066978455,1.649553061
2026-07-28T18:41:07.423276+00:00,580.204813,open,rgb,-85.000,-40.000,18,700,,0.258977273,55.4370,4.070278645,4.066990852,1.649424911
2026-07-28T18:41:07.573528+00:00,580.355068,open,rgb,-85.000,-40.000,19,700,,0.258920455,55.4339,4.070521355,4.067143917,1.649394155
2026-07-28T18:41:09.928375+00:00,582.709909,open,rgb,-85.000,-35.000,0,700,,0.258920455,55.4528,4.070271015,4.066762447,1.649581909
2026-07-28T18:41:10.078821+00:00,582.860359,open,rgb,-85.000,-35.000,1,700,,0.259005682,55.4496,4.070241928,4.066752911,1.649482727
2026-07-28T18:41:10.229098+00:00,583.010638,open,rgb,-85.000,-35.000,2,700,,0.259034091,55.4528,4.070318222,4.066820621,1.649455667
2026-07-28T18:41:10.379445+00:00,583.160984,open,rgb,-85.000,-35.000,3,700,,0.259062500,55.4717,4.070179462,4.066686153,1.649767160
2026-07-28T18:41:10.529609+00:00,583.311149,open,rgb,-85.000,-35.000,4,700,,0.259062500,55.4717,4.070153236,4.066645622,1.649517417
2026-07-28T18:41:10.679849+00:00,583.461389,open,rgb,-85.000,-35.000,5,700,,0.259034091,55.4811,4.070298195,4.066790581,1.649584532
2026-07-28T18:41:10.830088+00:00,583.611627,open,rgb,-85.000,-35.000,6,700,,0.259005682,55.4811,4.070312977,4.066706657,1.649543285
2026-07-28T18:41:10.980374+00:00,583.761914,open,rgb,-85.000,-35.000,7,700,,0.258977273,55.4717,4.070418358,4.066620827,1.649404645
2026-07-28T18:41:11.130601+00:00,583.912142,open,rgb,-85.000,-35.000,8,700,,0.259090909,55.4875,4.070291042,4.066761494,1.649681926
2026-07-28T18:41:11.280707+00:00,584.062248,open,rgb,-85.000,-35.000,9,700,,0.259034091,55.4748,4.070169449,4.066634178,1.649560928
2026-07-28T18:41:11.430937+00:00,584.212478,open,rgb,-85.000,-35.000,10,700,,0.259005682,55.4496,4.070245743,4.066751480,1.649617314
2026-07-28T18:41:11.581098+00:00,584.362638,open,rgb,-85.000,-35.000,11,700,,0.259062500,55.4496,4.070237160,4.066774845,1.649670720
2026-07-28T18:41:11.731380+00:00,584.512920,open,rgb,-85.000,-35.000,12,700,,0.259005682,55.4528,4.070385456,4.066889286,1.649364591
2026-07-28T18:41:11.881565+00:00,584.663103,open,rgb,-85.000,-35.000,13,700,,0.258920455,55.4591,4.070289612,4.066775799,1.649532080
2026-07-28T18:41:12.031754+00:00,584.813295,open,rgb,-85.000,-35.000,14,700,,0.259034091,55.4496,4.070381165,4.066906929,1.649601102
2026-07-28T18:41:12.181950+00:00,584.963491,open,rgb,-85.000,-35.000,15,700,,0.258920455,55.4559,4.070508957,4.066944122,1.649534225
2026-07-28T18:41:12.332267+00:00,585.113806,open,rgb,-85.000,-35.000,16,700,,0.259005682,55.4465,4.070469379,4.066984177,1.649648070
2026-07-28T18:41:12.482456+00:00,585.263998,open,rgb,-85.000,-35.000,17,700,,0.258948864,55.4370,4.070392132,4.066861153,1.649454236
2026-07-28T18:41:12.632677+00:00,585.414217,open,rgb,-85.000,-35.000,18,700,,0.258948864,55.4402,4.070509911,4.067000866,1.649582624
2026-07-28T18:41:12.782827+00:00,585.564366,open,rgb,-85.000,-35.000,19,700,,0.258920455,55.4496,4.070423126,4.066919804,1.649741530
2026-07-28T18:41:15.137806+00:00,587.919341,open,rgb,-85.000,-30.000,0,700,,0.259034091,55.4969,4.070302010,4.066699028,1.649427295
2026-07-28T18:41:15.288182+00:00,588.069721,open,rgb,-85.000,-30.000,1,700,,0.259005682,55.4843,4.070407867,4.066797256,1.649605751
2026-07-28T18:41:15.438673+00:00,588.220207,open,rgb,-85.000,-30.000,2,700,,0.259005682,55.4875,4.070268631,4.066650391,1.649848461
2026-07-28T18:41:15.589181+00:00,588.370718,open,rgb,-85.000,-30.000,3,700,,0.259034091,55.4654,4.070264816,4.066716671,1.649768829
2026-07-28T18:41:15.739578+00:00,588.521116,open,rgb,-85.000,-30.000,4,700,,0.259062500,55.4307,4.070414066,4.066792011,1.649511576
2026-07-28T18:41:15.889819+00:00,588.671357,open,rgb,-85.000,-30.000,5,700,,0.259005682,55.3772,4.070324421,4.066679001,1.649548173
2026-07-28T18:41:16.040076+00:00,588.821618,open,rgb,-85.000,-30.000,6,700,,0.259062500,55.3803,4.070368290,4.066719532,1.649602652
2026-07-28T18:41:16.190265+00:00,588.971805,open,rgb,-85.000,-30.000,7,700,,0.259062500,55.3709,4.070314407,4.066745758,1.649753928
2026-07-28T18:41:16.340620+00:00,589.122156,open,rgb,-85.000,-30.000,8,700,,0.259034091,55.3426,4.070321083,4.066720963,1.649531126
2026-07-28T18:41:16.490936+00:00,589.272475,open,rgb,-85.000,-30.000,9,700,,0.259005682,55.3269,4.070404053,4.066792011,1.649597049
2026-07-28T18:41:16.641197+00:00,589.422737,open,rgb,-85.000,-30.000,10,700,,0.258948864,55.3174,4.070322037,4.066721916,1.649744987
2026-07-28T18:41:16.791439+00:00,589.572979,open,rgb,-85.000,-30.000,11,700,,0.259034091,55.3174,4.070329189,4.066714287,1.649546981
2026-07-28T18:41:16.941677+00:00,589.723212,open,rgb,-85.000,-30.000,12,700,,0.258977273,55.3300,4.070340157,4.066762924,1.649623632
2026-07-28T18:41:17.091998+00:00,589.873537,open,rgb,-85.000,-30.000,13,700,,0.259119318,55.3332,4.070245743,4.066692352,1.649630904
2026-07-28T18:41:17.242245+00:00,590.023782,open,rgb,-85.000,-30.000,14,700,,0.259005682,55.3237,4.070569515,4.066947937,1.649523973
2026-07-28T18:41:17.392585+00:00,590.174124,open,rgb,-85.000,-30.000,15,700,,0.258920455,55.2923,4.070411682,4.066813469,1.649304986
2026-07-28T18:41:17.542731+00:00,590.324272,open,rgb,-85.000,-30.000,16,700,,0.258977273,55.3080,4.070238590,4.066699028,1.649302840
2026-07-28T18:41:17.692888+00:00,590.474429,open,rgb,-85.000,-30.000,17,700,,0.259034091,55.3363,4.070441246,4.066771984,1.649487615
2026-07-28T18:41:17.843069+00:00,590.624607,open,rgb,-85.000,-30.000,18,700,,0.258977273,55.3552,4.070326805,4.066722393,1.649739385
2026-07-28T18:41:17.993284+00:00,590.774825,open,rgb,-85.000,-30.000,19,700,,0.258948864,55.3552,4.070328712,4.066608429,1.649487615
2026-07-28T18:41:20.348209+00:00,593.129744,open,rgb,-85.000,-25.000,0,700,,0.259034091,55.3363,4.070394039,4.066631317,1.649670005
2026-07-28T18:41:20.498650+00:00,593.280186,open,rgb,-85.000,-25.000,1,700,,0.259034091,55.3363,4.070395947,4.066653728,1.649805307
2026-07-28T18:41:20.648966+00:00,593.430505,open,rgb,-85.000,-25.000,2,700,,0.259005682,55.3489,4.070439816,4.066590309,1.649523258
2026-07-28T18:41:20.799193+00:00,593.580732,open,rgb,-85.000,-25.000,3,700,,0.259062500,55.3709,4.070421696,4.066711426,1.649696827
2026-07-28T18:41:20.949506+00:00,593.731045,open,rgb,-85.000,-25.000,4,700,,0.259005682,55.3866,4.070473671,4.066757202,1.649521828
2026-07-28T18:41:21.099932+00:00,593.881471,open,rgb,-85.000,-25.000,5,700,,0.258948864,55.4024,4.070592403,4.066782951,1.649420977
2026-07-28T18:41:21.250427+00:00,594.031967,open,rgb,-85.000,-25.000,6,700,,0.259119318,55.4244,4.070436478,4.066665649,1.649607778
2026-07-28T18:41:21.400841+00:00,594.182380,open,rgb,-85.000,-25.000,7,700,,0.259034091,55.4307,4.070386410,4.066668987,1.649425387
2026-07-28T18:41:21.551194+00:00,594.332734,open,rgb,-85.000,-25.000,8,700,,0.259005682,55.4465,4.070468903,4.066753864,1.649508357
2026-07-28T18:41:21.701609+00:00,594.483149,open,rgb,-85.000,-25.000,9,700,,0.258977273,55.4496,4.070448399,4.066755295,1.649588227
2026-07-28T18:41:21.852061+00:00,594.633598,open,rgb,-85.000,-25.000,10,700,,0.258977273,55.4591,4.070479393,4.066731453,1.649422169
2026-07-28T18:41:22.002485+00:00,594.784024,open,rgb,-85.000,-25.000,11,700,,0.259005682,55.4654,4.070593834,4.066908360,1.649313092
2026-07-28T18:41:22.152874+00:00,594.934415,open,rgb,-85.000,-25.000,12,700,,0.258948864,55.4654,4.070433617,4.066705227,1.649332643
2026-07-28T18:41:22.303270+00:00,595.084810,open,rgb,-85.000,-25.000,13,700,,0.258948864,55.4811,4.070557594,4.066830158,1.649488091
2026-07-28T18:41:22.453650+00:00,595.235190,open,rgb,-85.000,-25.000,14,700,,0.258977273,55.4875,4.070446014,4.066715240,1.649600625
2026-07-28T18:41:22.604018+00:00,595.385560,open,rgb,-85.000,-25.000,15,700,,0.259005682,55.4875,4.070407391,4.066700459,1.649409771
2026-07-28T18:41:22.754345+00:00,595.535886,open,rgb,-85.000,-25.000,16,700,,0.259062500,55.4906,4.070491314,4.067012787,1.649495006
2026-07-28T18:41:22.904707+00:00,595.686247,open,rgb,-85.000,-25.000,17,700,,0.258863636,55.4780,4.070395470,4.066693306,1.649145126
2026-07-28T18:41:23.055107+00:00,595.836647,open,rgb,-85.000,-25.000,18,700,,0.259005682,55.5032,4.070434570,4.066566467,1.649501324
2026-07-28T18:41:23.205477+00:00,595.987018,open,rgb,-85.000,-25.000,19,700,,0.259034091,55.5127,4.070472240,4.066781998,1.649656534
2026-07-28T18:41:25.560583+00:00,598.342120,open,rgb,-85.000,-20.000,0,700,,0.258977273,55.5032,4.070796013,4.066977978,1.649662137
2026-07-28T18:41:25.711285+00:00,598.492822,open,rgb,-85.000,-20.000,1,700,,0.258892045,55.4811,4.070679665,4.066774368,1.649471045
2026-07-28T18:41:25.861711+00:00,598.643250,open,rgb,-85.000,-20.000,2,700,,0.258948864,55.4938,4.070637226,4.066869259,1.649561167
2026-07-28T18:41:26.012153+00:00,598.793693,open,rgb,-85.000,-20.000,3,700,,0.258948864,55.4811,4.070619583,4.066783428,1.649444461
2026-07-28T18:41:26.162591+00:00,598.944131,open,rgb,-85.000,-20.000,4,700,,0.258977273,55.4875,4.070734978,4.066936970,1.649516702
2026-07-28T18:41:26.312984+00:00,599.094521,open,rgb,-85.000,-20.000,5,700,,0.259005682,55.5032,4.070600510,4.066785812,1.649648309
2026-07-28T18:41:26.463523+00:00,599.245063,open,rgb,-85.000,-20.000,6,700,,0.258977273,55.5032,4.070527554,4.066690922,1.649520636
2026-07-28T18:41:26.613902+00:00,599.395442,open,rgb,-85.000,-20.000,7,700,,0.259034091,55.4875,4.070643902,4.066809654,1.649697065
2026-07-28T18:41:26.764240+00:00,599.545780,open,rgb,-85.000,-20.000,8,700,,0.258948864,55.4811,4.070573330,4.066762447,1.649843812
2026-07-28T18:41:26.914671+00:00,599.696210,open,rgb,-85.000,-20.000,9,700,,0.259062500,55.4906,4.070634842,4.066703320,1.649628758
2026-07-28T18:41:27.065042+00:00,599.846583,open,rgb,-85.000,-20.000,10,700,,0.259005682,55.4811,4.070831299,4.067042351,1.649638057
2026-07-28T18:41:27.215427+00:00,599.996965,open,rgb,-85.000,-20.000,11,700,,0.258892045,55.4496,4.070813179,4.067073822,1.649548888
2026-07-28T18:41:27.365800+00:00,600.147340,open,rgb,-85.000,-20.000,12,700,,0.258892045,55.4528,4.071014404,4.067186832,1.649527907
2026-07-28T18:41:27.516173+00:00,600.297713,open,rgb,-85.000,-20.000,13,700,,0.258892045,55.4717,4.070902348,4.067089558,1.649685383
2026-07-28T18:41:27.666661+00:00,600.448198,open,rgb,-85.000,-20.000,14,700,,0.258920455,55.4843,4.070529461,4.066763878,1.649451971
2026-07-28T18:41:27.817062+00:00,600.598602,open,rgb,-85.000,-20.000,15,700,,0.259005682,55.5159,4.070656776,4.066911697,1.649602413
2026-07-28T18:41:27.967558+00:00,600.749096,open,rgb,-85.000,-20.000,16,700,,0.258948864,55.5285,4.070693016,4.066914558,1.649536729
2026-07-28T18:41:28.118119+00:00,600.899658,open,rgb,-85.000,-20.000,17,700,,0.258948864,55.5443,4.070746899,4.066742420,1.649398804
2026-07-28T18:41:28.268497+00:00,601.050037,open,rgb,-85.000,-20.000,18,700,,0.258948864,55.5569,4.070586205,4.066849709,1.649741769
2026-07-28T18:41:28.418923+00:00,601.200462,open,rgb,-85.000,-20.000,19,700,,0.258948864,55.5411,4.070612907,4.066892147,1.648888707
2026-07-28T18:41:30.774110+00:00,603.555645,open,rgb,-85.000,-15.000,0,700,,0.258948864,55.5822,4.071030617,4.067049980,1.649483919
2026-07-28T18:41:30.924520+00:00,603.706057,open,rgb,-85.000,-15.000,1,700,,0.258892045,55.5885,4.071076393,4.067161083,1.649643660
2026-07-28T18:41:31.074741+00:00,603.856282,open,rgb,-85.000,-15.000,2,700,,0.258892045,55.5980,4.071062088,4.067221165,1.649429321
2026-07-28T18:41:31.224955+00:00,604.006495,open,rgb,-85.000,-15.000,3,700,,0.258835227,55.5790,4.071074963,4.067195892,1.649269819
2026-07-28T18:41:31.375391+00:00,604.156927,open,rgb,-85.000,-15.000,4,700,,0.258892045,55.5885,4.070972443,4.067099571,1.649758816
2026-07-28T18:41:31.525641+00:00,604.307180,open,rgb,-85.000,-15.000,5,700,,0.258920455,55.5664,4.071008682,4.067022324,1.649465203
2026-07-28T18:41:31.675877+00:00,604.457417,open,rgb,-85.000,-15.000,6,700,,0.258892045,55.5727,4.071067810,4.067112923,1.649715900
2026-07-28T18:41:31.826058+00:00,604.607597,open,rgb,-85.000,-15.000,7,700,,0.258892045,55.5632,4.071053505,4.067074776,1.649724722
2026-07-28T18:41:31.976285+00:00,604.757820,open,rgb,-85.000,-15.000,8,700,,0.258920455,55.5474,4.071121216,4.066927910,1.649593353
2026-07-28T18:41:32.126668+00:00,604.908206,open,rgb,-85.000,-15.000,9,700,,0.258948864,55.5411,4.071141243,4.067135811,1.649638772
2026-07-28T18:41:32.276996+00:00,605.058534,open,rgb,-85.000,-15.000,10,700,,0.258892045,55.5222,4.070812225,4.066819191,1.649505734
2026-07-28T18:41:32.427336+00:00,605.208873,open,rgb,-85.000,-15.000,11,700,,0.258977273,55.5032,4.070881367,4.066961288,1.649583578
2026-07-28T18:41:32.577557+00:00,605.359095,open,rgb,-85.000,-15.000,12,700,,0.258920455,55.4780,4.070837975,4.066864014,1.649791598
2026-07-28T18:41:32.727770+00:00,605.509309,open,rgb,-85.000,-15.000,13,700,,0.258948864,55.4685,4.070698738,4.066708565,1.649497390
2026-07-28T18:41:32.878049+00:00,605.659588,open,rgb,-85.000,-15.000,14,700,,0.258977273,55.4906,4.070849895,4.066826820,1.649638295
2026-07-28T18:41:33.028247+00:00,605.809784,open,rgb,-85.000,-15.000,15,700,,0.258977273,55.5159,4.070791245,4.066785812,1.649651170
2026-07-28T18:41:33.178460+00:00,605.959999,open,rgb,-85.000,-15.000,16,700,,0.259005682,55.5348,4.070821762,4.066785812,1.649622440
2026-07-28T18:41:33.328630+00:00,606.110169,open,rgb,-85.000,-15.000,17,700,,0.259005682,55.5537,4.070862770,4.066876411,1.649573088
2026-07-28T18:41:33.478829+00:00,606.260370,open,rgb,-85.000,-15.000,18,700,,0.258920455,55.5664,4.070725918,4.066723824,1.649420977
2026-07-28T18:41:33.628928+00:00,606.410470,open,rgb,-85.000,-15.000,19,700,,0.258948864,55.5948,4.070787907,4.066794395,1.649763465
2026-07-28T18:41:35.984147+00:00,608.765683,open,rgb,-85.000,-10.000,0,700,,0.259062500,55.5095,4.070883274,4.066789627,1.649663210
2026-07-28T18:41:36.134808+00:00,608.916346,open,rgb,-85.000,-10.000,1,700,,0.258977273,55.4875,4.070845127,4.066739082,1.649608254
2026-07-28T18:41:36.285278+00:00,609.066814,open,rgb,-85.000,-10.000,2,700,,0.259005682,55.5064,4.070881844,4.066836834,1.649687767
2026-07-28T18:41:36.435781+00:00,609.217321,open,rgb,-85.000,-10.000,3,700,,0.258948864,55.5127,4.071067810,4.067035675,1.649848700
2026-07-28T18:41:36.586193+00:00,609.367732,open,rgb,-85.000,-10.000,4,700,,0.258863636,55.4938,4.071040630,4.067006588,1.649674892
2026-07-28T18:41:36.736576+00:00,609.518117,open,rgb,-85.000,-10.000,5,700,,0.258863636,55.4969,4.071170807,4.067079067,1.649047732
2026-07-28T18:41:36.886974+00:00,609.668513,open,rgb,-85.000,-10.000,6,700,,0.258920455,55.5190,4.071088314,4.066950798,1.649721980
2026-07-28T18:41:37.037475+00:00,609.819015,open,rgb,-85.000,-10.000,7,700,,0.258920455,55.5348,4.071186066,4.066935539,1.649654150
2026-07-28T18:41:37.187939+00:00,609.969480,open,rgb,-85.000,-10.000,8,700,,0.258892045,55.5506,4.071123123,4.066999435,1.649726391
2026-07-28T18:41:37.338718+00:00,610.120234,open,rgb,-85.000,-10.000,9,700,,0.258892045,55.5569,4.071122169,4.067007065,1.649501562
2026-07-28T18:41:37.489472+00:00,610.271010,open,rgb,-85.000,-10.000,10,700,,0.259034091,55.5822,4.070969105,4.066885948,1.649613380
2026-07-28T18:41:37.639697+00:00,610.421237,open,rgb,-85.000,-10.000,11,700,,0.258892045,55.5917,4.070974827,4.066891193,1.649675131
2026-07-28T18:41:37.789838+00:00,610.571378,open,rgb,-85.000,-10.000,12,700,,0.258920455,55.5980,4.070863724,4.066725731,1.649548888
2026-07-28T18:41:37.940026+00:00,610.721566,open,rgb,-85.000,-10.000,13,700,,0.259005682,55.6170,4.070926666,4.066864014,1.649722695
2026-07-28T18:41:38.090239+00:00,610.871779,open,rgb,-85.000,-10.000,14,700,,0.258948864,55.6138,4.070897579,4.066810608,1.649643421
2026-07-28T18:41:38.240483+00:00,611.022024,open,rgb,-85.000,-10.000,15,700,,0.258977273,55.6138,4.071016788,4.066824436,1.649661899
2026-07-28T18:41:38.390736+00:00,611.172275,open,rgb,-85.000,-10.000,16,700,,0.259005682,55.6170,4.070958614,4.066880226,1.649674416
2026-07-28T18:41:38.540913+00:00,611.322454,open,rgb,-85.000,-10.000,17,700,,0.258977273,55.6106,4.071026325,4.066915035,1.649429321
2026-07-28T18:41:38.691103+00:00,611.472643,open,rgb,-85.000,-10.000,18,700,,0.258920455,55.6138,4.071102142,4.067008018,1.649375319
2026-07-28T18:41:38.841391+00:00,611.622929,open,rgb,-85.000,-10.000,19,700,,0.258892045,55.6138,4.070905685,4.066803932,1.649705648
2026-07-28T18:41:41.196578+00:00,613.978113,open,rgb,-85.000,-5.000,0,700,,0.258948864,55.6106,4.070997715,4.066859245,1.649619222
2026-07-28T18:41:41.346969+00:00,614.128507,open,rgb,-85.000,-5.000,1,700,,0.258948864,55.6328,4.071067810,4.067025661,1.649561882
2026-07-28T18:41:41.497462+00:00,614.279001,open,rgb,-85.000,-5.000,2,700,,0.258948864,55.6486,4.071009636,4.066983700,1.649691224
2026-07-28T18:41:41.647871+00:00,614.429412,open,rgb,-85.000,-5.000,3,700,,0.258920455,55.6676,4.070962906,4.066889763,1.649512768
2026-07-28T18:41:41.798212+00:00,614.579752,open,rgb,-85.000,-5.000,4,700,,0.259005682,55.6929,4.071039677,4.066936493,1.649685144
2026-07-28T18:41:41.948580+00:00,614.730120,open,rgb,-85.000,-5.000,5,700,,0.258892045,55.6993,4.070982456,4.067133904,1.649622679
2026-07-28T18:41:42.098872+00:00,614.880413,open,rgb,-85.000,-5.000,6,700,,0.258892045,55.7024,4.071344376,4.067230225,1.649600387
2026-07-28T18:41:42.249152+00:00,615.030692,open,rgb,-85.000,-5.000,7,700,,0.258863636,55.7024,4.071301460,4.067202568,1.648900747
2026-07-28T18:41:42.399574+00:00,615.181114,open,rgb,-85.000,-5.000,8,700,,0.258892045,55.7119,4.071258545,4.067102432,1.649458051
2026-07-28T18:41:42.549941+00:00,615.331482,open,rgb,-85.000,-5.000,9,700,,0.258863636,55.7183,4.071285725,4.067275524,1.649606824
2026-07-28T18:41:42.700224+00:00,615.481766,open,rgb,-85.000,-5.000,10,700,,0.258835227,55.7183,4.071203232,4.067117691,1.649801850
2026-07-28T18:41:42.850723+00:00,615.632260,open,rgb,-85.000,-5.000,11,700,,0.258863636,55.7309,4.071218967,4.067076683,1.649604559
2026-07-28T18:41:43.001091+00:00,615.782632,open,rgb,-85.000,-5.000,12,700,,0.258948864,55.7309,4.071270466,4.067259789,1.649590850
2026-07-28T18:41:43.151545+00:00,615.933085,open,rgb,-85.000,-5.000,13,700,,0.258863636,55.7309,4.071297169,4.067218781,1.649450779
2026-07-28T18:41:43.301969+00:00,616.083506,open,rgb,-85.000,-5.000,14,700,,0.258863636,55.7309,4.071373463,4.067318916,1.649354577
2026-07-28T18:41:43.452488+00:00,616.234027,open,rgb,-85.000,-5.000,15,700,,0.258920455,55.7373,4.071260452,4.067199707,1.649615765
2026-07-28T18:41:43.602815+00:00,616.384355,open,rgb,-85.000,-5.000,16,700,,0.258892045,55.7309,4.071248531,4.067204475,1.649498343
2026-07-28T18:41:43.753060+00:00,616.534600,open,rgb,-85.000,-5.000,17,700,,0.258920455,55.7309,4.071327686,4.067221165,1.649592876
2026-07-28T18:41:43.903539+00:00,616.685078,open,rgb,-85.000,-5.000,18,700,,0.258835227,55.7088,4.071293354,4.067176342,1.649675846
2026-07-28T18:41:44.053954+00:00,616.835494,open,rgb,-85.000,-5.000,19,700,,0.258892045,55.7056,4.071323872,4.067158222,1.649578691
2026-07-28T18:41:46.409044+00:00,619.190580,open,rgb,-85.000,0.000,0,700,,0.258948864,55.6993,4.071235180,4.067368984,1.649501562
2026-07-28T18:41:46.559584+00:00,619.341123,open,rgb,-85.000,0.000,1,700,,0.258948864,55.6929,4.071107388,4.067159653,1.649780154
2026-07-28T18:41:46.710001+00:00,619.491540,open,rgb,-85.000,0.000,2,700,,0.258977273,55.6961,4.071136951,4.067183018,1.649618745
2026-07-28T18:41:46.860473+00:00,619.642011,open,rgb,-85.000,0.000,3,700,,0.258948864,55.7119,4.071146011,4.067238808,1.649681687
2026-07-28T18:41:47.010853+00:00,619.792391,open,rgb,-85.000,0.000,4,700,,0.258948864,55.7246,4.071291924,4.067392826,1.649664640
2026-07-28T18:41:47.161185+00:00,619.942726,open,rgb,-85.000,0.000,5,700,,0.258977273,55.7405,4.071380615,4.067506313,1.649605513
2026-07-28T18:41:47.311709+00:00,620.093246,open,rgb,-85.000,0.000,6,700,,0.258892045,55.7595,4.071082592,4.067188740,1.649688125
2026-07-28T18:41:47.462108+00:00,620.243648,open,rgb,-85.000,0.000,7,700,,0.258920455,55.7785,4.071009636,4.067098618,1.649535537
2026-07-28T18:41:47.612520+00:00,620.394060,open,rgb,-85.000,0.000,8,700,,0.258977273,55.7976,4.071096420,4.067235470,1.649830341
2026-07-28T18:41:47.762814+00:00,620.544356,open,rgb,-85.000,0.000,9,700,,0.259005682,55.8039,4.071300030,4.067263126,1.649143577
2026-07-28T18:41:47.913215+00:00,620.694752,open,rgb,-85.000,0.000,10,700,,0.258977273,55.8103,4.071239948,4.067185402,1.649476647
2026-07-28T18:41:48.063704+00:00,620.845244,open,rgb,-85.000,0.000,11,700,,0.258948864,55.8166,4.071192265,4.067308426,1.649562359
2026-07-28T18:41:48.214022+00:00,620.995563,open,rgb,-85.000,0.000,12,700,,0.258948864,55.8166,4.071140766,4.067258358,1.649523735
2026-07-28T18:41:48.364437+00:00,621.145976,open,rgb,-85.000,0.000,13,700,,0.259005682,55.8198,4.071244240,4.067348480,1.649552584
2026-07-28T18:41:48.514828+00:00,621.296368,open,rgb,-85.000,0.000,14,700,,0.258977273,55.8071,4.071062088,4.067202091,1.649889708
2026-07-28T18:41:48.665149+00:00,621.446689,open,rgb,-85.000,0.000,15,700,,0.258977273,55.7468,4.071052551,4.067188263,1.649704456
2026-07-28T18:41:48.815547+00:00,621.597088,open,rgb,-85.000,0.000,16,700,,0.259005682,55.7024,4.071235180,4.067366600,1.649627566
2026-07-28T18:41:48.965916+00:00,621.747455,open,rgb,-85.000,0.000,17,700,,0.258920455,55.6676,4.071072578,4.067181110,1.649812579
2026-07-28T18:41:49.116258+00:00,621.897799,open,rgb,-85.000,0.000,18,700,,0.258977273,55.6612,4.071130276,4.067197323,1.649732471
2026-07-28T18:41:49.266719+00:00,622.048250,open,rgb,-85.000,0.000,19,700,,0.259005682,55.6644,4.071191788,4.067303181,1.649702191
2026-07-28T18:41:51.621982+00:00,624.403516,open,rgb,-85.000,5.000,0,700,,0.258948864,55.7627,4.071133614,4.067256927,1.649716139
2026-07-28T18:41:51.772520+00:00,624.554060,open,rgb,-85.000,5.000,1,700,,0.258948864,55.7785,4.071184158,4.067236900,1.649607062
2026-07-28T18:41:51.922992+00:00,624.704531,open,rgb,-85.000,5.000,2,700,,0.258948864,55.7754,4.071168423,4.067356110,1.649652719
2026-07-28T18:41:52.073526+00:00,624.855066,open,rgb,-85.000,5.000,3,700,,0.258892045,55.7627,4.071245670,4.067459583,1.649533510
2026-07-28T18:41:52.223905+00:00,625.005446,open,rgb,-85.000,5.000,4,700,,0.258892045,55.7754,4.071352959,4.067552090,1.649582863
2026-07-28T18:41:52.374226+00:00,625.155765,open,rgb,-85.000,5.000,5,700,,0.258863636,55.7912,4.071360111,4.067526817,1.649645567
2026-07-28T18:41:52.524574+00:00,625.306115,open,rgb,-85.000,5.000,6,700,,0.258863636,55.7849,4.071327209,4.067486763,1.649517894
2026-07-28T18:41:52.674869+00:00,625.456410,open,rgb,-85.000,5.000,7,700,,0.258920455,55.7944,4.071417332,4.067602634,1.649591446
2026-07-28T18:41:52.825210+00:00,625.606750,open,rgb,-85.000,5.000,8,700,,0.258835227,55.7849,4.071420193,4.067650318,1.649543524
2026-07-28T18:41:52.975773+00:00,625.757314,open,rgb,-85.000,5.000,9,700,,0.258863636,55.7849,4.071543694,4.067510128,1.649341106
2026-07-28T18:41:53.126102+00:00,625.907643,open,rgb,-85.000,5.000,10,700,,0.258892045,55.7880,4.071467400,4.067634106,1.649487376
2026-07-28T18:41:53.276435+00:00,626.057975,open,rgb,-85.000,5.000,11,700,,0.258863636,55.7754,4.071550846,4.067658424,1.649115801
2026-07-28T18:41:53.426813+00:00,626.208351,open,rgb,-85.000,5.000,12,700,,0.258920455,55.7785,4.071479321,4.067667961,1.649426579
2026-07-28T18:41:53.577159+00:00,626.358700,open,rgb,-85.000,5.000,13,700,,0.258835227,55.7722,4.071497440,4.067646027,1.649593830
2026-07-28T18:41:53.727591+00:00,626.509131,open,rgb,-85.000,5.000,14,700,,0.258892045,55.7214,4.071365356,4.067515850,1.649290800
2026-07-28T18:41:53.878003+00:00,626.659542,open,rgb,-85.000,5.000,15,700,,0.258892045,55.6929,4.071386337,4.067558289,1.649578452
2026-07-28T18:41:54.028468+00:00,626.810008,open,rgb,-85.000,5.000,16,700,,0.258892045,55.6454,4.071445942,4.067630291,1.649495482
2026-07-28T18:41:54.178801+00:00,626.960342,open,rgb,-85.000,5.000,17,700,,0.258863636,55.6518,4.071603298,4.067604065,1.649370432
2026-07-28T18:41:54.329084+00:00,627.110624,open,rgb,-85.000,5.000,18,700,,0.258920455,55.6802,4.071459293,4.067636490,1.649560928
2026-07-28T18:41:54.479460+00:00,627.261002,open,rgb,-85.000,5.000,19,700,,0.258920455,55.6897,4.071361065,4.067559242,1.649337769
2026-07-28T18:41:56.834499+00:00,629.616033,open,rgb,-85.000,10.000,0,700,,0.259005682,55.6929,4.071109772,4.067055225,1.649581909
2026-07-28T18:41:56.984879+00:00,629.766419,open,rgb,-85.000,10.000,1,700,,0.259005682,55.6929,4.071192741,4.067446232,1.649750590
2026-07-28T18:41:57.135291+00:00,629.916831,open,rgb,-85.000,10.000,2,700,,0.258977273,55.6644,4.071252823,4.067408562,1.649597049
2026-07-28T18:41:57.285631+00:00,630.067172,open,rgb,-85.000,10.000,3,700,,0.258948864,55.6233,4.071281433,4.067482471,1.649627566
2026-07-28T18:41:57.436024+00:00,630.217564,open,rgb,-85.000,10.000,4,700,,0.258892045,55.5695,4.071289539,4.067481041,1.649599195
2026-07-28T18:41:57.586711+00:00,630.368246,open,rgb,-85.000,10.000,5,700,,0.258892045,55.5222,4.070969582,4.067158699,1.649483919
2026-07-28T18:41:57.737156+00:00,630.518696,open,rgb,-85.000,10.000,6,700,,0.259005682,55.4969,4.071142673,4.067237377,1.649656296
2026-07-28T18:41:57.887577+00:00,630.669115,open,rgb,-85.000,10.000,7,700,,0.258920455,55.4875,4.070985794,4.067200661,1.649662375
2026-07-28T18:41:58.038042+00:00,630.819581,open,rgb,-85.000,10.000,8,700,,0.258920455,55.5285,4.071152210,4.067098618,1.649562597
2026-07-28T18:41:58.188485+00:00,630.970026,open,rgb,-85.000,10.000,9,700,,0.259005682,55.5695,4.071040154,4.067234516,1.649749875
2026-07-28T18:41:58.338806+00:00,631.120345,open,rgb,-85.000,10.000,10,700,,0.258977273,55.5917,4.070868492,4.067031384,1.649634838
2026-07-28T18:41:58.489226+00:00,631.270766,open,rgb,-85.000,10.000,11,700,,0.259034091,55.6233,4.070984364,4.067164421,1.649839163
2026-07-28T18:41:58.639538+00:00,631.421079,open,rgb,-85.000,10.000,12,700,,0.259005682,55.6486,4.070951462,4.067148209,1.649869680
2026-07-28T18:41:58.789829+00:00,631.571370,open,rgb,-85.000,10.000,13,700,,0.258948864,55.6612,4.071061611,4.067293644,1.649620175
2026-07-28T18:41:58.940231+00:00,631.721770,open,rgb,-85.000,10.000,14,700,,0.258948864,55.6771,4.071041107,4.067262173,1.649766207
2026-07-28T18:41:59.090579+00:00,631.872119,open,rgb,-85.000,10.000,15,700,,0.258948864,55.6739,4.070984364,4.067201614,1.649793744
2026-07-28T18:41:59.240887+00:00,632.022429,open,rgb,-85.000,10.000,16,700,,0.258948864,55.6454,4.071101189,4.067221642,1.649709344
2026-07-28T18:41:59.391152+00:00,632.172692,open,rgb,-85.000,10.000,17,700,,0.258977273,55.6170,4.071039677,4.067316532,1.649668813
2026-07-28T18:41:59.541478+00:00,632.323019,open,rgb,-85.000,10.000,18,700,,0.258920455,55.5980,4.070971489,4.067375660,1.649596810
2026-07-28T18:41:59.691734+00:00,632.473275,open,rgb,-85.000,10.000,19,700,,0.258920455,55.6043,4.071236610,4.067479134,1.649750352
2026-07-28T18:42:02.046947+00:00,634.828483,open,rgb,-85.000,15.000,0,700,,0.259005682,55.6612,4.071043968,4.067225933,1.649803758
2026-07-28T18:42:02.197374+00:00,634.978911,open,rgb,-85.000,15.000,1,700,,0.259005682,55.6644,4.070981979,4.067254543,1.649690509
2026-07-28T18:42:02.347777+00:00,635.129314,open,rgb,-85.000,15.000,2,700,,0.258948864,55.6707,4.071173668,4.067361832,1.649551630
2026-07-28T18:42:02.498002+00:00,635.279542,open,rgb,-85.000,15.000,3,700,,0.258948864,55.6929,4.070969582,4.067187786,1.649885297
2026-07-28T18:42:02.648154+00:00,635.429695,open,rgb,-85.000,15.000,4,700,,0.259005682,55.6993,4.071016312,4.067286491,1.649676800
2026-07-28T18:42:02.798282+00:00,635.579823,open,rgb,-85.000,15.000,5,700,,0.258948864,55.7088,4.071122169,4.067388058,1.649531364
2026-07-28T18:42:02.948541+00:00,635.730077,open,rgb,-85.000,15.000,6,700,,0.258920455,55.7214,4.071081638,4.067315578,1.649504423
2026-07-28T18:42:03.098738+00:00,635.880277,open,rgb,-85.000,15.000,7,700,,0.258948864,55.7405,4.071158886,4.067368031,1.649432659
2026-07-28T18:42:03.248977+00:00,636.030518,open,rgb,-85.000,15.000,8,700,,0.258948864,55.7595,4.071135521,4.067400455,1.649426579
2026-07-28T18:42:03.399177+00:00,636.180716,open,rgb,-85.000,15.000,9,700,,0.258920455,55.7690,4.070954800,4.067210674,1.649266243
2026-07-28T18:42:03.549352+00:00,636.330893,open,rgb,-85.000,15.000,10,700,,0.259034091,55.7849,4.071012974,4.067309380,1.649740815
2026-07-28T18:42:03.699494+00:00,636.481035,open,rgb,-85.000,15.000,11,700,,0.258920455,55.7912,4.071073055,4.067298889,1.649689555
2026-07-28T18:42:03.849630+00:00,636.631168,open,rgb,-85.000,15.000,12,700,,0.258948864,55.7944,4.071022034,4.067227364,1.649549603
2026-07-28T18:42:03.999924+00:00,636.781463,open,rgb,-85.000,15.000,13,700,,0.259005682,55.7754,4.071054935,4.067346096,1.649670243
2026-07-28T18:42:04.150247+00:00,636.931783,open,rgb,-85.000,15.000,14,700,,0.258920455,55.7690,4.070953846,4.067204475,1.649691939
2026-07-28T18:42:04.300579+00:00,637.082119,open,rgb,-85.000,15.000,15,700,,0.259005682,55.7722,4.071309566,4.067502975,1.649538875
2026-07-28T18:42:04.450808+00:00,637.232348,open,rgb,-85.000,15.000,16,700,,0.258948864,55.7563,4.071094513,4.067388058,1.649419308
2026-07-28T18:42:04.600959+00:00,637.382500,open,rgb,-85.000,15.000,17,700,,0.258977273,55.7627,4.071034431,4.067243576,1.649441957
2026-07-28T18:42:04.751084+00:00,637.532624,open,rgb,-85.000,15.000,18,700,,0.259062500,55.7690,4.071115971,4.067313671,1.649742246
2026-07-28T18:42:04.901143+00:00,637.682679,open,rgb,-85.000,15.000,19,700,,0.258977273,55.7658,4.071089745,4.067287922,1.649706364
2026-07-28T18:42:07.256333+00:00,640.037865,open,rgb,-85.000,20.000,0,700,,0.258920455,55.7754,4.071114063,4.067294121,1.649447083
2026-07-28T18:42:07.406681+00:00,640.188219,open,rgb,-85.000,20.000,1,700,,0.258920455,55.7880,4.071182251,4.067405224,1.649610400
2026-07-28T18:42:07.556914+00:00,640.338455,open,rgb,-85.000,20.000,2,700,,0.258863636,55.7880,4.071166039,4.067388058,1.649685144
2026-07-28T18:42:07.707183+00:00,640.488722,open,rgb,-85.000,20.000,3,700,,0.258920455,55.7976,4.071175098,4.067316532,1.649532557
2026-07-28T18:42:07.857429+00:00,640.638940,open,rgb,-85.000,20.000,4,700,,0.258948864,55.8071,4.071237087,4.067452431,1.649669766
2026-07-28T18:42:08.007682+00:00,640.789220,open,rgb,-85.000,20.000,5,700,,0.258920455,55.6739,4.071226597,4.067433357,1.649555683
2026-07-28T18:42:08.158056+00:00,640.939594,open,rgb,-85.000,20.000,6,700,,0.259005682,55.6170,4.071034908,4.067295074,1.649517417
2026-07-28T18:42:08.308336+00:00,641.089875,open,rgb,-85.000,20.000,7,700,,0.259005682,55.5853,4.070995331,4.067174435,1.649706364
2026-07-28T18:42:08.458575+00:00,641.240114,open,rgb,-85.000,20.000,8,700,,0.258977273,55.5885,4.070848942,4.067116261,1.649501562
2026-07-28T18:42:08.608698+00:00,641.390239,open,rgb,-85.000,20.000,9,700,,0.258977273,55.5853,4.070962906,4.067257881,1.649629712
2026-07-28T18:42:08.758824+00:00,641.540365,open,rgb,-85.000,20.000,10,700,,0.258948864,55.6011,4.071035862,4.067306995,1.649474740
2026-07-28T18:42:08.909100+00:00,641.690639,open,rgb,-85.000,20.000,11,700,,0.258920455,55.5948,4.071041107,4.067174911,1.649300337
2026-07-28T18:42:09.059352+00:00,641.840892,open,rgb,-85.000,20.000,12,700,,0.258920455,55.6170,4.071007252,4.067234516,1.649619699
2026-07-28T18:42:09.209507+00:00,641.991047,open,rgb,-85.000,20.000,13,700,,0.258920455,55.6423,4.070873260,4.067116737,1.649582386
2026-07-28T18:42:09.359611+00:00,642.141151,open,rgb,-85.000,20.000,14,700,,0.259005682,55.6518,4.070935249,4.067171097,1.649750590
2026-07-28T18:42:09.509789+00:00,642.291331,open,rgb,-85.000,20.000,15,700,,0.259034091,55.6454,4.070904732,4.067136288,1.649799347
2026-07-28T18:42:09.659943+00:00,642.441485,open,rgb,-85.000,20.000,16,700,,0.258948864,55.6518,4.070882797,4.067168236,1.649637818
2026-07-28T18:42:09.810072+00:00,642.591613,open,rgb,-85.000,20.000,17,700,,0.258948864,55.6549,4.070990562,4.067373276,1.649534702
2026-07-28T18:42:09.960271+00:00,642.741806,open,rgb,-85.000,20.000,18,700,,0.258863636,55.6233,4.070902348,4.067098141,1.649130940
2026-07-28T18:42:10.110854+00:00,642.892392,open,rgb,-85.000,20.000,19,700,,0.258948864,55.6075,4.070997715,4.067095757,1.649593592
2026-07-28T18:42:12.466014+00:00,645.247548,open,rgb,-85.000,25.000,0,700,,0.259034091,55.7500,4.071150303,4.067449093,1.649503708
2026-07-28T18:42:12.616560+00:00,645.398100,open,rgb,-85.000,25.000,1,700,,0.258806818,55.7056,4.071167469,4.067441463,1.649762273
2026-07-28T18:42:12.767007+00:00,645.548547,open,rgb,-85.000,25.000,2,700,,0.258863636,55.6771,4.071122169,4.067281723,1.649613857
2026-07-28T18:42:12.917473+00:00,645.699011,open,rgb,-85.000,25.000,3,700,,0.258920455,55.6961,4.071163177,4.067401886,1.649665594
2026-07-28T18:42:13.067867+00:00,645.849407,open,rgb,-85.000,25.000,4,700,,0.258863636,55.6866,4.070963383,4.067292213,1.649511099
2026-07-28T18:42:13.218337+00:00,645.999876,open,rgb,-85.000,25.000,5,700,,0.258920455,55.6771,4.071125507,4.067380428,1.649612188
2026-07-28T18:42:13.368994+00:00,646.150528,open,rgb,-85.000,25.000,6,700,,0.258892045,55.6834,4.071286201,4.067557335,1.649608016
2026-07-28T18:42:13.519844+00:00,646.301379,open,rgb,-85.000,25.000,7,700,,0.258863636,55.6897,4.071061134,4.067315102,1.648913383
2026-07-28T18:42:13.670159+00:00,646.451698,open,rgb,-85.000,25.000,8,700,,0.258948864,55.7183,4.071045399,4.067386627,1.649612427
2026-07-28T18:42:13.820401+00:00,646.601939,open,rgb,-85.000,25.000,9,700,,0.258892045,55.7214,4.071094513,4.067412376,1.649630427
2026-07-28T18:42:13.970908+00:00,646.752447,open,rgb,-85.000,25.000,10,700,,0.258892045,55.7278,4.071157932,4.067266464,1.649549127
2026-07-28T18:42:14.121451+00:00,646.902987,open,rgb,-85.000,25.000,11,700,,0.258920455,55.7278,4.071091652,4.067347527,1.649680018
2026-07-28T18:42:14.271983+00:00,647.053522,open,rgb,-85.000,25.000,12,700,,0.258892045,55.7246,4.071019173,4.067269325,1.649567246
2026-07-28T18:42:14.422385+00:00,647.203925,open,rgb,-85.000,25.000,13,700,,0.258920455,55.7278,4.071080208,4.067344189,1.649657607
2026-07-28T18:42:14.572723+00:00,647.354263,open,rgb,-85.000,25.000,14,700,,0.258863636,55.7183,4.070997715,4.067223072,1.649711728
2026-07-28T18:42:14.723118+00:00,647.504658,open,rgb,-85.000,25.000,15,700,,0.258892045,55.6993,4.070987225,4.067245483,1.649552822
2026-07-28T18:42:14.873566+00:00,647.655105,open,rgb,-85.000,25.000,16,700,,0.258977273,55.6802,4.071079254,4.067366600,1.649620414
2026-07-28T18:42:15.024106+00:00,647.805642,open,rgb,-85.000,25.000,17,700,,0.258863636,55.6138,4.070821285,4.067152023,1.649627566
2026-07-28T18:42:15.174666+00:00,647.956205,open,rgb,-85.000,25.000,18,700,,0.258948864,55.5917,4.070930481,4.067039013,1.649390459
2026-07-28T18:42:15.325210+00:00,648.106748,open,rgb,-85.000,25.000,19,700,,0.258977273,55.5853,4.070854187,4.067111492,1.649626017
2026-07-28T18:42:17.680562+00:00,650.462095,open,rgb,-85.000,30.000,0,700,,0.258977273,55.5190,4.070927620,4.067162991,1.649603605
2026-07-28T18:42:17.831119+00:00,650.612658,open,rgb,-85.000,30.000,1,700,,0.258977273,55.5379,4.071022511,4.067141056,1.649613857
2026-07-28T18:42:17.981706+00:00,650.763243,open,rgb,-85.000,30.000,2,700,,0.258977273,55.5411,4.071002007,4.067260265,1.649619699
2026-07-28T18:42:18.132175+00:00,650.913713,open,rgb,-85.000,30.000,3,700,,0.259005682,55.5474,4.071079254,4.067453861,1.649517179
2026-07-28T18:42:18.282660+00:00,651.064198,open,rgb,-85.000,30.000,4,700,,0.258892045,55.5537,4.071103573,4.067298889,1.649192691
2026-07-28T18:42:18.433054+00:00,651.214594,open,rgb,-85.000,30.000,5,700,,0.258948864,55.4654,4.070999622,4.067208290,1.649735928
2026-07-28T18:42:18.583440+00:00,651.364981,open,rgb,-85.000,30.000,6,700,,0.258948864,55.4339,4.070934296,4.067179680,1.649554491
2026-07-28T18:42:18.733795+00:00,651.515335,open,rgb,-85.000,30.000,7,700,,0.258948864,55.4622,4.071026802,4.067272186,1.649530649
2026-07-28T18:42:18.884003+00:00,651.665541,open,rgb,-85.000,30.000,8,700,,0.258920455,55.4875,4.071001530,4.067212582,1.649656773
2026-07-28T18:42:19.034169+00:00,651.815708,open,rgb,-85.000,30.000,9,700,,0.258948864,55.5222,4.071094036,4.067201138,1.649516702
2026-07-28T18:42:19.184388+00:00,651.965928,open,rgb,-85.000,30.000,10,700,,0.258892045,55.5474,4.071022987,4.067278385,1.649586797
2026-07-28T18:42:19.334696+00:00,652.116231,open,rgb,-85.000,30.000,11,700,,0.258920455,55.5601,4.070969105,4.067186832,1.649450541
2026-07-28T18:42:19.484987+00:00,652.266527,open,rgb,-85.000,30.000,12,700,,0.258948864,55.5695,4.071063519,4.067248821,1.649617314
2026-07-28T18:42:19.635161+00:00,652.416701,open,rgb,-85.000,30.000,13,700,,0.258977273,55.5695,4.071077824,4.067295551,1.649543047
2026-07-28T18:42:19.785278+00:00,652.566818,open,rgb,-85.000,30.000,14,700,,0.258892045,55.5537,4.070972443,4.067219734,1.649321318
2026-07-28T18:42:19.935601+00:00,652.717136,open,rgb,-85.000,30.000,15,700,,0.258977273,55.5316,4.071012497,4.067239285,1.649603844
2026-07-28T18:42:20.085985+00:00,652.867524,open,rgb,-85.000,30.000,16,700,,0.258948864,55.4811,4.070918083,4.067166328,1.649681211
2026-07-28T18:42:20.236161+00:00,653.017701,open,rgb,-85.000,30.000,17,700,,0.259005682,55.4969,4.071014881,4.067170620,1.649617314
2026-07-28T18:42:20.386498+00:00,653.168037,open,rgb,-85.000,30.000,18,700,,0.258977273,55.4906,4.070995331,4.067245007,1.649682164
2026-07-28T18:42:20.536645+00:00,653.318185,open,rgb,-85.000,30.000,19,700,,0.258920455,55.4906,4.071007729,4.067203522,1.649485469
2026-07-28T18:42:22.891207+00:00,655.672740,open,rgb,-85.000,35.000,0,700,,0.258835227,55.5159,4.071556091,4.067775726,1.649541855
2026-07-28T18:42:23.041642+00:00,655.823179,open,rgb,-85.000,35.000,1,700,,0.258948864,55.5253,4.071357727,4.067574501,1.649592876
2026-07-28T18:42:23.192023+00:00,655.973563,open,rgb,-85.000,35.000,2,700,,0.258920455,55.5411,4.071147919,4.067493439,1.649474740
2026-07-28T18:42:23.342254+00:00,656.123791,open,rgb,-85.000,35.000,3,700,,0.258977273,55.5474,4.071355820,4.067572117,1.649575472
2026-07-28T18:42:23.492588+00:00,656.274128,open,rgb,-85.000,35.000,4,700,,0.258948864,55.5348,4.071256638,4.067528248,1.649798155
2026-07-28T18:42:23.642810+00:00,656.424351,open,rgb,-85.000,35.000,5,700,,0.259005682,55.5285,4.071318150,4.067625523,1.649580359
2026-07-28T18:42:23.792951+00:00,656.574492,open,rgb,-85.000,35.000,6,700,,0.258863636,55.5190,4.071434021,4.067685604,1.648744226
2026-07-28T18:42:23.943184+00:00,656.724723,open,rgb,-85.000,35.000,7,700,,0.258892045,55.5285,4.071209908,4.067456722,1.649545789
2026-07-28T18:42:24.093504+00:00,656.875043,open,rgb,-85.000,35.000,8,700,,0.258948864,55.5348,4.071298122,4.067519665,1.649595022
2026-07-28T18:42:24.243756+00:00,657.025296,open,rgb,-85.000,35.000,9,700,,0.258948864,55.5506,4.071197033,4.067496300,1.649765253
2026-07-28T18:42:24.393986+00:00,657.175526,open,rgb,-85.000,35.000,10,700,,0.258977273,55.5664,4.071279526,4.067576408,1.649476886
2026-07-28T18:42:24.544183+00:00,657.325723,open,rgb,-85.000,35.000,11,700,,0.258948864,55.5822,4.071357727,4.067624092,1.649549842
2026-07-28T18:42:24.694315+00:00,657.475856,open,rgb,-85.000,35.000,12,700,,0.258892045,55.5822,4.071344852,4.067564011,1.649573088
2026-07-28T18:42:24.844615+00:00,657.626154,open,rgb,-85.000,35.000,13,700,,0.258977273,55.5917,4.071242809,4.067451477,1.649452209
2026-07-28T18:42:24.994841+00:00,657.776375,open,rgb,-85.000,35.000,14,700,,0.259005682,55.6043,4.071287632,4.067560196,1.649714231
2026-07-28T18:42:25.145094+00:00,657.926634,open,rgb,-85.000,35.000,15,700,,0.258892045,55.6075,4.071249008,4.067555428,1.649644136
2026-07-28T18:42:25.295561+00:00,658.077096,open,rgb,-85.000,35.000,16,700,,0.258977273,55.6106,4.071371555,4.067580223,1.649542332
2026-07-28T18:42:25.445815+00:00,658.227352,open,rgb,-85.000,35.000,17,700,,0.258948864,55.6075,4.071245193,4.067552090,1.649763942
2026-07-28T18:42:25.596104+00:00,658.377644,open,rgb,-85.000,35.000,18,700,,0.258977273,55.5980,4.071206093,4.067512035,1.649519801
2026-07-28T18:42:25.746394+00:00,658.527934,open,rgb,-85.000,35.000,19,700,,0.258948864,55.5822,4.071372986,4.067624092,1.649632454
2026-07-28T18:42:28.101350+00:00,660.882881,open,rgb,-85.000,40.000,0,700,,0.258863636,55.6201,4.071445942,4.067936897,1.649443984
2026-07-28T18:42:28.251995+00:00,661.033529,open,rgb,-85.000,40.000,1,700,,0.258892045,55.6170,4.071596146,4.067853451,1.649329424
2026-07-28T18:42:28.402300+00:00,661.183839,open,rgb,-85.000,40.000,2,700,,0.259062500,55.6328,4.071750164,4.068025589,1.649580121
2026-07-28T18:42:28.552553+00:00,661.334091,open,rgb,-85.000,40.000,3,700,,0.258977273,55.6296,4.071688652,4.067946434,1.649690032
2026-07-28T18:42:28.702825+00:00,661.484364,open,rgb,-85.000,40.000,4,700,,0.258948864,55.6359,4.071707726,4.067860603,1.649467349
2026-07-28T18:42:28.853016+00:00,661.634554,open,rgb,-85.000,40.000,5,700,,0.258948864,55.6486,4.071653366,4.067923546,1.649726391
2026-07-28T18:42:29.003265+00:00,661.784804,open,rgb,-85.000,40.000,6,700,,0.259005682,55.6486,4.071660519,4.067894936,1.649571419
2026-07-28T18:42:29.153478+00:00,661.935017,open,rgb,-85.000,40.000,7,700,,0.258977273,55.6549,4.071723938,4.068023682,1.649563313
2026-07-28T18:42:29.303585+00:00,662.085126,open,rgb,-85.000,40.000,8,700,,0.258948864,55.6612,4.071680069,4.067954540,1.649055481
2026-07-28T18:42:29.453771+00:00,662.235311,open,rgb,-85.000,40.000,9,700,,0.258948864,55.6581,4.071668148,4.067958832,1.649508119
2026-07-28T18:42:29.604055+00:00,662.385594,open,rgb,-85.000,40.000,10,700,,0.258948864,55.6518,4.071726322,4.067988873,1.649604082
2026-07-28T18:42:29.754208+00:00,662.535748,open,rgb,-85.000,40.000,11,700,,0.258948864,55.6170,4.071702480,4.067969799,1.649639487
2026-07-28T18:42:29.904431+00:00,662.685970,open,rgb,-85.000,40.000,12,700,,0.258948864,55.6043,4.071813107,4.067952156,1.649490595
2026-07-28T18:42:30.054813+00:00,662.836349,open,rgb,-85.000,40.000,13,700,,0.259005682,55.6043,4.071794033,4.068005085,1.649489045
2026-07-28T18:42:30.205091+00:00,662.986631,open,rgb,-85.000,40.000,14,700,,0.258977273,55.5822,4.071711540,4.067915440,1.649455428
2026-07-28T18:42:30.355294+00:00,663.136834,open,rgb,-85.000,40.000,15,700,,0.258948864,55.5601,4.071782589,4.068050861,1.649512291
2026-07-28T18:42:30.505492+00:00,663.287032,open,rgb,-85.000,40.000,16,700,,0.258892045,55.5632,4.071731567,4.067945957,1.649664640
2026-07-28T18:42:30.655723+00:00,663.437264,open,rgb,-85.000,40.000,17,700,,0.258948864,55.5632,4.071585178,4.067798138,1.649496198
2026-07-28T18:42:30.805826+00:00,663.587367,open,rgb,-85.000,40.000,18,700,,0.259005682,55.5411,4.071653843,4.067896366,1.649696827
2026-07-28T18:42:30.955975+00:00,663.737515,open,rgb,-85.000,40.000,19,700,,0.259005682,55.5190,4.071635723,4.067883015,1.649823785
2026-07-28T18:42:33.311125+00:00,666.092660,open,rgb,-85.000,45.000,0,700,,0.258892045,55.5853,4.071789742,4.067980289,1.649113655
2026-07-28T18:42:33.462252+00:00,666.243787,open,rgb,-85.000,45.000,1,700,,0.258977273,55.6296,4.071897984,4.068123341,1.649570584
2026-07-28T18:42:33.612530+00:00,666.394069,open,rgb,-85.000,45.000,2,700,,0.258863636,55.6043,4.071743965,4.067925930,1.649828672
2026-07-28T18:42:33.762723+00:00,666.544263,open,rgb,-85.000,45.000,3,700,,0.259005682,55.6328,4.071859360,4.068006992,1.649729371
2026-07-28T18:42:33.913007+00:00,666.694545,open,rgb,-85.000,45.000,4,700,,0.258977273,55.6264,4.071828842,4.068076611,1.649645329
2026-07-28T18:42:34.063212+00:00,666.844752,open,rgb,-85.000,45.000,5,700,,0.258948864,55.5917,4.071728706,4.068000793,1.649534225
2026-07-28T18:42:34.213449+00:00,666.994989,open,rgb,-85.000,45.000,6,700,,0.258948864,55.5727,4.071837902,4.068097115,1.649663687
2026-07-28T18:42:34.363611+00:00,667.145152,open,rgb,-85.000,45.000,7,700,,0.258948864,55.5948,4.071802616,4.068049431,1.649696112
2026-07-28T18:42:34.513790+00:00,667.295330,open,rgb,-85.000,45.000,8,700,,0.258863636,55.6170,4.071732044,4.068014622,1.649513006
2026-07-28T18:42:34.663946+00:00,667.445485,open,rgb,-85.000,45.000,9,700,,0.259005682,55.6454,4.071859360,4.068092823,1.649676561
2026-07-28T18:42:34.814132+00:00,667.595672,open,rgb,-85.000,45.000,10,700,,0.258948864,55.6486,4.071885109,4.067995071,1.649385810
2026-07-28T18:42:34.964934+00:00,667.746469,open,rgb,-85.000,45.000,11,700,,0.258948864,55.6644,4.071788311,4.067938805,1.649732232
2026-07-28T18:42:35.115461+00:00,667.897000,open,rgb,-85.000,45.000,12,700,,0.259005682,55.6771,4.071794033,4.068064690,1.649715424
2026-07-28T18:42:35.265825+00:00,668.047364,open,rgb,-85.000,45.000,13,700,,0.258948864,55.6391,4.071796417,4.068003178,1.649561882
2026-07-28T18:42:35.416196+00:00,668.197735,open,rgb,-85.000,45.000,14,700,,0.258977273,55.6075,4.071928978,4.068172455,1.649530053
2026-07-28T18:42:35.566617+00:00,668.348158,open,rgb,-85.000,45.000,15,700,,0.258920455,55.5917,4.071851730,4.068094730,1.649685621
2026-07-28T18:42:35.716979+00:00,668.498518,open,rgb,-85.000,45.000,16,700,,0.259005682,55.5948,4.071757317,4.067958832,1.649486899
2026-07-28T18:42:35.867299+00:00,668.648838,open,rgb,-85.000,45.000,17,700,,0.258948864,55.6170,4.071820259,4.068060398,1.649508119
2026-07-28T18:42:36.017677+00:00,668.799218,open,rgb,-85.000,45.000,18,700,,0.258920455,55.6296,4.071795464,4.067997932,1.649621129
2026-07-28T18:42:36.168011+00:00,668.949551,open,rgb,-85.000,45.000,19,700,,0.258920455,55.6359,4.071946621,4.068075657,1.649543047
2026-07-28T18:42:38.523247+00:00,671.304781,open,rgb,-85.000,50.000,0,700,,0.258892045,55.6264,4.072100163,4.068355083,1.649607778
2026-07-28T18:42:38.673737+00:00,671.455271,open,rgb,-85.000,50.000,1,700,,0.258835227,55.6233,4.071985722,4.068215370,1.649031043
2026-07-28T18:42:38.824424+00:00,671.605963,open,rgb,-85.000,50.000,2,700,,0.258892045,55.6581,4.072131157,4.068175316,1.649568200
2026-07-28T18:42:38.974820+00:00,671.756359,open,rgb,-85.000,50.000,3,700,,0.258977273,55.6739,4.072025776,4.068279743,1.649800897
2026-07-28T18:42:39.125194+00:00,671.906733,open,rgb,-85.000,50.000,4,700,,0.258948864,55.6771,4.072114468,4.068352699,1.649506927
2026-07-28T18:42:39.275550+00:00,672.057090,open,rgb,-85.000,50.000,5,700,,0.258892045,55.6771,4.072172165,4.068429947,1.649345040
2026-07-28T18:42:39.426032+00:00,672.207572,open,rgb,-85.000,50.000,6,700,,0.258892045,55.6961,4.072051525,4.068283081,1.649731517
2026-07-28T18:42:39.576383+00:00,672.357924,open,rgb,-85.000,50.000,7,700,,0.258835227,55.7088,4.072022915,4.068270206,1.649528146
2026-07-28T18:42:39.726692+00:00,672.508232,open,rgb,-85.000,50.000,8,700,,0.258948864,55.7214,4.072170734,4.068412781,1.649526954
2026-07-28T18:42:39.877006+00:00,672.658546,open,rgb,-85.000,50.000,9,700,,0.258863636,55.7278,4.072186470,4.068428993,1.649441242
2026-07-28T18:42:40.027457+00:00,672.808992,open,rgb,-85.000,50.000,10,700,,0.258806818,55.7309,4.072034836,4.068126202,1.649364591
2026-07-28T18:42:40.177971+00:00,672.959511,open,rgb,-85.000,50.000,11,700,,0.258948864,55.7500,4.071847439,4.068013668,1.649778605
2026-07-28T18:42:40.328330+00:00,673.109870,open,rgb,-85.000,50.000,12,700,,0.258977273,55.7405,4.071969032,4.068192959,1.649390459
2026-07-28T18:42:40.478694+00:00,673.260233,open,rgb,-85.000,50.000,13,700,,0.258948864,55.7309,4.071975708,4.068184853,1.649437547
2026-07-28T18:42:40.628998+00:00,673.410539,open,rgb,-85.000,50.000,14,700,,0.258863636,55.7214,4.071907043,4.068097591,1.649596810
2026-07-28T18:42:40.779510+00:00,673.561050,open,rgb,-85.000,50.000,15,700,,0.258977273,55.7183,4.071833611,4.067999840,1.649461031
2026-07-28T18:42:40.930049+00:00,673.711588,open,rgb,-85.000,50.000,16,700,,0.259005682,55.7214,4.071845531,4.068109989,1.649644375
2026-07-28T18:42:41.080520+00:00,673.862060,open,rgb,-85.000,50.000,17,700,,0.258920455,55.7151,4.071814537,4.068027496,1.649664640
2026-07-28T18:42:41.230846+00:00,674.012387,open,rgb,-85.000,50.000,18,700,,0.258977273,55.7214,4.071917057,4.068057060,1.649505496
2026-07-28T18:42:41.381149+00:00,674.162690,open,rgb,-85.000,50.000,19,700,,0.258948864,55.7246,4.071919441,4.068144798,1.649495006
2026-07-28T18:42:43.736231+00:00,676.517766,open,rgb,-85.000,55.000,0,700,,0.258863636,55.6391,4.072245598,4.068325043,1.649381638
2026-07-28T18:42:43.886257+00:00,676.667790,open,rgb,-85.000,55.000,1,700,,0.258835227,55.6454,4.072125912,4.068273067,1.649583340
2026-07-28T18:42:44.036852+00:00,676.818391,open,rgb,-85.000,55.000,2,700,,0.258948864,55.6707,4.072216034,4.068414688,1.649607301
2026-07-28T18:42:44.187269+00:00,676.968810,open,rgb,-85.000,55.000,3,700,,0.258892045,55.6834,4.072101593,4.068298817,1.649322867
2026-07-28T18:42:44.337688+00:00,677.119226,open,rgb,-85.000,55.000,4,700,,0.258892045,55.6739,4.072250843,4.068407536,1.649492979
2026-07-28T18:42:44.488153+00:00,677.269693,open,rgb,-85.000,55.000,5,700,,0.258835227,55.6834,4.072147369,4.068368912,1.649557948
2026-07-28T18:42:44.638601+00:00,677.420141,open,rgb,-85.000,55.000,6,700,,0.258863636,55.6993,4.072175980,4.068333149,1.649373174
2026-07-28T18:42:44.788965+00:00,677.570505,open,rgb,-85.000,55.000,7,700,,0.258835227,55.7183,4.072218895,4.068421364,1.649518132
2026-07-28T18:42:44.939454+00:00,677.720990,open,rgb,-85.000,55.000,8,700,,0.258892045,55.7278,4.072136879,4.068404675,1.649407983
2026-07-28T18:42:45.090089+00:00,677.871623,open,rgb,-85.000,55.000,9,700,,0.258920455,55.7531,4.072021961,4.068140030,1.649399757
2026-07-28T18:42:45.240604+00:00,678.022143,open,rgb,-85.000,55.000,10,700,,0.258977273,55.7658,4.071890831,4.068111420,1.649745226
2026-07-28T18:42:45.391074+00:00,678.172613,open,rgb,-85.000,55.000,11,700,,0.258948864,55.7658,4.071860790,4.068055630,1.649528146
2026-07-28T18:42:45.541455+00:00,678.322995,open,rgb,-85.000,55.000,12,700,,0.258977273,55.7849,4.071953773,4.068139553,1.649736404
2026-07-28T18:42:45.691724+00:00,678.473265,open,rgb,-85.000,55.000,13,700,,0.258948864,55.7817,4.071966171,4.068157196,1.649643660
2026-07-28T18:42:45.842084+00:00,678.623624,open,rgb,-85.000,55.000,14,700,,0.258977273,55.7722,4.072131157,4.068221569,1.649477601
2026-07-28T18:42:45.992486+00:00,678.774025,open,rgb,-85.000,55.000,15,700,,0.258892045,55.7531,4.071965694,4.068109035,1.649679780
2026-07-28T18:42:46.142862+00:00,678.924402,open,rgb,-85.000,55.000,16,700,,0.259005682,55.7309,4.071930885,4.068184853,1.649587512
2026-07-28T18:42:46.293240+00:00,679.074777,open,rgb,-85.000,55.000,17,700,,0.258892045,55.7405,4.071977615,4.068217278,1.649550557
2026-07-28T18:42:46.444088+00:00,679.225622,open,rgb,-85.000,55.000,18,700,,0.258977273,55.7595,4.071927547,4.068120956,1.649692655
2026-07-28T18:42:46.594643+00:00,679.376183,open,rgb,-85.000,55.000,19,700,,0.258920455,55.7722,4.071837425,4.067984104,1.649499059
2026-07-28T18:42:48.949710+00:00,681.731246,open,rgb,-85.000,60.000,0,700,,0.258920455,55.7658,4.072031021,4.068171978,1.649546266
2026-07-28T18:42:49.117872+00:00,681.899404,open,rgb,-85.000,60.000,1,700,,0.258948864,55.7627,4.071777821,4.068376541,1.649194121
2026-07-28T18:42:49.268770+00:00,682.050305,open,rgb,-85.000,60.000,2,700,,0.258920455,55.7563,4.071991920,4.068155289,1.649414420
2026-07-28T18:42:49.419278+00:00,682.200818,open,rgb,-85.000,60.000,3,700,,0.258948864,55.7690,4.071990967,4.068225861,1.649614811
2026-07-28T18:42:49.569656+00:00,682.351195,open,rgb,-85.000,60.000,4,700,,0.258948864,55.7880,4.071934700,4.068123817,1.649736404
2026-07-28T18:42:49.720026+00:00,682.501567,open,rgb,-85.000,60.000,5,700,,0.258977273,55.7944,4.072010040,4.068221092,1.649548411
2026-07-28T18:42:49.870496+00:00,682.652035,open,rgb,-85.000,60.000,6,700,,0.258920455,55.7944,4.072082520,4.068274975,1.649492025
2026-07-28T18:42:50.021000+00:00,682.802535,open,rgb,-85.000,60.000,7,700,,0.258920455,55.7722,4.071913242,4.068149567,1.649620652
2026-07-28T18:42:50.171549+00:00,682.953087,open,rgb,-85.000,60.000,8,700,,0.258977273,55.7722,4.072060585,4.068108559,1.649487376
2026-07-28T18:42:50.321934+00:00,683.103474,open,rgb,-85.000,60.000,9,700,,0.259005682,55.7754,4.071944237,4.068182468,1.649679780
2026-07-28T18:42:50.472290+00:00,683.253829,open,rgb,-85.000,60.000,10,700,,0.258948864,55.7849,4.071860790,4.068153381,1.649512529
2026-07-28T18:42:50.622660+00:00,683.404200,open,rgb,-85.000,60.000,11,700,,0.258948864,55.7785,4.072006226,4.068256855,1.649598002
2026-07-28T18:42:50.772973+00:00,683.554513,open,rgb,-85.000,60.000,12,700,,0.258892045,55.7912,4.071916103,4.068102360,1.649822831
2026-07-28T18:42:50.923305+00:00,683.704844,open,rgb,-85.000,60.000,13,700,,0.259034091,55.8039,4.071870804,4.068089962,1.649665833
2026-07-28T18:42:51.073625+00:00,683.855164,open,rgb,-85.000,60.000,14,700,,0.259005682,55.8134,4.071971416,4.068238258,1.649694681
2026-07-28T18:42:51.224035+00:00,684.005574,open,rgb,-85.000,60.000,15,700,,0.258948864,55.7944,4.071907997,4.068176270,1.649670482
2026-07-28T18:42:51.374383+00:00,684.155924,open,rgb,-85.000,60.000,16,700,,0.258977273,55.8134,4.072268963,4.068281651,1.649614096
2026-07-28T18:42:51.524700+00:00,684.306241,open,rgb,-85.000,60.000,17,700,,0.258948864,55.8166,4.071981430,4.068213463,1.649751544
2026-07-28T18:42:51.675053+00:00,684.456594,open,rgb,-85.000,60.000,18,700,,0.258948864,55.8166,4.071925640,4.068138599,1.649571657
2026-07-28T18:42:51.825375+00:00,684.606917,open,rgb,-85.000,60.000,19,700,,0.258977273,55.8262,4.072058201,4.068221569,1.649528146
2026-07-28T18:42:54.180730+00:00,686.962263,open,rgb,-85.000,65.000,0,700,,0.258977273,55.7119,4.072384834,4.068410873,1.649499297
2026-07-28T18:42:54.331261+00:00,687.112797,open,rgb,-85.000,65.000,1,700,,0.258863636,55.7024,4.071937561,4.067752838,1.649311304
2026-07-28T18:42:54.481547+00:00,687.263082,open,rgb,-85.000,65.000,2,700,,0.259062500,55.7088,4.072103500,4.068255901,1.649560928
2026-07-28T18:42:54.631955+00:00,687.413494,open,rgb,-85.000,65.000,3,700,,0.258920455,55.7341,4.072053909,4.068229675,1.649659991
2026-07-28T18:42:54.782147+00:00,687.563687,open,rgb,-85.000,65.000,4,700,,0.258920455,55.7468,4.071956635,4.068158627,1.649418831
2026-07-28T18:42:54.932410+00:00,687.713948,open,rgb,-85.000,65.000,5,700,,0.258948864,55.7690,4.072075367,4.068275928,1.649561644
2026-07-28T18:42:55.082789+00:00,687.864325,open,rgb,-85.000,65.000,6,700,,0.258892045,55.7880,4.072002411,4.068247795,1.649510860
2026-07-28T18:42:55.233152+00:00,688.014689,open,rgb,-85.000,65.000,7,700,,0.258892045,55.8007,4.072167397,4.068245411,1.649335742
2026-07-28T18:42:55.384108+00:00,688.165644,open,rgb,-85.000,65.000,8,700,,0.258977273,55.8071,4.072044849,4.068277836,1.649640441
2026-07-28T18:42:55.534463+00:00,688.316003,open,rgb,-85.000,65.000,9,700,,0.258920455,55.7912,4.071985245,4.068211555,1.649430275
2026-07-28T18:42:55.684638+00:00,688.466178,open,rgb,-85.000,65.000,10,700,,0.258920455,55.7976,4.072062016,4.068273544,1.649612188
2026-07-28T18:42:55.834940+00:00,688.616480,open,rgb,-85.000,65.000,11,700,,0.258948864,55.8071,4.072032452,4.068260670,1.649664879
2026-07-28T18:42:55.985122+00:00,688.766661,open,rgb,-85.000,65.000,12,700,,0.258920455,55.8166,4.071972370,4.068118572,1.649440765
2026-07-28T18:42:56.135395+00:00,688.916935,open,rgb,-85.000,65.000,13,700,,0.258977273,55.8262,4.072016716,4.068219662,1.649729609
2026-07-28T18:42:56.285494+00:00,689.067030,open,rgb,-85.000,65.000,14,700,,0.258977273,55.8071,4.072021484,4.068232536,1.649622679
2026-07-28T18:42:56.435771+00:00,689.217311,open,rgb,-85.000,65.000,15,700,,0.258863636,55.8039,4.072149754,4.068250179,1.649416327
2026-07-28T18:42:56.585985+00:00,689.367525,open,rgb,-85.000,65.000,16,700,,0.258948864,55.8166,4.071973801,4.068225384,1.649651408
2026-07-28T18:42:56.736274+00:00,689.517816,open,rgb,-85.000,65.000,17,700,,0.258948864,55.8262,4.071953773,4.068218231,1.649536967
2026-07-28T18:42:56.886470+00:00,689.668011,open,rgb,-85.000,65.000,18,700,,0.258948864,55.8389,4.072190285,4.068511009,1.649526954
2026-07-28T18:42:57.036622+00:00,689.818162,open,rgb,-85.000,65.000,19,700,,0.258835227,55.8262,4.071984291,4.068192005,1.649433136
2026-07-28T18:42:59.391768+00:00,692.173304,open,rgb,-85.000,70.000,0,700,,0.258948864,55.7309,4.071866035,4.068136692,1.649584532
2026-07-28T18:42:59.542548+00:00,692.324084,open,rgb,-85.000,70.000,1,700,,0.259034091,55.7119,4.071965694,4.068346024,1.649655819
2026-07-28T18:42:59.693287+00:00,692.474821,open,rgb,-85.000,70.000,2,700,,0.258863636,55.6802,4.072112560,4.068396568,1.649256945
2026-07-28T18:42:59.843776+00:00,692.625315,open,rgb,-85.000,70.000,3,700,,0.258920455,55.6993,4.071928024,4.068137169,1.649523973
2026-07-28T18:42:59.994327+00:00,692.775862,open,rgb,-85.000,70.000,4,700,,0.259005682,55.7151,4.071961880,4.068184853,1.649615288
2026-07-28T18:43:00.144840+00:00,692.926379,open,rgb,-85.000,70.000,5,700,,0.258977273,55.7341,4.071859837,4.068102837,1.649600625
2026-07-28T18:43:00.295297+00:00,693.076834,open,rgb,-85.000,70.000,6,700,,0.258948864,55.7563,4.071890831,4.068087101,1.649678826
2026-07-28T18:43:00.445776+00:00,693.227315,open,rgb,-85.000,70.000,7,700,,0.258948864,55.7690,4.071855068,4.068109512,1.649767637
2026-07-28T18:43:00.596120+00:00,693.377660,open,rgb,-85.000,70.000,8,700,,0.258977273,55.7754,4.071859360,4.068149567,1.649613619
2026-07-28T18:43:00.746406+00:00,693.527947,open,rgb,-85.000,70.000,9,700,,0.258977273,55.7690,4.071942329,4.068236828,1.649626732
2026-07-28T18:43:00.896758+00:00,693.678298,open,rgb,-85.000,70.000,10,700,,0.258948864,55.6549,4.071882248,4.068197250,1.649665833
2026-07-28T18:43:01.047144+00:00,693.828685,open,rgb,-85.000,70.000,11,700,,0.258977273,55.5759,4.071950436,4.068145752,1.649556994
2026-07-28T18:43:01.197475+00:00,693.979015,open,rgb,-85.000,70.000,12,700,,0.258977273,55.5632,4.071860313,4.068243027,1.649674654
2026-07-28T18:43:01.348007+00:00,694.129544,open,rgb,-85.000,70.000,13,700,,0.259005682,55.5790,4.071860790,4.068224430,1.649562597
2026-07-28T18:43:01.498463+00:00,694.280003,open,rgb,-85.000,70.000,14,700,,0.258948864,55.6201,4.071964741,4.068269253,1.649542809
2026-07-28T18:43:01.648811+00:00,694.430350,open,rgb,-85.000,70.000,15,700,,0.258977273,55.6581,4.071903706,4.068213940,1.649697781
2026-07-28T18:43:01.799172+00:00,694.580712,open,rgb,-85.000,70.000,16,700,,0.258977273,55.6929,4.071931839,4.068198681,1.649456859
2026-07-28T18:43:01.949474+00:00,694.731014,open,rgb,-85.000,70.000,17,700,,0.258948864,55.7278,4.072007656,4.068271637,1.649531364
2026-07-28T18:43:02.099747+00:00,694.881287,open,rgb,-85.000,70.000,18,700,,0.258948864,55.7531,4.072264671,4.068560600,1.649522305
2026-07-28T18:43:02.249905+00:00,695.031445,open,rgb,-85.000,70.000,19,700,,0.258835227,55.7722,4.072346210,4.068399429,1.649258375
2026-07-28T18:43:04.605038+00:00,697.386574,open,rgb,-85.000,75.000,0,700,,0.259034091,55.7627,4.071998119,4.068198681,1.649759650
2026-07-28T18:43:04.755725+00:00,697.537263,open,rgb,-85.000,75.000,1,700,,0.258920455,55.7214,4.071947098,4.068121433,1.649760127
2026-07-28T18:43:04.906370+00:00,697.687902,open,rgb,-85.000,75.000,2,700,,0.258948864,55.6929,4.071988583,4.068108082,1.649614573
2026-07-28T18:43:05.057013+00:00,697.838549,open,rgb,-85.000,75.000,3,700,,0.258977273,55.6644,4.071854115,4.068069458,1.649796724
2026-07-28T18:43:05.207544+00:00,697.989084,open,rgb,-85.000,75.000,4,700,,0.258948864,55.6486,4.072154999,4.068376541,1.649646997
2026-07-28T18:43:05.358022+00:00,698.139559,open,rgb,-85.000,75.000,5,700,,0.258920455,55.6549,4.072060585,4.068227768,1.649351120
2026-07-28T18:43:05.508530+00:00,698.290068,open,rgb,-85.000,75.000,6,700,,0.259005682,55.6993,4.072024345,4.068232536,1.649631858
2026-07-28T18:43:05.658992+00:00,698.440532,open,rgb,-85.000,75.000,7,700,,0.258948864,55.7214,4.072054863,4.068243980,1.649422169
2026-07-28T18:43:05.809482+00:00,698.591021,open,rgb,-85.000,75.000,8,700,,0.258948864,55.7405,4.072411537,4.068652630,1.649375796
2026-07-28T18:43:05.959869+00:00,698.741409,open,rgb,-85.000,75.000,9,700,,0.258835227,55.7436,4.072275639,4.068473816,1.649536014
2026-07-28T18:43:06.110192+00:00,698.891732,open,rgb,-85.000,75.000,10,700,,0.258920455,55.7658,4.072326660,4.068273067,1.649290323
2026-07-28T18:43:06.260533+00:00,699.042069,open,rgb,-85.000,75.000,11,700,,0.258948864,55.7817,4.072235584,4.068415642,1.649594307
2026-07-28T18:43:06.410998+00:00,699.192537,open,rgb,-85.000,75.000,12,700,,0.258892045,55.7785,4.072168350,4.068370342,1.649557471
2026-07-28T18:43:06.561349+00:00,699.342890,open,rgb,-85.000,75.000,13,700,,0.258892045,55.7880,4.072224617,4.068451405,1.649609447
2026-07-28T18:43:06.711717+00:00,699.493258,open,rgb,-85.000,75.000,14,700,,0.258892045,55.7944,4.072135925,4.068345070,1.649675369
2026-07-28T18:43:06.861995+00:00,699.643535,open,rgb,-85.000,75.000,15,700,,0.258892045,55.7976,4.072096825,4.068258762,1.649531603
2026-07-28T18:43:07.012398+00:00,699.793939,open,rgb,-85.000,75.000,16,700,,0.258977273,55.8198,4.072193623,4.068378925,1.649776936
2026-07-28T18:43:07.162713+00:00,699.944254,open,rgb,-85.000,75.000,17,700,,0.258920455,55.8293,4.072264194,4.068413258,1.649658084
2026-07-28T18:43:07.313184+00:00,700.094721,open,rgb,-85.000,75.000,18,700,,0.258892045,55.8484,4.072299957,4.068313122,1.649497628
2026-07-28T18:43:07.463716+00:00,700.245255,open,rgb,-85.000,75.000,19,700,,0.258892045,55.8579,4.072316647,4.068496704,1.649542570
2026-07-28T18:43:09.818472+00:00,702.600008,open,rgb,-85.000,80.000,0,700,,0.258977273,55.8675,4.071921825,4.068102360,1.649788618
2026-07-28T18:43:09.969185+00:00,702.750723,open,rgb,-85.000,80.000,1,700,,0.258863636,55.8834,4.072035789,4.068143368,1.649610162
2026-07-28T18:43:10.119681+00:00,702.901213,open,rgb,-85.000,80.000,2,700,,0.258948864,55.8834,4.071680069,4.068266869,1.649652123
2026-07-28T18:43:10.270304+00:00,703.051842,open,rgb,-85.000,80.000,3,700,,0.258948864,55.8675,4.071958065,4.068173885,1.649565220
2026-07-28T18:43:10.420724+00:00,703.202263,open,rgb,-85.000,80.000,4,700,,0.258948864,55.8516,4.072132111,4.068315983,1.649567962
2026-07-28T18:43:10.571178+00:00,703.352713,open,rgb,-85.000,80.000,5,700,,0.258948864,55.7880,4.072089672,4.068284512,1.649579644
2026-07-28T18:43:10.721718+00:00,703.503257,open,rgb,-85.000,80.000,6,700,,0.258977273,55.7563,4.072038651,4.068427563,1.649372578
2026-07-28T18:43:10.872131+00:00,703.653672,open,rgb,-85.000,80.000,7,700,,0.258892045,55.7563,4.072164536,4.068362236,1.649062037
2026-07-28T18:43:11.022499+00:00,703.804039,open,rgb,-85.000,80.000,8,700,,0.258920455,55.7531,4.072039127,4.068223000,1.649603605
2026-07-28T18:43:11.172920+00:00,703.954460,open,rgb,-85.000,80.000,9,700,,0.258948864,55.7722,4.072135925,4.068159103,1.649546504
2026-07-28T18:43:11.323262+00:00,704.104802,open,rgb,-85.000,80.000,10,700,,0.258948864,55.7849,4.072027683,4.068238735,1.649641871
2026-07-28T18:43:11.473642+00:00,704.255182,open,rgb,-85.000,80.000,11,700,,0.258920455,55.7785,4.072041512,4.068286896,1.649567008
2026-07-28T18:43:11.624176+00:00,704.405714,open,rgb,-85.000,80.000,12,700,,0.258948864,55.7754,4.072232246,4.068403721,1.649344563
2026-07-28T18:43:11.774588+00:00,704.556130,open,rgb,-85.000,80.000,13,700,,0.258892045,55.7627,4.072182655,4.068359852,1.649443984
2026-07-28T18:43:11.925000+00:00,704.706540,open,rgb,-85.000,80.000,14,700,,0.258920455,55.7278,4.072051048,4.068176746,1.649241567
2026-07-28T18:43:12.075354+00:00,704.856894,open,rgb,-85.000,80.000,15,700,,0.258977273,55.7405,4.072068214,4.068401337,1.649584532
2026-07-28T18:43:12.225629+00:00,705.007171,open,rgb,-85.000,80.000,16,700,,0.258835227,55.7436,4.072224617,4.068414688,1.649622202
2026-07-28T18:43:12.376027+00:00,705.157568,open,rgb,-85.000,80.000,17,700,,0.258863636,55.7627,4.072342873,4.068433285,1.649517417
2026-07-28T18:43:12.526432+00:00,705.307970,open,rgb,-85.000,80.000,18,700,,0.258948864,55.7690,4.072313786,4.068540573,1.649583101
2026-07-28T18:43:12.676884+00:00,705.458425,open,rgb,-85.000,80.000,19,700,,0.258892045,55.7754,4.072257042,4.068459034,1.649385095
2026-07-28T18:43:15.032005+00:00,707.813540,open,rgb,-85.000,85.000,0,700,,0.258863636,55.7531,4.071988583,4.068094254,1.649550557
2026-07-28T18:43:15.182732+00:00,707.964269,open,rgb,-85.000,85.000,1,700,,0.258948864,55.7563,4.072010994,4.068212032,1.649563074
2026-07-28T18:43:15.333006+00:00,708.114542,open,rgb,-85.000,85.000,2,700,,0.258948864,55.7658,4.071943283,4.067617416,1.649364591
2026-07-28T18:43:15.483447+00:00,708.264982,open,rgb,-85.000,85.000,3,700,,0.259034091,55.7754,4.072010040,4.068224430,1.649573326
2026-07-28T18:43:15.633996+00:00,708.415536,open,rgb,-85.000,85.000,4,700,,0.258920455,55.7785,4.072001457,4.068190575,1.649566531
2026-07-28T18:43:15.784471+00:00,708.566009,open,rgb,-85.000,85.000,5,700,,0.258948864,55.7785,4.071899891,4.068145752,1.649366021
2026-07-28T18:43:15.934858+00:00,708.716396,open,rgb,-85.000,85.000,6,700,,0.258977273,55.7849,4.071994781,4.068168640,1.649507642
2026-07-28T18:43:16.085213+00:00,708.866753,open,rgb,-85.000,85.000,7,700,,0.258920455,55.7880,4.071920395,4.068180084,1.649526000
2026-07-28T18:43:16.235547+00:00,709.017088,open,rgb,-85.000,85.000,8,700,,0.258920455,55.8039,4.072099209,4.068192482,1.649400711
2026-07-28T18:43:16.386073+00:00,709.167609,open,rgb,-85.000,85.000,9,700,,0.258863636,55.8007,4.071960449,4.068185806,1.648902178
2026-07-28T18:43:16.536565+00:00,709.318104,open,rgb,-85.000,85.000,10,700,,0.258920455,55.8007,4.071947098,4.068178177,1.649404645
2026-07-28T18:43:16.686966+00:00,709.468507,open,rgb,-85.000,85.000,11,700,,0.258948864,55.7754,4.071990013,4.068176746,1.649635553
2026-07-28T18:43:16.837294+00:00,709.618835,open,rgb,-85.000,85.000,12,700,,0.258977273,55.7468,4.072002888,4.068165779,1.649622440
2026-07-28T18:43:16.987734+00:00,709.769271,open,rgb,-85.000,85.000,13,700,,0.259034091,55.7405,4.071914196,4.068123817,1.649493933
2026-07-28T18:43:17.138224+00:00,709.919763,open,rgb,-85.000,85.000,14,700,,0.258948864,55.7214,4.072236538,4.068333149,1.649683952
2026-07-28T18:43:17.288684+00:00,710.070222,open,rgb,-85.000,85.000,15,700,,0.258892045,55.6707,4.071938992,4.068141937,1.649652123
2026-07-28T18:43:17.439169+00:00,710.220707,open,rgb,-85.000,85.000,16,700,,0.258977273,55.6612,4.071980476,4.068104267,1.649578452
2026-07-28T18:43:17.589558+00:00,710.371099,open,rgb,-85.000,85.000,17,700,,0.258948864,55.6707,4.071950912,4.068120003,1.649697781
2026-07-28T18:43:17.739893+00:00,710.521434,open,rgb,-85.000,85.000,18,700,,0.258977273,55.6866,4.071978569,4.068182468,1.649599671
2026-07-28T18:43:17.890273+00:00,710.671812,open,rgb,-85.000,85.000,19,700,,0.258977273,55.7151,4.072109699,4.068305969,1.649417520
2026-07-28T18:43:20.245268+00:00,713.026803,open,rgb,-85.000,90.000,0,700,,0.259034091,55.7944,4.071936131,4.068124294,1.649632692
2026-07-28T18:43:20.399343+00:00,713.180881,open,rgb,-85.000,90.000,1,700,,0.258948864,55.7817,4.071814060,4.068016052,1.649451494
2026-07-28T18:43:20.549554+00:00,713.331094,open,rgb,-85.000,90.000,2,700,,0.258920455,55.7722,4.071948051,4.068184853,1.649672627
2026-07-28T18:43:20.700688+00:00,713.482223,open,rgb,-85.000,90.000,3,700,,0.258948864,55.7627,4.071928024,4.068151474,1.649693727
2026-07-28T18:43:20.851307+00:00,713.632845,open,rgb,-85.000,90.000,4,700,,0.258920455,55.7405,4.071859837,4.068058014,1.649529338
2026-07-28T18:43:21.001771+00:00,713.783310,open,rgb,-85.000,90.000,5,700,,0.258948864,55.7373,4.071990490,4.068136692,1.649608016
2026-07-28T18:43:21.152220+00:00,713.933758,open,rgb,-85.000,90.000,6,700,,0.259005682,55.7341,4.071958542,4.068159103,1.649613857
2026-07-28T18:43:21.302667+00:00,714.084206,open,rgb,-85.000,90.000,7,700,,0.258977273,55.7373,4.072218895,4.068410397,1.649456620
2026-07-28T18:43:21.453019+00:00,714.234559,open,rgb,-85.000,90.000,8,700,,0.258892045,55.7405,4.072217464,4.068400383,1.649640918
2026-07-28T18:43:21.603399+00:00,714.384940,open,rgb,-85.000,90.000,9,700,,0.258892045,55.7468,4.072114944,4.068311691,1.649382353
2026-07-28T18:43:21.753813+00:00,714.535353,open,rgb,-85.000,90.000,10,700,,0.258948864,55.7690,4.072204113,4.068392277,1.649563551
2026-07-28T18:43:21.904210+00:00,714.685750,open,rgb,-85.000,90.000,11,700,,0.258892045,55.7817,4.072131157,4.068337440,1.649069905
2026-07-28T18:43:22.054731+00:00,714.836271,open,rgb,-85.000,90.000,12,700,,0.258920455,55.7976,4.072109222,4.068274021,1.649541616
2026-07-28T18:43:22.205068+00:00,714.986609,open,rgb,-85.000,90.000,13,700,,0.258920455,55.8166,4.072208881,4.068435669,1.649617553
2026-07-28T18:43:22.355448+00:00,715.136989,open,rgb,-85.000,90.000,14,700,,0.258892045,55.8262,4.072169304,4.068389893,1.649512291
2026-07-28T18:43:22.505794+00:00,715.287334,open,rgb,-85.000,90.000,15,700,,0.258948864,55.8262,4.072312832,4.068403721,1.649380445
2026-07-28T18:43:22.656153+00:00,715.437694,open,rgb,-85.000,90.000,16,700,,0.258892045,55.8357,4.072221756,4.068467140,1.649588704
2026-07-28T18:43:22.806602+00:00,715.588137,open,rgb,-85.000,90.000,17,700,,0.258920455,55.8325,4.072177410,4.068354130,1.649338007
2026-07-28T18:43:22.957192+00:00,715.738729,open,rgb,-85.000,90.000,18,700,,0.258920455,55.8389,4.072262764,4.068435669,1.649526238
2026-07-28T18:43:23.107530+00:00,715.889067,open,rgb,-85.000,90.000,19,700,,0.258892045,55.8389,4.071963310,4.068151951,1.649649262
2026-07-28T18:43:33.562907+00:00,726.344442,open,dark,-80.000,-90.000,0,0,,0.000681818,55.5853,4.896883011,4.903512955,1.649689794
2026-07-28T18:43:33.713378+00:00,726.494917,open,dark,-80.000,-90.000,1,0,,0.000681818,55.5222,4.896890640,4.903514862,1.649719834
2026-07-28T18:43:33.863746+00:00,726.645286,open,dark,-80.000,-90.000,2,0,,0.000681818,55.4528,4.896890640,4.903494358,1.649626017
2026-07-28T18:43:34.014150+00:00,726.795689,open,dark,-80.000,-90.000,3,0,,0.000681818,55.3709,4.896893024,4.903498173,1.649728894
2026-07-28T18:43:34.164610+00:00,726.946150,open,dark,-80.000,-90.000,4,0,,0.000681818,55.2860,4.896899223,4.903507710,1.649661183
2026-07-28T18:43:34.314910+00:00,727.096451,open,dark,-80.000,-90.000,5,0,,0.000681818,55.2170,4.896892071,4.903517246,1.649699807
2026-07-28T18:43:34.465094+00:00,727.246635,open,dark,-80.000,-90.000,6,0,,0.000681818,55.1512,4.896890163,4.903501511,1.649762988
2026-07-28T18:43:34.615317+00:00,727.396858,open,dark,-80.000,-90.000,7,0,,0.000681818,55.0761,4.896900654,4.903492928,1.649526477
2026-07-28T18:43:34.765467+00:00,727.547007,open,dark,-80.000,-90.000,8,0,,0.000681818,55.0073,4.896884441,4.903506279,1.649678349
2026-07-28T18:43:34.915568+00:00,727.697108,open,dark,-80.000,-90.000,9,0,,0.000681818,54.9231,4.896887302,4.903501987,1.649727583
2026-07-28T18:43:35.065886+00:00,727.847419,open,dark,-80.000,-90.000,10,0,,0.000681818,54.8546,4.896878242,4.903497219,1.649654150
2026-07-28T18:43:35.216465+00:00,727.998004,open,dark,-80.000,-90.000,11,0,,0.000681818,54.7893,4.896884918,4.903498173,1.649872422
2026-07-28T18:43:35.366769+00:00,728.148303,open,dark,-80.000,-90.000,12,0,,0.000681818,54.7085,4.896882057,4.903475285,1.649723172
2026-07-28T18:43:35.517040+00:00,728.298579,open,dark,-80.000,-90.000,13,0,,0.000681818,54.6310,4.896888256,4.903502941,1.649637580
2026-07-28T18:43:35.667272+00:00,728.448810,open,dark,-80.000,-90.000,14,0,,0.000681818,54.5505,4.896868706,4.903466702,1.649814963
2026-07-28T18:43:35.817474+00:00,728.599013,open,dark,-80.000,-90.000,15,0,,0.000681818,54.4424,4.896916866,4.903532982,1.649646282
2026-07-28T18:43:35.967706+00:00,728.749244,open,dark,-80.000,-90.000,16,0,,0.000681818,54.3715,4.896905422,4.903516293,1.649660230
2026-07-28T18:43:36.117880+00:00,728.899419,open,dark,-80.000,-90.000,17,0,,0.000681818,54.2946,4.896910667,4.903510571,1.649780631
2026-07-28T18:43:36.268349+00:00,729.049884,open,dark,-80.000,-90.000,18,0,,0.000681818,54.2300,4.896920204,4.903507710,1.649759054
2026-07-28T18:43:36.418829+00:00,729.200363,open,dark,-80.000,-90.000,19,0,,0.000681818,54.1502,4.896918297,4.903530121,1.649869442
2026-07-28T18:43:40.612765+00:00,733.394301,open,rgb,-80.000,-90.000,0,700,,0.258948864,53.5165,4.063694477,4.060369015,1.649027944
2026-07-28T18:43:40.763066+00:00,733.544606,open,rgb,-80.000,-90.000,1,700,,0.258977273,53.5438,4.063653469,4.060502529,1.649182677
2026-07-28T18:43:40.913211+00:00,733.694751,open,rgb,-80.000,-90.000,2,700,,0.258948864,53.5589,4.063765049,4.060521603,1.649002790
2026-07-28T18:43:41.063539+00:00,733.845078,open,rgb,-80.000,-90.000,3,700,,0.258977273,53.5740,4.063785553,4.060623169,1.649034262
2026-07-28T18:43:41.213707+00:00,733.995246,open,rgb,-80.000,-90.000,4,700,,0.258863636,53.5922,4.063926697,4.060734749,1.649264693
2026-07-28T18:43:41.364183+00:00,734.145721,open,rgb,-80.000,-90.000,5,700,,0.258863636,53.6074,4.063725948,4.060529709,1.649070382
2026-07-28T18:43:41.514461+00:00,734.296001,open,rgb,-80.000,-90.000,6,700,,0.258977273,53.6347,4.063845158,4.060641289,1.649165154
2026-07-28T18:43:41.664665+00:00,734.446199,open,rgb,-80.000,-90.000,7,700,,0.258948864,53.6529,4.063668251,4.060524940,1.649149299
2026-07-28T18:43:41.815118+00:00,734.596657,open,rgb,-80.000,-90.000,8,700,,0.259005682,53.6802,4.063879967,4.060614109,1.649157763
2026-07-28T18:43:41.965378+00:00,734.746917,open,rgb,-80.000,-90.000,9,700,,0.259005682,53.7045,4.063832760,4.060652256,1.649308205
2026-07-28T18:43:42.115599+00:00,734.897139,open,rgb,-80.000,-90.000,10,700,,0.258977273,53.7197,4.064022064,4.060884476,1.649175167
2026-07-28T18:43:42.265911+00:00,735.047451,open,rgb,-80.000,-90.000,11,700,,0.258892045,53.7288,4.064139366,4.060957909,1.649240613
2026-07-28T18:43:42.416119+00:00,735.197660,open,rgb,-80.000,-90.000,12,700,,0.258920455,53.7380,4.064101696,4.060912609,1.649312139
2026-07-28T18:43:42.566340+00:00,735.347878,open,rgb,-80.000,-90.000,13,700,,0.258920455,53.7501,4.064069271,4.060930729,1.649179220
2026-07-28T18:43:42.716631+00:00,735.498170,open,rgb,-80.000,-90.000,14,700,,0.258948864,53.7653,4.064219475,4.060959339,1.649251819
2026-07-28T18:43:42.866889+00:00,735.648429,open,rgb,-80.000,-90.000,15,700,,0.258920455,53.7866,4.064167976,4.061008453,1.649206877
2026-07-28T18:43:43.017102+00:00,735.798643,open,rgb,-80.000,-90.000,16,700,,0.258920455,53.8049,4.064345360,4.061177254,1.649075985
2026-07-28T18:43:43.167412+00:00,735.948951,open,rgb,-80.000,-90.000,17,700,,0.258892045,53.8262,4.064265251,4.061177254,1.649178028
2026-07-28T18:43:43.317798+00:00,736.099334,open,rgb,-80.000,-90.000,18,700,,0.258863636,53.8445,4.064247131,4.061099052,1.648963690
2026-07-28T18:43:43.468138+00:00,736.249678,open,rgb,-80.000,-90.000,19,700,,0.258863636,53.8689,4.064424515,4.061200142,1.649048448
2026-07-28T18:43:45.823313+00:00,738.604848,open,rgb,-80.000,-85.000,0,700,,0.258977273,54.1195,4.064309120,4.061039448,1.649281621
2026-07-28T18:43:45.973627+00:00,738.755165,open,rgb,-80.000,-85.000,1,700,,0.258892045,54.1287,4.064275265,4.061050892,1.649134636
2026-07-28T18:43:46.123958+00:00,738.905499,open,rgb,-80.000,-85.000,2,700,,0.258977273,54.1471,4.064346313,4.061103344,1.649280310
2026-07-28T18:43:46.274135+00:00,739.055670,open,rgb,-80.000,-85.000,3,700,,0.259005682,54.1594,4.064335346,4.061158180,1.649240255
2026-07-28T18:43:46.424537+00:00,739.206074,open,rgb,-80.000,-85.000,4,700,,0.258977273,54.1809,4.064410686,4.061106682,1.649015427
2026-07-28T18:43:46.574751+00:00,739.356291,open,rgb,-80.000,-85.000,5,700,,0.258977273,54.1962,4.064443588,4.061215401,1.649094820
2026-07-28T18:43:46.724960+00:00,739.506500,open,rgb,-80.000,-85.000,6,700,,0.258977273,54.2116,4.064553261,4.061419964,1.649030566
2026-07-28T18:43:46.875368+00:00,739.656899,open,rgb,-80.000,-85.000,7,700,,0.258977273,54.2208,4.064176559,4.061162949,1.648804307
2026-07-28T18:43:47.026048+00:00,739.807585,open,rgb,-80.000,-85.000,8,700,,0.259005682,54.2484,4.064412594,4.061209679,1.649258375
2026-07-28T18:43:47.176506+00:00,739.958046,open,rgb,-80.000,-85.000,9,700,,0.258920455,54.2577,4.064555645,4.061425686,1.649040818
2026-07-28T18:43:47.326948+00:00,740.108482,open,rgb,-80.000,-85.000,10,700,,0.258920455,54.2607,4.064435959,4.061269283,1.649203420
2026-07-28T18:43:47.477516+00:00,740.259054,open,rgb,-80.000,-85.000,11,700,,0.258920455,54.2761,4.064514637,4.061264038,1.649288416
2026-07-28T18:43:47.627979+00:00,740.409520,open,rgb,-80.000,-85.000,12,700,,0.258892045,54.2884,4.064483643,4.061176777,1.649158239
2026-07-28T18:43:47.778376+00:00,740.559914,open,rgb,-80.000,-85.000,13,700,,0.258977273,54.3007,4.064487934,4.061293125,1.649263024
2026-07-28T18:43:47.928816+00:00,740.710355,open,rgb,-80.000,-85.000,14,700,,0.258948864,54.2976,4.064511776,4.061346531,1.649095774
2026-07-28T18:43:48.079341+00:00,740.860877,open,rgb,-80.000,-85.000,15,700,,0.258920455,54.2638,4.064556599,4.061372280,1.649121642
2026-07-28T18:43:48.229801+00:00,741.011340,open,rgb,-80.000,-85.000,16,700,,0.258977273,54.2423,4.064482689,4.061311245,1.649397254
2026-07-28T18:43:48.380213+00:00,741.161752,open,rgb,-80.000,-85.000,17,700,,0.258977273,54.1840,4.064461708,4.061303616,1.649163842
2026-07-28T18:43:48.530727+00:00,741.312266,open,rgb,-80.000,-85.000,18,700,,0.258977273,54.1502,4.064630508,4.061414719,1.649220586
2026-07-28T18:43:48.681124+00:00,741.462658,open,rgb,-80.000,-85.000,19,700,,0.258920455,54.1594,4.064569473,4.061318398,1.649299622
2026-07-28T18:43:51.036231+00:00,743.817767,open,rgb,-80.000,-80.000,0,700,,0.258920455,54.5196,4.064724445,4.061438560,1.648972273
2026-07-28T18:43:51.186617+00:00,743.968157,open,rgb,-80.000,-80.000,1,700,,0.258920455,54.5351,4.064881325,4.061575890,1.649085999
2026-07-28T18:43:51.336838+00:00,744.118377,open,rgb,-80.000,-80.000,2,700,,0.258892045,54.5413,4.064790249,4.061537266,1.649141431
2026-07-28T18:43:51.487104+00:00,744.268642,open,rgb,-80.000,-80.000,3,700,,0.258892045,54.5567,4.064921856,4.061609745,1.649010539
2026-07-28T18:43:51.637440+00:00,744.418948,open,rgb,-80.000,-80.000,4,700,,0.258863636,54.5598,4.065129757,4.061896324,1.649048924
2026-07-28T18:43:51.787586+00:00,744.569126,open,rgb,-80.000,-80.000,5,700,,0.258806818,54.5629,4.065068245,4.061809063,1.648949981
2026-07-28T18:43:51.937777+00:00,744.719316,open,rgb,-80.000,-80.000,6,700,,0.258948864,54.5722,4.065101624,4.061846256,1.649105787
2026-07-28T18:43:52.088111+00:00,744.869646,open,rgb,-80.000,-80.000,7,700,,0.258920455,54.5660,4.064984798,4.061239243,1.649285436
2026-07-28T18:43:52.238751+00:00,745.020288,open,rgb,-80.000,-80.000,8,700,,0.258948864,54.5258,4.065069199,4.061960697,1.649147749
2026-07-28T18:43:52.389265+00:00,745.170806,open,rgb,-80.000,-80.000,9,700,,0.258778409,54.4887,4.065106392,4.061892033,1.648555994
2026-07-28T18:43:52.539781+00:00,745.321319,open,rgb,-80.000,-80.000,10,700,,0.258863636,54.4980,4.065068722,4.061873913,1.649152160
2026-07-28T18:43:52.690202+00:00,745.471742,open,rgb,-80.000,-80.000,11,700,,0.258948864,54.5258,4.065160275,4.061862946,1.649047256
2026-07-28T18:43:52.840573+00:00,745.622114,open,rgb,-80.000,-80.000,12,700,,0.258835227,54.5444,4.065197945,4.061986446,1.648990512
2026-07-28T18:43:52.990956+00:00,745.772496,open,rgb,-80.000,-80.000,13,700,,0.258806818,54.5413,4.065142155,4.061959267,1.648822308
2026-07-28T18:43:53.141327+00:00,745.922867,open,rgb,-80.000,-80.000,14,700,,0.258863636,54.5444,4.065263271,4.062043667,1.648958802
2026-07-28T18:43:53.291761+00:00,746.073301,open,rgb,-80.000,-80.000,15,700,,0.258835227,54.5475,4.065171242,4.061877251,1.649172664
2026-07-28T18:43:53.442115+00:00,746.223655,open,rgb,-80.000,-80.000,16,700,,0.258892045,54.5598,4.065118313,4.061905384,1.649063826
2026-07-28T18:43:53.592480+00:00,746.374020,open,rgb,-80.000,-80.000,17,700,,0.258920455,54.5877,4.065149307,4.061919212,1.649163127
2026-07-28T18:43:53.742814+00:00,746.524355,open,rgb,-80.000,-80.000,18,700,,0.258863636,54.6124,4.065182686,4.061913013,1.649153590
2026-07-28T18:43:53.893097+00:00,746.674638,open,rgb,-80.000,-80.000,19,700,,0.258892045,54.6372,4.065287113,4.061882019,1.649059892
2026-07-28T18:43:56.248203+00:00,749.029738,open,rgb,-80.000,-75.000,0,700,,0.258948864,54.8546,4.065161228,4.061839581,1.649116993
2026-07-28T18:43:56.398681+00:00,749.180220,open,rgb,-80.000,-75.000,1,700,,0.258977273,54.8546,4.065164566,4.061779022,1.649189234
2026-07-28T18:43:56.549191+00:00,749.330730,open,rgb,-80.000,-75.000,2,700,,0.258892045,54.8670,4.065197945,4.061768532,1.649042606
2026-07-28T18:43:56.699903+00:00,749.481437,open,rgb,-80.000,-75.000,3,700,,0.258892045,54.8764,4.065379620,4.062114239,1.648730040
2026-07-28T18:43:56.850594+00:00,749.632130,open,rgb,-80.000,-75.000,4,700,,0.258863636,54.8670,4.065211296,4.061852455,1.648339629
2026-07-28T18:43:57.001085+00:00,749.782623,open,rgb,-80.000,-75.000,5,700,,0.258920455,54.8919,4.065335274,4.062013149,1.648972273
2026-07-28T18:43:57.151530+00:00,749.933071,open,rgb,-80.000,-75.000,6,700,,0.258892045,54.9044,4.065427780,4.062120438,1.649157047
2026-07-28T18:43:57.301969+00:00,750.083510,open,rgb,-80.000,-75.000,7,700,,0.258863636,54.9044,4.065366268,4.062072754,1.648952484
2026-07-28T18:43:57.452405+00:00,750.233939,open,rgb,-80.000,-75.000,8,700,,0.258863636,54.9293,4.065521240,4.062232018,1.649062037
2026-07-28T18:43:57.602756+00:00,750.384294,open,rgb,-80.000,-75.000,9,700,,0.258863636,54.9200,4.065499306,4.062179565,1.649061799
2026-07-28T18:43:57.752993+00:00,750.534534,open,rgb,-80.000,-75.000,10,700,,0.258863636,54.9387,4.065538406,4.062139988,1.648992777
2026-07-28T18:43:57.903354+00:00,750.684890,open,rgb,-80.000,-75.000,11,700,,0.258863636,54.9449,4.065519333,4.062199116,1.648349881
2026-07-28T18:43:58.053927+00:00,750.835467,open,rgb,-80.000,-75.000,12,700,,0.258863636,54.9574,4.065428734,4.062147141,1.648880959
2026-07-28T18:43:58.204338+00:00,750.985878,open,rgb,-80.000,-75.000,13,700,,0.258835227,54.9730,4.065528870,4.062247276,1.649058461
2026-07-28T18:43:58.354687+00:00,751.136228,open,rgb,-80.000,-75.000,14,700,,0.258863636,54.9855,4.065503120,4.062196732,1.649213672
2026-07-28T18:43:58.505029+00:00,751.286569,open,rgb,-80.000,-75.000,15,700,,0.258863636,54.9917,4.065481186,4.062195301,1.649044514
2026-07-28T18:43:58.655427+00:00,751.436968,open,rgb,-80.000,-75.000,16,700,,0.258835227,54.9948,4.065587044,4.062318325,1.649030328
2026-07-28T18:43:58.805728+00:00,751.587269,open,rgb,-80.000,-75.000,17,700,,0.258778409,54.9980,4.065474987,4.062231541,1.649070144
2026-07-28T18:43:58.956134+00:00,751.737675,open,rgb,-80.000,-75.000,18,700,,0.258863636,55.0136,4.065560341,4.062251091,1.649072886
2026-07-28T18:43:59.106529+00:00,751.888068,open,rgb,-80.000,-75.000,19,700,,0.258920455,55.0229,4.065570354,4.062294960,1.649091840
2026-07-28T18:44:01.461632+00:00,754.243168,open,rgb,-80.000,-70.000,0,700,,0.258920455,55.1136,4.064435005,4.061115265,1.649067402
2026-07-28T18:44:01.612161+00:00,754.393700,open,rgb,-80.000,-70.000,1,700,,0.258920455,55.1261,4.064510345,4.061203003,1.649042606
2026-07-28T18:44:01.762851+00:00,754.544388,open,rgb,-80.000,-70.000,2,700,,0.258892045,55.1386,4.064530373,4.061231136,1.649042845
2026-07-28T18:44:01.913295+00:00,754.694835,open,rgb,-80.000,-70.000,3,700,,0.258892045,55.1386,4.064450264,4.061131001,1.648895383
2026-07-28T18:44:02.063758+00:00,754.845296,open,rgb,-80.000,-70.000,4,700,,0.258920455,55.1543,4.064547539,4.061225891,1.649076223
2026-07-28T18:44:02.214198+00:00,754.995736,open,rgb,-80.000,-70.000,5,700,,0.258948864,55.1668,4.064692497,4.061405182,1.649111867
2026-07-28T18:44:02.364674+00:00,755.146212,open,rgb,-80.000,-70.000,6,700,,0.258863636,55.1668,4.064509392,4.061179161,1.648959756
2026-07-28T18:44:02.515117+00:00,755.296656,open,rgb,-80.000,-70.000,7,700,,0.258977273,55.1919,4.064552307,4.061283112,1.649092078
2026-07-28T18:44:02.665662+00:00,755.447195,open,rgb,-80.000,-70.000,8,700,,0.258948864,55.1982,4.064507008,4.061255932,1.649093390
2026-07-28T18:44:02.816374+00:00,755.597913,open,rgb,-80.000,-70.000,9,700,,0.258948864,55.2076,4.064632416,4.061227798,1.649031281
2026-07-28T18:44:02.966770+00:00,755.748308,open,rgb,-80.000,-70.000,10,700,,0.258977273,55.2201,4.064557076,4.061276436,1.649075985
2026-07-28T18:44:03.117239+00:00,755.898774,open,rgb,-80.000,-70.000,11,700,,0.258920455,55.2233,4.064472198,4.061196327,1.648925662
2026-07-28T18:44:03.267895+00:00,756.049433,open,rgb,-80.000,-70.000,12,700,,0.258920455,55.2327,4.064608097,4.061264515,1.649105787
2026-07-28T18:44:03.418269+00:00,756.199809,open,rgb,-80.000,-70.000,13,700,,0.258892045,55.2295,4.064609528,4.061189651,1.648511052
2026-07-28T18:44:03.568638+00:00,756.350179,open,rgb,-80.000,-70.000,14,700,,0.259005682,55.2295,4.064518452,4.061131954,1.648992538
2026-07-28T18:44:03.719079+00:00,756.500620,open,rgb,-80.000,-70.000,15,700,,0.259005682,55.2327,4.064583778,4.061284542,1.649136305
2026-07-28T18:44:03.869467+00:00,756.651008,open,rgb,-80.000,-70.000,16,700,,0.259005682,55.2233,4.064592361,4.061259747,1.649082065
2026-07-28T18:44:04.019771+00:00,756.801311,open,rgb,-80.000,-70.000,17,700,,0.258948864,55.2295,4.064666271,4.061310768,1.649006367
2026-07-28T18:44:04.170064+00:00,756.951605,open,rgb,-80.000,-70.000,18,700,,0.258920455,55.2358,4.064598083,4.061294556,1.649160981
2026-07-28T18:44:04.319612+00:00,757.101147,open,rgb,-80.000,-70.000,19,700,,0.258977273,55.2295,4.064240456,4.061264515,1.648993731
2026-07-28T18:44:06.674826+00:00,759.456363,open,rgb,-80.000,-65.000,0,700,,0.258892045,55.2515,4.064670086,4.061188698,1.649051070
2026-07-28T18:44:06.825271+00:00,759.606810,open,rgb,-80.000,-65.000,1,700,,0.258977273,55.2640,4.064617157,4.061192513,1.649231076
2026-07-28T18:44:06.976100+00:00,759.757636,open,rgb,-80.000,-65.000,2,700,,0.258863636,55.2546,4.064542770,4.061129570,1.648751974
2026-07-28T18:44:07.126856+00:00,759.908392,open,rgb,-80.000,-65.000,3,700,,0.258920455,55.2735,4.064727306,4.061236858,1.649055481
2026-07-28T18:44:07.277196+00:00,760.058732,open,rgb,-80.000,-65.000,4,700,,0.258892045,55.2797,4.064593792,4.061194420,1.649104118
2026-07-28T18:44:07.427712+00:00,760.209252,open,rgb,-80.000,-65.000,5,700,,0.258920455,55.2892,4.064634323,4.061074257,1.648920298
2026-07-28T18:44:07.578112+00:00,760.359653,open,rgb,-80.000,-65.000,6,700,,0.258920455,55.3080,4.064635277,4.061138153,1.649229288
2026-07-28T18:44:07.728561+00:00,760.510102,open,rgb,-80.000,-65.000,7,700,,0.258892045,55.3143,4.064572334,4.061111927,1.649176121
2026-07-28T18:44:07.879385+00:00,760.660917,open,rgb,-80.000,-65.000,8,700,,0.258920455,55.3237,4.064363480,4.061108112,1.649206638
2026-07-28T18:44:08.030050+00:00,760.811588,open,rgb,-80.000,-65.000,9,700,,0.258920455,55.3174,4.064663887,4.061191082,1.649075270
2026-07-28T18:44:08.180534+00:00,760.962074,open,rgb,-80.000,-65.000,10,700,,0.258920455,55.3112,4.064567566,4.061162949,1.648907542
2026-07-28T18:44:08.331012+00:00,761.112550,open,rgb,-80.000,-65.000,11,700,,0.258920455,55.3174,4.064871788,4.061447620,1.649098277
2026-07-28T18:44:08.481472+00:00,761.263012,open,rgb,-80.000,-65.000,12,700,,0.258863636,55.3112,4.064882755,4.061447144,1.649222016
2026-07-28T18:44:08.631871+00:00,761.413412,open,rgb,-80.000,-65.000,13,700,,0.258863636,55.3269,4.064878941,4.061389446,1.649010301
2026-07-28T18:44:08.782194+00:00,761.563736,open,rgb,-80.000,-65.000,14,700,,0.258920455,55.3489,4.064869881,4.061466694,1.649087667
2026-07-28T18:44:08.932577+00:00,761.714117,open,rgb,-80.000,-65.000,15,700,,0.258806818,55.3552,4.064930439,4.061353683,1.648648262
2026-07-28T18:44:09.083109+00:00,761.864648,open,rgb,-80.000,-65.000,16,700,,0.258806818,55.3740,4.064874172,4.061462402,1.649188280
2026-07-28T18:44:09.233642+00:00,762.015181,open,rgb,-80.000,-65.000,17,700,,0.258892045,55.3835,4.064914703,4.061502457,1.649153352
2026-07-28T18:44:09.384208+00:00,762.165747,open,rgb,-80.000,-65.000,18,700,,0.258863636,55.3866,4.064824104,4.061398029,1.649013758
2026-07-28T18:44:09.534480+00:00,762.316020,open,rgb,-80.000,-65.000,19,700,,0.258920455,55.3898,4.064932346,4.061459064,1.649161458
2026-07-28T18:44:11.889487+00:00,764.671023,open,rgb,-80.000,-60.000,0,700,,0.258948864,55.4528,4.066621780,4.062911034,1.649158716
2026-07-28T18:44:12.043329+00:00,764.824866,open,rgb,-80.000,-60.000,1,700,,0.258892045,55.4591,4.066593170,4.062865257,1.649016380
2026-07-28T18:44:12.193626+00:00,764.975166,open,rgb,-80.000,-60.000,2,700,,0.258920455,55.4780,4.066875458,4.063171387,1.649234176
2026-07-28T18:44:12.343963+00:00,765.125503,open,rgb,-80.000,-60.000,3,700,,0.258863636,55.4717,4.066792488,4.063108921,1.649307013
2026-07-28T18:44:12.494129+00:00,765.275669,open,rgb,-80.000,-60.000,4,700,,0.258778409,55.4843,4.066840172,4.063142776,1.649078012
2026-07-28T18:44:12.644304+00:00,765.425844,open,rgb,-80.000,-60.000,5,700,,0.258920455,55.4969,4.066964626,4.063232422,1.649092793
2026-07-28T18:44:12.794460+00:00,765.576000,open,rgb,-80.000,-60.000,6,700,,0.258892045,55.5001,4.066865444,4.063139439,1.649096966
2026-07-28T18:44:12.944612+00:00,765.726151,open,rgb,-80.000,-60.000,7,700,,0.258863636,55.5127,4.066881657,4.063194275,1.649130225
2026-07-28T18:44:13.096179+00:00,765.877713,open,rgb,-80.000,-60.000,8,700,,0.258920455,55.5222,4.066709518,4.062873840,1.649141431
2026-07-28T18:44:13.246766+00:00,766.028298,open,rgb,-80.000,-60.000,9,700,,0.258892045,55.5285,4.066938877,4.063158035,1.648958087
2026-07-28T18:44:13.397452+00:00,766.178991,open,rgb,-80.000,-60.000,10,700,,0.258892045,55.5379,4.066940308,4.063295364,1.649086475
2026-07-28T18:44:13.547884+00:00,766.329424,open,rgb,-80.000,-60.000,11,700,,0.258750000,55.5379,4.066875458,4.063223362,1.649145365
2026-07-28T18:44:13.698326+00:00,766.479866,open,rgb,-80.000,-60.000,12,700,,0.258920455,55.5506,4.066951275,4.063176632,1.649014473
2026-07-28T18:44:13.848831+00:00,766.630368,open,rgb,-80.000,-60.000,13,700,,0.258863636,55.5569,4.066929340,4.063213348,1.649208784
2026-07-28T18:44:13.999480+00:00,766.781017,open,rgb,-80.000,-60.000,14,700,,0.258835227,55.5537,4.066757202,4.063123703,1.649096489
2026-07-28T18:44:14.149999+00:00,766.931540,open,rgb,-80.000,-60.000,15,700,,0.258835227,55.5664,4.066911697,4.063255310,1.649177790
2026-07-28T18:44:14.300416+00:00,767.081957,open,rgb,-80.000,-60.000,16,700,,0.258806818,55.5727,4.066867352,4.063233376,1.649158239
2026-07-28T18:44:14.450719+00:00,767.232261,open,rgb,-80.000,-60.000,17,700,,0.258863636,55.5695,4.066997051,4.063341141,1.648844123
2026-07-28T18:44:14.601020+00:00,767.382561,open,rgb,-80.000,-60.000,18,700,,0.258806818,55.5822,4.066913605,4.063272476,1.649201274
2026-07-28T18:44:14.751306+00:00,767.532847,open,rgb,-80.000,-60.000,19,700,,0.258835227,55.5790,4.066887856,4.063269615,1.649202704
2026-07-28T18:44:17.106322+00:00,769.887857,open,rgb,-80.000,-55.000,0,700,,0.258863636,55.6043,4.068231106,4.064239979,1.649023056
2026-07-28T18:44:17.256933+00:00,770.038469,open,rgb,-80.000,-55.000,1,700,,0.258920455,55.6043,4.068613529,4.064396858,1.648475409
2026-07-28T18:44:17.407418+00:00,770.188957,open,rgb,-80.000,-55.000,2,700,,0.258920455,55.6138,4.068288326,4.064286232,1.649156094
2026-07-28T18:44:17.557570+00:00,770.339105,open,rgb,-80.000,-55.000,3,700,,0.258948864,55.6233,4.068347454,4.064295769,1.649001241
2026-07-28T18:44:17.708145+00:00,770.489684,open,rgb,-80.000,-55.000,4,700,,0.258948864,55.6233,4.068412781,4.064404488,1.648968339
2026-07-28T18:44:17.858673+00:00,770.640210,open,rgb,-80.000,-55.000,5,700,,0.258863636,55.6106,4.068221569,4.064236641,1.648923874
2026-07-28T18:44:18.009185+00:00,770.790724,open,rgb,-80.000,-55.000,6,700,,0.258892045,55.6201,4.068307400,4.064235687,1.649162173
2026-07-28T18:44:18.159737+00:00,770.941273,open,rgb,-80.000,-55.000,7,700,,0.258920455,55.6328,4.068226337,4.064246655,1.649305463
2026-07-28T18:44:18.310192+00:00,771.091731,open,rgb,-80.000,-55.000,8,700,,0.258920455,55.6359,4.068340778,4.064273357,1.649115324
2026-07-28T18:44:18.461638+00:00,771.243172,open,rgb,-80.000,-55.000,9,700,,0.259034091,55.6676,4.068424225,4.064433098,1.648962975
2026-07-28T18:44:18.612053+00:00,771.393592,open,rgb,-80.000,-55.000,10,700,,0.258892045,55.6328,4.068363190,4.064409256,1.649011612
2026-07-28T18:44:18.762308+00:00,771.543849,open,rgb,-80.000,-55.000,11,700,,0.258948864,55.6454,4.068481445,4.064270020,1.648906350
2026-07-28T18:44:18.912502+00:00,771.694041,open,rgb,-80.000,-55.000,12,700,,0.258920455,55.6549,4.068404675,4.064364433,1.649039388
2026-07-28T18:44:19.062756+00:00,771.844294,open,rgb,-80.000,-55.000,13,700,,0.258892045,55.6581,4.068241119,4.064237118,1.649049640
2026-07-28T18:44:19.213098+00:00,771.994637,open,rgb,-80.000,-55.000,14,700,,0.259005682,55.6739,4.068383217,4.064353943,1.649205923
2026-07-28T18:44:19.364260+00:00,772.145795,open,rgb,-80.000,-55.000,15,700,,0.258977273,55.6834,4.068338394,4.064259052,1.649280787
2026-07-28T18:44:19.514746+00:00,772.296286,open,rgb,-80.000,-55.000,16,700,,0.258920455,55.6834,4.068284512,4.064231396,1.649053335
2026-07-28T18:44:19.665038+00:00,772.446575,open,rgb,-80.000,-55.000,17,700,,0.258977273,55.6866,4.068370819,4.064349651,1.649241090
2026-07-28T18:44:19.815383+00:00,772.596922,open,rgb,-80.000,-55.000,18,700,,0.258920455,55.6834,4.068402767,4.064345837,1.649118781
2026-07-28T18:44:19.965658+00:00,772.747195,open,rgb,-80.000,-55.000,19,700,,0.258920455,55.6929,4.068675518,4.064402103,1.648988366
2026-07-28T18:44:22.320904+00:00,775.102440,open,rgb,-80.000,-50.000,0,700,,0.258920455,55.7278,4.069389820,4.065420628,1.649071574
2026-07-28T18:44:22.471461+00:00,775.252999,open,rgb,-80.000,-50.000,1,700,,0.258892045,55.7246,4.069381237,4.065374374,1.649154663
2026-07-28T18:44:22.621895+00:00,775.403434,open,rgb,-80.000,-50.000,2,700,,0.258948864,55.7278,4.069482327,4.065347672,1.648966193
2026-07-28T18:44:22.772135+00:00,775.553675,open,rgb,-80.000,-50.000,3,700,,0.258977273,55.7405,4.069603920,4.065505505,1.648709536
2026-07-28T18:44:22.922295+00:00,775.703835,open,rgb,-80.000,-50.000,4,700,,0.258920455,55.7468,4.069319248,4.065324783,1.649016976
2026-07-28T18:44:23.072445+00:00,775.853984,open,rgb,-80.000,-50.000,5,700,,0.259005682,55.7531,4.069418430,4.065440178,1.649104357
2026-07-28T18:44:23.222762+00:00,776.004301,open,rgb,-80.000,-50.000,6,700,,0.258948864,55.7468,4.069414616,4.065452576,1.649109960
2026-07-28T18:44:23.373145+00:00,776.154685,open,rgb,-80.000,-50.000,7,700,,0.258892045,55.7214,4.069350243,4.065392494,1.648978829
2026-07-28T18:44:23.523537+00:00,776.305077,open,rgb,-80.000,-50.000,8,700,,0.258948864,55.7024,4.069468498,4.065558434,1.649072886
2026-07-28T18:44:23.674242+00:00,776.455776,open,rgb,-80.000,-50.000,9,700,,0.258920455,55.6929,4.069395542,4.065497398,1.649199843
2026-07-28T18:44:23.824765+00:00,776.606304,open,rgb,-80.000,-50.000,10,700,,0.258892045,55.6423,4.069471359,4.065410137,1.649056673
2026-07-28T18:44:23.975196+00:00,776.756735,open,rgb,-80.000,-50.000,11,700,,0.258977273,55.6391,4.069364548,4.065455437,1.649212956
2026-07-28T18:44:24.125656+00:00,776.907194,open,rgb,-80.000,-50.000,12,700,,0.258948864,55.6486,4.069334507,4.065385342,1.649079919
2026-07-28T18:44:24.276184+00:00,777.057721,open,rgb,-80.000,-50.000,13,700,,0.258977273,55.6612,4.069417000,4.065453053,1.649241567
2026-07-28T18:44:24.426659+00:00,777.208199,open,rgb,-80.000,-50.000,14,700,,0.258977273,55.6707,4.069422722,4.065481663,1.649286985
2026-07-28T18:44:24.577016+00:00,777.358556,open,rgb,-80.000,-50.000,15,700,,0.258920455,55.6802,4.069326401,4.065385342,1.649116755
2026-07-28T18:44:24.727319+00:00,777.508860,open,rgb,-80.000,-50.000,16,700,,0.259005682,55.7088,4.069433212,4.065481663,1.649210334
2026-07-28T18:44:24.877645+00:00,777.659185,open,rgb,-80.000,-50.000,17,700,,0.258920455,55.7183,4.069467545,4.065535545,1.649060369
2026-07-28T18:44:25.028035+00:00,777.809574,open,rgb,-80.000,-50.000,18,700,,0.258948864,55.7278,4.069582939,4.065493584,1.648922205
2026-07-28T18:44:25.178601+00:00,777.960136,open,rgb,-80.000,-50.000,19,700,,0.258948864,55.7373,4.069490910,4.065557480,1.649211287
2026-07-28T18:44:27.533676+00:00,780.315212,open,rgb,-80.000,-45.000,0,700,,0.258977273,55.7976,4.070146084,4.065875530,1.648975611
2026-07-28T18:44:27.684171+00:00,780.465709,open,rgb,-80.000,-45.000,1,700,,0.258892045,55.8039,4.070260525,4.065846443,1.648920059
2026-07-28T18:44:27.834469+00:00,780.616008,open,rgb,-80.000,-45.000,2,700,,0.258977273,55.8230,4.070063114,4.065752506,1.649284959
2026-07-28T18:44:27.984643+00:00,780.766182,open,rgb,-80.000,-45.000,3,700,,0.258948864,55.8293,4.070034981,4.065814018,1.648981810
2026-07-28T18:44:28.135170+00:00,780.916705,open,rgb,-80.000,-45.000,4,700,,0.258948864,55.8420,4.070315838,4.066090107,1.649052024
2026-07-28T18:44:28.285677+00:00,781.067210,open,rgb,-80.000,-45.000,5,700,,0.258835227,55.8452,4.070425510,4.066233158,1.648453236
2026-07-28T18:44:28.436148+00:00,781.217686,open,rgb,-80.000,-45.000,6,700,,0.258835227,55.8579,4.070067406,4.065824032,1.649057984
2026-07-28T18:44:28.586454+00:00,781.367994,open,rgb,-80.000,-45.000,7,700,,0.258948864,55.8643,4.070183277,4.065905571,1.649077415
2026-07-28T18:44:28.736740+00:00,781.518280,open,rgb,-80.000,-45.000,8,700,,0.258948864,55.8643,4.070008755,4.065715313,1.649134159
2026-07-28T18:44:28.886604+00:00,781.668138,open,rgb,-80.000,-45.000,9,700,,0.258977273,55.8802,4.070045471,4.065819740,1.649192452
2026-07-28T18:44:29.037206+00:00,781.818743,open,rgb,-80.000,-45.000,10,700,,0.258948864,55.8834,4.070147514,4.065874577,1.649101853
2026-07-28T18:44:29.187746+00:00,781.969286,open,rgb,-80.000,-45.000,11,700,,0.258948864,55.8834,4.070008278,4.065748692,1.648927331
2026-07-28T18:44:29.338166+00:00,782.119705,open,rgb,-80.000,-45.000,12,700,,0.258948864,55.8961,4.070156574,4.065905094,1.649096727
2026-07-28T18:44:29.488588+00:00,782.270126,open,rgb,-80.000,-45.000,13,700,,0.258948864,55.8993,4.070202351,4.065971375,1.649035454
2026-07-28T18:44:29.638977+00:00,782.420516,open,rgb,-80.000,-45.000,14,700,,0.258948864,55.9056,4.070178032,4.065851212,1.648849010
2026-07-28T18:44:29.789345+00:00,782.570886,open,rgb,-80.000,-45.000,15,700,,0.258948864,55.9152,4.070136070,4.065948486,1.649120688
2026-07-28T18:44:29.939838+00:00,782.721375,open,rgb,-80.000,-45.000,16,700,,0.258948864,55.9184,4.070095062,4.065880775,1.649032354
2026-07-28T18:44:30.090205+00:00,782.871741,open,rgb,-80.000,-45.000,17,700,,0.258948864,55.9216,4.070239544,4.065918922,1.649032116
2026-07-28T18:44:30.240477+00:00,783.022017,open,rgb,-80.000,-45.000,18,700,,0.258977273,55.9279,4.070112228,4.065930367,1.649267197
2026-07-28T18:44:30.390774+00:00,783.172312,open,rgb,-80.000,-45.000,19,700,,0.259005682,55.9216,4.070095539,4.065858364,1.649045229
2026-07-28T18:44:32.745926+00:00,785.527462,open,rgb,-80.000,-40.000,0,700,,0.259005682,55.9725,4.070528984,4.066234112,1.649016142
2026-07-28T18:44:32.914586+00:00,785.696124,open,rgb,-80.000,-40.000,1,700,,0.259005682,55.9885,4.070466995,4.066199303,1.649186373
2026-07-28T18:44:33.064880+00:00,785.846420,open,rgb,-80.000,-40.000,2,700,,0.258948864,55.9948,4.070370674,4.066101551,1.649092555
2026-07-28T18:44:33.215183+00:00,785.996720,open,rgb,-80.000,-40.000,3,700,,0.259034091,55.9980,4.070457935,4.066199303,1.649047256
2026-07-28T18:44:33.365475+00:00,786.147015,open,rgb,-80.000,-40.000,4,700,,0.259005682,56.0012,4.070482254,4.066215515,1.649185896
2026-07-28T18:44:33.515687+00:00,786.297227,open,rgb,-80.000,-40.000,5,700,,0.258977273,55.9885,4.070468426,4.066185474,1.648981571
2026-07-28T18:44:33.665889+00:00,786.447430,open,rgb,-80.000,-40.000,6,700,,0.259034091,55.9853,4.070519924,4.066268444,1.649046898
2026-07-28T18:44:33.816109+00:00,786.597650,open,rgb,-80.000,-40.000,7,700,,0.258977273,55.9757,4.070654392,4.066431999,1.649059415
2026-07-28T18:44:33.966178+00:00,786.747717,open,rgb,-80.000,-40.000,8,700,,0.258948864,55.9821,4.070556641,4.066176891,1.648911953
2026-07-28T18:44:34.116707+00:00,786.898240,open,rgb,-80.000,-40.000,9,700,,0.259034091,55.9916,4.070079327,4.066288471,1.649039626
2026-07-28T18:44:34.267120+00:00,787.048657,open,rgb,-80.000,-40.000,10,700,,0.258977273,55.9885,4.070425987,4.066177368,1.648883581
2026-07-28T18:44:34.417472+00:00,787.199011,open,rgb,-80.000,-40.000,11,700,,0.259034091,55.9948,4.070510387,4.066231251,1.648966908
2026-07-28T18:44:34.567728+00:00,787.349266,open,rgb,-80.000,-40.000,12,700,,0.259005682,56.0012,4.070503235,4.066213131,1.649162889
2026-07-28T18:44:34.717974+00:00,787.499514,open,rgb,-80.000,-40.000,13,700,,0.258977273,55.9916,4.070384502,4.066113949,1.649014235
2026-07-28T18:44:34.868128+00:00,787.649669,open,rgb,-80.000,-40.000,14,700,,0.259005682,55.9980,4.070529461,4.066257954,1.649115086
2026-07-28T18:44:35.018538+00:00,787.800072,open,rgb,-80.000,-40.000,15,700,,0.258977273,55.9948,4.070462227,4.066228390,1.649182439
2026-07-28T18:44:35.169006+00:00,787.950541,open,rgb,-80.000,-40.000,16,700,,0.259034091,55.9725,4.070554256,4.066191673,1.649092317
2026-07-28T18:44:35.319528+00:00,788.101067,open,rgb,-80.000,-40.000,17,700,,0.259034091,55.9821,4.070486069,4.066199780,1.649263263
2026-07-28T18:44:35.469938+00:00,788.251478,open,rgb,-80.000,-40.000,18,700,,0.258977273,55.9885,4.070449352,4.066143513,1.649066448
2026-07-28T18:44:35.620381+00:00,788.401921,open,rgb,-80.000,-40.000,19,700,,0.259005682,55.9948,4.070557594,4.066296101,1.649077177
2026-07-28T18:44:37.975520+00:00,790.757055,open,rgb,-80.000,-35.000,0,700,,0.258920455,55.9247,4.070889950,4.066571236,1.649065018
2026-07-28T18:44:38.126187+00:00,790.907725,open,rgb,-80.000,-35.000,1,700,,0.258892045,55.9407,4.070989132,4.066606045,1.648900509
2026-07-28T18:44:38.276476+00:00,791.058015,open,rgb,-80.000,-35.000,2,700,,0.258977273,55.9534,4.071034431,4.066677570,1.648864627
2026-07-28T18:44:38.426654+00:00,791.208194,open,rgb,-80.000,-35.000,3,700,,0.258892045,55.9661,4.070933342,4.066570282,1.649086237
2026-07-28T18:44:38.576980+00:00,791.358519,open,rgb,-80.000,-35.000,4,700,,0.258977273,55.9821,4.070849895,4.066487312,1.648890018
2026-07-28T18:44:38.727274+00:00,791.508813,open,rgb,-80.000,-35.000,5,700,,0.258948864,55.9980,4.070950508,4.066620827,1.649095297
2026-07-28T18:44:38.877575+00:00,791.659115,open,rgb,-80.000,-35.000,6,700,,0.258948864,56.0108,4.070930481,4.066604137,1.648960233
2026-07-28T18:44:39.027773+00:00,791.809313,open,rgb,-80.000,-35.000,7,700,,0.258948864,56.0172,4.071061134,4.066596031,1.648886323
2026-07-28T18:44:39.177977+00:00,791.959516,open,rgb,-80.000,-35.000,8,700,,0.258920455,56.0299,4.070985317,4.066663265,1.649044752
2026-07-28T18:44:39.328576+00:00,792.110105,open,rgb,-80.000,-35.000,9,700,,0.258892045,56.0267,4.071116447,4.066378117,1.648892164
2026-07-28T18:44:39.479299+00:00,792.260835,open,rgb,-80.000,-35.000,10,700,,0.259034091,56.0267,4.071000099,4.066623688,1.648904085
2026-07-28T18:44:39.629666+00:00,792.411205,open,rgb,-80.000,-35.000,11,700,,0.258920455,56.0363,4.070965767,4.066616535,1.649110913
2026-07-28T18:44:39.779997+00:00,792.561537,open,rgb,-80.000,-35.000,12,700,,0.258920455,56.0427,4.070906162,4.066506386,1.648993492
2026-07-28T18:44:39.930156+00:00,792.711695,open,rgb,-80.000,-35.000,13,700,,0.258948864,56.0427,4.070971489,4.066636562,1.649096489
2026-07-28T18:44:40.080512+00:00,792.862051,open,rgb,-80.000,-35.000,14,700,,0.258920455,56.0235,4.070928574,4.066608429,1.649049878
2026-07-28T18:44:40.230851+00:00,793.012386,open,rgb,-80.000,-35.000,15,700,,0.258920455,56.0172,4.070750237,4.066433430,1.648982286
2026-07-28T18:44:40.381163+00:00,793.162702,open,rgb,-80.000,-35.000,16,700,,0.259005682,56.0108,4.070833683,4.066497803,1.649039149
2026-07-28T18:44:40.531478+00:00,793.313016,open,rgb,-80.000,-35.000,17,700,,0.258977273,55.9916,4.070675850,4.066305161,1.648876786
2026-07-28T18:44:40.681664+00:00,793.463204,open,rgb,-80.000,-35.000,18,700,,0.259005682,55.9853,4.070765972,4.066412926,1.649079919
2026-07-28T18:44:40.831931+00:00,793.613472,open,rgb,-80.000,-35.000,19,700,,0.259062500,55.9853,4.070829868,4.066442490,1.649060845
2026-07-28T18:44:43.187127+00:00,795.968664,open,rgb,-80.000,-30.000,0,700,,0.258948864,56.0363,4.071010590,4.066625595,1.648746133
2026-07-28T18:44:43.341164+00:00,796.122699,open,rgb,-80.000,-30.000,1,700,,0.258948864,56.0491,4.071115017,4.066752434,1.649038196
2026-07-28T18:44:43.491530+00:00,796.273069,open,rgb,-80.000,-30.000,2,700,,0.258920455,56.0491,4.071181774,4.066801548,1.648950577
2026-07-28T18:44:43.641724+00:00,796.423263,open,rgb,-80.000,-30.000,3,700,,0.258892045,56.0427,4.071070671,4.066658497,1.648738623
2026-07-28T18:44:43.791950+00:00,796.573491,open,rgb,-80.000,-30.000,4,700,,0.258920455,56.0203,4.071110249,4.066703796,1.649046421
2026-07-28T18:44:43.942105+00:00,796.723645,open,rgb,-80.000,-30.000,5,700,,0.258948864,56.0140,4.071087837,4.066723824,1.649050593
2026-07-28T18:44:44.092491+00:00,796.874031,open,rgb,-80.000,-30.000,6,700,,0.258920455,56.0235,4.071134090,4.066671848,1.648957849
2026-07-28T18:44:44.242689+00:00,797.024227,open,rgb,-80.000,-30.000,7,700,,0.258977273,56.0363,4.071114063,4.066717148,1.649059415
2026-07-28T18:44:44.392935+00:00,797.174475,open,rgb,-80.000,-30.000,8,700,,0.258920455,56.0427,4.071060181,4.066658974,1.648853779
2026-07-28T18:44:44.543088+00:00,797.324627,open,rgb,-80.000,-30.000,9,700,,0.258977273,56.0491,4.071164608,4.066772461,1.648869991
2026-07-28T18:44:44.693689+00:00,797.475223,open,rgb,-80.000,-30.000,10,700,,0.258948864,56.0491,4.071004868,4.066588402,1.649057150
2026-07-28T18:44:44.844119+00:00,797.625659,open,rgb,-80.000,-30.000,11,700,,0.258948864,56.0618,4.071086884,4.066780090,1.648908973
2026-07-28T18:44:44.994322+00:00,797.775860,open,rgb,-80.000,-30.000,12,700,,0.258892045,56.0586,4.071097851,4.066693306,1.648600698
2026-07-28T18:44:45.145658+00:00,797.927195,open,rgb,-80.000,-30.000,13,700,,0.258892045,56.0682,4.070778370,4.066309452,1.648978114
2026-07-28T18:44:45.296022+00:00,798.077558,open,rgb,-80.000,-30.000,14,700,,0.259090909,56.0810,4.070978642,4.066543102,1.648950815
2026-07-28T18:44:45.446310+00:00,798.227849,open,rgb,-80.000,-30.000,15,700,,0.259034091,56.0842,4.070808411,4.066431046,1.649171710
2026-07-28T18:44:45.596493+00:00,798.378033,open,rgb,-80.000,-30.000,16,700,,0.259005682,56.0842,4.070802212,4.066406250,1.648963928
2026-07-28T18:44:45.746665+00:00,798.528204,open,rgb,-80.000,-30.000,17,700,,0.258977273,56.0938,4.070886612,4.066507339,1.649069905
2026-07-28T18:44:45.896881+00:00,798.678420,open,rgb,-80.000,-30.000,18,700,,0.258977273,56.0906,4.070837021,4.066450119,1.649163365
2026-07-28T18:44:46.047053+00:00,798.828592,open,rgb,-80.000,-30.000,19,700,,0.258977273,56.0938,4.070863247,4.066357136,1.648963928
2026-07-28T18:44:48.402204+00:00,801.183741,open,rgb,-80.000,-25.000,0,700,,0.258977273,55.8707,4.071125507,4.066569328,1.648811102
2026-07-28T18:44:48.557540+00:00,801.339077,open,rgb,-80.000,-25.000,1,700,,0.258863636,55.8103,4.070950031,4.066440582,1.649005890
2026-07-28T18:44:48.707974+00:00,801.489512,open,rgb,-80.000,-25.000,2,700,,0.259034091,55.7754,4.070944786,4.066328049,1.648935080
2026-07-28T18:44:48.858264+00:00,801.639803,open,rgb,-80.000,-25.000,3,700,,0.258977273,55.7627,4.071074009,4.066496849,1.648991585
2026-07-28T18:44:49.008487+00:00,801.790026,open,rgb,-80.000,-25.000,4,700,,0.258920455,55.7531,4.070986748,4.066434383,1.648984671
2026-07-28T18:44:49.158812+00:00,801.940351,open,rgb,-80.000,-25.000,5,700,,0.258977273,55.7880,4.071001053,4.066442013,1.648978114
2026-07-28T18:44:49.308942+00:00,802.090477,open,rgb,-80.000,-25.000,6,700,,0.259005682,55.8293,4.070961475,4.066436291,1.649084568
2026-07-28T18:44:49.459585+00:00,802.241122,open,rgb,-80.000,-25.000,7,700,,0.258977273,55.8579,4.070942879,4.066379547,1.648861408
2026-07-28T18:44:49.610016+00:00,802.391555,open,rgb,-80.000,-25.000,8,700,,0.258977273,55.8834,4.070966721,4.066396713,1.649012089
2026-07-28T18:44:49.760410+00:00,802.541950,open,rgb,-80.000,-25.000,9,700,,0.259034091,55.8993,4.071003437,4.066476345,1.649005175
2026-07-28T18:44:49.911053+00:00,802.692587,open,rgb,-80.000,-25.000,10,700,,0.258977273,55.9216,4.070924759,4.066247463,1.648893833
2026-07-28T18:44:50.061656+00:00,802.843193,open,rgb,-80.000,-25.000,11,700,,0.259034091,55.9438,4.070885181,4.066333294,1.649255753
2026-07-28T18:44:50.212312+00:00,802.993848,open,rgb,-80.000,-25.000,12,700,,0.258948864,55.9502,4.070856571,4.066347122,1.649055481
2026-07-28T18:44:50.362865+00:00,803.144401,open,rgb,-80.000,-25.000,13,700,,0.258977273,55.9630,4.070911407,4.066450596,1.649119258
2026-07-28T18:44:50.513474+00:00,803.295014,open,rgb,-80.000,-25.000,14,700,,0.258948864,55.9693,4.070900440,4.066331863,1.648543239
2026-07-28T18:44:50.663872+00:00,803.445411,open,rgb,-80.000,-25.000,15,700,,0.259005682,55.9534,4.070816517,4.066289902,1.648962498
2026-07-28T18:44:50.814290+00:00,803.595831,open,rgb,-80.000,-25.000,16,700,,0.259062500,55.9407,4.070907593,4.066382408,1.649127722
2026-07-28T18:44:50.964758+00:00,803.746298,open,rgb,-80.000,-25.000,17,700,,0.258977273,55.9470,4.070875168,4.066339970,1.649120212
2026-07-28T18:44:51.115171+00:00,803.896711,open,rgb,-80.000,-25.000,18,700,,0.258977273,55.9630,4.071192265,4.066586018,1.648965359
2026-07-28T18:44:51.265548+00:00,804.047086,open,rgb,-80.000,-25.000,19,700,,0.258892045,55.9470,4.070972919,4.066396236,1.648946881
2026-07-28T18:44:53.620601+00:00,806.402137,open,rgb,-80.000,-20.000,0,700,,0.258863636,55.7880,4.071186066,4.066665173,1.649068952
2026-07-28T18:44:53.771212+00:00,806.552749,open,rgb,-80.000,-20.000,1,700,,0.258863636,55.7817,4.071308613,4.066570282,1.648809195
2026-07-28T18:44:53.921680+00:00,806.703218,open,rgb,-80.000,-20.000,2,700,,0.258920455,55.7785,4.071237564,4.066701889,1.648997426
2026-07-28T18:44:54.072151+00:00,806.853690,open,rgb,-80.000,-20.000,3,700,,0.258863636,55.7405,4.071165085,4.066611767,1.648976207
2026-07-28T18:44:54.222576+00:00,807.004116,open,rgb,-80.000,-20.000,4,700,,0.258892045,55.7500,4.071280479,4.066600323,1.648950815
2026-07-28T18:44:54.372927+00:00,807.154467,open,rgb,-80.000,-20.000,5,700,,0.258920455,55.7785,4.071202755,4.066642284,1.648977876
2026-07-28T18:44:54.523270+00:00,807.304810,open,rgb,-80.000,-20.000,6,700,,0.258892045,55.7912,4.071125507,4.066514969,1.648855329
2026-07-28T18:44:54.673628+00:00,807.455169,open,rgb,-80.000,-20.000,7,700,,0.258892045,55.8103,4.071225643,4.066606045,1.649110436
2026-07-28T18:44:54.823982+00:00,807.605523,open,rgb,-80.000,-20.000,8,700,,0.258920455,55.7912,4.071235657,4.066592693,1.648999333
2026-07-28T18:44:54.974373+00:00,807.755913,open,rgb,-80.000,-20.000,9,700,,0.258892045,55.7722,4.071321011,4.066575527,1.648820877
2026-07-28T18:44:55.123998+00:00,807.905531,open,rgb,-80.000,-20.000,10,700,,0.258920455,55.7690,4.071047306,4.066362858,1.649021864
2026-07-28T18:44:55.274548+00:00,808.056083,open,rgb,-80.000,-20.000,11,700,,0.258920455,55.7754,4.070974350,4.066412926,1.648962021
2026-07-28T18:44:55.424975+00:00,808.206513,open,rgb,-80.000,-20.000,12,700,,0.259005682,55.7880,4.071075439,4.066493988,1.648887038
2026-07-28T18:44:55.575262+00:00,808.356798,open,rgb,-80.000,-20.000,13,700,,0.258920455,55.7976,4.071037769,4.066446781,1.649031758
2026-07-28T18:44:55.725474+00:00,808.507014,open,rgb,-80.000,-20.000,14,700,,0.258948864,55.7944,4.070878506,4.066257000,1.648823857
2026-07-28T18:44:55.875672+00:00,808.657212,open,rgb,-80.000,-20.000,15,700,,0.259034091,55.7912,4.070955276,4.066361427,1.649094582
2026-07-28T18:44:56.025827+00:00,808.807366,open,rgb,-80.000,-20.000,16,700,,0.259005682,55.7722,4.070914745,4.066349983,1.648497939
2026-07-28T18:44:56.176130+00:00,808.957670,open,rgb,-80.000,-20.000,17,700,,0.259005682,55.7785,4.070967197,4.066273689,1.648985147
2026-07-28T18:44:56.326374+00:00,809.107912,open,rgb,-80.000,-20.000,18,700,,0.258977273,55.7849,4.070938110,4.066376209,1.649061322
2026-07-28T18:44:56.476599+00:00,809.258138,open,rgb,-80.000,-20.000,19,700,,0.259005682,55.7785,4.070889473,4.066343784,1.649002314
2026-07-28T18:44:58.831535+00:00,811.613071,open,rgb,-80.000,-15.000,0,700,,0.258806818,55.7500,4.071356297,4.066483498,1.648478866
2026-07-28T18:44:58.981969+00:00,811.763506,open,rgb,-80.000,-15.000,1,700,,0.258863636,55.7595,4.071199894,4.066541195,1.649155617
2026-07-28T18:44:59.132349+00:00,811.913887,open,rgb,-80.000,-15.000,2,700,,0.258835227,55.7246,4.071148872,4.066431046,1.649110198
2026-07-28T18:44:59.282658+00:00,812.064198,open,rgb,-80.000,-15.000,3,700,,0.258892045,55.7088,4.071238518,4.066541195,1.649121165
2026-07-28T18:44:59.432863+00:00,812.214404,open,rgb,-80.000,-15.000,4,700,,0.258892045,55.6802,4.071235180,4.066492558,1.649116516
2026-07-28T18:44:59.583227+00:00,812.364761,open,rgb,-80.000,-15.000,5,700,,0.258892045,55.6581,4.071140766,4.066504478,1.649034977
2026-07-28T18:44:59.734427+00:00,812.515961,open,rgb,-80.000,-15.000,6,700,,0.258778409,55.6423,4.071514130,4.066792011,1.648390412
2026-07-28T18:44:59.885128+00:00,812.666665,open,rgb,-80.000,-15.000,7,700,,0.258778409,55.6549,4.071152210,4.066469193,1.649114847
2026-07-28T18:45:00.035516+00:00,812.817055,open,rgb,-80.000,-15.000,8,700,,0.258863636,55.6771,4.071286201,4.066518784,1.649112821
2026-07-28T18:45:00.185888+00:00,812.967424,open,rgb,-80.000,-15.000,9,700,,0.258920455,55.6581,4.071022987,4.066358566,1.649140239
2026-07-28T18:45:00.336231+00:00,813.117766,open,rgb,-80.000,-15.000,10,700,,0.258920455,55.6676,4.070888519,4.065630436,1.649005651
2026-07-28T18:45:00.486664+00:00,813.268201,open,rgb,-80.000,-15.000,11,700,,0.258977273,55.6993,4.070998192,4.066331387,1.649112344
2026-07-28T18:45:00.637158+00:00,813.418692,open,rgb,-80.000,-15.000,12,700,,0.258948864,55.7088,4.071044445,4.066309452,1.649160028
2026-07-28T18:45:00.787613+00:00,813.569152,open,rgb,-80.000,-15.000,13,700,,0.258977273,55.7278,4.070912361,4.066257000,1.649003744
2026-07-28T18:45:00.938155+00:00,813.719694,open,rgb,-80.000,-15.000,14,700,,0.259005682,55.7405,4.070972919,4.066281319,1.649095058
2026-07-28T18:45:01.088462+00:00,813.870000,open,rgb,-80.000,-15.000,15,700,,0.258863636,55.7246,4.070869923,4.066187382,1.649191260
2026-07-28T18:45:01.239351+00:00,814.020887,open,rgb,-80.000,-15.000,16,700,,0.259034091,55.7373,4.070989132,4.066207886,1.649077415
2026-07-28T18:45:01.389966+00:00,814.171502,open,rgb,-80.000,-15.000,17,700,,0.259034091,55.7468,4.070957184,4.066274166,1.649128199
2026-07-28T18:45:01.540275+00:00,814.321815,open,rgb,-80.000,-15.000,18,700,,0.258948864,55.7468,4.071001053,4.066125393,1.648391485
2026-07-28T18:45:01.690460+00:00,814.472001,open,rgb,-80.000,-15.000,19,700,,0.258948864,55.7246,4.070919037,4.066238880,1.649154902
2026-07-28T18:45:04.045499+00:00,816.827035,open,rgb,-80.000,-10.000,0,700,,0.258948864,55.7246,4.071090698,4.066367149,1.649146080
2026-07-28T18:45:04.196232+00:00,816.977769,open,rgb,-80.000,-10.000,1,700,,0.258892045,55.7151,4.071049690,4.066267967,1.648975372
2026-07-28T18:45:04.346666+00:00,817.128206,open,rgb,-80.000,-10.000,2,700,,0.258892045,55.7341,4.071105003,4.066347122,1.648430228
2026-07-28T18:45:04.497004+00:00,817.278545,open,rgb,-80.000,-10.000,3,700,,0.258948864,55.7595,4.070993423,4.066238880,1.649244905
2026-07-28T18:45:04.647280+00:00,817.428821,open,rgb,-80.000,-10.000,4,700,,0.258977273,55.7595,4.071000099,4.066286564,1.649079680
2026-07-28T18:45:04.797618+00:00,817.579158,open,rgb,-80.000,-10.000,5,700,,0.258948864,55.7658,4.071146011,4.066391468,1.649064779
2026-07-28T18:45:04.947967+00:00,817.729507,open,rgb,-80.000,-10.000,6,700,,0.258920455,55.7690,4.070994854,4.066241264,1.649086952
2026-07-28T18:45:05.098292+00:00,817.879828,open,rgb,-80.000,-10.000,7,700,,0.258948864,55.7849,4.071129799,4.066269398,1.649067402
2026-07-28T18:45:05.248827+00:00,818.030364,open,rgb,-80.000,-10.000,8,700,,0.258948864,55.7976,4.071044445,4.066304684,1.649227858
2026-07-28T18:45:05.399309+00:00,818.180847,open,rgb,-80.000,-10.000,9,700,,0.258920455,55.7563,4.071105957,4.066347599,1.649029851
2026-07-28T18:45:05.549673+00:00,818.331214,open,rgb,-80.000,-10.000,10,700,,0.258948864,55.7373,4.071213245,4.066436768,1.648947358
2026-07-28T18:45:05.701936+00:00,818.483471,open,rgb,-80.000,-10.000,11,700,,0.258920455,55.7531,4.071063995,4.066354752,1.649301648
2026-07-28T18:45:05.852610+00:00,818.634146,open,rgb,-80.000,-10.000,12,700,,0.259005682,55.7658,4.070944309,4.066226006,1.649141908
2026-07-28T18:45:06.003105+00:00,818.784643,open,rgb,-80.000,-10.000,13,700,,0.258977273,55.7912,4.071101189,4.066327095,1.649180293
2026-07-28T18:45:06.153553+00:00,818.935090,open,rgb,-80.000,-10.000,14,700,,0.258948864,55.8103,4.071303368,4.066568375,1.649116039
2026-07-28T18:45:06.303615+00:00,819.085151,open,rgb,-80.000,-10.000,15,700,,0.258863636,55.8198,4.071404934,4.066540241,1.648998380
2026-07-28T18:45:06.454030+00:00,819.235570,open,rgb,-80.000,-10.000,16,700,,0.258863636,55.8325,4.071325302,4.066567421,1.649171948
2026-07-28T18:45:06.604459+00:00,819.386000,open,rgb,-80.000,-10.000,17,700,,0.258892045,55.8198,4.071228027,4.066493034,1.649023771
2026-07-28T18:45:06.754895+00:00,819.536435,open,rgb,-80.000,-10.000,18,700,,0.258920455,55.7976,4.071325302,4.066627502,1.649083376
2026-07-28T18:45:06.905200+00:00,819.686741,open,rgb,-80.000,-10.000,19,700,,0.258863636,55.7912,4.071383953,4.066615582,1.648978591
2026-07-28T18:45:09.260140+00:00,822.041676,open,rgb,-80.000,-5.000,0,700,,0.258863636,55.6993,4.071324348,4.066488743,1.648922682
2026-07-28T18:45:09.410671+00:00,822.192208,open,rgb,-80.000,-5.000,1,700,,0.258835227,55.6897,4.071548462,4.066707611,1.648909211
2026-07-28T18:45:09.560995+00:00,822.342536,open,rgb,-80.000,-5.000,2,700,,0.258835227,55.6802,4.071392059,4.066582680,1.648981094
2026-07-28T18:45:09.711198+00:00,822.492737,open,rgb,-80.000,-5.000,3,700,,0.258835227,55.6707,4.071415424,4.066495419,1.648712993
2026-07-28T18:45:09.861469+00:00,822.643009,open,rgb,-80.000,-5.000,4,700,,0.258863636,55.6993,4.071387768,4.066576481,1.648336768
2026-07-28T18:45:10.011896+00:00,822.793433,open,rgb,-80.000,-5.000,5,700,,0.258863636,55.7183,4.071139812,4.066300869,1.649008155
2026-07-28T18:45:10.162318+00:00,822.943852,open,rgb,-80.000,-5.000,6,700,,0.258948864,55.7500,4.071168900,4.066291332,1.648908973
2026-07-28T18:45:10.312622+00:00,823.094161,open,rgb,-80.000,-5.000,7,700,,0.258977273,55.7595,4.071046352,4.066270828,1.649225473
2026-07-28T18:45:10.462899+00:00,823.244439,open,rgb,-80.000,-5.000,8,700,,0.258977273,55.7658,4.071027279,4.066123962,1.648983479
2026-07-28T18:45:10.613053+00:00,823.394591,open,rgb,-80.000,-5.000,9,700,,0.259034091,55.7500,4.071043968,4.066220760,1.649184942
2026-07-28T18:45:10.763308+00:00,823.544849,open,rgb,-80.000,-5.000,10,700,,0.258977273,55.7214,4.071088314,4.066247940,1.649162412
2026-07-28T18:45:10.913660+00:00,823.695194,open,rgb,-80.000,-5.000,11,700,,0.258977273,55.7278,4.071104527,4.066259384,1.649003744
2026-07-28T18:45:11.064167+00:00,823.845705,open,rgb,-80.000,-5.000,12,700,,0.258948864,55.7278,4.071144104,4.066283226,1.649152875
2026-07-28T18:45:11.214472+00:00,823.996011,open,rgb,-80.000,-5.000,13,700,,0.258920455,55.7373,4.071107864,4.066278934,1.649074793
2026-07-28T18:45:11.364799+00:00,824.146338,open,rgb,-80.000,-5.000,14,700,,0.258948864,55.7595,4.071103096,4.066318512,1.649033070
2026-07-28T18:45:11.515092+00:00,824.296633,open,rgb,-80.000,-5.000,15,700,,0.258920455,55.7754,4.071101665,4.066308022,1.649173379
2026-07-28T18:45:11.665273+00:00,824.446813,open,rgb,-80.000,-5.000,16,700,,0.258948864,55.7754,4.070989609,4.066195965,1.649017215
2026-07-28T18:45:11.815519+00:00,824.597059,open,rgb,-80.000,-5.000,17,700,,0.258977273,55.7880,4.071099758,4.066309452,1.649197340
2026-07-28T18:45:11.965687+00:00,824.747227,open,rgb,-80.000,-5.000,18,700,,0.258892045,55.7817,4.071149349,4.066377163,1.649080873
2026-07-28T18:45:12.115956+00:00,824.897496,open,rgb,-80.000,-5.000,19,700,,0.258948864,55.7880,4.071260929,4.066190243,1.648890257
2026-07-28T18:45:14.471131+00:00,827.252667,open,rgb,-80.000,0.000,0,700,,0.258920455,55.8357,4.071370602,4.066780090,1.649093866
2026-07-28T18:45:14.621787+00:00,827.403324,open,rgb,-80.000,0.000,1,700,,0.258835227,55.8484,4.071394920,4.066795349,1.649079442
2026-07-28T18:45:14.772211+00:00,827.553752,open,rgb,-80.000,0.000,2,700,,0.258863636,55.8611,4.071439743,4.066650391,1.648909688
2026-07-28T18:45:14.922615+00:00,827.704155,open,rgb,-80.000,0.000,3,700,,0.258892045,55.8834,4.071372509,4.066795349,1.649178743
2026-07-28T18:45:15.072989+00:00,827.854529,open,rgb,-80.000,0.000,4,700,,0.258863636,55.8834,4.071357727,4.066783905,1.649017453
2026-07-28T18:45:15.223527+00:00,828.005063,open,rgb,-80.000,0.000,5,700,,0.258863636,55.8897,4.071177959,4.066593647,1.649048686
2026-07-28T18:45:15.374008+00:00,828.155547,open,rgb,-80.000,0.000,6,700,,0.258920455,55.8929,4.071360588,4.066571712,1.648647308
2026-07-28T18:45:15.524436+00:00,828.305975,open,rgb,-80.000,0.000,7,700,,0.258892045,55.8770,4.071107864,4.066443920,1.648946404
2026-07-28T18:45:15.674862+00:00,828.456402,open,rgb,-80.000,0.000,8,700,,0.258977273,55.8802,4.071177959,4.066544533,1.649134636
2026-07-28T18:45:15.825336+00:00,828.606874,open,rgb,-80.000,0.000,9,700,,0.258920455,55.8738,4.071027279,4.066390514,1.649366736
2026-07-28T18:45:15.975712+00:00,828.757252,open,rgb,-80.000,0.000,10,700,,0.258977273,55.8707,4.071104050,4.066421032,1.649194956
2026-07-28T18:45:16.125648+00:00,828.907182,open,rgb,-80.000,0.000,11,700,,0.258977273,55.8738,4.070923328,4.066527367,1.649257898
2026-07-28T18:45:16.276146+00:00,829.057680,open,rgb,-80.000,0.000,12,700,,0.259005682,55.8770,4.071069241,4.066518307,1.649120212
2026-07-28T18:45:16.426654+00:00,829.208193,open,rgb,-80.000,0.000,13,700,,0.258920455,55.8834,4.071266174,4.066637993,1.649126530
2026-07-28T18:45:16.577062+00:00,829.358599,open,rgb,-80.000,0.000,14,700,,0.258948864,55.8929,4.071112633,4.066517353,1.649328709
2026-07-28T18:45:16.727537+00:00,829.509078,open,rgb,-80.000,0.000,15,700,,0.258892045,55.8961,4.071116924,4.066476345,1.649053097
2026-07-28T18:45:16.877959+00:00,829.659501,open,rgb,-80.000,0.000,16,700,,0.259005682,55.9056,4.071147919,4.066589832,1.649110198
2026-07-28T18:45:17.028296+00:00,829.809836,open,rgb,-80.000,0.000,17,700,,0.258920455,55.9056,4.071137905,4.066534042,1.649251819
2026-07-28T18:45:17.178673+00:00,829.960213,open,rgb,-80.000,0.000,18,700,,0.258920455,55.9120,4.071171761,4.066453934,1.649039626
2026-07-28T18:45:17.329032+00:00,830.110569,open,rgb,-80.000,0.000,19,700,,0.258948864,55.9152,4.071129799,4.066574574,1.649230361
2026-07-28T18:45:19.684302+00:00,832.465837,open,rgb,-80.000,5.000,0,700,,0.258977273,55.9502,4.071130276,4.066556931,1.649335742
2026-07-28T18:45:19.834742+00:00,832.616280,open,rgb,-80.000,5.000,1,700,,0.258948864,55.9566,4.071171761,4.066557407,1.649208307
2026-07-28T18:45:19.984949+00:00,832.766489,open,rgb,-80.000,5.000,2,700,,0.259005682,55.9630,4.071066380,4.066582680,1.649360180
2026-07-28T18:45:20.135238+00:00,832.916777,open,rgb,-80.000,5.000,3,700,,0.259005682,55.9598,4.071128368,4.066637993,1.649230838
2026-07-28T18:45:20.285548+00:00,833.067085,open,rgb,-80.000,5.000,4,700,,0.259062500,55.9598,4.071228981,4.066729069,1.649092317
2026-07-28T18:45:20.435855+00:00,833.217393,open,rgb,-80.000,5.000,5,700,,0.258920455,55.9725,4.071001053,4.066534519,1.649490833
2026-07-28T18:45:20.586021+00:00,833.367559,open,rgb,-80.000,5.000,6,700,,0.258977273,55.9725,4.071001530,4.066514969,1.649343848
2026-07-28T18:45:20.736304+00:00,833.517844,open,rgb,-80.000,5.000,7,700,,0.259005682,55.9789,4.071083546,4.066605091,1.649405122
2026-07-28T18:45:20.886491+00:00,833.668031,open,rgb,-80.000,5.000,8,700,,0.258920455,55.9821,4.071287155,4.066803932,1.649268389
2026-07-28T18:45:21.036635+00:00,833.818174,open,rgb,-80.000,5.000,9,700,,0.258977273,55.9885,4.071454048,4.066878796,1.649208069
2026-07-28T18:45:21.186876+00:00,833.968417,open,rgb,-80.000,5.000,10,700,,0.258948864,55.9661,4.071444511,4.066936493,1.649166107
2026-07-28T18:45:21.336969+00:00,834.118503,open,rgb,-80.000,5.000,11,700,,0.258863636,55.9598,4.071392059,4.066272736,1.648990989
2026-07-28T18:45:21.487439+00:00,834.268975,open,rgb,-80.000,5.000,12,700,,0.258892045,55.9566,4.071427822,4.066965103,1.649078965
2026-07-28T18:45:21.637803+00:00,834.419342,open,rgb,-80.000,5.000,13,700,,0.258863636,55.9438,4.071368694,4.066842079,1.649361134
2026-07-28T18:45:21.788046+00:00,834.569586,open,rgb,-80.000,5.000,14,700,,0.258920455,55.9407,4.071340084,4.066802025,1.649240851
2026-07-28T18:45:21.938291+00:00,834.719830,open,rgb,-80.000,5.000,15,700,,0.258920455,55.9343,4.071390152,4.066859722,1.649342060
2026-07-28T18:45:22.088465+00:00,834.870005,open,rgb,-80.000,5.000,16,700,,0.258863636,55.9470,4.071355820,4.066898346,1.649263263
2026-07-28T18:45:22.238698+00:00,835.020238,open,rgb,-80.000,5.000,17,700,,0.258892045,55.9502,4.071471691,4.066874981,1.649167776
2026-07-28T18:45:22.388912+00:00,835.170453,open,rgb,-80.000,5.000,18,700,,0.258977273,55.9725,4.071401596,4.066890240,1.649428844
2026-07-28T18:45:22.539069+00:00,835.320607,open,rgb,-80.000,5.000,19,700,,0.258920455,55.9661,4.071455479,4.066929817,1.649214864
2026-07-28T18:45:24.894252+00:00,837.675789,open,rgb,-80.000,10.000,0,700,,0.258920455,55.9885,4.071544170,4.066891193,1.649157286
2026-07-28T18:45:25.044762+00:00,837.826300,open,rgb,-80.000,10.000,1,700,,0.258892045,55.9980,4.071490288,4.066916466,1.649294496
2026-07-28T18:45:25.195162+00:00,837.976696,open,rgb,-80.000,10.000,2,700,,0.258892045,55.9948,4.071032524,4.066587925,1.649165869
2026-07-28T18:45:25.345805+00:00,838.127341,open,rgb,-80.000,10.000,3,700,,0.259005682,56.0172,4.071218014,4.066657066,1.649465203
2026-07-28T18:45:25.496326+00:00,838.277865,open,rgb,-80.000,10.000,4,700,,0.258977273,56.0235,4.071273327,4.066664696,1.649428487
2026-07-28T18:45:25.646701+00:00,838.428241,open,rgb,-80.000,10.000,5,700,,0.259034091,56.0299,4.071241379,4.066651344,1.649242520
2026-07-28T18:45:25.797073+00:00,838.578613,open,rgb,-80.000,10.000,6,700,,0.259034091,56.0172,4.071301937,4.066688538,1.649300575
2026-07-28T18:45:25.947438+00:00,838.728977,open,rgb,-80.000,10.000,7,700,,0.258920455,55.9789,4.071221352,4.066694736,1.649317741
2026-07-28T18:45:26.097826+00:00,838.879366,open,rgb,-80.000,10.000,8,700,,0.258948864,55.9375,4.071373940,4.066738129,1.649247646
2026-07-28T18:45:26.248203+00:00,839.029743,open,rgb,-80.000,10.000,9,700,,0.258920455,55.8993,4.071391106,4.066801071,1.649226427
2026-07-28T18:45:26.398530+00:00,839.180068,open,rgb,-80.000,10.000,10,700,,0.258948864,55.8866,4.071405411,4.066810608,1.649036169
2026-07-28T18:45:26.548941+00:00,839.330479,open,rgb,-80.000,10.000,11,700,,0.258892045,55.8929,4.071342945,4.066733360,1.649323344
2026-07-28T18:45:26.700363+00:00,839.481897,open,rgb,-80.000,10.000,12,700,,0.258948864,55.9216,4.071301460,4.066720963,1.649345517
2026-07-28T18:45:26.851026+00:00,839.632565,open,rgb,-80.000,10.000,13,700,,0.259005682,55.9088,4.071264744,4.066622257,1.649188519
2026-07-28T18:45:27.001471+00:00,839.783011,open,rgb,-80.000,10.000,14,700,,0.259034091,55.9025,4.071301937,4.066657066,1.649514914
2026-07-28T18:45:27.151973+00:00,839.933511,open,rgb,-80.000,10.000,15,700,,0.258948864,55.8866,4.071231842,4.066673279,1.649410725
2026-07-28T18:45:27.302430+00:00,840.083969,open,rgb,-80.000,10.000,16,700,,0.259005682,55.8834,4.071502686,4.066898346,1.649339199
2026-07-28T18:45:27.452756+00:00,840.234295,open,rgb,-80.000,10.000,17,700,,0.258920455,55.8802,4.071517944,4.066962242,1.649329185
2026-07-28T18:45:27.603120+00:00,840.384660,open,rgb,-80.000,10.000,18,700,,0.258892045,55.9025,4.071461201,4.066826820,1.649151444
2026-07-28T18:45:27.753603+00:00,840.535142,open,rgb,-80.000,10.000,19,700,,0.258920455,55.9311,4.071581841,4.066996098,1.649305224
2026-07-28T18:45:30.108669+00:00,842.890204,open,rgb,-80.000,15.000,0,700,,0.258977273,55.9916,4.071331501,4.066853046,1.649289608
2026-07-28T18:45:30.259318+00:00,843.040854,open,rgb,-80.000,15.000,1,700,,0.258948864,55.9470,4.071177959,4.066680908,1.649073601
2026-07-28T18:45:30.409892+00:00,843.191430,open,rgb,-80.000,15.000,2,700,,0.258977273,55.9470,4.071303844,4.066802025,1.649338961
2026-07-28T18:45:30.560358+00:00,843.341897,open,rgb,-80.000,15.000,3,700,,0.258948864,55.9311,4.071252823,4.066760063,1.649317503
2026-07-28T18:45:30.710784+00:00,843.492323,open,rgb,-80.000,15.000,4,700,,0.258948864,55.8929,4.071302891,4.066690445,1.649205446
2026-07-28T18:45:30.861150+00:00,843.642689,open,rgb,-80.000,15.000,5,700,,0.258977273,55.8738,4.071309566,4.066798687,1.649396777
2026-07-28T18:45:31.011547+00:00,843.793088,open,rgb,-80.000,15.000,6,700,,0.258920455,55.8452,4.071267605,4.066795349,1.649369478
2026-07-28T18:45:31.161940+00:00,843.943474,open,rgb,-80.000,15.000,7,700,,0.258920455,55.8357,4.071512699,4.066957951,1.649027944
2026-07-28T18:45:31.312516+00:00,844.094050,open,rgb,-80.000,15.000,8,700,,0.258977273,55.7976,4.071337700,4.066726208,1.648969054
2026-07-28T18:45:31.463064+00:00,844.244603,open,rgb,-80.000,15.000,9,700,,0.258948864,55.7912,4.071260452,4.066792488,1.649266720
2026-07-28T18:45:31.613476+00:00,844.395015,open,rgb,-80.000,15.000,10,700,,0.258977273,55.8262,4.071395874,4.066856384,1.649261355
2026-07-28T18:45:31.764013+00:00,844.545553,open,rgb,-80.000,15.000,11,700,,0.258863636,55.8325,4.071322441,4.066785336,1.649372339
2026-07-28T18:45:31.914673+00:00,844.696206,open,rgb,-80.000,15.000,12,700,,0.258948864,55.8262,4.071438789,4.066836834,1.649229765
2026-07-28T18:45:32.065200+00:00,844.846739,open,rgb,-80.000,15.000,13,700,,0.258977273,55.7976,4.071257114,4.066753864,1.649215221
2026-07-28T18:45:32.215606+00:00,844.997144,open,rgb,-80.000,15.000,14,700,,0.258977273,55.8198,4.071325779,4.066796303,1.649366021
2026-07-28T18:45:32.366056+00:00,845.147594,open,rgb,-80.000,15.000,15,700,,0.258920455,55.8293,4.071431637,4.066896915,1.649083138
2026-07-28T18:45:32.516495+00:00,845.298034,open,rgb,-80.000,15.000,16,700,,0.258948864,55.8484,4.071290970,4.066724777,1.649407506
2026-07-28T18:45:32.666923+00:00,845.448462,open,rgb,-80.000,15.000,17,700,,0.259005682,55.8675,4.071261883,4.066719055,1.649230361
2026-07-28T18:45:32.817373+00:00,845.598910,open,rgb,-80.000,15.000,18,700,,0.259005682,55.8866,4.071355820,4.066834927,1.649232984
2026-07-28T18:45:32.967978+00:00,845.749518,open,rgb,-80.000,15.000,19,700,,0.258920455,55.8993,4.071226597,4.066676617,1.649432898
2026-07-28T18:45:35.323205+00:00,848.104741,open,rgb,-80.000,20.000,0,700,,0.259005682,55.8770,4.071049213,4.066645622,1.649216175
2026-07-28T18:45:35.473817+00:00,848.255354,open,rgb,-80.000,20.000,1,700,,0.258977273,55.9088,4.071193218,4.066802025,1.649381161
2026-07-28T18:45:35.624249+00:00,848.405788,open,rgb,-80.000,20.000,2,700,,0.258977273,55.8961,4.071218014,4.066821575,1.649330616
2026-07-28T18:45:35.774546+00:00,848.556085,open,rgb,-80.000,20.000,3,700,,0.258977273,55.9120,4.071309090,4.066689014,1.649059176
2026-07-28T18:45:35.924904+00:00,848.706443,open,rgb,-80.000,20.000,4,700,,0.258977273,55.9375,4.071142673,4.066733837,1.649393916
2026-07-28T18:45:36.075266+00:00,848.856806,open,rgb,-80.000,20.000,5,700,,0.258948864,55.9470,4.071120739,4.066731453,1.649289131
2026-07-28T18:45:36.225707+00:00,849.007247,open,rgb,-80.000,20.000,6,700,,0.258977273,55.9598,4.071400166,4.067035675,1.649375319
2026-07-28T18:45:36.376217+00:00,849.157754,open,rgb,-80.000,20.000,7,700,,0.258892045,55.9534,4.071393490,4.067002296,1.649373889
2026-07-28T18:45:36.526696+00:00,849.308235,open,rgb,-80.000,20.000,8,700,,0.258863636,55.9470,4.071364880,4.066933155,1.649203181
2026-07-28T18:45:36.677085+00:00,849.458625,open,rgb,-80.000,20.000,9,700,,0.258892045,55.9407,4.071484566,4.067064285,1.649191499
2026-07-28T18:45:36.827626+00:00,849.609164,open,rgb,-80.000,20.000,10,700,,0.258892045,55.9470,4.071397305,4.067029476,1.649380445
2026-07-28T18:45:36.978009+00:00,849.759548,open,rgb,-80.000,20.000,11,700,,0.258920455,55.9630,4.071496964,4.066967010,1.649115801
2026-07-28T18:45:37.127987+00:00,849.909519,open,rgb,-80.000,20.000,12,700,,0.258920455,55.9821,4.071351051,4.067039013,1.649234414
2026-07-28T18:45:37.278683+00:00,850.060217,open,rgb,-80.000,20.000,13,700,,0.258863636,55.9789,4.071344376,4.066950798,1.649110913
2026-07-28T18:45:37.429032+00:00,850.210571,open,rgb,-80.000,20.000,14,700,,0.258920455,55.9725,4.071474075,4.067146301,1.649175167
2026-07-28T18:45:37.579269+00:00,850.360808,open,rgb,-80.000,20.000,15,700,,0.258863636,55.9661,4.071393490,4.067000389,1.648832321
2026-07-28T18:45:37.729497+00:00,850.511036,open,rgb,-80.000,20.000,16,700,,0.258892045,55.9757,4.071311474,4.066939831,1.649225473
2026-07-28T18:45:37.879682+00:00,850.661223,open,rgb,-80.000,20.000,17,700,,0.258948864,55.9821,4.071488857,4.067106247,1.649252534
2026-07-28T18:45:38.029888+00:00,850.811428,open,rgb,-80.000,20.000,18,700,,0.258863636,55.9853,4.071508408,4.067081928,1.649275422
2026-07-28T18:45:38.180179+00:00,850.961718,open,rgb,-80.000,20.000,19,700,,0.258892045,55.9948,4.071539879,4.066964149,1.649137974
2026-07-28T18:45:40.535238+00:00,853.316773,open,rgb,-80.000,25.000,0,700,,0.258977273,56.0140,4.071193695,4.066833973,1.649317741
2026-07-28T18:45:40.685730+00:00,853.467267,open,rgb,-80.000,25.000,1,700,,0.258863636,55.9630,4.071193218,4.066787720,1.649223924
2026-07-28T18:45:40.836361+00:00,853.617898,open,rgb,-80.000,25.000,2,700,,0.259005682,55.9630,4.071300507,4.066720486,1.649106026
2026-07-28T18:45:40.986879+00:00,853.768419,open,rgb,-80.000,25.000,3,700,,0.259034091,55.9566,4.071207523,4.066797256,1.649255395
2026-07-28T18:45:41.137229+00:00,853.918770,open,rgb,-80.000,25.000,4,700,,0.258977273,55.9502,4.071079254,4.066753864,1.649147272
2026-07-28T18:45:41.287612+00:00,854.069152,open,rgb,-80.000,25.000,5,700,,0.258977273,55.9438,4.071203232,4.066820621,1.649287224
2026-07-28T18:45:41.437910+00:00,854.219451,open,rgb,-80.000,25.000,6,700,,0.258977273,55.9407,4.071164608,4.066810608,1.649301052
2026-07-28T18:45:41.588259+00:00,854.369796,open,rgb,-80.000,25.000,7,700,,0.259034091,55.9598,4.071057320,4.066670418,1.649206161
2026-07-28T18:45:41.738570+00:00,854.520109,open,rgb,-80.000,25.000,8,700,,0.259005682,55.9789,4.071070671,4.066767216,1.649431705
2026-07-28T18:45:41.888773+00:00,854.670312,open,rgb,-80.000,25.000,9,700,,0.259005682,55.9789,4.071102142,4.066738129,1.649358034
2026-07-28T18:45:42.039048+00:00,854.820587,open,rgb,-80.000,25.000,10,700,,0.258948864,55.9821,4.071230412,4.066717148,1.649245381
2026-07-28T18:45:42.189204+00:00,854.970743,open,rgb,-80.000,25.000,11,700,,0.258977273,55.9821,4.071129799,4.066746235,1.649379015
2026-07-28T18:45:42.339840+00:00,855.121375,open,rgb,-80.000,25.000,12,700,,0.258977273,55.9853,4.071127415,4.066206455,1.649185181
2026-07-28T18:45:42.490008+00:00,855.271545,open,rgb,-80.000,25.000,13,700,,0.258977273,56.0044,4.071162701,4.066813469,1.649242043
2026-07-28T18:45:42.640354+00:00,855.421893,open,rgb,-80.000,25.000,14,700,,0.258948864,56.0235,4.071169853,4.066804886,1.649323821
2026-07-28T18:45:42.790616+00:00,855.572156,open,rgb,-80.000,25.000,15,700,,0.258977273,56.0395,4.071151257,4.066806316,1.649170280
2026-07-28T18:45:42.940897+00:00,855.722436,open,rgb,-80.000,25.000,16,700,,0.259005682,56.0491,4.071496010,4.067116261,1.649220824
2026-07-28T18:45:43.091151+00:00,855.872690,open,rgb,-80.000,25.000,17,700,,0.258920455,56.0267,4.071368217,4.067038059,1.648575544
2026-07-28T18:45:43.241352+00:00,856.022892,open,rgb,-80.000,25.000,18,700,,0.258892045,56.0554,4.071469307,4.067094326,1.649160743
2026-07-28T18:45:43.391698+00:00,856.173235,open,rgb,-80.000,25.000,19,700,,0.258920455,56.0746,4.071481705,4.067162514,1.649088025
2026-07-28T18:45:45.746779+00:00,858.528316,open,rgb,-80.000,30.000,0,700,,0.258948864,56.1961,4.071321011,4.067089081,1.649118543
2026-07-28T18:45:45.901851+00:00,858.683389,open,rgb,-80.000,30.000,1,700,,0.258863636,56.1929,4.071384907,4.066879272,1.648759365
2026-07-28T18:45:46.052179+00:00,858.833718,open,rgb,-80.000,30.000,2,700,,0.259005682,56.2121,4.071290016,4.066895008,1.649275184
2026-07-28T18:45:46.202513+00:00,858.984051,open,rgb,-80.000,30.000,3,700,,0.258948864,56.2025,4.071258545,4.066862583,1.648956895
2026-07-28T18:45:46.352775+00:00,859.134312,open,rgb,-80.000,30.000,4,700,,0.259005682,56.1673,4.071406841,4.067003250,1.649052620
2026-07-28T18:45:46.503096+00:00,859.284635,open,rgb,-80.000,30.000,5,700,,0.258920455,56.1417,4.071182728,4.066817760,1.649344563
2026-07-28T18:45:46.653312+00:00,859.434852,open,rgb,-80.000,30.000,6,700,,0.259034091,56.1193,4.071273327,4.066915035,1.649158239
2026-07-28T18:45:46.803716+00:00,859.585257,open,rgb,-80.000,30.000,7,700,,0.258948864,56.1097,4.071427822,4.067049503,1.648976445
2026-07-28T18:45:46.954292+00:00,859.735825,open,rgb,-80.000,30.000,8,700,,0.258948864,56.1097,4.071349621,4.066992283,1.649133682
2026-07-28T18:45:47.104843+00:00,859.886381,open,rgb,-80.000,30.000,9,700,,0.258920455,56.1161,4.071439743,4.067028999,1.649006724
2026-07-28T18:45:47.255358+00:00,860.036891,open,rgb,-80.000,30.000,10,700,,0.258948864,56.1225,4.071478844,4.067062378,1.649204969
2026-07-28T18:45:47.405908+00:00,860.187443,open,rgb,-80.000,30.000,11,700,,0.258892045,56.1225,4.071255207,4.066838264,1.648363829
2026-07-28T18:45:47.556263+00:00,860.337803,open,rgb,-80.000,30.000,12,700,,0.258948864,56.1449,4.071295738,4.066965103,1.649234891
2026-07-28T18:45:47.706883+00:00,860.488417,open,rgb,-80.000,30.000,13,700,,0.258920455,56.1801,4.071334362,4.066973686,1.649200082
2026-07-28T18:45:47.857485+00:00,860.639024,open,rgb,-80.000,30.000,14,700,,0.259005682,56.1449,4.071291924,4.066926956,1.648974180
2026-07-28T18:45:48.007878+00:00,860.789418,open,rgb,-80.000,30.000,15,700,,0.259034091,56.1161,4.071320534,4.066952229,1.649129987
2026-07-28T18:45:48.158357+00:00,860.939893,open,rgb,-80.000,30.000,16,700,,0.258977273,56.0874,4.071149349,4.066781521,1.649194360
2026-07-28T18:45:48.308892+00:00,861.090428,open,rgb,-80.000,30.000,17,700,,0.259034091,56.0746,4.071310520,4.066863537,1.649281025
2026-07-28T18:45:48.459185+00:00,861.240725,open,rgb,-80.000,30.000,18,700,,0.259034091,56.0554,4.071301937,4.066895485,1.649274945
2026-07-28T18:45:48.609717+00:00,861.391251,open,rgb,-80.000,30.000,19,700,,0.258977273,56.0459,4.071332932,4.066864967,1.648306966
2026-07-28T18:45:50.964636+00:00,863.746172,open,rgb,-80.000,35.000,0,700,,0.258920455,56.1673,4.071655750,4.067297935,1.648864865
2026-07-28T18:45:51.115125+00:00,863.896663,open,rgb,-80.000,35.000,1,700,,0.258892045,56.1769,4.071577549,4.067254543,1.649120927
2026-07-28T18:45:51.265361+00:00,864.046900,open,rgb,-80.000,35.000,2,700,,0.258977273,56.1801,4.071550846,4.067336559,1.648930550
2026-07-28T18:45:51.415659+00:00,864.197199,open,rgb,-80.000,35.000,3,700,,0.258892045,56.1705,4.071695805,4.067362785,1.648243427
2026-07-28T18:45:51.565788+00:00,864.347329,open,rgb,-80.000,35.000,4,700,,0.258920455,56.1769,4.071543694,4.067244053,1.649074078
2026-07-28T18:45:51.715953+00:00,864.497493,open,rgb,-80.000,35.000,5,700,,0.258920455,56.1865,4.071602345,4.067145824,1.648832083
2026-07-28T18:45:51.866115+00:00,864.647656,open,rgb,-80.000,35.000,6,700,,0.258977273,56.1961,4.071603298,4.067288876,1.649060607
2026-07-28T18:45:52.016272+00:00,864.797812,open,rgb,-80.000,35.000,7,700,,0.259005682,56.1961,4.071639538,4.067290306,1.648947597
2026-07-28T18:45:52.166503+00:00,864.948043,open,rgb,-80.000,35.000,8,700,,0.258892045,56.1993,4.071735859,4.067404747,1.648781300
2026-07-28T18:45:52.316700+00:00,865.098238,open,rgb,-80.000,35.000,9,700,,0.258977273,56.2153,4.071557999,4.067143917,1.649140000
2026-07-28T18:45:52.466874+00:00,865.248414,open,rgb,-80.000,35.000,10,700,,0.259005682,56.2185,4.071529388,4.067190647,1.649035215
2026-07-28T18:45:52.617065+00:00,865.398604,open,rgb,-80.000,35.000,11,700,,0.258977273,56.2089,4.071654797,4.067358494,1.649051547
2026-07-28T18:45:52.767183+00:00,865.548724,open,rgb,-80.000,35.000,12,700,,0.258948864,56.1929,4.071677208,4.067339897,1.649076223
2026-07-28T18:45:52.917440+00:00,865.698936,open,rgb,-80.000,35.000,13,700,,0.258920455,56.1833,4.071684837,4.067183018,1.648919463
2026-07-28T18:45:53.067917+00:00,865.849456,open,rgb,-80.000,35.000,14,700,,0.258977273,56.1801,4.071586609,4.067257404,1.649162412
2026-07-28T18:45:53.218202+00:00,865.999742,open,rgb,-80.000,35.000,15,700,,0.258920455,56.1801,4.071528435,4.067145348,1.649084330
2026-07-28T18:45:53.368443+00:00,866.149981,open,rgb,-80.000,35.000,16,700,,0.258948864,56.1929,4.071610928,4.067284584,1.649135351
2026-07-28T18:45:53.518673+00:00,866.300213,open,rgb,-80.000,35.000,17,700,,0.259005682,56.1961,4.071584225,4.067240238,1.649103642
2026-07-28T18:45:53.668846+00:00,866.450386,open,rgb,-80.000,35.000,18,700,,0.258977273,56.1961,4.071542740,4.067230701,1.648891449
2026-07-28T18:45:53.819024+00:00,866.600563,open,rgb,-80.000,35.000,19,700,,0.259005682,56.2025,4.071604252,4.067280769,1.649088740
2026-07-28T18:45:56.174121+00:00,868.955656,open,rgb,-80.000,40.000,0,700,,0.258948864,56.2730,4.072212696,4.067911625,1.649059892
2026-07-28T18:45:56.324693+00:00,869.106230,open,rgb,-80.000,40.000,1,700,,0.258977273,56.2634,4.072073936,4.067793846,1.648871660
2026-07-28T18:45:56.475253+00:00,869.256792,open,rgb,-80.000,40.000,2,700,,0.259034091,56.2698,4.072187424,4.067870140,1.649133086
2026-07-28T18:45:56.625778+00:00,869.407317,open,rgb,-80.000,40.000,3,700,,0.259005682,56.2730,4.072070599,4.067759514,1.649212480
2026-07-28T18:45:56.776301+00:00,869.557842,open,rgb,-80.000,40.000,4,700,,0.258948864,56.2891,4.072193146,4.067753792,1.649051309
2026-07-28T18:45:56.926723+00:00,869.708262,open,rgb,-80.000,40.000,5,700,,0.259034091,56.2987,4.072189331,4.067875385,1.648547173
2026-07-28T18:45:57.077156+00:00,869.858697,open,rgb,-80.000,40.000,6,700,,0.258920455,56.3147,4.072221279,4.067905903,1.648992538
2026-07-28T18:45:57.227588+00:00,870.009128,open,rgb,-80.000,40.000,7,700,,0.258948864,56.3212,4.072340965,4.067956448,1.648941755
2026-07-28T18:45:57.377965+00:00,870.159504,open,rgb,-80.000,40.000,8,700,,0.259005682,56.3372,4.072276115,4.067975998,1.649058223
2026-07-28T18:45:57.528364+00:00,870.309903,open,rgb,-80.000,40.000,9,700,,0.258920455,56.3404,4.072173595,4.067821026,1.648952007
2026-07-28T18:45:57.678704+00:00,870.460245,open,rgb,-80.000,40.000,10,700,,0.258977273,56.3501,4.072268963,4.067932606,1.649061561
2026-07-28T18:45:57.828997+00:00,870.610536,open,rgb,-80.000,40.000,11,700,,0.258920455,56.3533,4.072152138,4.067808628,1.649184704
2026-07-28T18:45:57.979279+00:00,870.760819,open,rgb,-80.000,40.000,12,700,,0.258948864,56.3597,4.072244644,4.067784309,1.649065971
2026-07-28T18:45:58.129513+00:00,870.911045,open,rgb,-80.000,40.000,13,700,,0.259005682,56.3533,4.072109222,4.067867279,1.649201989
2026-07-28T18:45:58.280241+00:00,871.061778,open,rgb,-80.000,40.000,14,700,,0.258977273,56.3436,4.072162151,4.067872047,1.648988128
2026-07-28T18:45:58.430737+00:00,871.212276,open,rgb,-80.000,40.000,15,700,,0.259005682,56.3436,4.072252274,4.067895889,1.649103880
2026-07-28T18:45:58.581194+00:00,871.362734,open,rgb,-80.000,40.000,16,700,,0.259005682,56.3404,4.072250843,4.067941189,1.649111152
2026-07-28T18:45:58.731712+00:00,871.513252,open,rgb,-80.000,40.000,17,700,,0.258948864,56.3340,4.072169781,4.067849159,1.648966432
2026-07-28T18:45:58.882023+00:00,871.663564,open,rgb,-80.000,40.000,18,700,,0.259005682,56.3469,4.072208881,4.067931652,1.649130702
2026-07-28T18:45:59.032415+00:00,871.813954,open,rgb,-80.000,40.000,19,700,,0.258948864,56.3469,4.072150230,4.067795753,1.649162650
2026-07-28T18:46:01.387657+00:00,874.169192,open,rgb,-80.000,45.000,0,700,,0.259005682,56.1193,4.072107315,4.067685127,1.648908019
2026-07-28T18:46:01.538390+00:00,874.319927,open,rgb,-80.000,45.000,1,700,,0.258920455,56.1193,4.072209835,4.067833424,1.649296522
2026-07-28T18:46:01.688973+00:00,874.470507,open,rgb,-80.000,45.000,2,700,,0.258948864,56.1353,4.072134018,4.067773342,1.649282575
2026-07-28T18:46:01.839487+00:00,874.621026,open,rgb,-80.000,45.000,3,700,,0.259005682,56.1577,4.072278500,4.067800999,1.649192929
2026-07-28T18:46:01.989816+00:00,874.771355,open,rgb,-80.000,45.000,4,700,,0.259034091,56.1705,4.072284698,4.067892075,1.649162650
2026-07-28T18:46:02.140200+00:00,874.921739,open,rgb,-80.000,45.000,5,700,,0.259005682,56.1641,4.072220802,4.067881584,1.648982763
2026-07-28T18:46:02.290759+00:00,875.072297,open,rgb,-80.000,45.000,6,700,,0.258948864,56.1353,4.072360516,4.068014145,1.648956895
2026-07-28T18:46:02.441164+00:00,875.222704,open,rgb,-80.000,45.000,7,700,,0.258892045,56.1321,4.072392464,4.067941189,1.648636580
2026-07-28T18:46:02.591715+00:00,875.373253,open,rgb,-80.000,45.000,8,700,,0.259005682,56.1577,4.072225571,4.067893505,1.648886561
2026-07-28T18:46:02.742142+00:00,875.523683,open,rgb,-80.000,45.000,9,700,,0.259005682,56.1609,4.072288990,4.067936897,1.649015665
2026-07-28T18:46:02.892493+00:00,875.674034,open,rgb,-80.000,45.000,10,700,,0.258920455,56.1417,4.072283745,4.067923546,1.649031758
2026-07-28T18:46:03.042850+00:00,875.824389,open,rgb,-80.000,45.000,11,700,,0.259005682,56.1577,4.072346210,4.067917347,1.649030328
2026-07-28T18:46:03.193159+00:00,875.974700,open,rgb,-80.000,45.000,12,700,,0.258948864,56.1449,4.072258472,4.067904949,1.649093866
2026-07-28T18:46:03.343880+00:00,876.125415,open,rgb,-80.000,45.000,13,700,,0.258977273,56.1513,4.072065830,4.067317009,1.648927331
2026-07-28T18:46:03.494465+00:00,876.276002,open,rgb,-80.000,45.000,14,700,,0.259005682,56.1545,4.072263718,4.067889690,1.649163365
2026-07-28T18:46:03.645043+00:00,876.426582,open,rgb,-80.000,45.000,15,700,,0.258977273,56.1545,4.072222710,4.067932129,1.649174690
2026-07-28T18:46:03.795499+00:00,876.577040,open,rgb,-80.000,45.000,16,700,,0.258920455,56.1609,4.072253227,4.067951202,1.649024487
2026-07-28T18:46:03.945850+00:00,876.727389,open,rgb,-80.000,45.000,17,700,,0.259005682,56.1705,4.072294235,4.068051338,1.649064064
2026-07-28T18:46:04.096169+00:00,876.877703,open,rgb,-80.000,45.000,18,700,,0.258892045,56.1705,4.072247028,4.067885399,1.648964882
2026-07-28T18:46:04.246478+00:00,877.028017,open,rgb,-80.000,45.000,19,700,,0.258977273,56.1801,4.072421074,4.067971706,1.648971319
2026-07-28T18:46:06.601532+00:00,879.383069,open,rgb,-80.000,50.000,0,700,,0.259005682,55.9566,4.072180748,4.067856789,1.649233699
2026-07-28T18:46:06.752213+00:00,879.533750,open,rgb,-80.000,50.000,1,700,,0.258948864,55.9438,4.072209835,4.067908287,1.649140000
2026-07-28T18:46:06.902620+00:00,879.684160,open,rgb,-80.000,50.000,2,700,,0.258977273,55.9630,4.072269440,4.067897320,1.649039388
2026-07-28T18:46:07.052897+00:00,879.834438,open,rgb,-80.000,50.000,3,700,,0.258977273,55.9916,4.072246075,4.067917347,1.649075270
2026-07-28T18:46:07.203108+00:00,879.984645,open,rgb,-80.000,50.000,4,700,,0.258977273,55.9757,4.072264671,4.067942619,1.648851156
2026-07-28T18:46:07.353487+00:00,880.135022,open,rgb,-80.000,50.000,5,700,,0.258948864,55.9757,4.072538376,4.068240166,1.648870707
2026-07-28T18:46:07.503849+00:00,880.285388,open,rgb,-80.000,50.000,6,700,,0.258835227,55.9757,4.072484970,4.068172455,1.649052858
2026-07-28T18:46:07.654037+00:00,880.435575,open,rgb,-80.000,50.000,7,700,,0.258835227,55.9630,4.072395325,4.068027020,1.648869276
2026-07-28T18:46:07.804427+00:00,880.585966,open,rgb,-80.000,50.000,8,700,,0.258920455,55.9630,4.072472572,4.068175793,1.649062872
2026-07-28T18:46:07.954641+00:00,880.736180,open,rgb,-80.000,50.000,9,700,,0.258948864,55.9693,4.072580814,4.068163872,1.648794055
2026-07-28T18:46:08.104955+00:00,880.886494,open,rgb,-80.000,50.000,10,700,,0.258863636,55.9630,4.072511673,4.068208218,1.649074078
2026-07-28T18:46:08.255103+00:00,881.036642,open,rgb,-80.000,50.000,11,700,,0.258835227,55.9630,4.072543144,4.068221569,1.648880720
2026-07-28T18:46:08.405316+00:00,881.186855,open,rgb,-80.000,50.000,12,700,,0.258892045,55.9757,4.072393417,4.068113327,1.648722768
2026-07-28T18:46:08.555509+00:00,881.337050,open,rgb,-80.000,50.000,13,700,,0.258920455,55.9885,4.072445869,4.068108082,1.649000525
2026-07-28T18:46:08.706024+00:00,881.487558,open,rgb,-80.000,50.000,14,700,,0.258920455,55.9948,4.072376251,4.068052292,1.649240017
2026-07-28T18:46:08.856462+00:00,881.638002,open,rgb,-80.000,50.000,15,700,,0.258863636,55.9789,4.072496414,4.068095207,1.648999333
2026-07-28T18:46:09.006671+00:00,881.788210,open,rgb,-80.000,50.000,16,700,,0.258920455,55.9948,4.072521210,4.068188667,1.649012327
2026-07-28T18:46:09.157046+00:00,881.938583,open,rgb,-80.000,50.000,17,700,,0.258835227,56.0172,4.072431087,4.068110943,1.648878694
2026-07-28T18:46:09.307381+00:00,882.088919,open,rgb,-80.000,50.000,18,700,,0.258920455,56.0331,4.072515011,4.068197250,1.648914576
2026-07-28T18:46:09.457647+00:00,882.239187,open,rgb,-80.000,50.000,19,700,,0.258835227,56.0618,4.072449684,4.068103313,1.649113417
2026-07-28T18:46:11.812778+00:00,884.594314,open,rgb,-80.000,55.000,0,700,,0.258920455,55.9630,4.072136402,4.067821503,1.648943424
2026-07-28T18:46:11.963450+00:00,884.744987,open,rgb,-80.000,55.000,1,700,,0.258920455,55.9789,4.072245121,4.067888260,1.648974180
2026-07-28T18:46:12.113908+00:00,884.895448,open,rgb,-80.000,55.000,2,700,,0.258977273,56.0140,4.072218895,4.067842484,1.649020553
2026-07-28T18:46:12.264345+00:00,885.045884,open,rgb,-80.000,55.000,3,700,,0.259005682,56.0140,4.072157383,4.067871094,1.648826957
2026-07-28T18:46:12.414843+00:00,885.196382,open,rgb,-80.000,55.000,4,700,,0.258948864,55.9948,4.072474003,4.068093777,1.648985147
2026-07-28T18:46:12.565286+00:00,885.346825,open,rgb,-80.000,55.000,5,700,,0.258920455,55.9853,4.072317600,4.067998409,1.649226189
2026-07-28T18:46:12.715596+00:00,885.497136,open,rgb,-80.000,55.000,6,700,,0.258892045,55.9853,4.072367191,4.067929268,1.649004221
2026-07-28T18:46:12.865820+00:00,885.647360,open,rgb,-80.000,55.000,7,700,,0.258892045,55.9821,4.072455883,4.068063736,1.649067760
2026-07-28T18:46:13.015979+00:00,885.797520,open,rgb,-80.000,55.000,8,700,,0.258920455,55.9853,4.072415352,4.068125725,1.648915887
2026-07-28T18:46:13.166215+00:00,885.947751,open,rgb,-80.000,55.000,9,700,,0.258892045,56.0076,4.072523594,4.068126202,1.648774505
2026-07-28T18:46:13.316635+00:00,886.098171,open,rgb,-80.000,55.000,10,700,,0.258920455,56.0427,4.072314262,4.067953110,1.649190307
2026-07-28T18:46:13.467066+00:00,886.248605,open,rgb,-80.000,55.000,11,700,,0.258863636,56.0650,4.072453499,4.068104744,1.649053812
2026-07-28T18:46:13.617273+00:00,886.398814,open,rgb,-80.000,55.000,12,700,,0.258863636,56.0842,4.072415352,4.068108082,1.649055243
2026-07-28T18:46:13.767564+00:00,886.549104,open,rgb,-80.000,55.000,13,700,,0.258892045,56.0970,4.072303295,4.067965031,1.649147749
2026-07-28T18:46:13.918009+00:00,886.699543,open,rgb,-80.000,55.000,14,700,,0.258948864,56.1129,4.072396755,4.067986012,1.649053812
2026-07-28T18:46:14.068435+00:00,886.849973,open,rgb,-80.000,55.000,15,700,,0.258892045,56.1321,4.072393894,4.068041325,1.649060369
2026-07-28T18:46:14.218728+00:00,887.000268,open,rgb,-80.000,55.000,16,700,,0.258863636,56.1385,4.072308064,4.068021774,1.648940802
2026-07-28T18:46:14.369145+00:00,887.150684,open,rgb,-80.000,55.000,17,700,,0.258920455,56.1481,4.072522163,4.068197727,1.648938060
2026-07-28T18:46:14.519373+00:00,887.300914,open,rgb,-80.000,55.000,18,700,,0.258863636,56.1641,4.072364807,4.068088055,1.649126291
2026-07-28T18:46:14.669532+00:00,887.451073,open,rgb,-80.000,55.000,19,700,,0.258920455,56.1609,4.072298050,4.067974567,1.648847938
2026-07-28T18:46:17.024639+00:00,889.806175,open,rgb,-80.000,60.000,0,700,,0.258948864,56.2314,4.072283745,4.068009853,1.648964405
2026-07-28T18:46:17.175129+00:00,889.956666,open,rgb,-80.000,60.000,1,700,,0.258920455,56.2346,4.072085857,4.067866325,1.649145603
2026-07-28T18:46:17.325485+00:00,890.106940,open,rgb,-80.000,60.000,2,700,,0.259034091,56.2282,4.072059631,4.067790985,1.648935914
2026-07-28T18:46:17.475779+00:00,890.257318,open,rgb,-80.000,60.000,3,700,,0.258977273,56.2346,4.072148323,4.067886353,1.649102330
2026-07-28T18:46:17.626004+00:00,890.407544,open,rgb,-80.000,60.000,4,700,,0.259005682,56.2346,4.072143555,4.067895889,1.649052024
2026-07-28T18:46:17.776185+00:00,890.557725,open,rgb,-80.000,60.000,5,700,,0.258948864,56.2378,4.072304249,4.067811966,1.648874879
2026-07-28T18:46:17.926351+00:00,890.707890,open,rgb,-80.000,60.000,6,700,,0.258977273,56.2474,4.072166920,4.067905426,1.649035454
2026-07-28T18:46:18.076551+00:00,890.858091,open,rgb,-80.000,60.000,7,700,,0.258948864,56.2410,4.072081566,4.067854404,1.648924589
2026-07-28T18:46:18.226932+00:00,891.008467,open,rgb,-80.000,60.000,8,700,,0.258977273,56.2282,4.072287083,4.068051338,1.649086952
2026-07-28T18:46:18.377391+00:00,891.158926,open,rgb,-80.000,60.000,9,700,,0.258920455,56.2249,4.072241306,4.068058968,1.648555040
2026-07-28T18:46:18.527875+00:00,891.309413,open,rgb,-80.000,60.000,10,700,,0.258892045,56.2314,4.072126389,4.067879677,1.649001837
2026-07-28T18:46:18.678110+00:00,891.459650,open,rgb,-80.000,60.000,11,700,,0.258977273,56.2410,4.072274208,4.068018436,1.649075270
2026-07-28T18:46:18.828292+00:00,891.609833,open,rgb,-80.000,60.000,12,700,,0.258977273,56.2314,4.072244644,4.067958832,1.649013042
2026-07-28T18:46:18.978477+00:00,891.760016,open,rgb,-80.000,60.000,13,700,,0.258920455,56.2217,4.072423458,4.068048477,1.648943663
2026-07-28T18:46:19.128316+00:00,891.909848,open,rgb,-80.000,60.000,14,700,,0.258920455,56.1769,4.072055340,4.067913055,1.648818135
2026-07-28T18:46:19.278866+00:00,892.060401,open,rgb,-80.000,60.000,15,700,,0.258892045,56.1481,4.072080135,4.067838669,1.648843288
2026-07-28T18:46:19.429531+00:00,892.211068,open,rgb,-80.000,60.000,16,700,,0.258977273,56.1385,4.072229862,4.067902088,1.649074078
2026-07-28T18:46:19.579995+00:00,892.361533,open,rgb,-80.000,60.000,17,700,,0.258977273,56.1449,4.072082520,4.067750931,1.649348736
2026-07-28T18:46:19.730391+00:00,892.511931,open,rgb,-80.000,60.000,18,700,,0.259005682,56.1545,4.072156906,4.067920685,1.649177551
2026-07-28T18:46:19.880730+00:00,892.662270,open,rgb,-80.000,60.000,19,700,,0.258920455,56.1449,4.072261810,4.067924500,1.649013519
2026-07-28T18:46:22.236056+00:00,895.017592,open,rgb,-80.000,65.000,0,700,,0.258948864,56.2185,4.072243690,4.067909718,1.649176836
2026-07-28T18:46:22.386717+00:00,895.168255,open,rgb,-80.000,65.000,1,700,,0.258863636,56.2217,4.072366714,4.068029881,1.648970246
2026-07-28T18:46:22.537094+00:00,895.318633,open,rgb,-80.000,65.000,2,700,,0.258920455,56.2410,4.072494984,4.068178654,1.649220347
2026-07-28T18:46:22.687514+00:00,895.469054,open,rgb,-80.000,65.000,3,700,,0.258892045,56.2474,4.072508335,4.068139076,1.649100423
2026-07-28T18:46:22.837904+00:00,895.619445,open,rgb,-80.000,65.000,4,700,,0.258920455,56.2442,4.072594643,4.068168163,1.648915648
2026-07-28T18:46:22.988299+00:00,895.769839,open,rgb,-80.000,65.000,5,700,,0.258920455,56.2089,4.072565556,4.068210602,1.649045229
2026-07-28T18:46:23.138610+00:00,895.920148,open,rgb,-80.000,65.000,6,700,,0.258920455,56.1929,4.072433472,4.068147182,1.648866534
2026-07-28T18:46:23.288874+00:00,896.070415,open,rgb,-80.000,65.000,7,700,,0.258863636,56.2153,4.072496414,4.068192959,1.649094582
2026-07-28T18:46:23.438988+00:00,896.220528,open,rgb,-80.000,65.000,8,700,,0.258892045,56.2314,4.072460651,4.068180084,1.649222493
2026-07-28T18:46:23.589131+00:00,896.370669,open,rgb,-80.000,65.000,9,700,,0.258863636,56.2410,4.072269440,4.067927837,1.649043322
2026-07-28T18:46:23.739457+00:00,896.520997,open,rgb,-80.000,65.000,10,700,,0.259005682,56.2538,4.072363853,4.068031311,1.649062276
2026-07-28T18:46:23.889552+00:00,896.671093,open,rgb,-80.000,65.000,11,700,,0.258892045,56.2249,4.072221756,4.067905903,1.649099708
2026-07-28T18:46:24.039749+00:00,896.821287,open,rgb,-80.000,65.000,12,700,,0.259005682,56.2185,4.072269917,4.067937374,1.649181008
2026-07-28T18:46:24.189959+00:00,896.971499,open,rgb,-80.000,65.000,13,700,,0.258977273,56.2314,4.072290421,4.067981720,1.649167538
2026-07-28T18:46:24.341495+00:00,897.123030,open,rgb,-80.000,65.000,14,700,,0.258948864,56.2474,4.072226524,4.067421436,1.648980737
2026-07-28T18:46:24.491725+00:00,897.273261,open,rgb,-80.000,65.000,15,700,,0.259005682,56.2634,4.072409630,4.068213940,1.649029136
2026-07-28T18:46:24.641959+00:00,897.423499,open,rgb,-80.000,65.000,16,700,,0.258892045,56.2506,4.072164536,4.067861557,1.648837686
2026-07-28T18:46:24.792178+00:00,897.573718,open,rgb,-80.000,65.000,17,700,,0.259005682,56.2698,4.072247982,4.067870140,1.649156332
2026-07-28T18:46:24.942392+00:00,897.723930,open,rgb,-80.000,65.000,18,700,,0.259005682,56.2730,4.072291374,4.067999840,1.649193406
2026-07-28T18:46:25.092623+00:00,897.874159,open,rgb,-80.000,65.000,19,700,,0.258920455,56.2730,4.072175980,4.067782879,1.649240255
2026-07-28T18:46:27.447699+00:00,900.229235,open,rgb,-80.000,70.000,0,700,,0.258892045,56.2378,4.072567463,4.068221569,1.648970485
2026-07-28T18:46:27.598152+00:00,900.379691,open,rgb,-80.000,70.000,1,700,,0.258892045,56.2634,4.072602272,4.068278313,1.649083853
2026-07-28T18:46:27.748432+00:00,900.529971,open,rgb,-80.000,70.000,2,700,,0.258835227,56.2698,4.072535515,4.068225384,1.648996949
2026-07-28T18:46:27.898674+00:00,900.680213,open,rgb,-80.000,70.000,3,700,,0.258892045,56.2859,4.072583199,4.068214417,1.649070382
2026-07-28T18:46:28.048861+00:00,900.830403,open,rgb,-80.000,70.000,4,700,,0.258948864,56.3083,4.072478294,4.068219185,1.649233937
2026-07-28T18:46:28.199150+00:00,900.980684,open,rgb,-80.000,70.000,5,700,,0.258920455,56.3147,4.072331429,4.068055153,1.649093151
2026-07-28T18:46:28.349857+00:00,901.131393,open,rgb,-80.000,70.000,6,700,,0.258920455,56.3019,4.072446823,4.068156719,1.648973942
2026-07-28T18:46:28.500489+00:00,901.282027,open,rgb,-80.000,70.000,7,700,,0.258920455,56.2410,4.072329521,4.068028927,1.649168253
2026-07-28T18:46:28.650857+00:00,901.432397,open,rgb,-80.000,70.000,8,700,,0.258977273,56.2538,4.072389126,4.067938328,1.649021864
2026-07-28T18:46:28.801227+00:00,901.582767,open,rgb,-80.000,70.000,9,700,,0.258948864,56.2730,4.072385788,4.068092346,1.649102569
2026-07-28T18:46:28.951604+00:00,901.733145,open,rgb,-80.000,70.000,10,700,,0.258948864,56.2794,4.072310448,4.068000317,1.649020076
2026-07-28T18:46:29.101965+00:00,901.883505,open,rgb,-80.000,70.000,11,700,,0.258948864,56.2698,4.072377205,4.068088055,1.649057508
2026-07-28T18:46:29.252481+00:00,902.034019,open,rgb,-80.000,70.000,12,700,,0.258977273,56.2570,4.072345734,4.068008900,1.649217367
2026-07-28T18:46:29.402902+00:00,902.184443,open,rgb,-80.000,70.000,13,700,,0.258977273,56.2538,4.072302341,4.067964077,1.649125576
2026-07-28T18:46:29.553209+00:00,902.334749,open,rgb,-80.000,70.000,14,700,,0.258948864,56.2506,4.072452545,4.068135738,1.648941755
2026-07-28T18:46:29.703885+00:00,902.485419,open,rgb,-80.000,70.000,15,700,,0.258948864,56.2698,4.072294235,4.067993641,1.649218082
2026-07-28T18:46:29.854378+00:00,902.635918,open,rgb,-80.000,70.000,16,700,,0.258977273,56.2410,4.072409153,4.067935467,1.649081588
2026-07-28T18:46:30.004693+00:00,902.786233,open,rgb,-80.000,70.000,17,700,,0.258977273,56.2506,4.072405338,4.068059444,1.649159551
2026-07-28T18:46:30.155108+00:00,902.936646,open,rgb,-80.000,70.000,18,700,,0.258920455,56.2538,4.072285175,4.067941189,1.648373127
2026-07-28T18:46:30.305657+00:00,903.087193,open,rgb,-80.000,70.000,19,700,,0.259005682,56.2923,4.072395325,4.068065166,1.649101138
2026-07-28T18:46:32.660697+00:00,905.442233,open,rgb,-80.000,75.000,0,700,,0.258977273,56.3822,4.072404861,4.068120956,1.649194121
2026-07-28T18:46:32.811212+00:00,905.592748,open,rgb,-80.000,75.000,1,700,,0.258948864,56.3693,4.072398663,4.068140030,1.649059176
2026-07-28T18:46:32.961489+00:00,905.743029,open,rgb,-80.000,75.000,2,700,,0.258920455,56.3244,4.072424412,4.068111420,1.648774505
2026-07-28T18:46:33.111778+00:00,905.893317,open,rgb,-80.000,75.000,3,700,,0.259005682,56.2827,4.072280407,4.067976475,1.649303555
2026-07-28T18:46:33.261994+00:00,906.043533,open,rgb,-80.000,75.000,4,700,,0.258920455,56.2314,4.072272301,4.067924976,1.649089456
2026-07-28T18:46:33.412642+00:00,906.194179,open,rgb,-80.000,75.000,5,700,,0.259005682,56.2474,4.072313786,4.068018913,1.649202228
2026-07-28T18:46:33.562915+00:00,906.344453,open,rgb,-80.000,75.000,6,700,,0.258948864,56.2025,4.072329521,4.068033218,1.649311900
2026-07-28T18:46:33.713114+00:00,906.494654,open,rgb,-80.000,75.000,7,700,,0.259005682,56.1705,4.072384357,4.068019867,1.649174929
2026-07-28T18:46:33.863297+00:00,906.644838,open,rgb,-80.000,75.000,8,700,,0.259005682,56.1577,4.072453022,4.068123341,1.649098277
2026-07-28T18:46:34.013440+00:00,906.794941,open,rgb,-80.000,75.000,9,700,,0.258948864,56.1737,4.072252750,4.067984581,1.648939252
2026-07-28T18:46:34.163661+00:00,906.945200,open,rgb,-80.000,75.000,10,700,,0.258977273,56.2153,4.072406769,4.068123817,1.649096966
2026-07-28T18:46:34.313833+00:00,907.095370,open,rgb,-80.000,75.000,11,700,,0.258948864,56.2282,4.072343826,4.068068981,1.649198055
2026-07-28T18:46:34.464122+00:00,907.245663,open,rgb,-80.000,75.000,12,700,,0.258948864,56.2314,4.072310925,4.068000793,1.649078250
2026-07-28T18:46:34.614283+00:00,907.395823,open,rgb,-80.000,75.000,13,700,,0.258977273,56.2538,4.072416782,4.068114281,1.649065018
2026-07-28T18:46:34.764444+00:00,907.545984,open,rgb,-80.000,75.000,14,700,,0.258948864,56.2602,4.072277069,4.067950726,1.649135113
2026-07-28T18:46:34.915039+00:00,907.696573,open,rgb,-80.000,75.000,15,700,,0.258948864,56.2698,4.072397232,4.067993641,1.649092317
2026-07-28T18:46:35.065632+00:00,907.847172,open,rgb,-80.000,75.000,16,700,,0.258948864,56.2730,4.072390079,4.068060875,1.649064541
2026-07-28T18:46:35.216543+00:00,907.998079,open,rgb,-80.000,75.000,17,700,,0.258977273,56.2666,4.072279453,4.067936420,1.648936868
2026-07-28T18:46:35.367452+00:00,908.148988,open,rgb,-80.000,75.000,18,700,,0.259034091,56.2762,4.072428226,4.068099976,1.649147272
2026-07-28T18:46:35.517960+00:00,908.299500,open,rgb,-80.000,75.000,19,700,,0.258948864,56.2474,4.072356701,4.068035126,1.649233937
2026-07-28T18:46:37.872905+00:00,910.654441,open,rgb,-80.000,80.000,0,700,,0.258948864,56.1705,4.072288036,4.068011284,1.648877740
2026-07-28T18:46:38.023393+00:00,910.804930,open,rgb,-80.000,80.000,1,700,,0.258977273,56.1865,4.072404385,4.068079472,1.649103165
2026-07-28T18:46:38.173641+00:00,910.955180,open,rgb,-80.000,80.000,2,700,,0.258892045,56.2121,4.072271347,4.067978382,1.649245977
2026-07-28T18:46:38.323939+00:00,911.105478,open,rgb,-80.000,80.000,3,700,,0.258977273,56.2282,4.072324753,4.068037033,1.648958087
2026-07-28T18:46:38.474320+00:00,911.255854,open,rgb,-80.000,80.000,4,700,,0.258892045,56.2378,4.072423458,4.068110943,1.648461223
2026-07-28T18:46:38.624590+00:00,911.406130,open,rgb,-80.000,80.000,5,700,,0.258920455,56.2410,4.072337151,4.068012714,1.649046421
2026-07-28T18:46:38.774817+00:00,911.556354,open,rgb,-80.000,80.000,6,700,,0.259034091,56.2346,4.072347164,4.067970276,1.649006128
2026-07-28T18:46:38.925084+00:00,911.706623,open,rgb,-80.000,80.000,7,700,,0.258977273,56.2282,4.072356701,4.068038940,1.649145842
2026-07-28T18:46:39.075283+00:00,911.856823,open,rgb,-80.000,80.000,8,700,,0.258977273,56.2249,4.072322369,4.067989826,1.648893833
2026-07-28T18:46:39.225515+00:00,912.007054,open,rgb,-80.000,80.000,9,700,,0.259005682,56.2410,4.072513103,4.068165779,1.648938537
2026-07-28T18:46:39.375734+00:00,912.157275,open,rgb,-80.000,80.000,10,700,,0.258948864,56.2474,4.072367668,4.068079472,1.649107933
2026-07-28T18:46:39.525917+00:00,912.307457,open,rgb,-80.000,80.000,11,700,,0.258892045,56.2378,4.072264671,4.067979813,1.648955345
2026-07-28T18:46:39.676107+00:00,912.457647,open,rgb,-80.000,80.000,12,700,,0.259034091,56.2314,4.072350502,4.068014622,1.649135828
2026-07-28T18:46:39.826219+00:00,912.607760,open,rgb,-80.000,80.000,13,700,,0.258948864,56.1737,4.072345734,4.068060398,1.649097204
2026-07-28T18:46:39.976361+00:00,912.757902,open,rgb,-80.000,80.000,14,700,,0.258920455,56.1097,4.072421074,4.068132401,1.649060369
2026-07-28T18:46:40.126167+00:00,912.907700,open,rgb,-80.000,80.000,15,700,,0.258948864,56.1034,4.072273254,4.068120003,1.649010301
2026-07-28T18:46:40.276730+00:00,913.058265,open,rgb,-80.000,80.000,16,700,,0.258920455,56.0810,4.072243690,4.068034172,1.648758888
2026-07-28T18:46:40.427121+00:00,913.208655,open,rgb,-80.000,80.000,17,700,,0.258920455,56.0906,4.072464466,4.068136215,1.649018645
2026-07-28T18:46:40.577498+00:00,913.359036,open,rgb,-80.000,80.000,18,700,,0.258920455,56.1034,4.072386265,4.068082809,1.649078012
2026-07-28T18:46:40.727750+00:00,913.509290,open,rgb,-80.000,80.000,19,700,,0.258920455,56.1225,4.072408199,4.068024158,1.648895621
2026-07-28T18:46:43.082627+00:00,915.864164,open,rgb,-80.000,85.000,0,700,,0.258920455,56.2153,4.072550297,4.068255901,1.649193645
2026-07-28T18:46:43.233167+00:00,916.014705,open,rgb,-80.000,85.000,1,700,,0.258835227,56.2185,4.072521210,4.068170071,1.649242043
2026-07-28T18:46:43.383724+00:00,916.165260,open,rgb,-80.000,85.000,2,700,,0.258835227,56.2314,4.072511673,4.068112850,1.649062037
2026-07-28T18:46:43.534280+00:00,916.315818,open,rgb,-80.000,85.000,3,700,,0.258920455,56.2121,4.072542667,4.068235874,1.649185181
2026-07-28T18:46:43.684653+00:00,916.466193,open,rgb,-80.000,85.000,4,700,,0.258835227,56.1993,4.072581768,4.068273544,1.649056673
2026-07-28T18:46:43.835070+00:00,916.616610,open,rgb,-80.000,85.000,5,700,,0.258892045,56.1705,4.072660923,4.068315506,1.648897767
2026-07-28T18:46:43.985467+00:00,916.767007,open,rgb,-80.000,85.000,6,700,,0.258892045,56.1801,4.072527885,4.068232059,1.648529887
2026-07-28T18:46:44.135798+00:00,916.917336,open,rgb,-80.000,85.000,7,700,,0.258892045,56.1897,4.072485447,4.068150520,1.649035692
2026-07-28T18:46:44.286189+00:00,917.067729,open,rgb,-80.000,85.000,8,700,,0.258920455,56.1961,4.072492599,4.068267822,1.649079442
2026-07-28T18:46:44.436650+00:00,917.218190,open,rgb,-80.000,85.000,9,700,,0.258863636,56.1769,4.072455883,4.068111897,1.649386048
2026-07-28T18:46:44.587261+00:00,917.368798,open,rgb,-80.000,85.000,10,700,,0.258948864,56.1449,4.072485924,4.068143845,1.649204135
2026-07-28T18:46:44.737507+00:00,917.519047,open,rgb,-80.000,85.000,11,700,,0.258920455,56.0682,4.072448730,4.068187237,1.649247646
2026-07-28T18:46:44.887777+00:00,917.669317,open,rgb,-80.000,85.000,12,700,,0.258863636,56.0363,4.072503090,4.068181038,1.649142146
2026-07-28T18:46:45.037948+00:00,917.819488,open,rgb,-80.000,85.000,13,700,,0.258948864,55.9916,4.072566986,4.068253517,1.649134159
2026-07-28T18:46:45.188117+00:00,917.969658,open,rgb,-80.000,85.000,14,700,,0.258920455,55.9980,4.072475910,4.068165302,1.649259329
2026-07-28T18:46:45.338006+00:00,918.119541,open,rgb,-80.000,85.000,15,700,,0.258892045,55.9789,4.072191715,4.067391396,1.648979306
2026-07-28T18:46:45.488421+00:00,918.269957,open,rgb,-80.000,85.000,16,700,,0.258948864,55.9948,4.072463036,4.068108559,1.648844361
2026-07-28T18:46:45.638853+00:00,918.420393,open,rgb,-80.000,85.000,17,700,,0.258892045,56.0140,4.072270870,4.067952633,1.649179578
2026-07-28T18:46:45.789010+00:00,918.570551,open,rgb,-80.000,85.000,18,700,,0.258977273,56.0076,4.072331905,4.067817688,1.648994207
2026-07-28T18:46:45.939276+00:00,918.720814,open,rgb,-80.000,85.000,19,700,,0.259005682,56.0172,4.072240829,4.067893982,1.649206638
2026-07-28T18:46:48.294552+00:00,921.076087,open,rgb,-80.000,90.000,0,700,,0.258948864,56.1034,4.072202682,4.067837715,1.649143100
2026-07-28T18:46:48.464043+00:00,921.245580,open,rgb,-80.000,90.000,1,700,,0.258920455,56.1193,4.072201252,4.067913532,1.648934364
2026-07-28T18:46:48.614341+00:00,921.395879,open,rgb,-80.000,90.000,2,700,,0.258948864,56.1321,4.072245121,4.067926407,1.649111390
2026-07-28T18:46:48.764688+00:00,921.546227,open,rgb,-80.000,90.000,3,700,,0.258977273,56.1289,4.072273254,4.067956924,1.649032593
2026-07-28T18:46:48.914869+00:00,921.696410,open,rgb,-80.000,90.000,4,700,,0.258948864,56.1257,4.072395802,4.067924500,1.648911238
2026-07-28T18:46:49.064987+00:00,921.846528,open,rgb,-80.000,90.000,5,700,,0.259034091,56.1289,4.072189808,4.067923069,1.649109721
2026-07-28T18:46:49.215244+00:00,921.996782,open,rgb,-80.000,90.000,6,700,,0.259005682,56.1321,4.072138786,4.067836285,1.649108529
2026-07-28T18:46:49.365583+00:00,922.147119,open,rgb,-80.000,90.000,7,700,,0.259005682,56.1449,4.072253227,4.067912102,1.649147511
2026-07-28T18:46:49.515940+00:00,922.297479,open,rgb,-80.000,90.000,8,700,,0.258920455,56.1545,4.072174072,4.067827225,1.648477077
2026-07-28T18:46:49.666132+00:00,922.447671,open,rgb,-80.000,90.000,9,700,,0.259005682,56.1609,4.072214127,4.067862034,1.649007916
2026-07-28T18:46:49.816276+00:00,922.597816,open,rgb,-80.000,90.000,10,700,,0.258977273,56.1737,4.072201729,4.067908764,1.649127960
2026-07-28T18:46:49.966745+00:00,922.748279,open,rgb,-80.000,90.000,11,700,,0.258977273,56.1705,4.072216988,4.067898273,1.649164915
2026-07-28T18:46:50.117283+00:00,922.898817,open,rgb,-80.000,90.000,12,700,,0.258948864,56.1769,4.072363853,4.067889690,1.648571849
2026-07-28T18:46:50.267991+00:00,923.049525,open,rgb,-80.000,90.000,13,700,,0.259005682,56.1769,4.072206497,4.067826748,1.649298429
2026-07-28T18:46:50.418503+00:00,923.200042,open,rgb,-80.000,90.000,14,700,,0.259034091,56.1577,4.072046757,4.067787647,1.649152160
2026-07-28T18:46:50.569186+00:00,923.350714,open,rgb,-80.000,90.000,15,700,,0.259062500,56.1641,4.072134972,4.067720890,1.649180293
2026-07-28T18:46:50.719725+00:00,923.501259,open,rgb,-80.000,90.000,16,700,,0.259119318,56.1673,4.072240829,4.067910194,1.649186611
2026-07-28T18:46:50.870113+00:00,923.651653,open,rgb,-80.000,90.000,17,700,,0.258977273,56.1577,4.072257996,4.067873478,1.649027228
2026-07-28T18:46:51.020366+00:00,923.801906,open,rgb,-80.000,90.000,18,700,,0.259005682,56.1705,4.072302818,4.067988873,1.649095774
2026-07-28T18:46:51.170692+00:00,923.952229,open,rgb,-80.000,90.000,19,700,,0.258920455,56.1353,4.072230816,4.067912579,1.649006367
2026-07-28T18:47:01.624532+00:00,934.406067,open,dark,-75.000,-90.000,0,0,,0.000681818,56.0810,4.896886826,4.903531551,1.649875760
2026-07-28T18:47:01.775121+00:00,934.556660,open,dark,-75.000,-90.000,1,0,,0.000681818,56.0172,4.896901131,4.903523922,1.649814248
2026-07-28T18:47:01.925540+00:00,934.707079,open,dark,-75.000,-90.000,2,0,,0.000681818,55.9534,4.896884918,4.903522015,1.649787664
2026-07-28T18:47:02.075983+00:00,934.857523,open,dark,-75.000,-90.000,3,0,,0.000681818,55.8961,4.896901131,4.903529167,1.650026917
2026-07-28T18:47:02.226198+00:00,935.007734,open,dark,-75.000,-90.000,4,0,,0.000681818,55.8230,4.896901608,4.903526783,1.649823785
2026-07-28T18:47:02.376518+00:00,935.158057,open,dark,-75.000,-90.000,5,0,,0.000681818,55.7595,4.896912575,4.903505802,1.649992943
2026-07-28T18:47:02.526724+00:00,935.308264,open,dark,-75.000,-90.000,6,0,,0.000681818,55.6802,4.896905899,4.903512478,1.649886608
2026-07-28T18:47:02.677100+00:00,935.458632,open,dark,-75.000,-90.000,7,0,,0.000681818,55.6075,4.896898746,4.903511047,1.649759650
2026-07-28T18:47:02.827557+00:00,935.609095,open,dark,-75.000,-90.000,8,0,,0.000681818,55.5348,4.896914482,4.903503418,1.649971008
2026-07-28T18:47:02.977919+00:00,935.759458,open,dark,-75.000,-90.000,9,0,,0.000681818,55.4528,4.896903515,4.903522015,1.649787426
2026-07-28T18:47:03.128446+00:00,935.909985,open,dark,-75.000,-90.000,10,0,,0.000681818,55.3740,4.896902084,4.903518200,1.649893403
2026-07-28T18:47:03.278859+00:00,936.060399,open,dark,-75.000,-90.000,11,0,,0.000681818,55.2892,4.896878242,4.903498173,1.649925828
2026-07-28T18:47:03.429382+00:00,936.210918,open,dark,-75.000,-90.000,12,0,,0.000681818,55.1950,4.896901608,4.903517246,1.649608016
2026-07-28T18:47:03.579951+00:00,936.361491,open,dark,-75.000,-90.000,13,0,,0.000681818,55.1292,4.896916866,4.903529644,1.649878740
2026-07-28T18:47:03.730303+00:00,936.511843,open,dark,-75.000,-90.000,14,0,,0.000681818,55.0354,4.896911621,4.903518677,1.649866104
2026-07-28T18:47:03.880632+00:00,936.662173,open,dark,-75.000,-90.000,15,0,,0.000681818,54.9543,4.896913052,4.903512955,1.649795771
2026-07-28T18:47:04.030982+00:00,936.812523,open,dark,-75.000,-90.000,16,0,,0.000681818,54.8733,4.896900654,4.903519630,1.649877310
2026-07-28T18:47:04.181323+00:00,936.962864,open,dark,-75.000,-90.000,17,0,,0.000681818,54.7862,4.896909714,4.903529167,1.649719357
2026-07-28T18:47:04.331717+00:00,937.113256,open,dark,-75.000,-90.000,18,0,,0.000681818,54.7178,4.896910667,4.903513908,1.649801373
2026-07-28T18:47:04.482028+00:00,937.263568,open,dark,-75.000,-90.000,19,0,,0.000681818,54.6372,4.896922588,4.903509617,1.649967551
2026-07-28T18:47:08.675887+00:00,941.457424,open,rgb,-75.000,-90.000,0,700,,0.258892045,53.9421,4.064271927,4.059928894,1.647954702
2026-07-28T18:47:08.826363+00:00,941.607903,open,rgb,-75.000,-90.000,1,700,,0.258892045,53.9543,4.064445019,4.060110569,1.648062587
2026-07-28T18:47:08.976731+00:00,941.758271,open,rgb,-75.000,-90.000,2,700,,0.258806818,53.9696,4.064222336,4.059796333,1.647878766
2026-07-28T18:47:09.127182+00:00,941.908720,open,rgb,-75.000,-90.000,3,700,,0.258977273,54.0124,4.064213753,4.059898853,1.648145556
2026-07-28T18:47:09.277609+00:00,942.059149,open,rgb,-75.000,-90.000,4,700,,0.258948864,54.0307,4.064244747,4.059961796,1.648154855
2026-07-28T18:47:09.428052+00:00,942.209592,open,rgb,-75.000,-90.000,5,700,,0.258920455,54.0583,4.064300537,4.060005665,1.648116589
2026-07-28T18:47:09.578396+00:00,942.359936,open,rgb,-75.000,-90.000,6,700,,0.258892045,54.0828,4.064357281,4.060081482,1.648034215
2026-07-28T18:47:09.728710+00:00,942.510246,open,rgb,-75.000,-90.000,7,700,,0.258863636,54.1012,4.064331532,4.060007095,1.647789598
2026-07-28T18:47:09.879051+00:00,942.660592,open,rgb,-75.000,-90.000,8,700,,0.258948864,54.1257,4.064484119,4.060192585,1.648086548
2026-07-28T18:47:10.029297+00:00,942.810838,open,rgb,-75.000,-90.000,9,700,,0.258892045,54.1410,4.064500809,4.060156822,1.648147821
2026-07-28T18:47:10.179523+00:00,942.961062,open,rgb,-75.000,-90.000,10,700,,0.258920455,54.1594,4.064504623,4.060112000,1.647977829
2026-07-28T18:47:10.329662+00:00,943.111198,open,rgb,-75.000,-90.000,11,700,,0.258977273,54.1778,4.064569950,4.060218811,1.647910714
2026-07-28T18:47:10.479980+00:00,943.261520,open,rgb,-75.000,-90.000,12,700,,0.258835227,54.1932,4.064528465,4.060212612,1.647890210
2026-07-28T18:47:10.630118+00:00,943.411659,open,rgb,-75.000,-90.000,13,700,,0.258892045,54.2146,4.064682484,4.060292721,1.647928357
2026-07-28T18:47:10.780306+00:00,943.561847,open,rgb,-75.000,-90.000,14,700,,0.258977273,54.2362,4.064574718,4.060256004,1.648108244
2026-07-28T18:47:10.930508+00:00,943.712046,open,rgb,-75.000,-90.000,15,700,,0.258920455,54.2546,4.064455986,4.060157776,1.647873640
2026-07-28T18:47:11.080653+00:00,943.862192,open,rgb,-75.000,-90.000,16,700,,0.258948864,54.2823,4.064561844,4.060252190,1.648160458
2026-07-28T18:47:11.230966+00:00,944.012505,open,rgb,-75.000,-90.000,17,700,,0.258920455,54.3007,4.064648628,4.060310364,1.648104072
2026-07-28T18:47:11.381166+00:00,944.162707,open,rgb,-75.000,-90.000,18,700,,0.258977273,54.3161,4.064702988,4.060171604,1.647891164
2026-07-28T18:47:11.531562+00:00,944.313098,open,rgb,-75.000,-90.000,19,700,,0.258920455,54.3407,4.064640999,4.060312271,1.647805929
2026-07-28T18:47:13.887085+00:00,946.668621,open,rgb,-75.000,-85.000,0,700,,0.258892045,54.5722,4.065048218,4.060626984,1.648095012
2026-07-28T18:47:14.037452+00:00,946.818990,open,rgb,-75.000,-85.000,1,700,,0.258892045,54.5908,4.065151691,4.060580730,1.647889256
2026-07-28T18:47:14.187737+00:00,946.969276,open,rgb,-75.000,-85.000,2,700,,0.258920455,54.6124,4.065045834,4.060691833,1.647989869
2026-07-28T18:47:14.337975+00:00,947.119514,open,rgb,-75.000,-85.000,3,700,,0.258920455,54.6217,4.065095901,4.060763836,1.647941470
2026-07-28T18:47:14.488141+00:00,947.269681,open,rgb,-75.000,-85.000,4,700,,0.258892045,54.6279,4.065107822,4.060656548,1.647682428
2026-07-28T18:47:14.638274+00:00,947.419815,open,rgb,-75.000,-85.000,5,700,,0.258920455,54.6558,4.065075397,4.060670853,1.648068190
2026-07-28T18:47:14.788419+00:00,947.569959,open,rgb,-75.000,-85.000,6,700,,0.258892045,54.6620,4.065067291,4.060665131,1.647845268
2026-07-28T18:47:14.938622+00:00,947.720163,open,rgb,-75.000,-85.000,7,700,,0.258892045,54.6806,4.065138817,4.060720444,1.648009896
2026-07-28T18:47:15.088807+00:00,947.870348,open,rgb,-75.000,-85.000,8,700,,0.258892045,54.6899,4.065080166,4.060703278,1.648122907
2026-07-28T18:47:15.239087+00:00,948.020626,open,rgb,-75.000,-85.000,9,700,,0.258863636,54.6992,4.065200329,4.060664654,1.647936344
2026-07-28T18:47:15.389452+00:00,948.170987,open,rgb,-75.000,-85.000,10,700,,0.258920455,54.7116,4.065214634,4.060818195,1.648033977
2026-07-28T18:47:15.539825+00:00,948.321364,open,rgb,-75.000,-85.000,11,700,,0.258892045,54.7209,4.065212250,4.060760975,1.647834539
2026-07-28T18:47:15.690052+00:00,948.471592,open,rgb,-75.000,-85.000,12,700,,0.258892045,54.7427,4.065327644,4.060904503,1.647940993
2026-07-28T18:47:15.840280+00:00,948.621820,open,rgb,-75.000,-85.000,13,700,,0.258835227,54.7582,4.065198421,4.060782433,1.648081183
2026-07-28T18:47:15.990474+00:00,948.772015,open,rgb,-75.000,-85.000,14,700,,0.258892045,54.7675,4.065265656,4.060806274,1.647970080
2026-07-28T18:47:16.140672+00:00,948.922207,open,rgb,-75.000,-85.000,15,700,,0.258863636,54.7799,4.065258503,4.060876846,1.647941709
2026-07-28T18:47:16.290735+00:00,949.072270,open,rgb,-75.000,-85.000,16,700,,0.258863636,54.7799,4.065156937,4.060756207,1.648123145
2026-07-28T18:47:16.440976+00:00,949.222516,open,rgb,-75.000,-85.000,17,700,,0.258920455,54.7924,4.065282822,4.060794830,1.648081660
2026-07-28T18:47:16.591089+00:00,949.372630,open,rgb,-75.000,-85.000,18,700,,0.259005682,54.8017,4.065257072,4.060850143,1.648172975
2026-07-28T18:47:16.741355+00:00,949.522893,open,rgb,-75.000,-85.000,19,700,,0.258863636,54.8079,4.065304279,4.060849190,1.647948623
2026-07-28T18:47:19.097000+00:00,951.878536,open,rgb,-75.000,-80.000,0,700,,0.258806818,54.9543,4.065660477,4.061067581,1.647796750
2026-07-28T18:47:19.247642+00:00,952.029174,open,rgb,-75.000,-80.000,1,700,,0.258892045,54.9792,4.065542221,4.061067581,1.648137569
2026-07-28T18:47:19.398014+00:00,952.179553,open,rgb,-75.000,-80.000,2,700,,0.258892045,54.9886,4.065583229,4.061097622,1.648012519
2026-07-28T18:47:19.548353+00:00,952.329892,open,rgb,-75.000,-80.000,3,700,,0.258892045,55.0011,4.065658569,4.061209202,1.647949576
2026-07-28T18:47:19.698899+00:00,952.480432,open,rgb,-75.000,-80.000,4,700,,0.258892045,55.0136,4.065625191,4.061340809,1.647996187
2026-07-28T18:47:19.866414+00:00,952.647948,open,rgb,-75.000,-80.000,5,700,,0.258750000,55.0136,4.065649986,4.061363697,1.647805452
2026-07-28T18:47:20.016891+00:00,952.798431,open,rgb,-75.000,-80.000,6,700,,0.258778409,55.0229,4.065672874,4.061228752,1.647495389
2026-07-28T18:47:20.167259+00:00,952.948798,open,rgb,-75.000,-80.000,7,700,,0.258806818,55.0417,4.065571785,4.061147213,1.648102880
2026-07-28T18:47:20.317503+00:00,953.099039,open,rgb,-75.000,-80.000,8,700,,0.258892045,55.0636,4.065611839,4.061072350,1.647888303
2026-07-28T18:47:20.468015+00:00,953.249555,open,rgb,-75.000,-80.000,9,700,,0.258892045,55.0823,4.065608025,4.061249733,1.648052812
2026-07-28T18:47:20.618343+00:00,953.399882,open,rgb,-75.000,-80.000,10,700,,0.258863636,55.0917,4.065579891,4.061138630,1.647947311
2026-07-28T18:47:20.768723+00:00,953.550263,open,rgb,-75.000,-80.000,11,700,,0.258892045,55.1073,4.065622330,4.061158180,1.648037672
2026-07-28T18:47:20.919096+00:00,953.700636,open,rgb,-75.000,-80.000,12,700,,0.258948864,55.1199,4.065652847,4.061233997,1.647994995
2026-07-28T18:47:21.069451+00:00,953.850993,open,rgb,-75.000,-80.000,13,700,,0.258835227,55.1261,4.065586567,4.061127663,1.647836804
2026-07-28T18:47:21.219708+00:00,954.001249,open,rgb,-75.000,-80.000,14,700,,0.258892045,55.1418,4.065680027,4.061233521,1.648032784
2026-07-28T18:47:21.370128+00:00,954.151667,open,rgb,-75.000,-80.000,15,700,,0.258863636,55.1512,4.065618992,4.061216354,1.648107529
2026-07-28T18:47:21.520569+00:00,954.302106,open,rgb,-75.000,-80.000,16,700,,0.258892045,55.1668,4.065895081,4.061305523,1.647403121
2026-07-28T18:47:21.671305+00:00,954.452840,open,rgb,-75.000,-80.000,17,700,,0.258835227,55.1731,4.065577984,4.061235428,1.647526979
2026-07-28T18:47:21.821817+00:00,954.603355,open,rgb,-75.000,-80.000,18,700,,0.258920455,55.1888,4.065671921,4.061199188,1.648122430
2026-07-28T18:47:21.972290+00:00,954.753830,open,rgb,-75.000,-80.000,19,700,,0.258892045,55.2013,4.065736294,4.061277390,1.648073792
2026-07-28T18:47:24.327742+00:00,957.109278,open,rgb,-75.000,-75.000,0,700,,0.259005682,55.3394,4.065821648,4.061387539,1.648139238
2026-07-28T18:47:24.478254+00:00,957.259793,open,rgb,-75.000,-75.000,1,700,,0.258892045,55.3394,4.065837383,4.061262131,1.647957802
2026-07-28T18:47:24.628652+00:00,957.410193,open,rgb,-75.000,-75.000,2,700,,0.258892045,55.3426,4.065908432,4.061384201,1.648026943
2026-07-28T18:47:24.779092+00:00,957.560631,open,rgb,-75.000,-75.000,3,700,,0.258920455,55.3552,4.065810204,4.061389446,1.648225904
2026-07-28T18:47:24.929732+00:00,957.711270,open,rgb,-75.000,-75.000,4,700,,0.258863636,55.3583,4.065738201,4.061293125,1.647982955
2026-07-28T18:47:25.080208+00:00,957.861748,open,rgb,-75.000,-75.000,5,700,,0.258892045,55.3772,4.065902233,4.061396122,1.648113132
2026-07-28T18:47:25.230722+00:00,958.012262,open,rgb,-75.000,-75.000,6,700,,0.258948864,55.3866,4.065875530,4.061412334,1.648096800
2026-07-28T18:47:25.381207+00:00,958.162742,open,rgb,-75.000,-75.000,7,700,,0.258863636,55.3992,4.065987587,4.061414719,1.647860885
2026-07-28T18:47:25.531821+00:00,958.313360,open,rgb,-75.000,-75.000,8,700,,0.258835227,55.3992,4.065952301,4.061494827,1.647306442
2026-07-28T18:47:25.682213+00:00,958.463754,open,rgb,-75.000,-75.000,9,700,,0.258863636,55.4150,4.065843582,4.061321735,1.647780299
2026-07-28T18:47:25.832551+00:00,958.614091,open,rgb,-75.000,-75.000,10,700,,0.258920455,55.4307,4.066014290,4.061450481,1.648084521
2026-07-28T18:47:25.982906+00:00,958.764446,open,rgb,-75.000,-75.000,11,700,,0.258863636,55.4433,4.065930843,4.061423779,1.648176074
2026-07-28T18:47:26.133315+00:00,958.914856,open,rgb,-75.000,-75.000,12,700,,0.258892045,55.4496,4.066030502,4.061500072,1.647963166
2026-07-28T18:47:26.283503+00:00,959.065040,open,rgb,-75.000,-75.000,13,700,,0.258806818,55.4591,4.066044807,4.061533928,1.647955656
2026-07-28T18:47:26.433970+00:00,959.215510,open,rgb,-75.000,-75.000,14,700,,0.258835227,55.4622,4.066008568,4.061449051,1.647945642
2026-07-28T18:47:26.584403+00:00,959.365944,open,rgb,-75.000,-75.000,15,700,,0.258920455,55.4748,4.066130638,4.061420441,1.647870898
2026-07-28T18:47:26.734732+00:00,959.516272,open,rgb,-75.000,-75.000,16,700,,0.258892045,55.4906,4.066057682,4.061532974,1.648047924
2026-07-28T18:47:26.885106+00:00,959.666645,open,rgb,-75.000,-75.000,17,700,,0.258835227,55.4938,4.065901756,4.061381817,1.647974730
2026-07-28T18:47:27.035556+00:00,959.817095,open,rgb,-75.000,-75.000,18,700,,0.258948864,55.5064,4.065960884,4.061394215,1.648115754
2026-07-28T18:47:27.186058+00:00,959.967596,open,rgb,-75.000,-75.000,19,700,,0.258920455,55.5159,4.066010952,4.061437130,1.648239136
2026-07-28T18:47:29.541112+00:00,962.322648,open,rgb,-75.000,-70.000,0,700,,0.258863636,55.5759,4.065121651,4.060601234,1.647880197
2026-07-28T18:47:29.691421+00:00,962.472961,open,rgb,-75.000,-70.000,1,700,,0.258892045,55.5885,4.065234184,4.060688496,1.648089170
2026-07-28T18:47:29.841684+00:00,962.623224,open,rgb,-75.000,-70.000,2,700,,0.258863636,55.5885,4.065283775,4.060751438,1.647983670
2026-07-28T18:47:29.992034+00:00,962.773572,open,rgb,-75.000,-70.000,3,700,,0.258778409,55.5790,4.065123558,4.060624123,1.647676110
2026-07-28T18:47:30.142286+00:00,962.923826,open,rgb,-75.000,-70.000,4,700,,0.258920455,55.6075,4.065208912,4.060665131,1.648025990
2026-07-28T18:47:30.292545+00:00,963.074085,open,rgb,-75.000,-70.000,5,700,,0.258920455,55.6106,4.065180779,4.060667992,1.647982478
2026-07-28T18:47:30.442834+00:00,963.224372,open,rgb,-75.000,-70.000,6,700,,0.258920455,55.6264,4.065284729,4.060652733,1.647860885
2026-07-28T18:47:30.593112+00:00,963.374653,open,rgb,-75.000,-70.000,7,700,,0.258892045,55.6391,4.065161705,4.060652733,1.648113132
2026-07-28T18:47:30.743409+00:00,963.524949,open,rgb,-75.000,-70.000,8,700,,0.258863636,55.6423,4.065180779,4.060662270,1.647957087
2026-07-28T18:47:30.893569+00:00,963.675109,open,rgb,-75.000,-70.000,9,700,,0.258920455,55.6518,4.065289974,4.060793877,1.647897482
2026-07-28T18:47:31.043771+00:00,963.825310,open,rgb,-75.000,-70.000,10,700,,0.258835227,55.6486,4.065271378,4.060720921,1.647377968
2026-07-28T18:47:31.193987+00:00,963.975527,open,rgb,-75.000,-70.000,11,700,,0.258863636,55.6518,4.065183640,4.060611725,1.648005009
2026-07-28T18:47:31.344471+00:00,964.126007,open,rgb,-75.000,-70.000,12,700,,0.258948864,55.6486,4.065283775,4.060712337,1.648168802
2026-07-28T18:47:31.494744+00:00,964.276283,open,rgb,-75.000,-70.000,13,700,,0.258892045,55.6328,4.065471649,4.060935497,1.648070931
2026-07-28T18:47:31.644940+00:00,964.426480,open,rgb,-75.000,-70.000,14,700,,0.258920455,55.6233,4.065583229,4.060988903,1.647992730
2026-07-28T18:47:31.795076+00:00,964.576616,open,rgb,-75.000,-70.000,15,700,,0.258806818,55.6328,4.065538406,4.061073780,1.648053527
2026-07-28T18:47:31.945288+00:00,964.726829,open,rgb,-75.000,-70.000,16,700,,0.258863636,55.6359,4.065444469,4.060915470,1.647853374
2026-07-28T18:47:32.095576+00:00,964.877117,open,rgb,-75.000,-70.000,17,700,,0.258835227,55.6486,4.065595627,4.060995102,1.648057222
2026-07-28T18:47:32.245831+00:00,965.027368,open,rgb,-75.000,-70.000,18,700,,0.258778409,55.6423,4.065541267,4.061047554,1.648045540
2026-07-28T18:47:32.396123+00:00,965.177661,open,rgb,-75.000,-70.000,19,700,,0.258750000,55.6423,4.065299511,4.060721874,1.647860646
2026-07-28T18:47:34.751218+00:00,967.532754,open,rgb,-75.000,-65.000,0,700,,0.258892045,55.7468,4.067390442,4.062758446,1.647983670
2026-07-28T18:47:34.901804+00:00,967.683343,open,rgb,-75.000,-65.000,1,700,,0.258863636,55.7468,4.067330360,4.062682152,1.648066759
2026-07-28T18:47:35.052105+00:00,967.833645,open,rgb,-75.000,-65.000,2,700,,0.258863636,55.7627,4.067349434,4.062660217,1.647849202
2026-07-28T18:47:35.206320+00:00,967.987858,open,rgb,-75.000,-65.000,3,700,,0.258920455,55.7722,4.067438602,4.062812328,1.647941232
2026-07-28T18:47:35.356940+00:00,968.138475,open,rgb,-75.000,-65.000,4,700,,0.258806818,55.7754,4.067357063,4.062717915,1.647921681
2026-07-28T18:47:35.507429+00:00,968.288969,open,rgb,-75.000,-65.000,5,700,,0.258920455,55.7817,4.067397594,4.062772274,1.647949815
2026-07-28T18:47:35.657791+00:00,968.439331,open,rgb,-75.000,-65.000,6,700,,0.258920455,55.7849,4.067313194,4.062701702,1.648116827
2026-07-28T18:47:35.808198+00:00,968.589739,open,rgb,-75.000,-65.000,7,700,,0.258920455,55.7849,4.067284584,4.062633991,1.647931933
2026-07-28T18:47:35.958598+00:00,968.740138,open,rgb,-75.000,-65.000,8,700,,0.258892045,55.8007,4.067381859,4.062817097,1.648042083
2026-07-28T18:47:36.108998+00:00,968.890537,open,rgb,-75.000,-65.000,9,700,,0.258892045,55.8039,4.067336082,4.062721252,1.648118019
2026-07-28T18:47:36.259341+00:00,969.040878,open,rgb,-75.000,-65.000,10,700,,0.258835227,55.8039,4.067336082,4.062596321,1.647973657
2026-07-28T18:47:36.409733+00:00,969.191273,open,rgb,-75.000,-65.000,11,700,,0.258892045,55.8198,4.067585945,4.062898636,1.648135304
2026-07-28T18:47:36.560071+00:00,969.341610,open,rgb,-75.000,-65.000,12,700,,0.258806818,55.8134,4.067605972,4.062836647,1.647582054
2026-07-28T18:47:36.710398+00:00,969.491939,open,rgb,-75.000,-65.000,13,700,,0.258892045,55.8262,4.067562103,4.062975883,1.648115277
2026-07-28T18:47:36.860726+00:00,969.642267,open,rgb,-75.000,-65.000,14,700,,0.258863636,55.8134,4.067631245,4.062993050,1.648064494
2026-07-28T18:47:37.011084+00:00,969.792624,open,rgb,-75.000,-65.000,15,700,,0.258778409,55.8039,4.067554474,4.062911034,1.647925377
2026-07-28T18:47:37.161454+00:00,969.942994,open,rgb,-75.000,-65.000,16,700,,0.258806818,55.8166,4.067633629,4.063047409,1.647984743
2026-07-28T18:47:37.312067+00:00,970.093602,open,rgb,-75.000,-65.000,17,700,,0.258721591,55.8166,4.067625523,4.063048363,1.648054242
2026-07-28T18:47:37.462608+00:00,970.244147,open,rgb,-75.000,-65.000,18,700,,0.258835227,55.8293,4.067668915,4.062971115,1.647936344
2026-07-28T18:47:37.612970+00:00,970.394511,open,rgb,-75.000,-65.000,19,700,,0.258806818,55.8357,4.067707539,4.063066483,1.648049116
2026-07-28T18:47:39.968317+00:00,972.749853,open,rgb,-75.000,-60.000,0,700,,0.258892045,55.8325,4.069012642,4.064193726,1.648054004
2026-07-28T18:47:40.118823+00:00,972.900362,open,rgb,-75.000,-60.000,1,700,,0.258863636,55.8389,4.069092274,4.064142227,1.647896051
2026-07-28T18:47:40.269365+00:00,973.050901,open,rgb,-75.000,-60.000,2,700,,0.258863636,55.8516,4.069075584,4.064239502,1.647942185
2026-07-28T18:47:40.420031+00:00,973.201566,open,rgb,-75.000,-60.000,3,700,,0.258863636,55.8357,4.069074631,4.064239979,1.647787690
2026-07-28T18:47:40.570410+00:00,973.351949,open,rgb,-75.000,-60.000,4,700,,0.258863636,55.8166,4.069203854,4.064337254,1.647767901
2026-07-28T18:47:40.720605+00:00,973.502146,open,rgb,-75.000,-60.000,5,700,,0.258806818,55.8230,4.069094181,4.064271927,1.648018837
2026-07-28T18:47:40.870813+00:00,973.652353,open,rgb,-75.000,-60.000,6,700,,0.258863636,55.8357,4.069062710,4.064212322,1.647778392
2026-07-28T18:47:41.020942+00:00,973.802482,open,rgb,-75.000,-60.000,7,700,,0.258863636,55.8516,4.069104671,4.064299583,1.647897005
2026-07-28T18:47:41.171189+00:00,973.952729,open,rgb,-75.000,-60.000,8,700,,0.258778409,55.8389,4.069056511,4.064231873,1.647949338
2026-07-28T18:47:41.321458+00:00,974.102998,open,rgb,-75.000,-60.000,9,700,,0.258835227,55.8452,4.069131851,4.064052105,1.647728324
2026-07-28T18:47:41.471678+00:00,974.253219,open,rgb,-75.000,-60.000,10,700,,0.258892045,55.8548,4.068971157,4.064148903,1.648125052
2026-07-28T18:47:41.621820+00:00,974.403361,open,rgb,-75.000,-60.000,11,700,,0.258948864,55.8484,4.069007397,4.064176559,1.647988319
2026-07-28T18:47:41.771983+00:00,974.553524,open,rgb,-75.000,-60.000,12,700,,0.258892045,55.8357,4.069067955,4.064285278,1.647981524
2026-07-28T18:47:41.922146+00:00,974.703686,open,rgb,-75.000,-60.000,13,700,,0.258835227,55.8389,4.069046974,4.064296246,1.648094296
2026-07-28T18:47:42.072444+00:00,974.853985,open,rgb,-75.000,-60.000,14,700,,0.258892045,55.8230,4.069156647,4.064352989,1.647687793
2026-07-28T18:47:42.222674+00:00,975.004214,open,rgb,-75.000,-60.000,15,700,,0.258892045,55.8262,4.069084644,4.064257622,1.647969842
2026-07-28T18:47:42.372900+00:00,975.154440,open,rgb,-75.000,-60.000,16,700,,0.258892045,55.8293,4.069069862,4.064373016,1.647950768
2026-07-28T18:47:42.523095+00:00,975.304635,open,rgb,-75.000,-60.000,17,700,,0.258863636,55.8420,4.069436550,4.064488888,1.647793770
2026-07-28T18:47:42.673285+00:00,975.454825,open,rgb,-75.000,-60.000,18,700,,0.258778409,55.8484,4.069310188,4.064506531,1.647932172
2026-07-28T18:47:42.823438+00:00,975.604977,open,rgb,-75.000,-60.000,19,700,,0.258750000,55.8548,4.069337368,4.064537048,1.647842884
2026-07-28T18:47:45.178405+00:00,977.959940,open,rgb,-75.000,-55.000,0,700,,0.258835227,55.9184,4.069769859,4.064530849,1.647876263
2026-07-28T18:47:45.334178+00:00,978.115711,open,rgb,-75.000,-55.000,1,700,,0.258835227,55.9152,4.069754601,4.064318657,1.647913694
2026-07-28T18:47:45.484486+00:00,978.266020,open,rgb,-75.000,-55.000,2,700,,0.258863636,55.9311,4.069501877,4.064319611,1.647565246
2026-07-28T18:47:45.634823+00:00,978.416362,open,rgb,-75.000,-55.000,3,700,,0.258920455,55.9279,4.069512367,4.064386845,1.648050904
2026-07-28T18:47:45.785013+00:00,978.566554,open,rgb,-75.000,-55.000,4,700,,0.258835227,55.9247,4.069529057,4.064421177,1.648010612
2026-07-28T18:47:45.935166+00:00,978.716706,open,rgb,-75.000,-55.000,5,700,,0.258920455,55.9184,4.069449902,4.064358711,1.647782564
2026-07-28T18:47:46.085300+00:00,978.866840,open,rgb,-75.000,-55.000,6,700,,0.258835227,55.9279,4.069531441,4.064382553,1.647936344
2026-07-28T18:47:46.235528+00:00,979.017068,open,rgb,-75.000,-55.000,7,700,,0.258892045,55.9216,4.069486141,4.064373016,1.647992015
2026-07-28T18:47:46.385633+00:00,979.167171,open,rgb,-75.000,-55.000,8,700,,0.258892045,55.9025,4.069644451,4.064319134,1.647903919
2026-07-28T18:47:46.535941+00:00,979.317480,open,rgb,-75.000,-55.000,9,700,,0.258863636,55.9056,4.069500446,4.064360142,1.648051858
2026-07-28T18:47:46.686120+00:00,979.467660,open,rgb,-75.000,-55.000,10,700,,0.258806818,55.8866,4.069464684,4.064284801,1.647848964
2026-07-28T18:47:46.836304+00:00,979.617844,open,rgb,-75.000,-55.000,11,700,,0.258948864,55.8866,4.069559574,4.064379215,1.648017406
2026-07-28T18:47:46.986463+00:00,979.768004,open,rgb,-75.000,-55.000,12,700,,0.258863636,55.8866,4.069461823,4.064269543,1.648098469
2026-07-28T18:47:47.136661+00:00,979.918203,open,rgb,-75.000,-55.000,13,700,,0.258948864,55.8770,4.069487572,4.064271927,1.647841334
2026-07-28T18:47:47.286833+00:00,980.068371,open,rgb,-75.000,-55.000,14,700,,0.258892045,55.8675,4.069591522,4.064410686,1.647892714
2026-07-28T18:47:47.437004+00:00,980.218543,open,rgb,-75.000,-55.000,15,700,,0.258863636,55.8675,4.069519520,4.064341545,1.647874594
2026-07-28T18:47:47.587364+00:00,980.368901,open,rgb,-75.000,-55.000,16,700,,0.258892045,55.8770,4.069809437,4.064518929,1.647836447
2026-07-28T18:47:47.737609+00:00,980.519150,open,rgb,-75.000,-55.000,17,700,,0.258863636,55.8929,4.069497108,4.064313889,1.648108959
2026-07-28T18:47:47.887809+00:00,980.669350,open,rgb,-75.000,-55.000,18,700,,0.258920455,55.9120,4.069439411,4.064248085,1.647841096
2026-07-28T18:47:48.038051+00:00,980.819590,open,rgb,-75.000,-55.000,19,700,,0.258920455,55.8897,4.069559574,4.064388752,1.648028612
2026-07-28T18:47:50.392969+00:00,983.174504,open,rgb,-75.000,-50.000,0,700,,0.258920455,56.0299,4.070187092,4.064496994,1.647683382
2026-07-28T18:47:50.544026+00:00,983.325561,open,rgb,-75.000,-50.000,1,700,,0.258863636,56.0267,4.069875240,4.064366817,1.647841334
2026-07-28T18:47:50.694658+00:00,983.476196,open,rgb,-75.000,-50.000,2,700,,0.258892045,56.0331,4.069910049,4.064442635,1.648096800
2026-07-28T18:47:50.845086+00:00,983.626625,open,rgb,-75.000,-50.000,3,700,,0.258920455,56.0363,4.069918633,4.064475060,1.647984743
2026-07-28T18:47:50.995584+00:00,983.777124,open,rgb,-75.000,-50.000,4,700,,0.258948864,56.0267,4.069959641,4.064406395,1.647716165
2026-07-28T18:47:51.146031+00:00,983.927572,open,rgb,-75.000,-50.000,5,700,,0.258892045,56.0299,4.069958210,4.064466000,1.648059607
2026-07-28T18:47:51.296456+00:00,984.077996,open,rgb,-75.000,-50.000,6,700,,0.258863636,56.0363,4.069892883,4.064407825,1.648055196
2026-07-28T18:47:51.446862+00:00,984.228402,open,rgb,-75.000,-50.000,7,700,,0.258920455,56.0427,4.069997787,4.064473629,1.647983432
2026-07-28T18:47:51.597193+00:00,984.378733,open,rgb,-75.000,-50.000,8,700,,0.258948864,56.0395,4.070007324,4.064515114,1.647999644
2026-07-28T18:47:51.747563+00:00,984.529104,open,rgb,-75.000,-50.000,9,700,,0.258920455,56.0331,4.069891453,4.064417362,1.647792578
2026-07-28T18:47:51.897952+00:00,984.679493,open,rgb,-75.000,-50.000,10,700,,0.258863636,56.0331,4.070009708,4.064489365,1.648011804
2026-07-28T18:47:52.048313+00:00,984.829853,open,rgb,-75.000,-50.000,11,700,,0.258920455,56.0299,4.069962502,4.064433575,1.648107052
2026-07-28T18:47:52.198670+00:00,984.980210,open,rgb,-75.000,-50.000,12,700,,0.258948864,56.0203,4.069970131,4.064421654,1.647994161
2026-07-28T18:47:52.349143+00:00,985.130682,open,rgb,-75.000,-50.000,13,700,,0.259005682,56.0140,4.070016861,4.064528465,1.648053527
2026-07-28T18:47:52.499554+00:00,985.281094,open,rgb,-75.000,-50.000,14,700,,0.258948864,56.0076,4.070005894,4.064522266,1.647877574
2026-07-28T18:47:52.649991+00:00,985.431531,open,rgb,-75.000,-50.000,15,700,,0.258948864,56.0203,4.070251465,4.064787865,1.647918105
2026-07-28T18:47:52.800397+00:00,985.581937,open,rgb,-75.000,-50.000,16,700,,0.258806818,56.0299,4.070202827,4.064669609,1.648142457
2026-07-28T18:47:52.950720+00:00,985.732255,open,rgb,-75.000,-50.000,17,700,,0.258835227,56.0395,4.070167065,4.064746857,1.647958279
2026-07-28T18:47:53.101492+00:00,985.883027,open,rgb,-75.000,-50.000,18,700,,0.258892045,56.0523,4.070527554,4.064937115,1.647515893
2026-07-28T18:47:53.251996+00:00,986.033534,open,rgb,-75.000,-50.000,19,700,,0.258778409,56.0523,4.070104122,4.064635277,1.648030400
2026-07-28T18:47:55.607131+00:00,988.388667,open,rgb,-75.000,-45.000,0,700,,0.258892045,56.1385,4.070310116,4.064767838,1.648005009
2026-07-28T18:47:55.757806+00:00,988.539344,open,rgb,-75.000,-45.000,1,700,,0.258863636,56.1417,4.070419788,4.064884663,1.647992969
2026-07-28T18:47:55.908347+00:00,988.689886,open,rgb,-75.000,-45.000,2,700,,0.258892045,56.1193,4.070497036,4.064984798,1.648018360
2026-07-28T18:47:56.058695+00:00,988.840235,open,rgb,-75.000,-45.000,3,700,,0.258892045,56.1097,4.070345879,4.064743996,1.647988796
2026-07-28T18:47:56.208994+00:00,988.990534,open,rgb,-75.000,-45.000,4,700,,0.258948864,56.1161,4.070384979,4.064901352,1.648058653
2026-07-28T18:47:56.359440+00:00,989.140976,open,rgb,-75.000,-45.000,5,700,,0.258863636,56.1129,4.070281982,4.064693928,1.647947311
2026-07-28T18:47:56.509917+00:00,989.291456,open,rgb,-75.000,-45.000,6,700,,0.258977273,56.1257,4.070425987,4.064864159,1.647965670
2026-07-28T18:47:56.660298+00:00,989.441838,open,rgb,-75.000,-45.000,7,700,,0.258920455,56.1129,4.070453167,4.064954758,1.647878051
2026-07-28T18:47:56.810706+00:00,989.592246,open,rgb,-75.000,-45.000,8,700,,0.258892045,56.1066,4.070348263,4.064757347,1.647636294
2026-07-28T18:47:56.960999+00:00,989.742540,open,rgb,-75.000,-45.000,9,700,,0.258920455,56.1225,4.070379734,4.064872742,1.648064494
2026-07-28T18:47:57.111290+00:00,989.892832,open,rgb,-75.000,-45.000,10,700,,0.258948864,56.1257,4.070359707,4.064820290,1.648053765
2026-07-28T18:47:57.261611+00:00,990.043151,open,rgb,-75.000,-45.000,11,700,,0.258892045,56.1385,4.070467472,4.064724922,1.647933960
2026-07-28T18:47:57.411995+00:00,990.193535,open,rgb,-75.000,-45.000,12,700,,0.258948864,56.1545,4.070315838,4.064770699,1.648183465
2026-07-28T18:47:57.562340+00:00,990.343881,open,rgb,-75.000,-45.000,13,700,,0.258977273,56.1577,4.070613861,4.065039635,1.648051143
2026-07-28T18:47:57.712786+00:00,990.494327,open,rgb,-75.000,-45.000,14,700,,0.258892045,56.1577,4.070660591,4.065087318,1.647972941
2026-07-28T18:47:57.863225+00:00,990.644765,open,rgb,-75.000,-45.000,15,700,,0.258863636,56.1641,4.070614815,4.065077782,1.648139715
2026-07-28T18:47:58.013546+00:00,990.795085,open,rgb,-75.000,-45.000,16,700,,0.258863636,56.1705,4.070566654,4.065054417,1.648015261
2026-07-28T18:47:58.163749+00:00,990.945289,open,rgb,-75.000,-45.000,17,700,,0.258863636,56.1769,4.070703506,4.065159321,1.647986412
2026-07-28T18:47:58.313970+00:00,991.095508,open,rgb,-75.000,-45.000,18,700,,0.258835227,56.1737,4.070601940,4.065005302,1.648159981
2026-07-28T18:47:58.464326+00:00,991.245867,open,rgb,-75.000,-45.000,19,700,,0.258863636,56.1705,4.070638657,4.065026283,1.648027897
2026-07-28T18:48:00.819465+00:00,993.601002,open,rgb,-75.000,-40.000,0,700,,0.259005682,56.1577,4.070771217,4.065481186,1.648015261
2026-07-28T18:48:00.970187+00:00,993.751724,open,rgb,-75.000,-40.000,1,700,,0.258892045,56.1449,4.070727825,4.065375328,1.647981048
2026-07-28T18:48:01.120576+00:00,993.902116,open,rgb,-75.000,-40.000,2,700,,0.258948864,56.1513,4.070746422,4.065298080,1.647929549
2026-07-28T18:48:01.271143+00:00,994.052678,open,rgb,-75.000,-40.000,3,700,,0.259005682,56.1641,4.070675850,4.065409660,1.648065209
2026-07-28T18:48:01.421636+00:00,994.203176,open,rgb,-75.000,-40.000,4,700,,0.258920455,56.1641,4.070857048,4.065583229,1.647851586
2026-07-28T18:48:01.572042+00:00,994.353581,open,rgb,-75.000,-40.000,5,700,,0.258863636,56.1641,4.070813179,4.065475941,1.647880912
2026-07-28T18:48:01.722423+00:00,994.503961,open,rgb,-75.000,-40.000,6,700,,0.258977273,56.1833,4.070716381,4.065410614,1.648092866
2026-07-28T18:48:01.872658+00:00,994.654199,open,rgb,-75.000,-40.000,7,700,,0.258977273,56.1801,4.070606232,4.065297127,1.647972941
2026-07-28T18:48:02.022910+00:00,994.804450,open,rgb,-75.000,-40.000,8,700,,0.258977273,56.1897,4.070686340,4.065378666,1.648085475
2026-07-28T18:48:02.173035+00:00,994.954575,open,rgb,-75.000,-40.000,9,700,,0.258977273,56.1961,4.070671558,4.065421104,1.648102164
2026-07-28T18:48:02.323350+00:00,995.104887,open,rgb,-75.000,-40.000,10,700,,0.258977273,56.2025,4.070809841,4.065423965,1.647925377
2026-07-28T18:48:02.473583+00:00,995.255121,open,rgb,-75.000,-40.000,11,700,,0.259005682,56.2121,4.070729733,4.065395832,1.648125768
2026-07-28T18:48:02.623886+00:00,995.405425,open,rgb,-75.000,-40.000,12,700,,0.258948864,56.2025,4.070730686,4.065442085,1.647906780
2026-07-28T18:48:02.774259+00:00,995.555799,open,rgb,-75.000,-40.000,13,700,,0.258948864,56.2089,4.070770264,4.065504551,1.647995472
2026-07-28T18:48:02.924598+00:00,995.706139,open,rgb,-75.000,-40.000,14,700,,0.258977273,56.2185,4.070678234,4.065362930,1.648280382
2026-07-28T18:48:03.074988+00:00,995.856530,open,rgb,-75.000,-40.000,15,700,,0.259034091,56.2153,4.070674896,4.065353394,1.648050666
2026-07-28T18:48:03.225309+00:00,996.006850,open,rgb,-75.000,-40.000,16,700,,0.259005682,56.2057,4.070776939,4.065421581,1.648153186
2026-07-28T18:48:03.375707+00:00,996.157247,open,rgb,-75.000,-40.000,17,700,,0.259005682,56.1929,4.070798874,4.065490246,1.648026943
2026-07-28T18:48:03.526118+00:00,996.307657,open,rgb,-75.000,-40.000,18,700,,0.258977273,56.1961,4.070847511,4.065402031,1.647880673
2026-07-28T18:48:03.676611+00:00,996.458148,open,rgb,-75.000,-40.000,19,700,,0.258977273,56.2057,4.070708275,4.065421104,1.648022532
2026-07-28T18:48:06.032001+00:00,998.813537,open,rgb,-75.000,-35.000,0,700,,0.259005682,56.1929,4.070802689,4.065573215,1.648036480
2026-07-28T18:48:06.182763+00:00,998.964300,open,rgb,-75.000,-35.000,1,700,,0.258920455,56.2089,4.070943832,4.065608025,1.647940755
2026-07-28T18:48:06.333265+00:00,999.114801,open,rgb,-75.000,-35.000,2,700,,0.258977273,56.2185,4.070934772,4.065607071,1.648146510
2026-07-28T18:48:06.483745+00:00,999.265283,open,rgb,-75.000,-35.000,3,700,,0.259034091,56.2153,4.070860863,4.065608025,1.647939563
2026-07-28T18:48:06.634100+00:00,999.415641,open,rgb,-75.000,-35.000,4,700,,0.258977273,56.2185,4.070996761,4.065689564,1.648062110
2026-07-28T18:48:06.784413+00:00,999.565953,open,rgb,-75.000,-35.000,5,700,,0.259005682,56.2121,4.070928574,4.065636635,1.648094296
2026-07-28T18:48:06.934864+00:00,999.716404,open,rgb,-75.000,-35.000,6,700,,0.259005682,56.2185,4.071013451,4.065810204,1.647849441
2026-07-28T18:48:07.085201+00:00,999.866742,open,rgb,-75.000,-35.000,7,700,,0.258920455,56.2121,4.070918083,4.065687656,1.647724986
2026-07-28T18:48:07.235554+00:00,1000.017095,open,rgb,-75.000,-35.000,8,700,,0.258948864,56.2217,4.070987701,4.065659046,1.647943497
2026-07-28T18:48:07.386088+00:00,1000.167626,open,rgb,-75.000,-35.000,9,700,,0.258920455,56.2185,4.071022987,4.065701485,1.647887588
2026-07-28T18:48:07.536552+00:00,1000.318092,open,rgb,-75.000,-35.000,10,700,,0.258977273,56.2217,4.071108341,4.065803528,1.648153186
2026-07-28T18:48:07.686892+00:00,1000.468432,open,rgb,-75.000,-35.000,11,700,,0.258920455,56.2121,4.071082592,4.065846920,1.647967339
2026-07-28T18:48:07.837284+00:00,1000.618824,open,rgb,-75.000,-35.000,12,700,,0.258948864,56.2185,4.071148396,4.065855026,1.648008108
2026-07-28T18:48:07.987722+00:00,1000.769262,open,rgb,-75.000,-35.000,13,700,,0.258920455,56.2153,4.071041584,4.065759659,1.648297429
2026-07-28T18:48:08.138043+00:00,1000.919584,open,rgb,-75.000,-35.000,14,700,,0.258948864,56.2249,4.071049213,4.065791130,1.648060679
2026-07-28T18:48:08.288515+00:00,1001.070054,open,rgb,-75.000,-35.000,15,700,,0.258920455,56.2282,4.071137428,4.065969467,1.648007870
2026-07-28T18:48:08.438965+00:00,1001.220502,open,rgb,-75.000,-35.000,16,700,,0.258920455,56.2121,4.070877552,4.065639019,1.647944927
2026-07-28T18:48:08.589491+00:00,1001.371030,open,rgb,-75.000,-35.000,17,700,,0.258948864,56.2314,4.071012020,4.065721512,1.647983193
2026-07-28T18:48:08.739884+00:00,1001.521424,open,rgb,-75.000,-35.000,18,700,,0.258948864,56.2249,4.070936203,4.065753937,1.648061872
2026-07-28T18:48:08.890232+00:00,1001.671771,open,rgb,-75.000,-35.000,19,700,,0.258920455,56.2153,4.070870399,4.065607548,1.647873878
2026-07-28T18:48:11.245046+00:00,1004.026583,open,rgb,-75.000,-30.000,0,700,,0.259034091,56.1897,4.071043015,4.065717697,1.647967815
2026-07-28T18:48:11.395503+00:00,1004.177042,open,rgb,-75.000,-30.000,1,700,,0.259034091,56.1705,4.070996761,4.065635681,1.648160219
2026-07-28T18:48:11.545773+00:00,1004.327312,open,rgb,-75.000,-30.000,2,700,,0.259005682,56.1577,4.070821285,4.065533161,1.647945642
2026-07-28T18:48:11.696037+00:00,1004.477578,open,rgb,-75.000,-30.000,3,700,,0.259034091,56.1737,4.070937634,4.065574169,1.648153663
2026-07-28T18:48:11.846249+00:00,1004.627790,open,rgb,-75.000,-30.000,4,700,,0.258920455,56.1673,4.070879936,4.065557003,1.648124814
2026-07-28T18:48:11.996458+00:00,1004.777999,open,rgb,-75.000,-30.000,5,700,,0.259005682,56.1609,4.071002960,4.065554619,1.647962213
2026-07-28T18:48:12.146691+00:00,1004.928232,open,rgb,-75.000,-30.000,6,700,,0.259005682,56.1513,4.070906639,4.065588951,1.648155093
2026-07-28T18:48:12.296891+00:00,1005.078430,open,rgb,-75.000,-30.000,7,700,,0.258977273,56.1449,4.070862293,4.065521240,1.648106813
2026-07-28T18:48:12.447092+00:00,1005.228634,open,rgb,-75.000,-30.000,8,700,,0.259005682,56.1481,4.071191788,4.065976620,1.648085713
2026-07-28T18:48:12.597246+00:00,1005.378786,open,rgb,-75.000,-30.000,9,700,,0.258863636,56.0938,4.071034908,4.065757751,1.647542119
2026-07-28T18:48:12.747439+00:00,1005.528980,open,rgb,-75.000,-30.000,10,700,,0.258920455,56.0682,4.071067333,4.065746784,1.648051381
2026-07-28T18:48:12.897555+00:00,1005.679096,open,rgb,-75.000,-30.000,11,700,,0.258920455,56.0363,4.071093559,4.065783501,1.648101687
2026-07-28T18:48:13.047756+00:00,1005.829297,open,rgb,-75.000,-30.000,12,700,,0.258948864,56.0140,4.071084023,4.065751553,1.648146033
2026-07-28T18:48:13.197900+00:00,1005.979440,open,rgb,-75.000,-30.000,13,700,,0.258948864,55.9630,4.071128845,4.065684319,1.648058891
2026-07-28T18:48:13.348230+00:00,1006.129765,open,rgb,-75.000,-30.000,14,700,,0.259005682,55.9184,4.071090221,4.065750122,1.648137808
2026-07-28T18:48:13.498705+00:00,1006.280241,open,rgb,-75.000,-30.000,15,700,,0.258977273,55.9025,4.071091652,4.065544128,1.648027897
2026-07-28T18:48:13.649107+00:00,1006.430647,open,rgb,-75.000,-30.000,16,700,,0.258948864,55.8993,4.070977688,4.065642357,1.647993922
2026-07-28T18:48:13.799342+00:00,1006.580883,open,rgb,-75.000,-30.000,17,700,,0.259005682,55.8929,4.070846558,4.065569878,1.648260593
2026-07-28T18:48:13.949565+00:00,1006.731104,open,rgb,-75.000,-30.000,18,700,,0.259062500,55.8961,4.070899963,4.065565586,1.648103118
2026-07-28T18:48:14.099820+00:00,1006.881360,open,rgb,-75.000,-30.000,19,700,,0.259005682,55.8993,4.070971966,4.065629959,1.648028612
2026-07-28T18:48:16.454932+00:00,1009.236467,open,rgb,-75.000,-25.000,0,700,,0.258948864,56.0746,4.070827007,4.065509319,1.648163438
2026-07-28T18:48:16.605637+00:00,1009.387174,open,rgb,-75.000,-25.000,1,700,,0.258948864,56.0714,4.070778370,4.065411568,1.647953391
2026-07-28T18:48:16.756042+00:00,1009.537582,open,rgb,-75.000,-25.000,2,700,,0.259005682,56.0650,4.070875645,4.065585613,1.648071408
2026-07-28T18:48:16.906095+00:00,1009.687630,open,rgb,-75.000,-25.000,3,700,,0.259034091,56.0554,4.070888996,4.065620422,1.647943974
2026-07-28T18:48:17.056476+00:00,1009.838014,open,rgb,-75.000,-25.000,4,700,,0.258892045,55.9789,4.070956707,4.065590382,1.647801399
2026-07-28T18:48:17.206839+00:00,1009.988377,open,rgb,-75.000,-25.000,5,700,,0.258920455,55.9725,4.070923805,4.065655231,1.647917271
2026-07-28T18:48:17.357346+00:00,1010.138885,open,rgb,-75.000,-25.000,6,700,,0.258920455,55.9757,4.070758820,4.065496445,1.647763014
2026-07-28T18:48:17.507777+00:00,1010.289317,open,rgb,-75.000,-25.000,7,700,,0.258948864,55.9916,4.070809841,4.065555573,1.647992492
2026-07-28T18:48:17.658167+00:00,1010.439705,open,rgb,-75.000,-25.000,8,700,,0.258948864,55.9980,4.070828438,4.065568924,1.647977114
2026-07-28T18:48:17.808555+00:00,1010.590094,open,rgb,-75.000,-25.000,9,700,,0.258977273,55.9853,4.070712090,4.065416336,1.647837520
2026-07-28T18:48:17.958899+00:00,1010.740440,open,rgb,-75.000,-25.000,10,700,,0.259005682,55.9757,4.070806980,4.065607071,1.648116589
2026-07-28T18:48:18.109172+00:00,1010.890713,open,rgb,-75.000,-25.000,11,700,,0.258920455,55.9661,4.070772171,4.065436840,1.647390008
2026-07-28T18:48:18.259555+00:00,1011.041093,open,rgb,-75.000,-25.000,12,700,,0.259034091,55.9757,4.070775986,4.065487385,1.648122430
2026-07-28T18:48:18.410053+00:00,1011.191590,open,rgb,-75.000,-25.000,13,700,,0.258977273,55.9916,4.070793152,4.065523624,1.648202419
2026-07-28T18:48:18.560509+00:00,1011.342048,open,rgb,-75.000,-25.000,14,700,,0.258977273,56.0044,4.070743084,4.065475941,1.648087025
2026-07-28T18:48:18.710827+00:00,1011.492368,open,rgb,-75.000,-25.000,15,700,,0.258977273,56.0235,4.070821285,4.065565109,1.648105502
2026-07-28T18:48:18.861161+00:00,1011.642701,open,rgb,-75.000,-25.000,16,700,,0.258977273,56.0395,4.070863724,4.065624237,1.648094535
2026-07-28T18:48:19.011579+00:00,1011.793117,open,rgb,-75.000,-25.000,17,700,,0.259005682,56.0459,4.070830345,4.065506935,1.647819161
2026-07-28T18:48:19.161992+00:00,1011.943533,open,rgb,-75.000,-25.000,18,700,,0.258948864,56.0299,4.070833206,4.065589905,1.648054957
2026-07-28T18:48:19.312511+00:00,1012.094045,open,rgb,-75.000,-25.000,19,700,,0.258977273,56.0331,4.070811749,4.065522671,1.648066044
2026-07-28T18:48:21.667915+00:00,1014.449449,open,rgb,-75.000,-20.000,0,700,,0.259005682,55.9470,4.070803642,4.065329552,1.647831321
2026-07-28T18:48:21.818603+00:00,1014.600141,open,rgb,-75.000,-20.000,1,700,,0.259005682,55.9438,4.070861816,4.065395832,1.648006439
2026-07-28T18:48:21.969052+00:00,1014.750591,open,rgb,-75.000,-20.000,2,700,,0.259005682,55.9407,4.070784569,4.065335751,1.648026466
2026-07-28T18:48:22.119438+00:00,1014.900978,open,rgb,-75.000,-20.000,3,700,,0.259005682,55.9598,4.070888519,4.065411568,1.648017406
2026-07-28T18:48:22.269803+00:00,1015.051341,open,rgb,-75.000,-20.000,4,700,,0.259005682,55.9630,4.070783615,4.065357208,1.648189545
2026-07-28T18:48:22.420117+00:00,1015.201656,open,rgb,-75.000,-20.000,5,700,,0.259005682,55.9279,4.070773125,4.065551281,1.648054719
2026-07-28T18:48:22.570307+00:00,1015.351849,open,rgb,-75.000,-20.000,6,700,,0.258920455,55.8738,4.071046829,4.065651417,1.648047209
2026-07-28T18:48:22.720669+00:00,1015.502210,open,rgb,-75.000,-20.000,7,700,,0.258892045,55.8484,4.071056366,4.065681934,1.648058653
2026-07-28T18:48:22.870884+00:00,1015.652425,open,rgb,-75.000,-20.000,8,700,,0.258920455,55.8707,4.071106911,4.065611839,1.647965431
2026-07-28T18:48:23.021014+00:00,1015.802556,open,rgb,-75.000,-20.000,9,700,,0.258948864,55.8961,4.071059704,4.065604687,1.648084044
2026-07-28T18:48:23.171160+00:00,1015.952701,open,rgb,-75.000,-20.000,10,700,,0.258920455,55.9184,4.071037769,4.065639496,1.648001075
2026-07-28T18:48:23.321439+00:00,1016.102945,open,rgb,-75.000,-20.000,11,700,,0.258920455,55.9120,4.071100712,4.065701485,1.647895336
2026-07-28T18:48:23.471615+00:00,1016.253155,open,rgb,-75.000,-20.000,12,700,,0.258948864,55.8738,4.071095467,4.065680504,1.648059130
2026-07-28T18:48:23.621758+00:00,1016.403300,open,rgb,-75.000,-20.000,13,700,,0.258892045,55.8770,4.071037769,4.065525055,1.647353888
2026-07-28T18:48:23.771960+00:00,1016.553499,open,rgb,-75.000,-20.000,14,700,,0.258977273,55.8643,4.071057320,4.065611839,1.648124099
2026-07-28T18:48:23.922148+00:00,1016.703688,open,rgb,-75.000,-20.000,15,700,,0.258977273,55.8262,4.070980549,4.065545082,1.648196578
2026-07-28T18:48:24.072425+00:00,1016.853965,open,rgb,-75.000,-20.000,16,700,,0.258920455,55.8516,4.071055889,4.065519333,1.648138523
2026-07-28T18:48:24.222626+00:00,1017.004166,open,rgb,-75.000,-20.000,17,700,,0.258948864,55.8707,4.070984840,4.065621853,1.648223996
2026-07-28T18:48:24.372832+00:00,1017.154372,open,rgb,-75.000,-20.000,18,700,,0.258948864,55.8548,4.070948601,4.065613270,1.648050666
2026-07-28T18:48:24.523439+00:00,1017.304974,open,rgb,-75.000,-20.000,19,700,,0.258920455,55.8293,4.071232796,4.065762520,1.647431970
2026-07-28T18:48:26.878807+00:00,1019.660343,open,rgb,-75.000,-15.000,0,700,,0.259005682,56.1225,4.070845604,4.065381050,1.648046255
2026-07-28T18:48:27.029283+00:00,1019.810820,open,rgb,-75.000,-15.000,1,700,,0.258920455,56.1257,4.070835114,4.065336227,1.647961259
2026-07-28T18:48:27.179719+00:00,1019.961257,open,rgb,-75.000,-15.000,2,700,,0.259005682,56.1289,4.070905209,4.065407753,1.647898555
2026-07-28T18:48:27.330121+00:00,1020.111656,open,rgb,-75.000,-15.000,3,700,,0.259005682,56.1385,4.070843220,4.065328121,1.647923946
2026-07-28T18:48:27.480492+00:00,1020.262031,open,rgb,-75.000,-15.000,4,700,,0.258977273,56.1353,4.071039200,4.065592766,1.647951245
2026-07-28T18:48:27.630701+00:00,1020.412241,open,rgb,-75.000,-15.000,5,700,,0.258920455,56.1225,4.071083069,4.065606117,1.647982717
2026-07-28T18:48:27.780924+00:00,1020.562465,open,rgb,-75.000,-15.000,6,700,,0.258920455,56.1161,4.071062088,4.065576077,1.648131967
2026-07-28T18:48:27.931178+00:00,1020.712716,open,rgb,-75.000,-15.000,7,700,,0.258977273,56.1161,4.071075439,4.065495014,1.648059368
2026-07-28T18:48:28.081503+00:00,1020.863043,open,rgb,-75.000,-15.000,8,700,,0.259062500,56.1129,4.071112156,4.065615654,1.648096561
2026-07-28T18:48:28.231696+00:00,1021.013236,open,rgb,-75.000,-15.000,9,700,,0.258920455,56.1066,4.071033478,4.065561771,1.647969365
2026-07-28T18:48:28.381881+00:00,1021.163421,open,rgb,-75.000,-15.000,10,700,,0.258977273,56.1097,4.071132183,4.065654278,1.648045301
2026-07-28T18:48:28.532149+00:00,1021.313686,open,rgb,-75.000,-15.000,11,700,,0.258892045,56.1066,4.070868969,4.065384388,1.648014426
2026-07-28T18:48:28.682450+00:00,1021.463991,open,rgb,-75.000,-15.000,12,700,,0.259005682,56.1034,4.070840836,4.065379620,1.647865295
2026-07-28T18:48:28.832596+00:00,1021.614136,open,rgb,-75.000,-15.000,13,700,,0.259034091,56.1097,4.070898056,4.065464497,1.647968531
2026-07-28T18:48:28.982716+00:00,1021.764255,open,rgb,-75.000,-15.000,14,700,,0.258948864,56.1097,4.070797920,4.065376282,1.648086786
2026-07-28T18:48:29.132977+00:00,1021.914517,open,rgb,-75.000,-15.000,15,700,,0.259005682,56.1193,4.071077347,4.065465450,1.647753716
2026-07-28T18:48:29.283236+00:00,1022.064775,open,rgb,-75.000,-15.000,16,700,,0.259062500,56.1257,4.070798397,4.065332890,1.648104072
2026-07-28T18:48:29.433492+00:00,1022.215031,open,rgb,-75.000,-15.000,17,700,,0.259005682,56.1225,4.070823669,4.065325737,1.647897005
2026-07-28T18:48:29.583644+00:00,1022.365186,open,rgb,-75.000,-15.000,18,700,,0.258977273,56.1289,4.070877075,4.065455914,1.647951245
2026-07-28T18:48:29.733806+00:00,1022.515346,open,rgb,-75.000,-15.000,19,700,,0.258977273,56.1289,4.070853233,4.065427303,1.647994161
2026-07-28T18:48:32.089106+00:00,1024.870641,open,rgb,-75.000,-10.000,0,700,,0.259005682,56.1801,4.070923328,4.065379620,1.648001790
2026-07-28T18:48:32.239530+00:00,1025.021066,open,rgb,-75.000,-10.000,1,700,,0.258977273,56.1705,4.070957184,4.065346718,1.648009896
2026-07-28T18:48:32.389931+00:00,1025.171470,open,rgb,-75.000,-10.000,2,700,,0.259062500,56.1481,4.070884705,4.065406322,1.648149729
2026-07-28T18:48:32.540436+00:00,1025.321975,open,rgb,-75.000,-10.000,3,700,,0.258977273,56.1385,4.070978642,4.065404415,1.647898078
2026-07-28T18:48:32.690664+00:00,1025.472204,open,rgb,-75.000,-10.000,4,700,,0.258920455,56.1481,4.071056366,4.065513611,1.647862673
2026-07-28T18:48:32.840973+00:00,1025.622511,open,rgb,-75.000,-10.000,5,700,,0.258977273,56.1577,4.070966721,4.065405846,1.647887230
2026-07-28T18:48:32.991165+00:00,1025.772705,open,rgb,-75.000,-10.000,6,700,,0.258977273,56.1705,4.071049213,4.065403461,1.647885323
2026-07-28T18:48:33.141391+00:00,1025.922932,open,rgb,-75.000,-10.000,7,700,,0.259034091,56.1801,4.070945740,4.065447330,1.648004770
2026-07-28T18:48:33.291617+00:00,1026.073157,open,rgb,-75.000,-10.000,8,700,,0.259005682,56.1705,4.070909023,4.065350533,1.647866726
2026-07-28T18:48:33.441863+00:00,1026.223399,open,rgb,-75.000,-10.000,9,700,,0.259062500,56.1865,4.071004868,4.065343380,1.648028612
2026-07-28T18:48:33.592305+00:00,1026.373845,open,rgb,-75.000,-10.000,10,700,,0.258977273,56.1897,4.070980072,4.065357685,1.648145080
2026-07-28T18:48:33.742495+00:00,1026.524036,open,rgb,-75.000,-10.000,11,700,,0.259090909,56.1993,4.070961952,4.065357208,1.648028851
2026-07-28T18:48:33.892611+00:00,1026.674151,open,rgb,-75.000,-10.000,12,700,,0.259034091,56.2025,4.070951939,4.065438747,1.648134351
2026-07-28T18:48:34.042818+00:00,1026.824358,open,rgb,-75.000,-10.000,13,700,,0.258977273,56.2025,4.070932865,4.065361977,1.647971511
2026-07-28T18:48:34.193046+00:00,1026.974587,open,rgb,-75.000,-10.000,14,700,,0.259005682,56.2025,4.071015358,4.065457821,1.647982240
2026-07-28T18:48:34.343255+00:00,1027.124795,open,rgb,-75.000,-10.000,15,700,,0.259005682,56.1929,4.071008682,4.065431595,1.647933483
2026-07-28T18:48:34.493467+00:00,1027.275007,open,rgb,-75.000,-10.000,16,700,,0.258948864,56.1929,4.070909500,4.065358162,1.647759080
2026-07-28T18:48:34.643583+00:00,1027.425123,open,rgb,-75.000,-10.000,17,700,,0.259005682,56.2153,4.071193695,4.065663338,1.648001313
2026-07-28T18:48:34.793713+00:00,1027.575253,open,rgb,-75.000,-10.000,18,700,,0.258920455,56.2089,4.071012020,4.065449238,1.647928596
2026-07-28T18:48:34.944007+00:00,1027.725545,open,rgb,-75.000,-10.000,19,700,,0.259034091,56.2121,4.071012020,4.065353870,1.647823572
2026-07-28T18:48:37.299126+00:00,1030.080661,open,rgb,-75.000,-5.000,0,700,,0.259062500,56.2666,4.071183205,4.065440655,1.647928357
2026-07-28T18:48:37.449555+00:00,1030.231092,open,rgb,-75.000,-5.000,1,700,,0.258977273,56.2634,4.071272373,4.065428734,1.647709608
2026-07-28T18:48:37.600179+00:00,1030.381716,open,rgb,-75.000,-5.000,2,700,,0.259034091,56.2442,4.071125507,4.065234184,1.647893667
2026-07-28T18:48:37.750478+00:00,1030.532018,open,rgb,-75.000,-5.000,3,700,,0.259034091,56.2570,4.071067810,4.065312862,1.648201466
2026-07-28T18:48:37.900666+00:00,1030.682208,open,rgb,-75.000,-5.000,4,700,,0.259034091,56.2538,4.071105957,4.065360069,1.648049831
2026-07-28T18:48:38.050978+00:00,1030.832518,open,rgb,-75.000,-5.000,5,700,,0.259005682,56.2570,4.071186543,4.065492153,1.647902608
2026-07-28T18:48:38.201124+00:00,1030.982664,open,rgb,-75.000,-5.000,6,700,,0.258977273,56.2634,4.071175098,4.065430641,1.647935390
2026-07-28T18:48:38.351297+00:00,1031.132837,open,rgb,-75.000,-5.000,7,700,,0.258948864,56.2634,4.071109772,4.065374851,1.647701025
2026-07-28T18:48:38.501639+00:00,1031.283179,open,rgb,-75.000,-5.000,8,700,,0.259062500,56.2730,4.071184158,4.065467358,1.647907495
2026-07-28T18:48:38.651843+00:00,1031.433383,open,rgb,-75.000,-5.000,9,700,,0.258920455,56.2634,4.071077347,4.065445423,1.648077011
2026-07-28T18:48:38.801975+00:00,1031.583515,open,rgb,-75.000,-5.000,10,700,,0.259034091,56.2314,4.071224213,4.065351963,1.647913694
2026-07-28T18:48:38.952213+00:00,1031.733754,open,rgb,-75.000,-5.000,11,700,,0.259034091,56.1353,4.071114540,4.065358162,1.648069859
2026-07-28T18:48:39.102535+00:00,1031.884076,open,rgb,-75.000,-5.000,12,700,,0.259005682,56.0395,4.071122646,4.065466881,1.647920966
2026-07-28T18:48:39.252664+00:00,1032.034203,open,rgb,-75.000,-5.000,13,700,,0.258948864,56.0618,4.071463585,4.065730095,1.647903919
2026-07-28T18:48:39.402962+00:00,1032.184502,open,rgb,-75.000,-5.000,14,700,,0.258920455,56.0714,4.071397781,4.065627098,1.648007870
2026-07-28T18:48:39.553138+00:00,1032.334679,open,rgb,-75.000,-5.000,15,700,,0.258892045,56.1002,4.071256638,4.065590382,1.647850156
2026-07-28T18:48:39.703326+00:00,1032.484866,open,rgb,-75.000,-5.000,16,700,,0.258920455,56.1385,4.071413040,4.065671444,1.648068666
2026-07-28T18:48:39.853532+00:00,1032.635072,open,rgb,-75.000,-5.000,17,700,,0.258977273,56.1673,4.071289062,4.065568447,1.648115039
2026-07-28T18:48:40.003732+00:00,1032.785272,open,rgb,-75.000,-5.000,18,700,,0.258948864,56.2025,4.071422577,4.065567970,1.648020387
2026-07-28T18:48:40.153918+00:00,1032.935459,open,rgb,-75.000,-5.000,19,700,,0.259034091,56.2185,4.071433067,4.065793037,1.648159742
2026-07-28T18:48:42.509062+00:00,1035.290598,open,rgb,-75.000,0.000,0,700,,0.259005682,56.2153,4.071448803,4.065863609,1.648057938
2026-07-28T18:48:42.659582+00:00,1035.441119,open,rgb,-75.000,0.000,1,700,,0.258863636,56.1993,4.071524620,4.065861225,1.647866011
2026-07-28T18:48:42.809951+00:00,1035.591489,open,rgb,-75.000,0.000,2,700,,0.259062500,56.1833,4.071420670,4.065879822,1.648028612
2026-07-28T18:48:42.960348+00:00,1035.741888,open,rgb,-75.000,0.000,3,700,,0.258977273,56.1609,4.071435452,4.065914631,1.647909760
2026-07-28T18:48:43.110671+00:00,1035.892210,open,rgb,-75.000,0.000,4,700,,0.259005682,56.1545,4.071365356,4.065865993,1.648142695
2026-07-28T18:48:43.261028+00:00,1036.042561,open,rgb,-75.000,0.000,5,700,,0.259005682,56.1705,4.071441650,4.065825462,1.648016453
2026-07-28T18:48:43.411427+00:00,1036.192965,open,rgb,-75.000,0.000,6,700,,0.259005682,56.1865,4.071299553,4.065799236,1.647900701
2026-07-28T18:48:43.561639+00:00,1036.343179,open,rgb,-75.000,0.000,7,700,,0.258977273,56.2025,4.071383476,4.065832615,1.648110867
2026-07-28T18:48:43.711924+00:00,1036.493463,open,rgb,-75.000,0.000,8,700,,0.258948864,56.2217,4.071427345,4.065906525,1.648072839
2026-07-28T18:48:43.862146+00:00,1036.643686,open,rgb,-75.000,0.000,9,700,,0.258892045,56.2282,4.071464062,4.065882683,1.647940516
2026-07-28T18:48:44.012309+00:00,1036.793849,open,rgb,-75.000,0.000,10,700,,0.258977273,56.2378,4.071353912,4.065803528,1.648143888
2026-07-28T18:48:44.162498+00:00,1036.944039,open,rgb,-75.000,0.000,11,700,,0.258977273,56.2346,4.071388721,4.065880775,1.647955418
2026-07-28T18:48:44.312631+00:00,1037.094171,open,rgb,-75.000,0.000,12,700,,0.258920455,56.2410,4.071441174,4.065904617,1.648027182
2026-07-28T18:48:44.462880+00:00,1037.244421,open,rgb,-75.000,0.000,13,700,,0.258977273,56.2474,4.071388721,4.065908909,1.648089409
2026-07-28T18:48:44.613092+00:00,1037.394633,open,rgb,-75.000,0.000,14,700,,0.258977273,56.2602,4.071335316,4.065650463,1.647974253
2026-07-28T18:48:44.763265+00:00,1037.544806,open,rgb,-75.000,0.000,15,700,,0.259034091,56.2666,4.071359158,4.065809727,1.648285985
2026-07-28T18:48:44.913446+00:00,1037.694984,open,rgb,-75.000,0.000,16,700,,0.259005682,56.2602,4.071383476,4.065810204,1.648126602
2026-07-28T18:48:45.063589+00:00,1037.845130,open,rgb,-75.000,0.000,17,700,,0.259034091,56.2570,4.071477413,4.065926075,1.648057699
2026-07-28T18:48:45.213796+00:00,1037.995336,open,rgb,-75.000,0.000,18,700,,0.258920455,56.2378,4.071490288,4.065937996,1.648030162
2026-07-28T18:48:45.364115+00:00,1038.145655,open,rgb,-75.000,0.000,19,700,,0.258948864,56.2025,4.071391106,4.065879822,1.647863388
2026-07-28T18:48:47.719336+00:00,1040.500871,open,rgb,-75.000,5.000,0,700,,0.259062500,56.2121,4.071166039,4.065722942,1.648111701
2026-07-28T18:48:47.869929+00:00,1040.651466,open,rgb,-75.000,5.000,1,700,,0.258948864,56.2185,4.071195602,4.065741539,1.648002744
2026-07-28T18:48:48.020167+00:00,1040.801706,open,rgb,-75.000,5.000,2,700,,0.259034091,56.2282,4.071064949,4.065633297,1.647885561
2026-07-28T18:48:48.170372+00:00,1040.951911,open,rgb,-75.000,5.000,3,700,,0.259005682,56.2442,4.071249485,4.065779686,1.648049593
2026-07-28T18:48:48.320622+00:00,1041.102160,open,rgb,-75.000,5.000,4,700,,0.259005682,56.2506,4.071159363,4.065721989,1.647988081
2026-07-28T18:48:48.470975+00:00,1041.252512,open,rgb,-75.000,5.000,5,700,,0.259034091,56.2634,4.071365356,4.065767288,1.647826552
2026-07-28T18:48:48.621195+00:00,1041.402735,open,rgb,-75.000,5.000,6,700,,0.259005682,56.2602,4.071177959,4.065671921,1.648041844
2026-07-28T18:48:48.771322+00:00,1041.552863,open,rgb,-75.000,5.000,7,700,,0.259062500,56.2538,4.071126461,4.065673828,1.647972465
2026-07-28T18:48:48.921507+00:00,1041.703046,open,rgb,-75.000,5.000,8,700,,0.258977273,56.2378,4.071276665,4.065834045,1.647928834
2026-07-28T18:48:49.071750+00:00,1041.853291,open,rgb,-75.000,5.000,9,700,,0.259090909,56.2410,4.071218014,4.065775394,1.648092866
2026-07-28T18:48:49.221936+00:00,1042.003476,open,rgb,-75.000,5.000,10,700,,0.258948864,56.2442,4.071043015,4.065609932,1.647938013
2026-07-28T18:48:49.372305+00:00,1042.153842,open,rgb,-75.000,5.000,11,700,,0.259090909,56.2666,4.071208477,4.065696239,1.648296475
2026-07-28T18:48:49.522601+00:00,1042.304141,open,rgb,-75.000,5.000,12,700,,0.258977273,56.2730,4.071162224,4.065684319,1.648164392
2026-07-28T18:48:49.672830+00:00,1042.454371,open,rgb,-75.000,5.000,13,700,,0.259005682,56.2730,4.071252823,4.065622330,1.647899508
2026-07-28T18:48:49.822992+00:00,1042.604532,open,rgb,-75.000,5.000,14,700,,0.259005682,56.2602,4.071169376,4.065740108,1.648143411
2026-07-28T18:48:49.973111+00:00,1042.754651,open,rgb,-75.000,5.000,15,700,,0.259062500,56.2153,4.071146965,4.065670490,1.648002505
2026-07-28T18:48:50.123397+00:00,1042.904937,open,rgb,-75.000,5.000,16,700,,0.259034091,56.2121,4.071233749,4.065762997,1.648013711
2026-07-28T18:48:50.273530+00:00,1043.055069,open,rgb,-75.000,5.000,17,700,,0.259005682,56.2057,4.071201324,4.065721035,1.648031831
2026-07-28T18:48:50.423667+00:00,1043.205203,open,rgb,-75.000,5.000,18,700,,0.259034091,56.2089,4.071123123,4.065662384,1.647888064
2026-07-28T18:48:50.574170+00:00,1043.355705,open,rgb,-75.000,5.000,19,700,,0.259034091,56.2282,4.071200371,4.065773487,1.647944689
2026-07-28T18:48:52.929208+00:00,1045.710743,open,rgb,-75.000,10.000,0,700,,0.258977273,56.3115,4.071213722,4.065777779,1.648033261
2026-07-28T18:48:53.079789+00:00,1045.861327,open,rgb,-75.000,10.000,1,700,,0.259034091,56.3244,4.071156502,4.065710068,1.647958517
2026-07-28T18:48:53.230023+00:00,1046.011562,open,rgb,-75.000,10.000,2,700,,0.259062500,56.3404,4.071149349,4.065710068,1.648194671
2026-07-28T18:48:53.380289+00:00,1046.161828,open,rgb,-75.000,10.000,3,700,,0.259005682,56.3469,4.071094513,4.065664291,1.648284793
2026-07-28T18:48:53.530470+00:00,1046.312009,open,rgb,-75.000,10.000,4,700,,0.259005682,56.3533,4.071207523,4.065657616,1.648195863
2026-07-28T18:48:53.680699+00:00,1046.462237,open,rgb,-75.000,10.000,5,700,,0.259062500,56.3469,4.071129322,4.065714836,1.648314834
2026-07-28T18:48:53.830942+00:00,1046.612483,open,rgb,-75.000,10.000,6,700,,0.259090909,56.3180,4.071030140,4.065671921,1.648150444
2026-07-28T18:48:53.981137+00:00,1046.762677,open,rgb,-75.000,10.000,7,700,,0.259062500,56.3115,4.071196556,4.065932751,1.648223996
2026-07-28T18:48:54.131322+00:00,1046.912862,open,rgb,-75.000,10.000,8,700,,0.258948864,56.3019,4.071208954,4.065803528,1.647743940
2026-07-28T18:48:54.281614+00:00,1047.063153,open,rgb,-75.000,10.000,9,700,,0.258977273,56.3083,4.071125984,4.065736771,1.647989869
2026-07-28T18:48:54.431813+00:00,1047.213353,open,rgb,-75.000,10.000,10,700,,0.259034091,56.3212,4.071216583,4.065793037,1.648355603
2026-07-28T18:48:54.581945+00:00,1047.363485,open,rgb,-75.000,10.000,11,700,,0.259005682,56.3212,4.071161747,4.065720081,1.648247838
2026-07-28T18:48:54.732177+00:00,1047.513718,open,rgb,-75.000,10.000,12,700,,0.259005682,56.3180,4.071206570,4.065734386,1.648143411
2026-07-28T18:48:54.882300+00:00,1047.663841,open,rgb,-75.000,10.000,13,700,,0.259062500,56.3019,4.071186543,4.065744400,1.648200274
2026-07-28T18:48:55.032509+00:00,1047.814048,open,rgb,-75.000,10.000,14,700,,0.259005682,56.2634,4.071141720,4.065726280,1.648092628
2026-07-28T18:48:55.182724+00:00,1047.964265,open,rgb,-75.000,10.000,15,700,,0.259005682,56.2762,4.071182728,4.065773010,1.648234487
2026-07-28T18:48:55.333090+00:00,1048.114626,open,rgb,-75.000,10.000,16,700,,0.259005682,56.2762,4.071186066,4.065786362,1.648341894
2026-07-28T18:48:55.483563+00:00,1048.265098,open,rgb,-75.000,10.000,17,700,,0.258977273,56.2730,4.071110725,4.065703869,1.648233771
2026-07-28T18:48:55.633894+00:00,1048.415432,open,rgb,-75.000,10.000,18,700,,0.259005682,56.2827,4.071189880,4.065793037,1.648354292
2026-07-28T18:48:55.784150+00:00,1048.565692,open,rgb,-75.000,10.000,19,700,,0.258977273,56.2891,4.071072102,4.065661907,1.648376107
2026-07-28T18:48:58.139377+00:00,1050.920913,open,rgb,-75.000,15.000,0,700,,0.259034091,56.2346,4.071266174,4.065787315,1.648195386
2026-07-28T18:48:58.290014+00:00,1051.071549,open,rgb,-75.000,15.000,1,700,,0.258948864,56.2314,4.071361065,4.065896988,1.648093343
2026-07-28T18:48:58.440300+00:00,1051.221840,open,rgb,-75.000,15.000,2,700,,0.259034091,56.2249,4.071269512,4.065784454,1.648033738
2026-07-28T18:48:58.590630+00:00,1051.372171,open,rgb,-75.000,15.000,3,700,,0.259034091,56.2410,4.071360111,4.065845966,1.648074508
2026-07-28T18:48:58.740834+00:00,1051.522375,open,rgb,-75.000,15.000,4,700,,0.259062500,56.2602,4.071263313,4.065796852,1.648222446
2026-07-28T18:48:58.890986+00:00,1051.672527,open,rgb,-75.000,15.000,5,700,,0.259034091,56.2698,4.071211815,4.065687180,1.648092151
2026-07-28T18:48:59.041150+00:00,1051.822690,open,rgb,-75.000,15.000,6,700,,0.259090909,56.2827,4.071300507,4.065883636,1.648194671
2026-07-28T18:48:59.191330+00:00,1051.972870,open,rgb,-75.000,15.000,7,700,,0.259005682,56.2859,4.071202278,4.065765381,1.648310661
2026-07-28T18:48:59.341487+00:00,1052.123027,open,rgb,-75.000,15.000,8,700,,0.259090909,56.2987,4.071321011,4.065814495,1.648134351
2026-07-28T18:48:59.491702+00:00,1052.273242,open,rgb,-75.000,15.000,9,700,,0.258920455,56.3115,4.071341038,4.065884113,1.648066521
2026-07-28T18:48:59.641881+00:00,1052.423420,open,rgb,-75.000,15.000,10,700,,0.258920455,56.3115,4.071240425,4.065838337,1.647356987
2026-07-28T18:48:59.792101+00:00,1052.573641,open,rgb,-75.000,15.000,11,700,,0.259034091,56.3340,4.071411133,4.065978527,1.648017406
2026-07-28T18:48:59.942238+00:00,1052.723778,open,rgb,-75.000,15.000,12,700,,0.259090909,56.3404,4.071311474,4.065852642,1.648175836
2026-07-28T18:49:00.092479+00:00,1052.874020,open,rgb,-75.000,15.000,13,700,,0.259005682,56.3404,4.071197510,4.065804958,1.647960782
2026-07-28T18:49:00.242633+00:00,1053.024172,open,rgb,-75.000,15.000,14,700,,0.259062500,56.3565,4.071224213,4.065800190,1.648194432
2026-07-28T18:49:00.392905+00:00,1053.174444,open,rgb,-75.000,15.000,15,700,,0.259005682,56.3629,4.071292400,4.065797329,1.648203492
2026-07-28T18:49:00.543220+00:00,1053.324755,open,rgb,-75.000,15.000,16,700,,0.259034091,56.3693,4.071332932,4.065745831,1.648042560
2026-07-28T18:49:00.693493+00:00,1053.475033,open,rgb,-75.000,15.000,17,700,,0.259119318,56.3790,4.071250439,4.065803051,1.648234725
2026-07-28T18:49:00.843671+00:00,1053.625211,open,rgb,-75.000,15.000,18,700,,0.259090909,56.3854,4.071156025,4.065748692,1.648209333
2026-07-28T18:49:00.993880+00:00,1053.775419,open,rgb,-75.000,15.000,19,700,,0.259062500,56.3951,4.071240902,4.065781116,1.648251772
2026-07-28T18:49:03.349020+00:00,1056.130555,open,rgb,-75.000,20.000,0,700,,0.259062500,56.4272,4.071187496,4.065975666,1.648189068
2026-07-28T18:49:03.499765+00:00,1056.281300,open,rgb,-75.000,20.000,1,700,,0.258977273,56.4240,4.071143150,4.066006184,1.648047924
2026-07-28T18:49:03.650077+00:00,1056.431617,open,rgb,-75.000,20.000,2,700,,0.259062500,56.4272,4.071231365,4.066044807,1.648139238
2026-07-28T18:49:03.800274+00:00,1056.581816,open,rgb,-75.000,20.000,3,700,,0.259005682,56.4305,4.071223259,4.066053391,1.648123384
2026-07-28T18:49:03.950474+00:00,1056.732013,open,rgb,-75.000,20.000,4,700,,0.259005682,56.4305,4.071121693,4.065939903,1.648011804
2026-07-28T18:49:04.100636+00:00,1056.882176,open,rgb,-75.000,20.000,5,700,,0.258977273,56.4369,4.071183205,4.066053867,1.648189306
2026-07-28T18:49:04.250911+00:00,1057.032449,open,rgb,-75.000,20.000,6,700,,0.259005682,56.4305,4.071207523,4.066033840,1.648204207
2026-07-28T18:49:04.401150+00:00,1057.182690,open,rgb,-75.000,20.000,7,700,,0.258948864,56.3919,4.071298599,4.065961838,1.648065805
2026-07-28T18:49:04.551325+00:00,1057.332866,open,rgb,-75.000,20.000,8,700,,0.259062500,56.3661,4.071182251,4.066013813,1.648200035
2026-07-28T18:49:04.701469+00:00,1057.483010,open,rgb,-75.000,20.000,9,700,,0.259062500,56.3597,4.071202278,4.066066265,1.648037195
2026-07-28T18:49:04.851845+00:00,1057.633380,open,rgb,-75.000,20.000,10,700,,0.259005682,56.3372,4.071341038,4.066154480,1.648054957
2026-07-28T18:49:05.002124+00:00,1057.783662,open,rgb,-75.000,20.000,11,700,,0.258977273,56.3212,4.071257591,4.066086292,1.648220778
2026-07-28T18:49:05.152369+00:00,1057.933908,open,rgb,-75.000,20.000,12,700,,0.259005682,56.3180,4.071207047,4.065928936,1.647345781
2026-07-28T18:49:05.302491+00:00,1058.084031,open,rgb,-75.000,20.000,13,700,,0.259090909,56.3019,4.071255207,4.065975666,1.648193240
2026-07-28T18:49:05.452831+00:00,1058.234366,open,rgb,-75.000,20.000,14,700,,0.259119318,56.2955,4.071169853,4.066013813,1.648125052
2026-07-28T18:49:05.603240+00:00,1058.384779,open,rgb,-75.000,20.000,15,700,,0.258948864,56.3051,4.071280479,4.065981388,1.648029327
2026-07-28T18:49:05.753477+00:00,1058.535017,open,rgb,-75.000,20.000,16,700,,0.259062500,56.3340,4.071286201,4.066075802,1.648231983
2026-07-28T18:49:05.903714+00:00,1058.685251,open,rgb,-75.000,20.000,17,700,,0.259034091,56.3501,4.071208000,4.066008568,1.648048639
2026-07-28T18:49:06.053912+00:00,1058.835452,open,rgb,-75.000,20.000,18,700,,0.259062500,56.3726,4.071262360,4.066018581,1.648203015
2026-07-28T18:49:06.204123+00:00,1058.985664,open,rgb,-75.000,20.000,19,700,,0.259034091,56.3790,4.071278572,4.066037655,1.648133874
2026-07-28T18:49:08.559356+00:00,1061.340891,open,rgb,-75.000,25.000,0,700,,0.258977273,56.3951,4.071204185,4.065985203,1.648109436
2026-07-28T18:49:08.714273+00:00,1061.495811,open,rgb,-75.000,25.000,1,700,,0.258977273,56.4111,4.071250916,4.066035271,1.648283720
2026-07-28T18:49:08.864627+00:00,1061.646163,open,rgb,-75.000,25.000,2,700,,0.258977273,56.4208,4.071300030,4.066006660,1.648320675
2026-07-28T18:49:09.014948+00:00,1061.796488,open,rgb,-75.000,25.000,3,700,,0.259062500,56.4208,4.071264744,4.066021919,1.648160219
2026-07-28T18:49:09.165086+00:00,1061.946626,open,rgb,-75.000,25.000,4,700,,0.259034091,56.4176,4.071327209,4.066107273,1.648248911
2026-07-28T18:49:09.315273+00:00,1062.096813,open,rgb,-75.000,25.000,5,700,,0.258977273,56.4079,4.071268559,4.066062450,1.648218155
2026-07-28T18:49:09.465519+00:00,1062.247059,open,rgb,-75.000,25.000,6,700,,0.259005682,56.3951,4.071270943,4.065995693,1.648196816
2026-07-28T18:49:09.615725+00:00,1062.397265,open,rgb,-75.000,25.000,7,700,,0.259119318,56.3661,4.071249962,4.066004753,1.648288369
2026-07-28T18:49:09.765819+00:00,1062.547360,open,rgb,-75.000,25.000,8,700,,0.259062500,56.3115,4.071252823,4.065993786,1.648154140
2026-07-28T18:49:09.915981+00:00,1062.697522,open,rgb,-75.000,25.000,9,700,,0.258977273,56.2506,4.071355343,4.066071033,1.648167610
2026-07-28T18:49:10.066140+00:00,1062.847681,open,rgb,-75.000,25.000,10,700,,0.259005682,56.2570,4.071293831,4.066026211,1.648342133
2026-07-28T18:49:10.216481+00:00,1062.998021,open,rgb,-75.000,25.000,11,700,,0.259005682,56.2602,4.071268082,4.065946579,1.648141146
2026-07-28T18:49:10.366687+00:00,1063.148226,open,rgb,-75.000,25.000,12,700,,0.259062500,56.2410,4.071279526,4.065948486,1.648326755
2026-07-28T18:49:10.517066+00:00,1063.298602,open,rgb,-75.000,25.000,13,700,,0.259090909,56.2025,4.071315765,4.066033840,1.648205876
2026-07-28T18:49:10.667429+00:00,1063.448969,open,rgb,-75.000,25.000,14,700,,0.258977273,56.1705,4.071611881,4.066216469,1.647735715
2026-07-28T18:49:10.817722+00:00,1063.599257,open,rgb,-75.000,25.000,15,700,,0.259005682,56.1833,4.071304321,4.066062450,1.648225188
2026-07-28T18:49:10.968119+00:00,1063.749656,open,rgb,-75.000,25.000,16,700,,0.259034091,56.2153,4.071188927,4.065935135,1.648074508
2026-07-28T18:49:11.118496+00:00,1063.900035,open,rgb,-75.000,25.000,17,700,,0.259034091,56.2346,4.071372032,4.066062927,1.648205161
2026-07-28T18:49:11.268645+00:00,1064.050184,open,rgb,-75.000,25.000,18,700,,0.259005682,56.2314,4.071244240,4.065926552,1.648349881
2026-07-28T18:49:11.418884+00:00,1064.200424,open,rgb,-75.000,25.000,19,700,,0.259062500,56.2185,4.071217537,4.065972328,1.648107290
2026-07-28T18:49:13.773895+00:00,1066.555431,open,rgb,-75.000,30.000,0,700,,0.259005682,56.3726,4.071593761,4.066411495,1.647889256
2026-07-28T18:49:13.924658+00:00,1066.706195,open,rgb,-75.000,30.000,1,700,,0.258778409,56.3533,4.071441650,4.066267014,1.648015499
2026-07-28T18:49:14.075148+00:00,1066.856687,open,rgb,-75.000,30.000,2,700,,0.258977273,56.3693,4.071537018,4.066242695,1.647930741
2026-07-28T18:49:14.225570+00:00,1067.007111,open,rgb,-75.000,30.000,3,700,,0.259034091,56.3790,4.071397781,4.066288948,1.648008347
2026-07-28T18:49:14.376034+00:00,1067.157573,open,rgb,-75.000,30.000,4,700,,0.258977273,56.3822,4.071352005,4.066114426,1.648044705
2026-07-28T18:49:14.526490+00:00,1067.308030,open,rgb,-75.000,30.000,5,700,,0.259034091,56.3919,4.071428299,4.066118717,1.648245215
2026-07-28T18:49:14.676829+00:00,1067.458370,open,rgb,-75.000,30.000,6,700,,0.259005682,56.3854,4.071425438,4.066279411,1.648128271
2026-07-28T18:49:14.827186+00:00,1067.608727,open,rgb,-75.000,30.000,7,700,,0.258920455,56.3822,4.071382523,4.066225052,1.647951484
2026-07-28T18:49:14.977546+00:00,1067.759084,open,rgb,-75.000,30.000,8,700,,0.258920455,56.3951,4.071477890,4.066315174,1.648101687
2026-07-28T18:49:15.127997+00:00,1067.909537,open,rgb,-75.000,30.000,9,700,,0.258948864,56.3951,4.071381092,4.066198349,1.648158789
2026-07-28T18:49:15.278343+00:00,1068.059883,open,rgb,-75.000,30.000,10,700,,0.259005682,56.4047,4.071445942,4.066175461,1.648077488
2026-07-28T18:49:15.428716+00:00,1068.210252,open,rgb,-75.000,30.000,11,700,,0.258977273,56.3886,4.071449280,4.066128254,1.648203731
2026-07-28T18:49:15.579154+00:00,1068.360692,open,rgb,-75.000,30.000,12,700,,0.259034091,56.3951,4.071231842,4.066063881,1.648001552
2026-07-28T18:49:15.729448+00:00,1068.510987,open,rgb,-75.000,30.000,13,700,,0.259005682,56.3951,4.071301937,4.066181183,1.647989631
2026-07-28T18:49:15.879702+00:00,1068.661241,open,rgb,-75.000,30.000,14,700,,0.259062500,56.4079,4.071257114,4.066080570,1.648106575
2026-07-28T18:49:16.029883+00:00,1068.811422,open,rgb,-75.000,30.000,15,700,,0.259062500,56.4015,4.071199417,4.066000462,1.647965908
2026-07-28T18:49:16.180137+00:00,1068.961677,open,rgb,-75.000,30.000,16,700,,0.259005682,56.3886,4.071464539,4.066307545,1.648107767
2026-07-28T18:49:16.330481+00:00,1069.112019,open,rgb,-75.000,30.000,17,700,,0.258948864,56.3501,4.071249008,4.066032887,1.648120165
2026-07-28T18:49:16.480785+00:00,1069.262324,open,rgb,-75.000,30.000,18,700,,0.259005682,56.3340,4.071300507,4.066002846,1.648064017
2026-07-28T18:49:16.631200+00:00,1069.412737,open,rgb,-75.000,30.000,19,700,,0.259062500,56.3404,4.071185112,4.066069603,1.648129225
2026-07-28T18:49:18.986412+00:00,1071.767946,open,rgb,-75.000,35.000,0,700,,0.259034091,56.3404,4.071466446,4.066145897,1.647460341
2026-07-28T18:49:19.136967+00:00,1071.918505,open,rgb,-75.000,35.000,1,700,,0.259005682,56.3469,4.071409225,4.066113472,1.647950530
2026-07-28T18:49:19.288328+00:00,1072.069863,open,rgb,-75.000,35.000,2,700,,0.259119318,56.3597,4.071276188,4.066113949,1.648069620
2026-07-28T18:49:19.438634+00:00,1072.220173,open,rgb,-75.000,35.000,3,700,,0.259034091,56.3661,4.071263313,4.066100121,1.647974968
2026-07-28T18:49:19.588845+00:00,1072.370384,open,rgb,-75.000,35.000,4,700,,0.259062500,56.3854,4.071349621,4.066221237,1.648117065
2026-07-28T18:49:19.739082+00:00,1072.520622,open,rgb,-75.000,35.000,5,700,,0.259034091,56.3919,4.071328163,4.066116333,1.648173690
2026-07-28T18:49:19.889253+00:00,1072.670793,open,rgb,-75.000,35.000,6,700,,0.259119318,56.3886,4.071344376,4.066175938,1.647979379
2026-07-28T18:49:20.039464+00:00,1072.821005,open,rgb,-75.000,35.000,7,700,,0.258977273,56.3919,4.071449280,4.066262245,1.647894144
2026-07-28T18:49:20.189555+00:00,1072.971095,open,rgb,-75.000,35.000,8,700,,0.259005682,56.3919,4.071317196,4.066111565,1.648003697
2026-07-28T18:49:20.339822+00:00,1073.121361,open,rgb,-75.000,35.000,9,700,,0.259034091,56.3919,4.071474075,4.066174984,1.648006201
2026-07-28T18:49:20.490143+00:00,1073.271679,open,rgb,-75.000,35.000,10,700,,0.259005682,56.3726,4.071414471,4.066268921,1.647946358
2026-07-28T18:49:20.640514+00:00,1073.422054,open,rgb,-75.000,35.000,11,700,,0.259005682,56.3629,4.071373940,4.066226959,1.647740602
2026-07-28T18:49:20.790654+00:00,1073.572194,open,rgb,-75.000,35.000,12,700,,0.259034091,56.3629,4.071487904,4.066333294,1.647796750
2026-07-28T18:49:20.940869+00:00,1073.722409,open,rgb,-75.000,35.000,13,700,,0.258920455,56.3693,4.071420670,4.066226006,1.648047447
2026-07-28T18:49:21.091079+00:00,1073.872619,open,rgb,-75.000,35.000,14,700,,0.259005682,56.3726,4.071416378,4.066212654,1.647848725
2026-07-28T18:49:21.241481+00:00,1074.023020,open,rgb,-75.000,35.000,15,700,,0.259005682,56.3661,4.071503639,4.066279411,1.647910476
2026-07-28T18:49:21.391720+00:00,1074.173260,open,rgb,-75.000,35.000,16,700,,0.259005682,56.3404,4.071420670,4.066265106,1.647928834
2026-07-28T18:49:21.542036+00:00,1074.323574,open,rgb,-75.000,35.000,17,700,,0.259005682,56.3533,4.071515083,4.066288948,1.647777200
2026-07-28T18:49:21.692289+00:00,1074.473830,open,rgb,-75.000,35.000,18,700,,0.258977273,56.3629,4.071600914,4.066452026,1.647921681
2026-07-28T18:49:21.842466+00:00,1074.624006,open,rgb,-75.000,35.000,19,700,,0.258948864,56.3404,4.071331501,4.066187859,1.647726655
2026-07-28T18:49:24.197651+00:00,1076.979187,open,rgb,-75.000,40.000,0,700,,0.259062500,56.4691,4.071980476,4.066770554,1.647768855
2026-07-28T18:49:24.348412+00:00,1077.129949,open,rgb,-75.000,40.000,1,700,,0.259062500,56.4820,4.071913242,4.066744328,1.647962928
2026-07-28T18:49:24.498875+00:00,1077.280414,open,rgb,-75.000,40.000,2,700,,0.259005682,56.4787,4.071978092,4.066821575,1.647556424
2026-07-28T18:49:24.649269+00:00,1077.430809,open,rgb,-75.000,40.000,3,700,,0.259034091,56.4787,4.071943760,4.066776276,1.647947788
2026-07-28T18:49:24.799640+00:00,1077.581180,open,rgb,-75.000,40.000,4,700,,0.258977273,56.4626,4.071880341,4.066681385,1.647927999
2026-07-28T18:49:24.950052+00:00,1077.731593,open,rgb,-75.000,40.000,5,700,,0.259005682,56.4530,4.071969509,4.066791534,1.647785187
2026-07-28T18:49:25.100482+00:00,1077.882023,open,rgb,-75.000,40.000,6,700,,0.259034091,56.4498,4.071978569,4.066804886,1.647812128
2026-07-28T18:49:25.250903+00:00,1078.032437,open,rgb,-75.000,40.000,7,700,,0.258977273,56.4498,4.071841240,4.066676140,1.647840619
2026-07-28T18:49:25.401464+00:00,1078.183002,open,rgb,-75.000,40.000,8,700,,0.259062500,56.4659,4.071908474,4.066802979,1.647913218
2026-07-28T18:49:25.552048+00:00,1078.333583,open,rgb,-75.000,40.000,9,700,,0.259062500,56.4659,4.072009563,4.066834927,1.647769094
2026-07-28T18:49:25.702619+00:00,1078.484159,open,rgb,-75.000,40.000,10,700,,0.259005682,56.4723,4.071867943,4.066720963,1.647556186
2026-07-28T18:49:25.853005+00:00,1078.634546,open,rgb,-75.000,40.000,11,700,,0.259005682,56.4820,4.071962357,4.066797256,1.647835255
2026-07-28T18:49:26.003521+00:00,1078.785061,open,rgb,-75.000,40.000,12,700,,0.259005682,56.4659,4.071841717,4.066685200,1.647968769
2026-07-28T18:49:26.153924+00:00,1078.935464,open,rgb,-75.000,40.000,13,700,,0.259005682,56.4465,4.071966171,4.066702843,1.647777677
2026-07-28T18:49:26.304252+00:00,1079.085788,open,rgb,-75.000,40.000,14,700,,0.259062500,56.4594,4.071928024,4.066830635,1.647896051
2026-07-28T18:49:26.454678+00:00,1079.236218,open,rgb,-75.000,40.000,15,700,,0.258977273,56.4594,4.071811676,4.066627026,1.647869945
2026-07-28T18:49:26.605012+00:00,1079.386553,open,rgb,-75.000,40.000,16,700,,0.259119318,56.4691,4.071953297,4.066762447,1.647947073
2026-07-28T18:49:26.755298+00:00,1079.536838,open,rgb,-75.000,40.000,17,700,,0.258977273,56.4691,4.072003841,4.066800594,1.647871614
2026-07-28T18:49:26.905639+00:00,1079.687180,open,rgb,-75.000,40.000,18,700,,0.259005682,56.4723,4.071937561,4.066743374,1.647664905
2026-07-28T18:49:27.056043+00:00,1079.837583,open,rgb,-75.000,40.000,19,700,,0.259034091,56.4755,4.072007656,4.066857338,1.647747159
2026-07-28T18:49:29.411230+00:00,1082.192764,open,rgb,-75.000,45.000,0,700,,0.259005682,56.4723,4.072106361,4.067048073,1.647910476
2026-07-28T18:49:29.562034+00:00,1082.343573,open,rgb,-75.000,45.000,1,700,,0.258977273,56.4626,4.072036743,4.066885471,1.647743702
2026-07-28T18:49:29.712475+00:00,1082.494015,open,rgb,-75.000,45.000,2,700,,0.259062500,56.4626,4.072144032,4.066960812,1.647897840
2026-07-28T18:49:29.862824+00:00,1082.644366,open,rgb,-75.000,45.000,3,700,,0.259005682,56.4594,4.072048664,4.066874504,1.647965908
2026-07-28T18:49:30.013197+00:00,1082.794738,open,rgb,-75.000,45.000,4,700,,0.259062500,56.4498,4.072317123,4.067036152,1.647914648
2026-07-28T18:49:30.163539+00:00,1082.945078,open,rgb,-75.000,45.000,5,700,,0.259005682,56.4337,4.072081566,4.066963673,1.647908092
2026-07-28T18:49:30.313878+00:00,1083.095418,open,rgb,-75.000,45.000,6,700,,0.259005682,56.4498,4.072064400,4.066929340,1.647799373
2026-07-28T18:49:30.464595+00:00,1083.246129,open,rgb,-75.000,45.000,7,700,,0.259062500,56.4659,4.072180271,4.067008018,1.647848487
2026-07-28T18:49:30.615095+00:00,1083.396634,open,rgb,-75.000,45.000,8,700,,0.259034091,56.4820,4.072029114,4.066880226,1.648070931
2026-07-28T18:49:30.765481+00:00,1083.547021,open,rgb,-75.000,45.000,9,700,,0.259005682,56.4884,4.072016239,4.066910744,1.647995710
2026-07-28T18:49:30.915893+00:00,1083.697432,open,rgb,-75.000,45.000,10,700,,0.258977273,56.4949,4.072108746,4.066899776,1.647900462
2026-07-28T18:49:31.066214+00:00,1083.847755,open,rgb,-75.000,45.000,11,700,,0.259034091,56.4981,4.072099686,4.066994190,1.647881866
2026-07-28T18:49:31.216514+00:00,1083.998055,open,rgb,-75.000,45.000,12,700,,0.258977273,56.5013,4.072257042,4.067026138,1.647773981
2026-07-28T18:49:31.367036+00:00,1084.148571,open,rgb,-75.000,45.000,13,700,,0.259034091,56.5110,4.072200298,4.067081451,1.647761822
2026-07-28T18:49:31.517552+00:00,1084.299092,open,rgb,-75.000,45.000,14,700,,0.258948864,56.5110,4.072104454,4.066958427,1.647616982
2026-07-28T18:49:31.668021+00:00,1084.449561,open,rgb,-75.000,45.000,15,700,,0.259005682,56.5206,4.072161198,4.067053795,1.647811413
2026-07-28T18:49:31.818350+00:00,1084.599890,open,rgb,-75.000,45.000,16,700,,0.259005682,56.5239,4.072064400,4.066936016,1.647992730
2026-07-28T18:49:31.968691+00:00,1084.750232,open,rgb,-75.000,45.000,17,700,,0.259005682,56.5174,4.072039604,4.066926956,1.647776961
2026-07-28T18:49:32.118983+00:00,1084.900524,open,rgb,-75.000,45.000,18,700,,0.259062500,56.5206,4.072183132,4.067060947,1.647970319
2026-07-28T18:49:32.269247+00:00,1085.050788,open,rgb,-75.000,45.000,19,700,,0.259005682,56.5110,4.072075367,4.066964149,1.647997856
2026-07-28T18:49:34.624617+00:00,1087.406152,open,rgb,-75.000,50.000,0,700,,0.259005682,56.2378,4.072000504,4.066928387,1.647559643
2026-07-28T18:49:34.775353+00:00,1087.556890,open,rgb,-75.000,50.000,1,700,,0.259034091,56.2506,4.072143555,4.066991329,1.647956371
2026-07-28T18:49:34.925802+00:00,1087.707342,open,rgb,-75.000,50.000,2,700,,0.259062500,56.2410,4.072206497,4.067039967,1.647843599
2026-07-28T18:49:35.076363+00:00,1087.857903,open,rgb,-75.000,50.000,3,700,,0.259062500,56.2602,4.072231770,4.066965103,1.647699594
2026-07-28T18:49:35.226752+00:00,1088.008293,open,rgb,-75.000,50.000,4,700,,0.259062500,56.2634,4.072179794,4.067075729,1.647929788
2026-07-28T18:49:35.377072+00:00,1088.158612,open,rgb,-75.000,50.000,5,700,,0.258977273,56.2698,4.072100639,4.067024708,1.647768617
2026-07-28T18:49:35.527684+00:00,1088.309220,open,rgb,-75.000,50.000,6,700,,0.258977273,56.2923,4.072461605,4.067316532,1.647843838
2026-07-28T18:49:35.678214+00:00,1088.459754,open,rgb,-75.000,50.000,7,700,,0.258948864,56.2762,4.072187424,4.067024708,1.647754908
2026-07-28T18:49:35.828563+00:00,1088.610104,open,rgb,-75.000,50.000,8,700,,0.259005682,56.2730,4.072032452,4.066922665,1.647783995
2026-07-28T18:49:35.978896+00:00,1088.760436,open,rgb,-75.000,50.000,9,700,,0.259034091,56.2827,4.072138786,4.067024708,1.648041368
2026-07-28T18:49:36.129222+00:00,1088.910763,open,rgb,-75.000,50.000,10,700,,0.259005682,56.2955,4.072151184,4.067038536,1.647877574
2026-07-28T18:49:36.279440+00:00,1089.060977,open,rgb,-75.000,50.000,11,700,,0.259005682,56.3115,4.072215557,4.066944122,1.647847772
2026-07-28T18:49:36.429989+00:00,1089.211527,open,rgb,-75.000,50.000,12,700,,0.259034091,56.3276,4.072129726,4.066980839,1.647949576
2026-07-28T18:49:36.580493+00:00,1089.362031,open,rgb,-75.000,50.000,13,700,,0.259034091,56.3212,4.072120667,4.067012787,1.647778392
2026-07-28T18:49:36.730905+00:00,1089.512445,open,rgb,-75.000,50.000,14,700,,0.259034091,56.3115,4.072266102,4.067110538,1.647828937
2026-07-28T18:49:36.881202+00:00,1089.662742,open,rgb,-75.000,50.000,15,700,,0.258948864,56.2987,4.072193146,4.067045212,1.647964001
2026-07-28T18:49:37.031593+00:00,1089.813133,open,rgb,-75.000,50.000,16,700,,0.259034091,56.3115,4.072146416,4.066984177,1.647808671
2026-07-28T18:49:37.181927+00:00,1089.963467,open,rgb,-75.000,50.000,17,700,,0.259062500,56.3212,4.072230339,4.067054272,1.647874117
2026-07-28T18:49:37.332450+00:00,1090.113984,open,rgb,-75.000,50.000,18,700,,0.259005682,56.3083,4.072156429,4.067015171,1.647777438
2026-07-28T18:49:37.482997+00:00,1090.264535,open,rgb,-75.000,50.000,19,700,,0.259005682,56.2794,4.072273254,4.067141056,1.647630930
2026-07-28T18:49:39.838309+00:00,1092.619845,open,rgb,-75.000,55.000,0,700,,0.258948864,56.3726,4.072240353,4.067006111,1.647882938
2026-07-28T18:49:39.988947+00:00,1092.770484,open,rgb,-75.000,55.000,1,700,,0.258977273,56.3597,4.072119236,4.066977024,1.647930741
2026-07-28T18:49:40.139435+00:00,1092.920974,open,rgb,-75.000,55.000,2,700,,0.259005682,56.3726,4.072231770,4.067025185,1.647968054
2026-07-28T18:49:40.289820+00:00,1093.071359,open,rgb,-75.000,55.000,3,700,,0.259005682,56.3886,4.072199345,4.067028999,1.647958517
2026-07-28T18:49:40.440220+00:00,1093.221761,open,rgb,-75.000,55.000,4,700,,0.259062500,56.3661,4.072229385,4.067043304,1.647733212
2026-07-28T18:49:40.590705+00:00,1093.372242,open,rgb,-75.000,55.000,5,700,,0.259034091,56.3597,4.072286129,4.067153931,1.647642374
2026-07-28T18:49:40.741175+00:00,1093.522714,open,rgb,-75.000,55.000,6,700,,0.258948864,56.3597,4.072237968,4.067097664,1.647884607
2026-07-28T18:49:40.891543+00:00,1093.673083,open,rgb,-75.000,55.000,7,700,,0.259034091,56.3790,4.072248459,4.067037582,1.647678494
2026-07-28T18:49:41.041954+00:00,1093.823495,open,rgb,-75.000,55.000,8,700,,0.259005682,56.4015,4.072240829,4.067299366,1.647751808
2026-07-28T18:49:41.192405+00:00,1093.973946,open,rgb,-75.000,55.000,9,700,,0.258920455,56.4079,4.072164059,4.067079067,1.647214890
2026-07-28T18:49:41.342757+00:00,1094.124297,open,rgb,-75.000,55.000,10,700,,0.259034091,56.4369,4.072226524,4.067117691,1.647803783
2026-07-28T18:49:41.493137+00:00,1094.274678,open,rgb,-75.000,55.000,11,700,,0.259062500,56.4465,4.072204590,4.067028999,1.647831917
2026-07-28T18:49:41.643549+00:00,1094.425089,open,rgb,-75.000,55.000,12,700,,0.259034091,56.4498,4.072105885,4.066949368,1.647738814
2026-07-28T18:49:41.794052+00:00,1094.575591,open,rgb,-75.000,55.000,13,700,,0.259062500,56.4594,4.072161674,4.067032814,1.647871375
2026-07-28T18:49:41.944418+00:00,1094.725959,open,rgb,-75.000,55.000,14,700,,0.259005682,56.4465,4.072078705,4.066975594,1.647994757
2026-07-28T18:49:42.094816+00:00,1094.876357,open,rgb,-75.000,55.000,15,700,,0.258948864,56.4433,4.072137356,4.066964626,1.647858024
2026-07-28T18:49:42.245066+00:00,1095.026608,open,rgb,-75.000,55.000,16,700,,0.259034091,56.4465,4.072251797,4.067046642,1.647856236
2026-07-28T18:49:42.395429+00:00,1095.176970,open,rgb,-75.000,55.000,17,700,,0.259005682,56.4530,4.072152138,4.067011356,1.647732735
2026-07-28T18:49:42.545725+00:00,1095.327266,open,rgb,-75.000,55.000,18,700,,0.258977273,56.4626,4.072329521,4.067206860,1.647696376
2026-07-28T18:49:42.696079+00:00,1095.477618,open,rgb,-75.000,55.000,19,700,,0.259005682,56.4723,4.072146893,4.066993713,1.647959828
2026-07-28T18:49:45.051298+00:00,1097.832834,open,rgb,-75.000,60.000,0,700,,0.258977273,56.3147,4.072133064,4.066938400,1.647806525
2026-07-28T18:49:45.202041+00:00,1097.983579,open,rgb,-75.000,60.000,1,700,,0.258977273,56.3115,4.072216988,4.067050934,1.647736192
2026-07-28T18:49:45.352570+00:00,1098.134110,open,rgb,-75.000,60.000,2,700,,0.259005682,56.3308,4.072147846,4.067058563,1.647880435
2026-07-28T18:49:45.503177+00:00,1098.284710,open,rgb,-75.000,60.000,3,700,,0.258977273,56.3404,4.071987152,4.066775322,1.647763968
2026-07-28T18:49:45.653703+00:00,1098.435239,open,rgb,-75.000,60.000,4,700,,0.259147727,56.3565,4.072031975,4.066952705,1.647955656
2026-07-28T18:49:45.804208+00:00,1098.585748,open,rgb,-75.000,60.000,5,700,,0.258977273,56.3115,4.072113514,4.066989422,1.647887588
2026-07-28T18:49:45.954679+00:00,1098.736218,open,rgb,-75.000,60.000,6,700,,0.259005682,56.2634,4.072231770,4.066982269,1.647688270
2026-07-28T18:49:46.105074+00:00,1098.886615,open,rgb,-75.000,60.000,7,700,,0.259090909,56.2217,4.072138786,4.067065716,1.647824287
2026-07-28T18:49:46.255468+00:00,1099.037004,open,rgb,-75.000,60.000,8,700,,0.258948864,56.2217,4.072103500,4.067026138,1.647762299
2026-07-28T18:49:46.405962+00:00,1099.187499,open,rgb,-75.000,60.000,9,700,,0.259034091,56.2666,4.072199821,4.067097187,1.647731781
2026-07-28T18:49:46.556422+00:00,1099.337962,open,rgb,-75.000,60.000,10,700,,0.259034091,56.2923,4.072147846,4.066979408,1.647915125
2026-07-28T18:49:46.706886+00:00,1099.488426,open,rgb,-75.000,60.000,11,700,,0.258892045,56.2891,4.072019100,4.066889763,1.646991968
2026-07-28T18:49:46.857251+00:00,1099.638791,open,rgb,-75.000,60.000,12,700,,0.259005682,56.3147,4.072139740,4.067048073,1.647939324
2026-07-28T18:49:47.007708+00:00,1099.789245,open,rgb,-75.000,60.000,13,700,,0.259062500,56.3083,4.072186947,4.067040443,1.647817969
2026-07-28T18:49:47.158123+00:00,1099.939664,open,rgb,-75.000,60.000,14,700,,0.258948864,56.3115,4.072181702,4.066976070,1.647711515
2026-07-28T18:49:47.308602+00:00,1100.090139,open,rgb,-75.000,60.000,15,700,,0.259005682,56.3308,4.072143555,4.067015648,1.647881866
2026-07-28T18:49:47.459102+00:00,1100.240642,open,rgb,-75.000,60.000,16,700,,0.259005682,56.3276,4.072100639,4.066959858,1.647730827
2026-07-28T18:49:47.609523+00:00,1100.391063,open,rgb,-75.000,60.000,17,700,,0.258977273,56.3276,4.072185993,4.067099094,1.647737622
2026-07-28T18:49:47.760006+00:00,1100.541547,open,rgb,-75.000,60.000,18,700,,0.259034091,56.3147,4.072034836,4.066898346,1.648023963
2026-07-28T18:49:47.910395+00:00,1100.691935,open,rgb,-75.000,60.000,19,700,,0.259005682,56.2923,4.072075367,4.066975594,1.647869229
2026-07-28T18:49:50.265545+00:00,1103.047081,open,rgb,-75.000,65.000,0,700,,0.259005682,56.2730,4.072142601,4.066992760,1.647741318
2026-07-28T18:49:50.416096+00:00,1103.197633,open,rgb,-75.000,65.000,1,700,,0.258920455,56.2762,4.072019577,4.066926956,1.647994518
2026-07-28T18:49:50.566744+00:00,1103.348280,open,rgb,-75.000,65.000,2,700,,0.259034091,56.2794,4.071969509,4.066803932,1.647814035
2026-07-28T18:49:50.717081+00:00,1103.498620,open,rgb,-75.000,65.000,3,700,,0.259034091,56.2891,4.071983337,4.066824436,1.648037434
2026-07-28T18:49:50.867451+00:00,1103.648990,open,rgb,-75.000,65.000,4,700,,0.259005682,56.2794,4.072022438,4.066897392,1.647970557
2026-07-28T18:49:51.017641+00:00,1103.799180,open,rgb,-75.000,65.000,5,700,,0.259034091,56.2506,4.072143555,4.066941738,1.647804499
2026-07-28T18:49:51.167929+00:00,1103.949468,open,rgb,-75.000,65.000,6,700,,0.258977273,56.2442,4.072161198,4.067025185,1.647815228
2026-07-28T18:49:51.318152+00:00,1104.099692,open,rgb,-75.000,65.000,7,700,,0.259034091,56.2474,4.072069645,4.066927910,1.647712469
2026-07-28T18:49:51.468378+00:00,1104.249918,open,rgb,-75.000,65.000,8,700,,0.259034091,56.2602,4.072166443,4.066994190,1.647827029
2026-07-28T18:49:51.618602+00:00,1104.400142,open,rgb,-75.000,65.000,9,700,,0.258977273,56.2698,4.072161674,4.066992283,1.647871852
2026-07-28T18:49:51.768758+00:00,1104.550297,open,rgb,-75.000,65.000,10,700,,0.259034091,56.2794,4.072102547,4.066954613,1.647711754
2026-07-28T18:49:51.918986+00:00,1104.700525,open,rgb,-75.000,65.000,11,700,,0.258977273,56.2859,4.072162628,4.067067146,1.647771835
2026-07-28T18:49:52.069114+00:00,1104.850654,open,rgb,-75.000,65.000,12,700,,0.258948864,56.2891,4.072066784,4.066921234,1.647708774
2026-07-28T18:49:52.219315+00:00,1105.000856,open,rgb,-75.000,65.000,13,700,,0.259062500,56.3051,4.072142601,4.066965580,1.647113085
2026-07-28T18:49:52.369483+00:00,1105.151023,open,rgb,-75.000,65.000,14,700,,0.258977273,56.3147,4.072157860,4.067027569,1.647918820
2026-07-28T18:49:52.519611+00:00,1105.301152,open,rgb,-75.000,65.000,15,700,,0.258948864,56.3212,4.072079182,4.066910744,1.647630453
2026-07-28T18:49:52.669823+00:00,1105.451363,open,rgb,-75.000,65.000,16,700,,0.259005682,56.3276,4.072197914,4.067079067,1.647778869
2026-07-28T18:49:52.819990+00:00,1105.601530,open,rgb,-75.000,65.000,17,700,,0.258977273,56.3276,4.072026253,4.066933155,1.647990823
2026-07-28T18:49:52.970107+00:00,1105.751646,open,rgb,-75.000,65.000,18,700,,0.259062500,56.3372,4.072115421,4.066919327,1.647714734
2026-07-28T18:49:53.120312+00:00,1105.901853,open,rgb,-75.000,65.000,19,700,,0.258948864,56.3404,4.072148323,4.067011833,1.647757888
2026-07-28T18:49:55.475632+00:00,1108.257163,open,rgb,-75.000,70.000,0,700,,0.259034091,56.2185,4.072086334,4.066919327,1.647939563
2026-07-28T18:49:55.626184+00:00,1108.407721,open,rgb,-75.000,70.000,1,700,,0.258948864,56.2282,4.072055340,4.066885948,1.647445679
2026-07-28T18:49:55.776540+00:00,1108.558078,open,rgb,-75.000,70.000,2,700,,0.259034091,56.2506,4.072031021,4.066860676,1.647890687
2026-07-28T18:49:55.926734+00:00,1108.708274,open,rgb,-75.000,70.000,3,700,,0.259034091,56.2698,4.071987629,4.066830635,1.647732735
2026-07-28T18:49:56.076939+00:00,1108.858478,open,rgb,-75.000,70.000,4,700,,0.259034091,56.2859,4.072026730,4.066962719,1.647861362
2026-07-28T18:49:56.227230+00:00,1109.008771,open,rgb,-75.000,70.000,5,700,,0.258977273,56.2153,4.072095871,4.067010403,1.647717595
2026-07-28T18:49:56.377371+00:00,1109.158908,open,rgb,-75.000,70.000,6,700,,0.258977273,56.1737,4.072052956,4.066947937,1.647473216
2026-07-28T18:49:56.527678+00:00,1109.309217,open,rgb,-75.000,70.000,7,700,,0.258977273,56.1961,4.072203636,4.067002296,1.647664189
2026-07-28T18:49:56.678170+00:00,1109.459709,open,rgb,-75.000,70.000,8,700,,0.258948864,56.2217,4.072041512,4.066854000,1.647927999
2026-07-28T18:49:56.828581+00:00,1109.610121,open,rgb,-75.000,70.000,9,700,,0.259062500,56.2185,4.072073936,4.066881657,1.647835732
2026-07-28T18:49:56.978966+00:00,1109.760506,open,rgb,-75.000,70.000,10,700,,0.259119318,56.2153,4.072046757,4.066905975,1.647863626
2026-07-28T18:49:57.129323+00:00,1109.910863,open,rgb,-75.000,70.000,11,700,,0.258977273,56.1769,4.072043896,4.066939831,1.647756457
2026-07-28T18:49:57.279699+00:00,1110.061241,open,rgb,-75.000,70.000,12,700,,0.259034091,56.1577,4.072099686,4.066945553,1.647749543
2026-07-28T18:49:57.430205+00:00,1110.211743,open,rgb,-75.000,70.000,13,700,,0.259034091,56.1577,4.072088242,4.067012787,1.647912621
2026-07-28T18:49:57.580631+00:00,1110.362172,open,rgb,-75.000,70.000,14,700,,0.258948864,56.1577,4.071998119,4.066882133,1.647797942
2026-07-28T18:49:57.731120+00:00,1110.512660,open,rgb,-75.000,70.000,15,700,,0.259034091,56.1513,4.072236061,4.066970348,1.647466421
2026-07-28T18:49:57.881486+00:00,1110.663026,open,rgb,-75.000,70.000,16,700,,0.259005682,56.1577,4.072019100,4.066901684,1.647841573
2026-07-28T18:49:58.031881+00:00,1110.813421,open,rgb,-75.000,70.000,17,700,,0.259005682,56.1737,4.072091579,4.066792011,1.647811651
2026-07-28T18:49:58.182307+00:00,1110.963847,open,rgb,-75.000,70.000,18,700,,0.259090909,56.1961,4.072004318,4.066907883,1.647960782
2026-07-28T18:49:58.332743+00:00,1111.114276,open,rgb,-75.000,70.000,19,700,,0.259005682,56.2121,4.071994305,4.066854477,1.647818208
2026-07-28T18:50:00.688291+00:00,1113.469827,open,rgb,-75.000,75.000,0,700,,0.259005682,56.2666,4.072128296,4.066890717,1.647799373
2026-07-28T18:50:00.838814+00:00,1113.620352,open,rgb,-75.000,75.000,1,700,,0.258977273,56.2891,4.072085857,4.066992283,1.647825480
2026-07-28T18:50:00.989121+00:00,1113.770659,open,rgb,-75.000,75.000,2,700,,0.259005682,56.2859,4.072021008,4.066920280,1.647700548
2026-07-28T18:50:01.139476+00:00,1113.921015,open,rgb,-75.000,75.000,3,700,,0.259034091,56.2762,4.072083950,4.066980839,1.647818208
2026-07-28T18:50:01.290398+00:00,1114.071933,open,rgb,-75.000,75.000,4,700,,0.259005682,56.2634,4.072032452,4.066928387,1.647825956
2026-07-28T18:50:01.441037+00:00,1114.222575,open,rgb,-75.000,75.000,5,700,,0.259034091,56.2314,4.071948051,4.066833973,1.647650719
2026-07-28T18:50:01.591546+00:00,1114.373086,open,rgb,-75.000,75.000,6,700,,0.259034091,56.2217,4.072032928,4.066922665,1.647858262
2026-07-28T18:50:01.742037+00:00,1114.523576,open,rgb,-75.000,75.000,7,700,,0.258977273,56.1609,4.072041988,4.066935062,1.647880197
2026-07-28T18:50:01.892497+00:00,1114.674036,open,rgb,-75.000,75.000,8,700,,0.259090909,56.1097,4.072104931,4.066930771,1.647726178
2026-07-28T18:50:02.042846+00:00,1114.824386,open,rgb,-75.000,75.000,9,700,,0.259005682,56.0938,4.072051525,4.066932678,1.647861838
2026-07-28T18:50:02.193190+00:00,1114.974730,open,rgb,-75.000,75.000,10,700,,0.258948864,56.0810,4.071942806,4.066838741,1.647698998
2026-07-28T18:50:02.343626+00:00,1115.125164,open,rgb,-75.000,75.000,11,700,,0.259062500,56.0778,4.071997166,4.066859722,1.647977591
2026-07-28T18:50:02.494035+00:00,1115.275574,open,rgb,-75.000,75.000,12,700,,0.259034091,56.1034,4.072089672,4.066921711,1.647971034
2026-07-28T18:50:02.644533+00:00,1115.426073,open,rgb,-75.000,75.000,13,700,,0.258977273,56.1225,4.071988583,4.066849709,1.647722006
2026-07-28T18:50:02.794861+00:00,1115.576401,open,rgb,-75.000,75.000,14,700,,0.259090909,56.1577,4.072067261,4.066953182,1.647878528
2026-07-28T18:50:02.945258+00:00,1115.726797,open,rgb,-75.000,75.000,15,700,,0.259034091,56.1833,4.071974277,4.066877842,1.647800565
2026-07-28T18:50:03.095728+00:00,1115.877268,open,rgb,-75.000,75.000,16,700,,0.259005682,56.1993,4.072057247,4.066786289,1.647852898
2026-07-28T18:50:03.246032+00:00,1116.027572,open,rgb,-75.000,75.000,17,700,,0.259034091,56.1929,4.072148323,4.067044735,1.647901177
2026-07-28T18:50:03.396405+00:00,1116.177945,open,rgb,-75.000,75.000,18,700,,0.259005682,56.1961,4.071959019,4.066802025,1.647823572
2026-07-28T18:50:03.546905+00:00,1116.328442,open,rgb,-75.000,75.000,19,700,,0.259034091,56.2121,4.071978569,4.066869736,1.647914648
2026-07-28T18:50:05.901883+00:00,1118.683416,open,rgb,-75.000,80.000,0,700,,0.259005682,56.2057,4.072046280,4.066923141,1.647799134
2026-07-28T18:50:06.052325+00:00,1118.833863,open,rgb,-75.000,80.000,1,700,,0.258948864,56.1577,4.072051525,4.066859245,1.647044539
2026-07-28T18:50:06.202620+00:00,1118.984159,open,rgb,-75.000,80.000,2,700,,0.259062500,56.1097,4.072031498,4.066871643,1.647764683
2026-07-28T18:50:06.352963+00:00,1119.134500,open,rgb,-75.000,80.000,3,700,,0.258977273,56.0842,4.071902275,4.066780090,1.648031116
2026-07-28T18:50:06.503246+00:00,1119.284786,open,rgb,-75.000,80.000,4,700,,0.259062500,56.0970,4.071980476,4.066768169,1.647870183
2026-07-28T18:50:06.653525+00:00,1119.435065,open,rgb,-75.000,80.000,5,700,,0.259005682,56.1385,4.071961403,4.066873550,1.647870421
2026-07-28T18:50:06.803698+00:00,1119.585238,open,rgb,-75.000,80.000,6,700,,0.259005682,56.1705,4.071991444,4.066905975,1.647830367
2026-07-28T18:50:06.953940+00:00,1119.735480,open,rgb,-75.000,80.000,7,700,,0.259062500,56.2025,4.072112560,4.066969872,1.647639513
2026-07-28T18:50:07.104115+00:00,1119.885655,open,rgb,-75.000,80.000,8,700,,0.259062500,56.2346,4.072059155,4.066945076,1.647848487
2026-07-28T18:50:07.254271+00:00,1120.035804,open,rgb,-75.000,80.000,9,700,,0.258948864,56.2538,4.071967125,4.066801548,1.647681713
2026-07-28T18:50:07.404713+00:00,1120.186250,open,rgb,-75.000,80.000,10,700,,0.259005682,56.2794,4.072017193,4.066892624,1.647896528
2026-07-28T18:50:07.555047+00:00,1120.336587,open,rgb,-75.000,80.000,11,700,,0.259062500,56.2891,4.072032928,4.066896439,1.647880912
2026-07-28T18:50:07.705179+00:00,1120.486720,open,rgb,-75.000,80.000,12,700,,0.258977273,56.2987,4.072077751,4.066906452,1.647746205
2026-07-28T18:50:07.855430+00:00,1120.636970,open,rgb,-75.000,80.000,13,700,,0.259005682,56.3051,4.072176933,4.066969395,1.647688031
2026-07-28T18:50:08.005644+00:00,1120.787183,open,rgb,-75.000,80.000,14,700,,0.258977273,56.3212,4.072006702,4.066827774,1.647743940
2026-07-28T18:50:08.155985+00:00,1120.937525,open,rgb,-75.000,80.000,15,700,,0.259062500,56.3340,4.072042942,4.066900730,1.647891641
2026-07-28T18:50:08.306240+00:00,1121.087778,open,rgb,-75.000,80.000,16,700,,0.259062500,56.3115,4.072099209,4.066914082,1.647849679
2026-07-28T18:50:08.456484+00:00,1121.238024,open,rgb,-75.000,80.000,17,700,,0.258977273,56.2923,4.071966171,4.066781521,1.647629023
2026-07-28T18:50:08.606648+00:00,1121.388189,open,rgb,-75.000,80.000,18,700,,0.259005682,56.3083,4.072074413,4.066923141,1.647909045
2026-07-28T18:50:08.756779+00:00,1121.538320,open,rgb,-75.000,80.000,19,700,,0.259034091,56.3147,4.072193146,4.067029476,1.647882938
2026-07-28T18:50:11.111587+00:00,1123.893122,open,rgb,-75.000,85.000,0,700,,0.259062500,56.3693,4.071935177,4.066892147,1.647709250
2026-07-28T18:50:11.262082+00:00,1124.043619,open,rgb,-75.000,85.000,1,700,,0.259034091,56.3790,4.072081566,4.067015171,1.647803068
2026-07-28T18:50:11.412419+00:00,1124.193958,open,rgb,-75.000,85.000,2,700,,0.259005682,56.3822,4.072040081,4.066930294,1.647932410
2026-07-28T18:50:11.562637+00:00,1124.344176,open,rgb,-75.000,85.000,3,700,,0.258948864,56.3983,4.072291374,4.067030907,1.647563100
2026-07-28T18:50:11.712868+00:00,1124.494409,open,rgb,-75.000,85.000,4,700,,0.259062500,56.4047,4.072021961,4.066977978,1.647863865
2026-07-28T18:50:11.862973+00:00,1124.644514,open,rgb,-75.000,85.000,5,700,,0.258948864,56.3854,4.072045326,4.066999912,1.647807002
2026-07-28T18:50:12.013091+00:00,1124.794631,open,rgb,-75.000,85.000,6,700,,0.258977273,56.3404,4.072159767,4.067043781,1.647761106
2026-07-28T18:50:12.163296+00:00,1124.944836,open,rgb,-75.000,85.000,7,700,,0.258920455,56.3180,4.072155952,4.067078590,1.647804499
2026-07-28T18:50:12.313493+00:00,1125.095033,open,rgb,-75.000,85.000,8,700,,0.258977273,56.3147,4.072012424,4.066961765,1.647677779
2026-07-28T18:50:12.463691+00:00,1125.245232,open,rgb,-75.000,85.000,9,700,,0.259034091,56.2538,4.072136402,4.067028522,1.647836804
2026-07-28T18:50:12.613882+00:00,1125.395423,open,rgb,-75.000,85.000,10,700,,0.258977273,56.2314,4.072095871,4.066983223,1.647731781
2026-07-28T18:50:12.763987+00:00,1125.545528,open,rgb,-75.000,85.000,11,700,,0.258977273,56.2025,4.072194099,4.066905499,1.647737145
2026-07-28T18:50:12.914080+00:00,1125.695621,open,rgb,-75.000,85.000,12,700,,0.259034091,56.1929,4.072032452,4.066957474,1.647908807
2026-07-28T18:50:13.064348+00:00,1125.845888,open,rgb,-75.000,85.000,13,700,,0.259034091,56.1833,4.072049618,4.066938877,1.647752285
2026-07-28T18:50:13.214602+00:00,1125.996142,open,rgb,-75.000,85.000,14,700,,0.259062500,56.1993,4.072173119,4.067020893,1.647811890
2026-07-28T18:50:13.365000+00:00,1126.146536,open,rgb,-75.000,85.000,15,700,,0.258948864,56.2217,4.072016716,4.066904068,1.647953153
2026-07-28T18:50:13.515473+00:00,1126.297011,open,rgb,-75.000,85.000,16,700,,0.259034091,56.2217,4.072025299,4.066914082,1.647764683
2026-07-28T18:50:13.665623+00:00,1126.447163,open,rgb,-75.000,85.000,17,700,,0.259034091,56.2506,4.072069168,4.066947937,1.647897840
2026-07-28T18:50:13.815742+00:00,1126.597283,open,rgb,-75.000,85.000,18,700,,0.259005682,56.2730,4.072063923,4.066868305,1.647905588
2026-07-28T18:50:13.965883+00:00,1126.747424,open,rgb,-75.000,85.000,19,700,,0.259062500,56.2923,4.072163582,4.066970348,1.647841334
2026-07-28T18:50:16.321025+00:00,1129.102560,open,rgb,-75.000,90.000,0,700,,0.259062500,56.2987,4.072127819,4.067020893,1.647894144
2026-07-28T18:50:16.471808+00:00,1129.253345,open,rgb,-75.000,90.000,1,700,,0.258948864,56.3019,4.072073460,4.066880703,1.647831678
2026-07-28T18:50:16.622306+00:00,1129.403846,open,rgb,-75.000,90.000,2,700,,0.259062500,56.3180,4.072089195,4.066989422,1.647766471
2026-07-28T18:50:16.772705+00:00,1129.554246,open,rgb,-75.000,90.000,3,700,,0.259005682,56.3340,4.072262287,4.067064285,1.647798181
2026-07-28T18:50:16.923078+00:00,1129.704618,open,rgb,-75.000,90.000,4,700,,0.258977273,56.3404,4.072158813,4.067023277,1.647584796
2026-07-28T18:50:17.073518+00:00,1129.855058,open,rgb,-75.000,90.000,5,700,,0.258977273,56.3565,4.072384357,4.067267895,1.647684455
2026-07-28T18:50:17.223973+00:00,1130.005514,open,rgb,-75.000,90.000,6,700,,0.258948864,56.3469,4.072107792,4.066926956,1.647875071
2026-07-28T18:50:17.374442+00:00,1130.155979,open,rgb,-75.000,90.000,7,700,,0.258977273,56.3629,4.072187424,4.067027092,1.647584558
2026-07-28T18:50:17.524799+00:00,1130.306336,open,rgb,-75.000,90.000,8,700,,0.259005682,56.3726,4.072171688,4.067010880,1.647835970
2026-07-28T18:50:17.675063+00:00,1130.456603,open,rgb,-75.000,90.000,9,700,,0.259005682,56.3822,4.072093964,4.067018509,1.647888780
2026-07-28T18:50:17.825291+00:00,1130.606831,open,rgb,-75.000,90.000,10,700,,0.259034091,56.3629,4.072163582,4.066994667,1.647827983
2026-07-28T18:50:17.975515+00:00,1130.757055,open,rgb,-75.000,90.000,11,700,,0.259034091,56.3340,4.072173595,4.067003250,1.647903919
2026-07-28T18:50:18.125662+00:00,1130.907203,open,rgb,-75.000,90.000,12,700,,0.259034091,56.3180,4.072057247,4.066962242,1.647682667
2026-07-28T18:50:18.275950+00:00,1131.057489,open,rgb,-75.000,90.000,13,700,,0.259062500,56.3340,4.072183609,4.067093849,1.647812843
2026-07-28T18:50:18.426144+00:00,1131.207685,open,rgb,-75.000,90.000,14,700,,0.259034091,56.3436,4.072038651,4.066912651,1.648072362
2026-07-28T18:50:18.576452+00:00,1131.357990,open,rgb,-75.000,90.000,15,700,,0.259034091,56.3629,4.072052002,4.066962719,1.647901654
2026-07-28T18:50:18.726683+00:00,1131.508223,open,rgb,-75.000,90.000,16,700,,0.259090909,56.3758,4.072125435,4.067014694,1.647976637
2026-07-28T18:50:18.876853+00:00,1131.658394,open,rgb,-75.000,90.000,17,700,,0.259005682,56.3758,4.072052956,4.067012787,1.647840858
2026-07-28T18:50:19.027041+00:00,1131.808581,open,rgb,-75.000,90.000,18,700,,0.258977273,56.3726,4.072098732,4.067020416,1.647824764
2026-07-28T18:50:19.177140+00:00,1131.958682,open,rgb,-75.000,90.000,19,700,,0.259034091,56.3308,4.072038651,4.066989899,1.648055196
2026-07-28T18:50:29.631490+00:00,1142.413025,open,dark,-70.000,-90.000,0,0,,0.000681818,56.2891,4.896908283,4.903519630,1.649710774
2026-07-28T18:50:29.781874+00:00,1142.563413,open,dark,-70.000,-90.000,1,0,,0.000681818,56.2089,4.896905422,4.903529167,1.649680972
2026-07-28T18:50:29.932123+00:00,1142.713662,open,dark,-70.000,-90.000,2,0,,0.000681818,56.1257,4.896901131,4.903532505,1.649469852
2026-07-28T18:50:30.082298+00:00,1142.863838,open,dark,-70.000,-90.000,3,0,,0.000681818,56.0554,4.896910667,4.903517246,1.649648786
2026-07-28T18:50:30.232445+00:00,1143.013985,open,dark,-70.000,-90.000,4,0,,0.000681818,55.9885,4.896895409,4.903533936,1.649577022
2026-07-28T18:50:30.382646+00:00,1143.164180,open,dark,-70.000,-90.000,5,0,,0.000681818,55.9311,4.896897793,4.903511524,1.649591684
2026-07-28T18:50:30.533339+00:00,1143.314870,open,dark,-70.000,-90.000,6,0,,0.000681818,55.8611,4.896895885,4.903501511,1.649145603
2026-07-28T18:50:30.683948+00:00,1143.465487,open,dark,-70.000,-90.000,7,0,,0.000681818,55.7944,4.896912098,4.903525352,1.649613142
2026-07-28T18:50:30.834153+00:00,1143.615693,open,dark,-70.000,-90.000,8,0,,0.000681818,55.7214,4.896904945,4.903538704,1.649671674
2026-07-28T18:50:30.984449+00:00,1143.765988,open,dark,-70.000,-90.000,9,0,,0.000681818,55.6359,4.896908760,4.903504848,1.649117947
2026-07-28T18:50:31.134036+00:00,1143.915569,open,dark,-70.000,-90.000,10,0,,0.000681818,55.5759,4.896897316,4.903503895,1.649665594
2026-07-28T18:50:31.284519+00:00,1144.066054,open,dark,-70.000,-90.000,11,0,,0.000681818,55.5001,4.896897316,4.903512955,1.649598002
2026-07-28T18:50:31.434889+00:00,1144.216429,open,dark,-70.000,-90.000,12,0,,0.000681818,55.4150,4.896912098,4.903508186,1.649455428
2026-07-28T18:50:31.585155+00:00,1144.366692,open,dark,-70.000,-90.000,13,0,,0.000681818,55.3426,4.896902561,4.903520584,1.649606228
2026-07-28T18:50:31.735709+00:00,1144.517248,open,dark,-70.000,-90.000,14,0,,0.000681818,55.2672,4.896910667,4.903518677,1.649802566
2026-07-28T18:50:31.886117+00:00,1144.667656,open,dark,-70.000,-90.000,15,0,,0.000681818,55.1825,4.896891594,4.903521061,1.649623632
2026-07-28T18:50:32.036533+00:00,1144.818072,open,dark,-70.000,-90.000,16,0,,0.000681818,55.1073,4.896898270,4.903506279,1.649685144
2026-07-28T18:50:32.186821+00:00,1144.968362,open,dark,-70.000,-90.000,17,0,,0.000681818,55.0261,4.896908760,4.903504372,1.649684668
2026-07-28T18:50:32.337108+00:00,1145.118646,open,dark,-70.000,-90.000,18,0,,0.000681818,54.9543,4.896901131,4.903520584,1.649476409
2026-07-28T18:50:32.487584+00:00,1145.269122,open,dark,-70.000,-90.000,19,0,,0.000681818,54.8826,4.896898746,4.903514862,1.649634600
2026-07-28T18:50:36.681477+00:00,1149.463012,open,rgb,-70.000,-90.000,0,700,,0.258835227,54.1717,4.064970493,4.060102940,1.646895885
2026-07-28T18:50:36.832084+00:00,1149.613620,open,rgb,-70.000,-90.000,1,700,,0.258863636,54.1993,4.065032005,4.060186863,1.646871686
2026-07-28T18:50:36.982585+00:00,1149.764123,open,rgb,-70.000,-90.000,2,700,,0.258863636,54.2146,4.064868927,4.060059071,1.646785021
2026-07-28T18:50:37.133010+00:00,1149.914549,open,rgb,-70.000,-90.000,3,700,,0.258892045,54.2362,4.065019131,4.060235977,1.647039413
2026-07-28T18:50:37.283446+00:00,1150.064983,open,rgb,-70.000,-90.000,4,700,,0.258892045,54.2577,4.064970970,4.060204983,1.647064805
2026-07-28T18:50:37.433943+00:00,1150.215483,open,rgb,-70.000,-90.000,5,700,,0.258892045,54.2761,4.065029144,4.060198784,1.646915317
2026-07-28T18:50:37.584358+00:00,1150.365897,open,rgb,-70.000,-90.000,6,700,,0.258863636,54.2946,4.065182686,4.060326576,1.646926045
2026-07-28T18:50:37.734670+00:00,1150.516211,open,rgb,-70.000,-90.000,7,700,,0.258835227,54.3099,4.065144539,4.060321331,1.646947384
2026-07-28T18:50:37.884997+00:00,1150.666537,open,rgb,-70.000,-90.000,8,700,,0.258892045,54.3315,4.065267086,4.060283184,1.646818161
2026-07-28T18:50:38.035354+00:00,1150.816891,open,rgb,-70.000,-90.000,9,700,,0.258948864,54.3592,4.065162659,4.060338974,1.647082329
2026-07-28T18:50:38.185692+00:00,1150.967232,open,rgb,-70.000,-90.000,10,700,,0.258892045,54.3777,4.065189838,4.060364723,1.646991014
2026-07-28T18:50:38.336084+00:00,1151.117624,open,rgb,-70.000,-90.000,11,700,,0.258778409,54.3931,4.065339565,4.060505867,1.646866322
2026-07-28T18:50:38.486419+00:00,1151.267958,open,rgb,-70.000,-90.000,12,700,,0.258835227,54.4116,4.065416336,4.060536861,1.646844268
2026-07-28T18:50:38.636718+00:00,1151.418259,open,rgb,-70.000,-90.000,13,700,,0.258863636,54.4270,4.065212727,4.060374260,1.646628022
2026-07-28T18:50:38.787047+00:00,1151.568582,open,rgb,-70.000,-90.000,14,700,,0.258863636,54.4548,4.065333366,4.060416222,1.647071123
2026-07-28T18:50:38.937501+00:00,1151.719040,open,rgb,-70.000,-90.000,15,700,,0.258835227,54.4671,4.065334320,4.060495377,1.646929264
2026-07-28T18:50:39.088000+00:00,1151.869540,open,rgb,-70.000,-90.000,16,700,,0.258863636,54.4918,4.065460205,4.060510635,1.646769643
2026-07-28T18:50:39.238425+00:00,1152.019964,open,rgb,-70.000,-90.000,17,700,,0.258863636,54.5135,4.065533638,4.060719490,1.646877289
2026-07-28T18:50:39.388804+00:00,1152.170343,open,rgb,-70.000,-90.000,18,700,,0.258863636,54.5320,4.065380573,4.060511112,1.646860719
2026-07-28T18:50:39.539173+00:00,1152.320713,open,rgb,-70.000,-90.000,19,700,,0.258892045,54.5505,4.065534115,4.060658932,1.646826267
2026-07-28T18:50:41.894335+00:00,1154.675870,open,rgb,-70.000,-85.000,0,700,,0.258863636,54.7520,4.065681934,4.060779572,1.647004724
2026-07-28T18:50:42.044918+00:00,1154.826455,open,rgb,-70.000,-85.000,1,700,,0.258863636,54.7613,4.065643787,4.060706615,1.646076202
2026-07-28T18:50:42.195254+00:00,1154.976793,open,rgb,-70.000,-85.000,2,700,,0.258920455,54.7706,4.065746307,4.060803890,1.647046447
2026-07-28T18:50:42.345492+00:00,1155.127032,open,rgb,-70.000,-85.000,3,700,,0.258806818,54.7737,4.065628529,4.060699940,1.647217393
2026-07-28T18:50:42.495696+00:00,1155.277236,open,rgb,-70.000,-85.000,4,700,,0.258892045,54.7799,4.065618515,4.060612202,1.647058487
2026-07-28T18:50:42.645946+00:00,1155.427486,open,rgb,-70.000,-85.000,5,700,,0.258977273,54.7955,4.065734863,4.060820103,1.647188783
2026-07-28T18:50:42.796114+00:00,1155.577656,open,rgb,-70.000,-85.000,6,700,,0.258920455,54.8079,4.065752029,4.060845375,1.647020340
2026-07-28T18:50:42.946379+00:00,1155.727920,open,rgb,-70.000,-85.000,7,700,,0.258835227,54.8297,4.065802574,4.060856819,1.646904111
2026-07-28T18:50:43.096478+00:00,1155.878019,open,rgb,-70.000,-85.000,8,700,,0.258892045,54.8515,4.065815926,4.060904503,1.647084594
2026-07-28T18:50:43.246736+00:00,1156.028269,open,rgb,-70.000,-85.000,9,700,,0.258863636,54.8639,4.065681458,4.060701370,1.646852612
2026-07-28T18:50:43.397179+00:00,1156.178718,open,rgb,-70.000,-85.000,10,700,,0.258892045,54.8826,4.065718174,4.060876846,1.647114873
2026-07-28T18:50:43.547499+00:00,1156.329037,open,rgb,-70.000,-85.000,11,700,,0.258892045,54.8951,4.065761089,4.060849190,1.647107482
2026-07-28T18:50:43.697685+00:00,1156.479226,open,rgb,-70.000,-85.000,12,700,,0.258920455,54.9075,4.065837860,4.060826778,1.646950483
2026-07-28T18:50:43.847941+00:00,1156.629482,open,rgb,-70.000,-85.000,13,700,,0.258892045,54.9262,4.065834999,4.060979843,1.647155881
2026-07-28T18:50:43.998070+00:00,1156.779610,open,rgb,-70.000,-85.000,14,700,,0.258892045,54.9356,4.065800190,4.060879707,1.646993995
2026-07-28T18:50:44.148313+00:00,1156.929852,open,rgb,-70.000,-85.000,15,700,,0.258892045,54.9512,4.065913677,4.061001301,1.647035003
2026-07-28T18:50:44.298642+00:00,1157.080182,open,rgb,-70.000,-85.000,16,700,,0.258920455,54.9699,4.065793514,4.060895443,1.647223473
2026-07-28T18:50:44.448853+00:00,1157.230394,open,rgb,-70.000,-85.000,17,700,,0.258920455,54.9761,4.065775394,4.060865879,1.647080660
2026-07-28T18:50:44.598996+00:00,1157.380536,open,rgb,-70.000,-85.000,18,700,,0.258835227,54.9917,4.065917969,4.061063766,1.647072315
2026-07-28T18:50:44.749096+00:00,1157.530637,open,rgb,-70.000,-85.000,19,700,,0.258835227,54.9980,4.066067219,4.061155796,1.647106528
2026-07-28T18:50:47.104564+00:00,1159.886100,open,rgb,-70.000,-80.000,0,700,,0.258920455,55.1199,4.065846920,4.060954094,1.647046208
2026-07-28T18:50:47.255201+00:00,1160.036739,open,rgb,-70.000,-80.000,1,700,,0.258863636,55.1386,4.066001415,4.061120033,1.647095323
2026-07-28T18:50:47.405724+00:00,1160.187261,open,rgb,-70.000,-80.000,2,700,,0.258835227,55.1480,4.066028118,4.061121941,1.647089720
2026-07-28T18:50:47.556223+00:00,1160.337763,open,rgb,-70.000,-80.000,3,700,,0.258835227,55.1637,4.066344738,4.061064720,1.646553278
2026-07-28T18:50:47.706591+00:00,1160.488131,open,rgb,-70.000,-80.000,4,700,,0.258835227,55.1825,4.066079140,4.061122417,1.647078156
2026-07-28T18:50:47.856980+00:00,1160.638520,open,rgb,-70.000,-80.000,5,700,,0.258806818,55.1888,4.066061974,4.061084747,1.646956563
2026-07-28T18:50:48.007420+00:00,1160.788960,open,rgb,-70.000,-80.000,6,700,,0.258863636,55.2076,4.066069603,4.061156273,1.647041559
2026-07-28T18:50:48.157739+00:00,1160.939277,open,rgb,-70.000,-80.000,7,700,,0.258892045,55.2170,4.066101074,4.061141968,1.646976590
2026-07-28T18:50:48.308306+00:00,1161.089845,open,rgb,-70.000,-80.000,8,700,,0.258920455,55.2233,4.066023350,4.061054230,1.646842360
2026-07-28T18:50:48.458747+00:00,1161.240287,open,rgb,-70.000,-80.000,9,700,,0.258948864,55.2452,4.066131115,4.061178207,1.647142172
2026-07-28T18:50:48.609192+00:00,1161.390729,open,rgb,-70.000,-80.000,10,700,,0.258920455,55.2484,4.065989494,4.061088085,1.647330642
2026-07-28T18:50:48.759581+00:00,1161.541121,open,rgb,-70.000,-80.000,11,700,,0.258920455,55.2640,4.066014767,4.061036587,1.647235155
2026-07-28T18:50:48.909945+00:00,1161.691484,open,rgb,-70.000,-80.000,12,700,,0.258920455,55.2672,4.066047192,4.061169147,1.647194862
2026-07-28T18:50:49.060153+00:00,1161.841693,open,rgb,-70.000,-80.000,13,700,,0.258892045,55.2672,4.066030502,4.061045170,1.647065520
2026-07-28T18:50:49.210348+00:00,1161.991889,open,rgb,-70.000,-80.000,14,700,,0.258835227,55.2609,4.066118240,4.061197281,1.647097707
2026-07-28T18:50:49.360799+00:00,1162.142336,open,rgb,-70.000,-80.000,15,700,,0.258863636,55.2515,4.066106319,4.061146736,1.647168040
2026-07-28T18:50:49.511095+00:00,1162.292635,open,rgb,-70.000,-80.000,16,700,,0.258892045,55.2515,4.066100121,4.061187267,1.646994948
2026-07-28T18:50:49.661360+00:00,1162.442901,open,rgb,-70.000,-80.000,17,700,,0.258863636,55.2609,4.066184998,4.061265469,1.647078991
2026-07-28T18:50:49.811524+00:00,1162.593065,open,rgb,-70.000,-80.000,18,700,,0.258863636,55.2703,4.066183090,4.061170101,1.647052765
2026-07-28T18:50:49.961636+00:00,1162.743176,open,rgb,-70.000,-80.000,19,700,,0.258920455,55.2860,4.066251755,4.061210632,1.646997929
2026-07-28T18:50:52.316607+00:00,1165.098141,open,rgb,-70.000,-75.000,0,700,,0.258778409,55.4465,4.065833092,4.060919285,1.646894336
2026-07-28T18:50:52.467051+00:00,1165.248589,open,rgb,-70.000,-75.000,1,700,,0.258806818,55.4465,4.065787792,4.060904503,1.646938801
2026-07-28T18:50:52.617360+00:00,1165.398898,open,rgb,-70.000,-75.000,2,700,,0.258835227,55.4622,4.065900803,4.060844421,1.646893620
2026-07-28T18:50:52.767590+00:00,1165.549130,open,rgb,-70.000,-75.000,3,700,,0.258920455,55.4811,4.065769196,4.060921192,1.647238374
2026-07-28T18:50:52.917794+00:00,1165.699335,open,rgb,-70.000,-75.000,4,700,,0.258835227,55.4875,4.065710068,4.060799122,1.646990538
2026-07-28T18:50:53.068006+00:00,1165.849545,open,rgb,-70.000,-75.000,5,700,,0.258863636,55.5001,4.066097260,4.061142921,1.647104621
2026-07-28T18:50:53.218156+00:00,1165.999696,open,rgb,-70.000,-75.000,6,700,,0.258750000,55.5001,4.065787315,4.060873032,1.647219777
2026-07-28T18:50:53.368363+00:00,1166.149901,open,rgb,-70.000,-75.000,7,700,,0.258806818,55.5032,4.065800190,4.060810089,1.647062778
2026-07-28T18:50:53.518594+00:00,1166.300133,open,rgb,-70.000,-75.000,8,700,,0.258892045,55.5127,4.065886497,4.060913086,1.647139430
2026-07-28T18:50:53.668696+00:00,1166.450237,open,rgb,-70.000,-75.000,9,700,,0.258806818,55.5159,4.065923214,4.060927391,1.647005200
2026-07-28T18:50:53.818971+00:00,1166.600511,open,rgb,-70.000,-75.000,10,700,,0.258920455,55.5253,4.065957546,4.061017036,1.646867037
2026-07-28T18:50:53.969102+00:00,1166.750642,open,rgb,-70.000,-75.000,11,700,,0.258892045,55.5379,4.065848351,4.060956955,1.647174358
2026-07-28T18:50:54.119406+00:00,1166.900946,open,rgb,-70.000,-75.000,12,700,,0.258920455,55.5443,4.065828800,4.060887814,1.647016406
2026-07-28T18:50:54.269572+00:00,1167.051111,open,rgb,-70.000,-75.000,13,700,,0.258892045,55.5537,4.065846920,4.060949802,1.647076488
2026-07-28T18:50:54.419849+00:00,1167.201387,open,rgb,-70.000,-75.000,14,700,,0.258892045,55.5601,4.065918446,4.061013699,1.647111654
2026-07-28T18:50:54.569966+00:00,1167.351507,open,rgb,-70.000,-75.000,15,700,,0.258806818,55.5632,4.065958023,4.060909748,1.646870732
2026-07-28T18:50:54.720185+00:00,1167.501726,open,rgb,-70.000,-75.000,16,700,,0.258920455,55.5759,4.065949440,4.061007977,1.647135377
2026-07-28T18:50:54.870335+00:00,1167.651875,open,rgb,-70.000,-75.000,17,700,,0.258892045,55.5727,4.065869808,4.060948372,1.647035241
2026-07-28T18:50:55.020679+00:00,1167.802218,open,rgb,-70.000,-75.000,18,700,,0.258892045,55.5790,4.065969944,4.061058998,1.647020340
2026-07-28T18:50:55.170802+00:00,1167.952343,open,rgb,-70.000,-75.000,19,700,,0.258892045,55.5853,4.065929413,4.060984612,1.647055030
2026-07-28T18:50:57.525999+00:00,1170.307534,open,rgb,-70.000,-70.000,0,700,,0.258948864,55.6771,4.067096233,4.062132835,1.646947384
2026-07-28T18:50:57.676421+00:00,1170.457961,open,rgb,-70.000,-70.000,1,700,,0.258778409,55.6897,4.067251682,4.062312126,1.646980286
2026-07-28T18:50:57.826581+00:00,1170.608120,open,rgb,-70.000,-70.000,2,700,,0.258892045,55.6993,4.067193031,4.062202454,1.647093534
2026-07-28T18:50:57.976782+00:00,1170.758322,open,rgb,-70.000,-70.000,3,700,,0.258892045,55.7056,4.067103863,4.062125683,1.646883368
2026-07-28T18:50:58.126993+00:00,1170.908533,open,rgb,-70.000,-70.000,4,700,,0.258977273,55.7246,4.067163467,4.062211037,1.647113323
2026-07-28T18:50:58.277155+00:00,1171.058695,open,rgb,-70.000,-70.000,5,700,,0.259005682,55.7341,4.067132473,4.062153339,1.647233486
2026-07-28T18:50:58.427397+00:00,1171.208936,open,rgb,-70.000,-70.000,6,700,,0.258892045,55.7468,4.067252636,4.062175751,1.647037148
2026-07-28T18:50:58.577639+00:00,1171.359178,open,rgb,-70.000,-70.000,7,700,,0.258920455,55.7468,4.067390442,4.062516212,1.647068381
2026-07-28T18:50:58.727838+00:00,1171.509379,open,rgb,-70.000,-70.000,8,700,,0.258750000,55.7309,4.067223549,4.062281132,1.646775484
2026-07-28T18:50:58.877940+00:00,1171.659481,open,rgb,-70.000,-70.000,9,700,,0.258835227,55.7500,4.067338943,4.062370300,1.646914601
2026-07-28T18:50:59.028148+00:00,1171.809688,open,rgb,-70.000,-70.000,10,700,,0.258835227,55.7595,4.067314148,4.062335968,1.647079468
2026-07-28T18:50:59.178337+00:00,1171.959877,open,rgb,-70.000,-70.000,11,700,,0.258863636,55.7563,4.067266464,4.062293053,1.646786451
2026-07-28T18:50:59.328463+00:00,1172.110003,open,rgb,-70.000,-70.000,12,700,,0.258892045,55.7595,4.067400455,4.062420845,1.646900654
2026-07-28T18:50:59.478747+00:00,1172.260286,open,rgb,-70.000,-70.000,13,700,,0.258835227,55.7595,4.067303658,4.062360764,1.646968365
2026-07-28T18:50:59.628945+00:00,1172.410485,open,rgb,-70.000,-70.000,14,700,,0.258920455,55.7722,4.067368031,4.062247753,1.646898508
2026-07-28T18:50:59.779100+00:00,1172.560639,open,rgb,-70.000,-70.000,15,700,,0.258892045,55.7754,4.067309856,4.062332153,1.647119164
2026-07-28T18:50:59.929323+00:00,1172.710863,open,rgb,-70.000,-70.000,16,700,,0.258835227,55.7754,4.067270756,4.062302113,1.646963477
2026-07-28T18:51:00.079600+00:00,1172.861140,open,rgb,-70.000,-70.000,17,700,,0.258806818,55.7754,4.067265511,4.062330723,1.646991968
2026-07-28T18:51:00.229797+00:00,1173.011337,open,rgb,-70.000,-70.000,18,700,,0.258920455,55.7785,4.067392349,4.062414646,1.647035718
2026-07-28T18:51:00.379967+00:00,1173.161507,open,rgb,-70.000,-70.000,19,700,,0.258806818,55.7849,4.067227364,4.062287331,1.646829963
2026-07-28T18:51:02.735091+00:00,1175.516627,open,rgb,-70.000,-65.000,0,700,,0.258977273,55.8738,4.068632603,4.063552856,1.646951437
2026-07-28T18:51:02.885467+00:00,1175.667006,open,rgb,-70.000,-65.000,1,700,,0.258892045,55.8866,4.068558693,4.063490391,1.647191763
2026-07-28T18:51:03.035742+00:00,1175.817280,open,rgb,-70.000,-65.000,2,700,,0.258892045,55.8929,4.068570614,4.063499451,1.647094131
2026-07-28T18:51:03.186231+00:00,1175.967771,open,rgb,-70.000,-65.000,3,700,,0.258892045,55.8961,4.068600178,4.063554764,1.647051334
2026-07-28T18:51:03.336651+00:00,1176.118191,open,rgb,-70.000,-65.000,4,700,,0.258948864,55.9025,4.068552017,4.063560486,1.647018433
2026-07-28T18:51:03.487097+00:00,1176.268636,open,rgb,-70.000,-65.000,5,700,,0.258863636,55.9184,4.068667412,4.063566208,1.646941781
2026-07-28T18:51:03.637626+00:00,1176.419166,open,rgb,-70.000,-65.000,6,700,,0.258892045,55.9375,4.068570614,4.063567162,1.647192717
2026-07-28T18:51:03.787853+00:00,1176.569393,open,rgb,-70.000,-65.000,7,700,,0.258920455,55.9407,4.068553925,4.063539505,1.646973729
2026-07-28T18:51:03.937978+00:00,1176.719520,open,rgb,-70.000,-65.000,8,700,,0.258920455,55.9502,4.068594933,4.063581467,1.647079706
2026-07-28T18:51:04.088308+00:00,1176.869846,open,rgb,-70.000,-65.000,9,700,,0.258920455,55.9598,4.068578720,4.063745499,1.647178292
2026-07-28T18:51:04.238477+00:00,1177.020017,open,rgb,-70.000,-65.000,10,700,,0.258892045,55.9598,4.068546295,4.063518047,1.646455646
2026-07-28T18:51:04.388760+00:00,1177.170300,open,rgb,-70.000,-65.000,11,700,,0.258977273,55.9821,4.068670273,4.063671112,1.647046685
2026-07-28T18:51:04.539015+00:00,1177.320555,open,rgb,-70.000,-65.000,12,700,,0.258892045,55.9853,4.068614483,4.063613892,1.646980762
2026-07-28T18:51:04.689264+00:00,1177.470803,open,rgb,-70.000,-65.000,13,700,,0.258863636,55.9980,4.068686485,4.063665390,1.646900415
2026-07-28T18:51:04.839523+00:00,1177.621063,open,rgb,-70.000,-65.000,14,700,,0.258977273,56.0076,4.068697453,4.063678741,1.647025466
2026-07-28T18:51:04.989637+00:00,1177.771177,open,rgb,-70.000,-65.000,15,700,,0.258863636,56.0108,4.068555355,4.063619137,1.646880507
2026-07-28T18:51:05.139871+00:00,1177.921411,open,rgb,-70.000,-65.000,16,700,,0.258892045,56.0203,4.068686962,4.063719749,1.647049665
2026-07-28T18:51:05.289979+00:00,1178.071520,open,rgb,-70.000,-65.000,17,700,,0.258863636,56.0203,4.068736076,4.063697815,1.647025943
2026-07-28T18:51:05.440103+00:00,1178.221644,open,rgb,-70.000,-65.000,18,700,,0.258892045,56.0140,4.068742752,4.063632488,1.646880984
2026-07-28T18:51:05.590283+00:00,1178.371819,open,rgb,-70.000,-65.000,19,700,,0.258806818,56.0172,4.068693161,4.063728333,1.647021770
2026-07-28T18:51:07.945705+00:00,1180.727238,open,rgb,-70.000,-60.000,0,700,,0.258806818,55.9757,4.069168091,4.064009190,1.647252321
2026-07-28T18:51:08.096342+00:00,1180.877881,open,rgb,-70.000,-60.000,1,700,,0.258920455,55.9725,4.069298744,4.064013481,1.647014022
2026-07-28T18:51:08.246868+00:00,1181.028405,open,rgb,-70.000,-60.000,2,700,,0.258948864,55.9598,4.069333076,4.064204693,1.647042990
2026-07-28T18:51:08.397352+00:00,1181.178890,open,rgb,-70.000,-60.000,3,700,,0.258835227,55.9407,4.069322109,4.064156055,1.646907806
2026-07-28T18:51:08.547862+00:00,1181.329401,open,rgb,-70.000,-60.000,4,700,,0.258863636,55.9311,4.069409847,4.064221859,1.647008419
2026-07-28T18:51:08.698413+00:00,1181.479950,open,rgb,-70.000,-60.000,5,700,,0.258892045,55.9502,4.069345951,4.064118385,1.647034287
2026-07-28T18:51:08.848830+00:00,1181.630368,open,rgb,-70.000,-60.000,6,700,,0.258920455,55.9470,4.069351673,4.064087391,1.646840215
2026-07-28T18:51:08.999262+00:00,1181.780801,open,rgb,-70.000,-60.000,7,700,,0.258948864,55.9438,4.069371223,4.064170837,1.646974444
2026-07-28T18:51:09.149618+00:00,1181.931159,open,rgb,-70.000,-60.000,8,700,,0.258920455,55.9566,4.069351196,4.064206600,1.647072792
2026-07-28T18:51:09.300007+00:00,1182.081549,open,rgb,-70.000,-60.000,9,700,,0.258948864,55.9598,4.069402695,4.064033508,1.646896362
2026-07-28T18:51:09.450374+00:00,1182.231914,open,rgb,-70.000,-60.000,10,700,,0.258920455,55.9789,4.069331169,4.064098835,1.647151470
2026-07-28T18:51:09.600734+00:00,1182.382275,open,rgb,-70.000,-60.000,11,700,,0.258920455,55.9885,4.069370270,4.064112663,1.647005916
2026-07-28T18:51:09.751102+00:00,1182.532641,open,rgb,-70.000,-60.000,12,700,,0.258892045,55.9980,4.069481850,4.064236641,1.646234751
2026-07-28T18:51:09.901480+00:00,1182.683021,open,rgb,-70.000,-60.000,13,700,,0.258892045,56.0363,4.069389343,4.064209938,1.647082329
2026-07-28T18:51:10.051882+00:00,1182.833421,open,rgb,-70.000,-60.000,14,700,,0.258948864,56.0459,4.069295406,4.064138889,1.646823525
2026-07-28T18:51:10.202230+00:00,1182.983769,open,rgb,-70.000,-60.000,15,700,,0.258892045,56.0618,4.069405079,4.064177513,1.647037387
2026-07-28T18:51:10.352672+00:00,1183.134212,open,rgb,-70.000,-60.000,16,700,,0.258835227,56.0682,4.069342136,4.064132690,1.647037148
2026-07-28T18:51:10.503084+00:00,1183.284624,open,rgb,-70.000,-60.000,17,700,,0.258892045,56.0810,4.069394588,4.063990116,1.647044778
2026-07-28T18:51:10.653555+00:00,1183.435091,open,rgb,-70.000,-60.000,18,700,,0.258892045,56.1002,4.069355965,4.064081192,1.647152901
2026-07-28T18:51:10.803496+00:00,1183.585034,open,rgb,-70.000,-60.000,19,700,,0.258920455,56.0938,4.069244385,4.063790321,1.647058725
2026-07-28T18:51:13.158229+00:00,1185.939762,open,rgb,-70.000,-55.000,0,700,,0.258863636,56.1161,4.069865704,4.064274788,1.646863818
2026-07-28T18:51:13.308569+00:00,1186.090104,open,rgb,-70.000,-55.000,1,700,,0.258977273,56.1193,4.069766045,4.064417362,1.647035241
2026-07-28T18:51:13.458894+00:00,1186.240432,open,rgb,-70.000,-55.000,2,700,,0.258863636,56.1066,4.069717884,4.064324379,1.646883607
2026-07-28T18:51:13.609197+00:00,1186.390729,open,rgb,-70.000,-55.000,3,700,,0.258892045,56.1097,4.069783688,4.064402103,1.646999121
2026-07-28T18:51:13.759555+00:00,1186.541094,open,rgb,-70.000,-55.000,4,700,,0.258863636,56.1129,4.069740772,4.064395905,1.647052526
2026-07-28T18:51:13.909805+00:00,1186.691344,open,rgb,-70.000,-55.000,5,700,,0.258948864,56.0938,4.069775581,4.064404964,1.646827459
2026-07-28T18:51:14.060046+00:00,1186.841585,open,rgb,-70.000,-55.000,6,700,,0.258892045,56.0874,4.069794655,4.064460278,1.646949768
2026-07-28T18:51:14.210355+00:00,1186.991895,open,rgb,-70.000,-55.000,7,700,,0.258863636,56.0714,4.069725990,4.064383984,1.647063255
2026-07-28T18:51:14.360717+00:00,1187.142257,open,rgb,-70.000,-55.000,8,700,,0.258863636,56.0650,4.069779396,4.064395428,1.647014499
2026-07-28T18:51:14.511205+00:00,1187.292744,open,rgb,-70.000,-55.000,9,700,,0.258892045,56.0650,4.069824219,4.064443111,1.647038698
2026-07-28T18:51:14.661541+00:00,1187.443082,open,rgb,-70.000,-55.000,10,700,,0.258920455,56.0810,4.069744587,4.064388752,1.646806002
2026-07-28T18:51:14.812007+00:00,1187.593545,open,rgb,-70.000,-55.000,11,700,,0.258892045,56.0970,4.069865227,4.064453602,1.646928787
2026-07-28T18:51:14.962411+00:00,1187.743950,open,rgb,-70.000,-55.000,12,700,,0.258863636,56.0746,4.069850922,4.064496994,1.646919727
2026-07-28T18:51:15.112738+00:00,1187.894276,open,rgb,-70.000,-55.000,13,700,,0.258892045,56.0586,4.069684029,4.064333439,1.646742225
2026-07-28T18:51:15.263107+00:00,1188.044648,open,rgb,-70.000,-55.000,14,700,,0.258948864,56.0523,4.069801807,4.064392090,1.646461248
2026-07-28T18:51:15.413472+00:00,1188.195012,open,rgb,-70.000,-55.000,15,700,,0.258892045,56.0299,4.069814205,4.064410210,1.647077680
2026-07-28T18:51:15.563940+00:00,1188.345476,open,rgb,-70.000,-55.000,16,700,,0.258835227,56.0235,4.070094109,4.064599037,1.646878481
2026-07-28T18:51:15.714337+00:00,1188.495877,open,rgb,-70.000,-55.000,17,700,,0.258892045,56.0299,4.069818497,4.064477921,1.647024512
2026-07-28T18:51:15.864636+00:00,1188.646176,open,rgb,-70.000,-55.000,18,700,,0.258806818,56.0267,4.069779873,4.064457893,1.646848917
2026-07-28T18:51:16.014871+00:00,1188.796411,open,rgb,-70.000,-55.000,19,700,,0.258863636,56.0172,4.069808960,4.064531803,1.646899462
2026-07-28T18:51:18.372287+00:00,1191.153819,open,rgb,-70.000,-50.000,0,700,,0.258920455,56.1897,4.069692135,4.064941883,1.646608949
2026-07-28T18:51:18.523025+00:00,1191.304562,open,rgb,-70.000,-50.000,1,700,,0.258920455,56.1993,4.069975376,4.064936161,1.647005439
2026-07-28T18:51:18.673625+00:00,1191.455164,open,rgb,-70.000,-50.000,2,700,,0.258892045,56.1993,4.070064545,4.065052509,1.646991968
2026-07-28T18:51:18.824083+00:00,1191.605622,open,rgb,-70.000,-50.000,3,700,,0.258892045,56.1961,4.070016861,4.065007210,1.647237420
2026-07-28T18:51:18.974566+00:00,1191.756101,open,rgb,-70.000,-50.000,4,700,,0.258920455,56.1993,4.069989681,4.064902306,1.647124887
2026-07-28T18:51:19.125079+00:00,1191.906617,open,rgb,-70.000,-50.000,5,700,,0.258948864,56.2025,4.070071697,4.065026283,1.647128701
2026-07-28T18:51:19.275340+00:00,1192.056876,open,rgb,-70.000,-50.000,6,700,,0.258863636,56.1737,4.070042610,4.065080643,1.647014737
2026-07-28T18:51:19.425929+00:00,1192.207466,open,rgb,-70.000,-50.000,7,700,,0.258863636,56.1449,4.070264339,4.065163136,1.646865010
2026-07-28T18:51:19.576516+00:00,1192.358055,open,rgb,-70.000,-50.000,8,700,,0.258892045,56.1545,4.070139885,4.065103531,1.646920681
2026-07-28T18:51:19.726878+00:00,1192.508418,open,rgb,-70.000,-50.000,9,700,,0.258863636,56.1609,4.070041656,4.065044403,1.646828890
2026-07-28T18:51:19.877355+00:00,1192.658895,open,rgb,-70.000,-50.000,10,700,,0.258920455,56.1577,4.070119381,4.065025806,1.646967649
2026-07-28T18:51:20.027797+00:00,1192.809336,open,rgb,-70.000,-50.000,11,700,,0.258892045,56.1066,4.070072174,4.065060616,1.647083282
2026-07-28T18:51:20.178259+00:00,1192.959800,open,rgb,-70.000,-50.000,12,700,,0.258948864,56.1129,4.070104122,4.065065861,1.646835566
2026-07-28T18:51:20.328645+00:00,1193.110184,open,rgb,-70.000,-50.000,13,700,,0.258948864,56.1289,4.070385933,4.065342903,1.646982551
2026-07-28T18:51:20.479029+00:00,1193.260569,open,rgb,-70.000,-50.000,14,700,,0.258863636,56.1449,4.070274830,4.065258026,1.646920443
2026-07-28T18:51:20.629555+00:00,1193.411091,open,rgb,-70.000,-50.000,15,700,,0.258863636,56.1609,4.070158482,4.065123081,1.647028446
2026-07-28T18:51:20.780035+00:00,1193.561571,open,rgb,-70.000,-50.000,16,700,,0.258892045,56.1865,4.070378304,4.065131664,1.646529913
2026-07-28T18:51:20.930354+00:00,1193.711894,open,rgb,-70.000,-50.000,17,700,,0.258920455,56.1897,4.070045471,4.065046787,1.646864057
2026-07-28T18:51:21.080627+00:00,1193.862164,open,rgb,-70.000,-50.000,18,700,,0.258920455,56.1993,4.070170403,4.065176487,1.647043347
2026-07-28T18:51:21.230963+00:00,1194.012503,open,rgb,-70.000,-50.000,19,700,,0.258835227,56.1993,4.070127487,4.065070629,1.647112608
2026-07-28T18:51:23.585947+00:00,1196.367483,open,rgb,-70.000,-45.000,0,700,,0.258892045,56.2506,4.070599079,4.065063000,1.646319866
2026-07-28T18:51:23.736426+00:00,1196.517962,open,rgb,-70.000,-45.000,1,700,,0.258920455,56.2666,4.070697308,4.065746784,1.646981478
2026-07-28T18:51:23.886897+00:00,1196.668437,open,rgb,-70.000,-45.000,2,700,,0.258863636,56.2666,4.070706367,4.065717220,1.647045016
2026-07-28T18:51:24.037215+00:00,1196.818755,open,rgb,-70.000,-45.000,3,700,,0.258835227,56.2730,4.070695400,4.065682888,1.646851182
2026-07-28T18:51:24.187610+00:00,1196.969148,open,rgb,-70.000,-45.000,4,700,,0.258863636,56.2762,4.070705891,4.065802097,1.646921992
2026-07-28T18:51:24.337896+00:00,1197.119436,open,rgb,-70.000,-45.000,5,700,,0.258806818,56.2762,4.070551395,4.065606117,1.646972299
2026-07-28T18:51:24.488113+00:00,1197.269653,open,rgb,-70.000,-45.000,6,700,,0.258920455,56.2891,4.070660114,4.065701485,1.647138238
2026-07-28T18:51:24.638313+00:00,1197.419854,open,rgb,-70.000,-45.000,7,700,,0.258920455,56.2955,4.070587635,4.065626621,1.647254229
2026-07-28T18:51:24.788473+00:00,1197.570014,open,rgb,-70.000,-45.000,8,700,,0.258863636,56.2955,4.070598602,4.065658569,1.647046208
2026-07-28T18:51:24.938629+00:00,1197.720170,open,rgb,-70.000,-45.000,9,700,,0.258835227,56.2923,4.070698261,4.065745354,1.647042274
2026-07-28T18:51:25.088807+00:00,1197.870344,open,rgb,-70.000,-45.000,10,700,,0.258863636,56.2859,4.070757389,4.065776348,1.646993279
2026-07-28T18:51:25.239016+00:00,1198.020556,open,rgb,-70.000,-45.000,11,700,,0.258892045,56.2762,4.070834160,4.065711975,1.646863580
2026-07-28T18:51:25.389479+00:00,1198.171016,open,rgb,-70.000,-45.000,12,700,,0.258920455,56.2762,4.070755959,4.065760136,1.647018433
2026-07-28T18:51:25.539858+00:00,1198.321396,open,rgb,-70.000,-45.000,13,700,,0.258806818,56.2538,4.070701122,4.065724373,1.646912932
2026-07-28T18:51:25.690198+00:00,1198.471732,open,rgb,-70.000,-45.000,14,700,,0.258920455,56.2378,4.070540428,4.065575123,1.647032022
2026-07-28T18:51:25.840520+00:00,1198.622059,open,rgb,-70.000,-45.000,15,700,,0.258920455,56.2378,4.070422173,4.065417767,1.647231221
2026-07-28T18:51:25.990655+00:00,1198.772195,open,rgb,-70.000,-45.000,16,700,,0.258948864,56.2249,4.070438385,4.065440655,1.647146344
2026-07-28T18:51:26.140889+00:00,1198.922428,open,rgb,-70.000,-45.000,17,700,,0.258948864,56.2057,4.070526600,4.065535545,1.647055507
2026-07-28T18:51:26.290992+00:00,1199.072528,open,rgb,-70.000,-45.000,18,700,,0.258977273,56.1961,4.070540428,4.065622330,1.647086740
2026-07-28T18:51:26.441277+00:00,1199.222816,open,rgb,-70.000,-45.000,19,700,,0.258892045,56.1993,4.070511341,4.065461159,1.647068977
2026-07-28T18:51:28.796488+00:00,1201.578023,open,rgb,-70.000,-40.000,0,700,,0.258948864,56.1897,4.070648193,4.065762043,1.647025704
2026-07-28T18:51:28.947496+00:00,1201.729031,open,rgb,-70.000,-40.000,1,700,,0.258920455,56.1993,4.070462227,4.065684795,1.647195101
2026-07-28T18:51:29.098058+00:00,1201.879596,open,rgb,-70.000,-40.000,2,700,,0.258948864,56.2057,4.070740700,4.065657139,1.646437287
2026-07-28T18:51:29.248582+00:00,1202.030119,open,rgb,-70.000,-40.000,3,700,,0.258948864,56.2249,4.070533752,4.065747261,1.647173643
2026-07-28T18:51:29.399120+00:00,1202.180659,open,rgb,-70.000,-40.000,4,700,,0.258948864,56.2185,4.070560932,4.065741062,1.647011757
2026-07-28T18:51:29.549551+00:00,1202.331089,open,rgb,-70.000,-40.000,5,700,,0.259005682,56.2025,4.070651054,4.065810680,1.647073269
2026-07-28T18:51:29.699989+00:00,1202.481530,open,rgb,-70.000,-40.000,6,700,,0.258948864,56.1865,4.070546150,4.065731525,1.647169232
2026-07-28T18:51:29.850390+00:00,1202.631931,open,rgb,-70.000,-40.000,7,700,,0.258948864,56.1449,4.070494652,4.065706253,1.646965623
2026-07-28T18:51:30.000728+00:00,1202.782268,open,rgb,-70.000,-40.000,8,700,,0.258977273,56.1225,4.070605278,4.065769196,1.647077918
2026-07-28T18:51:30.151124+00:00,1202.932664,open,rgb,-70.000,-40.000,9,700,,0.258948864,56.1193,4.070529938,4.065731049,1.647078633
2026-07-28T18:51:30.301486+00:00,1203.083026,open,rgb,-70.000,-40.000,10,700,,0.258920455,56.1097,4.070648670,4.065709114,1.647024274
2026-07-28T18:51:30.451989+00:00,1203.233530,open,rgb,-70.000,-40.000,11,700,,0.258948864,56.1193,4.070573330,4.065783024,1.647152424
2026-07-28T18:51:30.602408+00:00,1203.383944,open,rgb,-70.000,-40.000,12,700,,0.258948864,56.1257,4.070510864,4.065732479,1.647014499
2026-07-28T18:51:30.752762+00:00,1203.534302,open,rgb,-70.000,-40.000,13,700,,0.258948864,56.1257,4.070630074,4.065884113,1.646937609
2026-07-28T18:51:30.903033+00:00,1203.684574,open,rgb,-70.000,-40.000,14,700,,0.258920455,56.1193,4.070625305,4.065795898,1.646989107
2026-07-28T18:51:31.053197+00:00,1203.834737,open,rgb,-70.000,-40.000,15,700,,0.258920455,56.1321,4.070563316,4.065728664,1.646885037
2026-07-28T18:51:31.203466+00:00,1203.985006,open,rgb,-70.000,-40.000,16,700,,0.258920455,56.1449,4.070608616,4.065838814,1.646944880
2026-07-28T18:51:31.354051+00:00,1204.135585,open,rgb,-70.000,-40.000,17,700,,0.258948864,56.1513,4.070591450,4.065799236,1.646905899
2026-07-28T18:51:31.504673+00:00,1204.286212,open,rgb,-70.000,-40.000,18,700,,0.258920455,56.1705,4.070631027,4.065744400,1.646940947
2026-07-28T18:51:31.655114+00:00,1204.436655,open,rgb,-70.000,-40.000,19,700,,0.259005682,56.1865,4.070525169,4.065788269,1.647093058
2026-07-28T18:51:34.010242+00:00,1206.791777,open,rgb,-70.000,-35.000,0,700,,0.259034091,56.1609,4.070585251,4.065814495,1.647174835
2026-07-28T18:51:34.161065+00:00,1206.942598,open,rgb,-70.000,-35.000,1,700,,0.259005682,56.1321,4.070618153,4.065833569,1.647055507
2026-07-28T18:51:34.311507+00:00,1207.093045,open,rgb,-70.000,-35.000,2,700,,0.259034091,56.0938,4.070615292,4.065854549,1.647239089
2026-07-28T18:51:34.461792+00:00,1207.243330,open,rgb,-70.000,-35.000,3,700,,0.258948864,56.0810,4.070541382,4.065846920,1.647075057
2026-07-28T18:51:34.612029+00:00,1207.393568,open,rgb,-70.000,-35.000,4,700,,0.259005682,56.0874,4.070806026,4.066011906,1.646834850
2026-07-28T18:51:34.762302+00:00,1207.543842,open,rgb,-70.000,-35.000,5,700,,0.259062500,56.1034,4.070567131,4.065827847,1.647280812
2026-07-28T18:51:34.912508+00:00,1207.694048,open,rgb,-70.000,-35.000,6,700,,0.258977273,56.1257,4.070571423,4.065822601,1.647058964
2026-07-28T18:51:35.062665+00:00,1207.844205,open,rgb,-70.000,-35.000,7,700,,0.259005682,56.1161,4.070617676,4.065882206,1.647134900
2026-07-28T18:51:35.212942+00:00,1207.994482,open,rgb,-70.000,-35.000,8,700,,0.259005682,56.0172,4.070568562,4.065888405,1.647120476
2026-07-28T18:51:35.363111+00:00,1208.144650,open,rgb,-70.000,-35.000,9,700,,0.259034091,55.9948,4.070637703,4.065894127,1.647043824
2026-07-28T18:51:35.513485+00:00,1208.295025,open,rgb,-70.000,-35.000,10,700,,0.259034091,56.0076,4.070586681,4.065877914,1.647173166
2026-07-28T18:51:35.664206+00:00,1208.445741,open,rgb,-70.000,-35.000,11,700,,0.259005682,55.9821,4.070534229,4.065827370,1.646980524
2026-07-28T18:51:35.814832+00:00,1208.596370,open,rgb,-70.000,-35.000,12,700,,0.259005682,55.9725,4.070625782,4.065932274,1.647104621
2026-07-28T18:51:35.965237+00:00,1208.746778,open,rgb,-70.000,-35.000,13,700,,0.258920455,55.9821,4.070622444,4.065918446,1.647264957
2026-07-28T18:51:36.115627+00:00,1208.897167,open,rgb,-70.000,-35.000,14,700,,0.259005682,55.9630,4.070607185,4.065812111,1.647050619
2026-07-28T18:51:36.266079+00:00,1209.047615,open,rgb,-70.000,-35.000,15,700,,0.259034091,55.9853,4.070544720,4.065853596,1.647159696
2026-07-28T18:51:36.416662+00:00,1209.198201,open,rgb,-70.000,-35.000,16,700,,0.259005682,56.0076,4.070541382,4.065851212,1.647088647
2026-07-28T18:51:36.567187+00:00,1209.348727,open,rgb,-70.000,-35.000,17,700,,0.259034091,56.0267,4.070638180,4.065962315,1.647036195
2026-07-28T18:51:36.717569+00:00,1209.499108,open,rgb,-70.000,-35.000,18,700,,0.259062500,56.0491,4.070641518,4.065902710,1.647078395
2026-07-28T18:51:36.867951+00:00,1209.649492,open,rgb,-70.000,-35.000,19,700,,0.258948864,56.0650,4.070609570,4.065935135,1.646966934
2026-07-28T18:51:39.223087+00:00,1212.004621,open,rgb,-70.000,-30.000,0,700,,0.258920455,56.1417,4.071005821,4.066230774,1.646947384
2026-07-28T18:51:39.374757+00:00,1212.156289,open,rgb,-70.000,-30.000,1,700,,0.258920455,56.1513,4.070670605,4.066193104,1.646975875
2026-07-28T18:51:39.525387+00:00,1212.306924,open,rgb,-70.000,-30.000,2,700,,0.258892045,56.1513,4.070827961,4.066081524,1.646735907
2026-07-28T18:51:39.675935+00:00,1212.457472,open,rgb,-70.000,-30.000,3,700,,0.259005682,56.1513,4.070905685,4.066183567,1.647071838
2026-07-28T18:51:39.826369+00:00,1212.607906,open,rgb,-70.000,-30.000,4,700,,0.258948864,56.1417,4.070878983,4.066118240,1.647078991
2026-07-28T18:51:39.976743+00:00,1212.758283,open,rgb,-70.000,-30.000,5,700,,0.258948864,56.1449,4.070995331,4.066145420,1.646852851
2026-07-28T18:51:40.127105+00:00,1212.908644,open,rgb,-70.000,-30.000,6,700,,0.258977273,56.1481,4.071126461,4.066372395,1.646987915
2026-07-28T18:51:40.277474+00:00,1213.059014,open,rgb,-70.000,-30.000,7,700,,0.258920455,56.1641,4.070840359,4.066097736,1.647001743
2026-07-28T18:51:40.427891+00:00,1213.209429,open,rgb,-70.000,-30.000,8,700,,0.258920455,56.1865,4.071033478,4.066153049,1.647013068
2026-07-28T18:51:40.578269+00:00,1213.359809,open,rgb,-70.000,-30.000,9,700,,0.259005682,56.1961,4.070954323,4.066196918,1.647032261
2026-07-28T18:51:40.728758+00:00,1213.510295,open,rgb,-70.000,-30.000,10,700,,0.258948864,56.2121,4.070672512,4.065956116,1.646800876
2026-07-28T18:51:40.879266+00:00,1213.660806,open,rgb,-70.000,-30.000,11,700,,0.259005682,56.2185,4.070752144,4.066054344,1.647052765
2026-07-28T18:51:41.029636+00:00,1213.811176,open,rgb,-70.000,-30.000,12,700,,0.258920455,56.2249,4.070707321,4.065927029,1.647115827
2026-07-28T18:51:41.180096+00:00,1213.961636,open,rgb,-70.000,-30.000,13,700,,0.259034091,56.2346,4.070783138,4.065906048,1.646997094
2026-07-28T18:51:41.330411+00:00,1214.111952,open,rgb,-70.000,-30.000,14,700,,0.259062500,56.2410,4.070713997,4.066028118,1.647066712
2026-07-28T18:51:41.480767+00:00,1214.262306,open,rgb,-70.000,-30.000,15,700,,0.259005682,56.2217,4.070758343,4.065965652,1.646904349
2026-07-28T18:51:41.631175+00:00,1214.412714,open,rgb,-70.000,-30.000,16,700,,0.259034091,56.1801,4.070857048,4.066121578,1.646891475
2026-07-28T18:51:41.781513+00:00,1214.563055,open,rgb,-70.000,-30.000,17,700,,0.258977273,56.1833,4.070708752,4.066018105,1.647095084
2026-07-28T18:51:41.931878+00:00,1214.713417,open,rgb,-70.000,-30.000,18,700,,0.259005682,56.1929,4.070644855,4.065965176,1.646838427
2026-07-28T18:51:42.082254+00:00,1214.863794,open,rgb,-70.000,-30.000,19,700,,0.259005682,56.2153,4.070792675,4.066003799,1.647059917
2026-07-28T18:51:44.437156+00:00,1217.218690,open,rgb,-70.000,-25.000,0,700,,0.259034091,56.3019,4.071103096,4.066147804,1.646972775
2026-07-28T18:51:44.587902+00:00,1217.369438,open,rgb,-70.000,-25.000,1,700,,0.258892045,56.2923,4.071024895,4.065566540,1.646795511
2026-07-28T18:51:44.738417+00:00,1217.519954,open,rgb,-70.000,-25.000,2,700,,0.259005682,56.2859,4.071085930,4.066179276,1.646970272
2026-07-28T18:51:44.888703+00:00,1217.670244,open,rgb,-70.000,-25.000,3,700,,0.258948864,56.2730,4.071050167,4.066089630,1.647004724
2026-07-28T18:51:45.038905+00:00,1217.820446,open,rgb,-70.000,-25.000,4,700,,0.258948864,56.2730,4.071132660,4.066056728,1.646889687
2026-07-28T18:51:45.189104+00:00,1217.970645,open,rgb,-70.000,-25.000,5,700,,0.259005682,56.2827,4.071101665,4.066175461,1.647049427
2026-07-28T18:51:45.338965+00:00,1218.120503,open,rgb,-70.000,-25.000,6,700,,0.258977273,56.2827,4.070921421,4.065930367,1.646806717
2026-07-28T18:51:45.489295+00:00,1218.270835,open,rgb,-70.000,-25.000,7,700,,0.259062500,56.3083,4.070934296,4.066000938,1.647007108
2026-07-28T18:51:45.639742+00:00,1218.421276,open,rgb,-70.000,-25.000,8,700,,0.258977273,56.3244,4.070946217,4.065798759,1.647289157
2026-07-28T18:51:45.790337+00:00,1218.571875,open,rgb,-70.000,-25.000,9,700,,0.258892045,56.3147,4.070809364,4.065931320,1.646952033
2026-07-28T18:51:45.940688+00:00,1218.722227,open,rgb,-70.000,-25.000,10,700,,0.258977273,56.3276,4.070881844,4.065964699,1.647075534
2026-07-28T18:51:46.091149+00:00,1218.872688,open,rgb,-70.000,-25.000,11,700,,0.259005682,56.3244,4.070806980,4.065913200,1.647103786
2026-07-28T18:51:46.241631+00:00,1219.023168,open,rgb,-70.000,-25.000,12,700,,0.259062500,56.3308,4.070854187,4.065883636,1.647125125
2026-07-28T18:51:46.392303+00:00,1219.173842,open,rgb,-70.000,-25.000,13,700,,0.258948864,56.3244,4.070875645,4.066015244,1.646983027
2026-07-28T18:51:46.542936+00:00,1219.324473,open,rgb,-70.000,-25.000,14,700,,0.259034091,56.3212,4.070816040,4.065895557,1.646815062
2026-07-28T18:51:46.693471+00:00,1219.475010,open,rgb,-70.000,-25.000,15,700,,0.259034091,56.3276,4.070913315,4.065993309,1.646954179
2026-07-28T18:51:46.843893+00:00,1219.625433,open,rgb,-70.000,-25.000,16,700,,0.259005682,56.3372,4.070900917,4.065992832,1.646946073
2026-07-28T18:51:46.994233+00:00,1219.775773,open,rgb,-70.000,-25.000,17,700,,0.259005682,56.3404,4.070858955,4.065891266,1.646737576
2026-07-28T18:51:47.144658+00:00,1219.926196,open,rgb,-70.000,-25.000,18,700,,0.259005682,56.3501,4.070895672,4.066013336,1.646982312
2026-07-28T18:51:47.295090+00:00,1220.076628,open,rgb,-70.000,-25.000,19,700,,0.258977273,56.3533,4.070859909,4.065930367,1.646954894
2026-07-28T18:51:49.650186+00:00,1222.431721,open,rgb,-70.000,-20.000,0,700,,0.258977273,56.4015,4.070977211,4.066096306,1.646927595
2026-07-28T18:51:49.800936+00:00,1222.582473,open,rgb,-70.000,-20.000,1,700,,0.258920455,56.4047,4.071133614,4.066272736,1.646600723
2026-07-28T18:51:49.951750+00:00,1222.733283,open,rgb,-70.000,-20.000,2,700,,0.259005682,56.4208,4.070998192,4.066117287,1.646904111
2026-07-28T18:51:50.102172+00:00,1222.883710,open,rgb,-70.000,-20.000,3,700,,0.259034091,56.4111,4.071103096,4.066185474,1.646935582
2026-07-28T18:51:50.252479+00:00,1223.034018,open,rgb,-70.000,-20.000,4,700,,0.259005682,56.4111,4.071090221,4.066181660,1.647085071
2026-07-28T18:51:50.402671+00:00,1223.184211,open,rgb,-70.000,-20.000,5,700,,0.258920455,56.4079,4.071018219,4.066158772,1.646833777
2026-07-28T18:51:50.552999+00:00,1223.334537,open,rgb,-70.000,-20.000,6,700,,0.258948864,56.4047,4.071089268,4.066250801,1.646961451
2026-07-28T18:51:50.703339+00:00,1223.484874,open,rgb,-70.000,-20.000,7,700,,0.258920455,56.3886,4.071069717,4.066174984,1.647010565
2026-07-28T18:51:50.853657+00:00,1223.635195,open,rgb,-70.000,-20.000,8,700,,0.258948864,56.3919,4.071018219,4.066099167,1.646877289
2026-07-28T18:51:51.003936+00:00,1223.785476,open,rgb,-70.000,-20.000,9,700,,0.258977273,56.3983,4.071060181,4.066217422,1.647029161
2026-07-28T18:51:51.154173+00:00,1223.935713,open,rgb,-70.000,-20.000,10,700,,0.258948864,56.3983,4.071030617,4.066286564,1.646970034
2026-07-28T18:51:51.304518+00:00,1224.086058,open,rgb,-70.000,-20.000,11,700,,0.258892045,56.3983,4.071079731,4.066182613,1.646606803
2026-07-28T18:51:51.454668+00:00,1224.236208,open,rgb,-70.000,-20.000,12,700,,0.259005682,56.4079,4.071048260,4.066215992,1.647074819
2026-07-28T18:51:51.604910+00:00,1224.386451,open,rgb,-70.000,-20.000,13,700,,0.258948864,56.4015,4.070978642,4.066156387,1.646881461
2026-07-28T18:51:51.755069+00:00,1224.536610,open,rgb,-70.000,-20.000,14,700,,0.258977273,56.4079,4.071038246,4.066241264,1.647010326
2026-07-28T18:51:51.905295+00:00,1224.686836,open,rgb,-70.000,-20.000,15,700,,0.258977273,56.4111,4.071024895,4.066207409,1.647094131
2026-07-28T18:51:52.055490+00:00,1224.837030,open,rgb,-70.000,-20.000,16,700,,0.258977273,56.4176,4.071051121,4.066215515,1.646898031
2026-07-28T18:51:52.205627+00:00,1224.987168,open,rgb,-70.000,-20.000,17,700,,0.258977273,56.4272,4.071076393,4.066263199,1.647073865
2026-07-28T18:51:52.355871+00:00,1225.137411,open,rgb,-70.000,-20.000,18,700,,0.258977273,56.4305,4.071050644,4.066300869,1.646958590
2026-07-28T18:51:52.506070+00:00,1225.287610,open,rgb,-70.000,-20.000,19,700,,0.258892045,56.4176,4.071378231,4.066551685,1.646853089
2026-07-28T18:51:54.860915+00:00,1227.642452,open,rgb,-70.000,-15.000,0,700,,0.259005682,56.3436,4.071133614,4.066229343,1.646996379
2026-07-28T18:51:55.011409+00:00,1227.792946,open,rgb,-70.000,-15.000,1,700,,0.259005682,56.3565,4.071081638,4.066145897,1.646881938
2026-07-28T18:51:55.161802+00:00,1227.943335,open,rgb,-70.000,-15.000,2,700,,0.259005682,56.3083,4.071132183,4.066234112,1.647065282
2026-07-28T18:51:55.312459+00:00,1228.093994,open,rgb,-70.000,-15.000,3,700,,0.258977273,56.2634,4.071191788,4.066291809,1.646949291
2026-07-28T18:51:55.462834+00:00,1228.244374,open,rgb,-70.000,-15.000,4,700,,0.258977273,56.2762,4.071147919,4.066184521,1.646712184
2026-07-28T18:51:55.613158+00:00,1228.394693,open,rgb,-70.000,-15.000,5,700,,0.259062500,56.3244,4.071217537,4.066251755,1.646949530
2026-07-28T18:51:55.763482+00:00,1228.545021,open,rgb,-70.000,-15.000,6,700,,0.259005682,56.3501,4.071187973,4.066233635,1.647068977
2026-07-28T18:51:55.913802+00:00,1228.695337,open,rgb,-70.000,-15.000,7,700,,0.259005682,56.3790,4.071197033,4.066167355,1.646988392
2026-07-28T18:51:56.064118+00:00,1228.845657,open,rgb,-70.000,-15.000,8,700,,0.258977273,56.4015,4.071295261,4.066321850,1.646990061
2026-07-28T18:51:56.214282+00:00,1228.995823,open,rgb,-70.000,-15.000,9,700,,0.259005682,56.4079,4.071176529,4.066219807,1.646824002
2026-07-28T18:51:56.364612+00:00,1229.146149,open,rgb,-70.000,-15.000,10,700,,0.258948864,56.4240,4.071237564,4.066312790,1.647003531
2026-07-28T18:51:56.514957+00:00,1229.296496,open,rgb,-70.000,-15.000,11,700,,0.259005682,56.4305,4.071200371,4.066265583,1.647110939
2026-07-28T18:51:56.665127+00:00,1229.446667,open,rgb,-70.000,-15.000,12,700,,0.258977273,56.4240,4.071186066,4.066231728,1.646941185
2026-07-28T18:51:56.815414+00:00,1229.596953,open,rgb,-70.000,-15.000,13,700,,0.258948864,56.4208,4.071259975,4.066268921,1.646239042
2026-07-28T18:51:56.965627+00:00,1229.747167,open,rgb,-70.000,-15.000,14,700,,0.259005682,56.4369,4.071232796,4.066279411,1.646957874
2026-07-28T18:51:57.115916+00:00,1229.897455,open,rgb,-70.000,-15.000,15,700,,0.258977273,56.4498,4.071342468,4.066224575,1.646826982
2026-07-28T18:51:57.266161+00:00,1230.047703,open,rgb,-70.000,-15.000,16,700,,0.259005682,56.4626,4.071336746,4.066342831,1.646942496
2026-07-28T18:51:57.416433+00:00,1230.197973,open,rgb,-70.000,-15.000,17,700,,0.258948864,56.4659,4.071148396,4.066195488,1.646830201
2026-07-28T18:51:57.566820+00:00,1230.348360,open,rgb,-70.000,-15.000,18,700,,0.259005682,56.4820,4.071313858,4.066310406,1.646971226
2026-07-28T18:51:57.717202+00:00,1230.498740,open,rgb,-70.000,-15.000,19,700,,0.258977273,56.4852,4.071314812,4.066366196,1.646926403
2026-07-28T18:52:00.072443+00:00,1232.853979,open,rgb,-70.000,-10.000,0,700,,0.258948864,56.4176,4.071333885,4.066266537,1.646836519
2026-07-28T18:52:00.223132+00:00,1233.004670,open,rgb,-70.000,-10.000,1,700,,0.258948864,56.4111,4.071427822,4.066392899,1.646825075
2026-07-28T18:52:00.373521+00:00,1233.155053,open,rgb,-70.000,-10.000,2,700,,0.259005682,56.4079,4.071025372,4.066306591,1.646940947
2026-07-28T18:52:00.524004+00:00,1233.305542,open,rgb,-70.000,-10.000,3,700,,0.258977273,56.4176,4.071288586,4.066237450,1.646771789
2026-07-28T18:52:00.674226+00:00,1233.455762,open,rgb,-70.000,-10.000,4,700,,0.258948864,56.4401,4.071377754,4.066362858,1.646939278
2026-07-28T18:52:00.825023+00:00,1233.606557,open,rgb,-70.000,-10.000,5,700,,0.259005682,56.4465,4.071353436,4.066297531,1.646906853
2026-07-28T18:52:00.975472+00:00,1233.757009,open,rgb,-70.000,-10.000,6,700,,0.259005682,56.4530,4.071397305,4.066167831,1.646789670
2026-07-28T18:52:01.125720+00:00,1233.907259,open,rgb,-70.000,-10.000,7,700,,0.259119318,56.4723,4.071279526,4.066210270,1.647079229
2026-07-28T18:52:01.275899+00:00,1234.057433,open,rgb,-70.000,-10.000,8,700,,0.258948864,56.4723,4.071229935,4.066228867,1.646984220
2026-07-28T18:52:01.426205+00:00,1234.207744,open,rgb,-70.000,-10.000,9,700,,0.259005682,56.4659,4.071360588,4.066343307,1.646869183
2026-07-28T18:52:01.576445+00:00,1234.357983,open,rgb,-70.000,-10.000,10,700,,0.258977273,56.4691,4.071403027,4.066305637,1.646975398
2026-07-28T18:52:01.726652+00:00,1234.508193,open,rgb,-70.000,-10.000,11,700,,0.258948864,56.4626,4.071320057,4.066286564,1.646763206
2026-07-28T18:52:01.876898+00:00,1234.658439,open,rgb,-70.000,-10.000,12,700,,0.258977273,56.4465,4.071403503,4.066429615,1.646816492
2026-07-28T18:52:02.027067+00:00,1234.808607,open,rgb,-70.000,-10.000,13,700,,0.259005682,56.4015,4.071342468,4.066330910,1.646801829
2026-07-28T18:52:02.177322+00:00,1234.958862,open,rgb,-70.000,-10.000,14,700,,0.259005682,56.4015,4.071382046,4.066285610,1.646727324
2026-07-28T18:52:02.327639+00:00,1235.109176,open,rgb,-70.000,-10.000,15,700,,0.259034091,56.4240,4.071334839,4.066297531,1.646305442
2026-07-28T18:52:02.477902+00:00,1235.259442,open,rgb,-70.000,-10.000,16,700,,0.259034091,56.4176,4.071281433,4.066271305,1.646757126
2026-07-28T18:52:02.628123+00:00,1235.409663,open,rgb,-70.000,-10.000,17,700,,0.259005682,56.4240,4.071365833,4.066337585,1.646942973
2026-07-28T18:52:02.778296+00:00,1235.559837,open,rgb,-70.000,-10.000,18,700,,0.259005682,56.4208,4.071378231,4.066329002,1.646983743
2026-07-28T18:52:02.928715+00:00,1235.710253,open,rgb,-70.000,-10.000,19,700,,0.259005682,56.3919,4.071305275,4.066156387,1.646839380
2026-07-28T18:52:05.283990+00:00,1238.065527,open,rgb,-70.000,-5.000,0,700,,0.259034091,56.5013,4.071413517,4.066172123,1.647023559
2026-07-28T18:52:05.434627+00:00,1238.216164,open,rgb,-70.000,-5.000,1,700,,0.258892045,56.4949,4.071317196,4.066103935,1.647120714
2026-07-28T18:52:05.584957+00:00,1238.366493,open,rgb,-70.000,-5.000,2,700,,0.259062500,56.5206,4.071352959,4.065470695,1.647008657
2026-07-28T18:52:05.735404+00:00,1238.516939,open,rgb,-70.000,-5.000,3,700,,0.259062500,56.5400,4.071398258,4.066165924,1.647123575
2026-07-28T18:52:05.886028+00:00,1238.667568,open,rgb,-70.000,-5.000,4,700,,0.259034091,56.5368,4.071292400,4.066073418,1.647054553
2026-07-28T18:52:06.036546+00:00,1238.818086,open,rgb,-70.000,-5.000,5,700,,0.259005682,56.5368,4.071406364,4.066193104,1.647144079
2026-07-28T18:52:06.187040+00:00,1238.968577,open,rgb,-70.000,-5.000,6,700,,0.259034091,56.5432,4.071395874,4.066224098,1.647075295
2026-07-28T18:52:06.337614+00:00,1239.119152,open,rgb,-70.000,-5.000,7,700,,0.258977273,56.5400,4.071622372,4.066376686,1.646937609
2026-07-28T18:52:06.488101+00:00,1239.269640,open,rgb,-70.000,-5.000,8,700,,0.258948864,56.5239,4.071722984,4.066493511,1.646940947
2026-07-28T18:52:06.638474+00:00,1239.420015,open,rgb,-70.000,-5.000,9,700,,0.258863636,56.5142,4.071604729,4.066428185,1.647094131
2026-07-28T18:52:06.788876+00:00,1239.570417,open,rgb,-70.000,-5.000,10,700,,0.258977273,56.5206,4.071547508,4.066273689,1.646941185
2026-07-28T18:52:06.939176+00:00,1239.720716,open,rgb,-70.000,-5.000,11,700,,0.258977273,56.5239,4.071699142,4.066434860,1.647100449
2026-07-28T18:52:07.089719+00:00,1239.871257,open,rgb,-70.000,-5.000,12,700,,0.259005682,56.5271,4.071600914,4.066417694,1.647063255
2026-07-28T18:52:07.240198+00:00,1240.021738,open,rgb,-70.000,-5.000,13,700,,0.258977273,56.4530,4.071794033,4.066534996,1.646838188
2026-07-28T18:52:07.390684+00:00,1240.172221,open,rgb,-70.000,-5.000,14,700,,0.258977273,56.3854,4.071765423,4.066541672,1.646918535
2026-07-28T18:52:07.541151+00:00,1240.322690,open,rgb,-70.000,-5.000,15,700,,0.258948864,56.3983,4.071707726,4.066470146,1.646756887
2026-07-28T18:52:07.691690+00:00,1240.473229,open,rgb,-70.000,-5.000,16,700,,0.258892045,56.4240,4.071828842,4.066617012,1.646915078
2026-07-28T18:52:07.842033+00:00,1240.623574,open,rgb,-70.000,-5.000,17,700,,0.258892045,56.4272,4.071833611,4.066428661,1.646692514
2026-07-28T18:52:07.992517+00:00,1240.774048,open,rgb,-70.000,-5.000,18,700,,0.258920455,56.4401,4.071743011,4.066113472,1.646974921
2026-07-28T18:52:08.142961+00:00,1240.924499,open,rgb,-70.000,-5.000,19,700,,0.259062500,56.4691,4.071501732,4.066263676,1.647104621
2026-07-28T18:52:10.498002+00:00,1243.279538,open,rgb,-70.000,0.000,0,700,,0.258977273,56.4659,4.071526051,4.066399574,1.646907806
2026-07-28T18:52:10.648527+00:00,1243.430062,open,rgb,-70.000,0.000,1,700,,0.259005682,56.4852,4.071578979,4.066339016,1.646290302
2026-07-28T18:52:10.798992+00:00,1243.580530,open,rgb,-70.000,0.000,2,700,,0.258977273,56.5078,4.071597576,4.066523552,1.647100687
2026-07-28T18:52:10.950499+00:00,1243.732034,open,rgb,-70.000,0.000,3,700,,0.259005682,56.5303,4.071600914,4.066495419,1.646898746
2026-07-28T18:52:11.101095+00:00,1243.882633,open,rgb,-70.000,0.000,4,700,,0.258948864,56.5174,4.071688175,4.066592216,1.646862388
2026-07-28T18:52:11.251630+00:00,1244.033167,open,rgb,-70.000,0.000,5,700,,0.259062500,56.5271,4.071620941,4.066457748,1.647096038
2026-07-28T18:52:11.402045+00:00,1244.183584,open,rgb,-70.000,0.000,6,700,,0.259034091,56.5174,4.071625233,4.066519260,1.646874309
2026-07-28T18:52:11.552508+00:00,1244.334047,open,rgb,-70.000,0.000,7,700,,0.259005682,56.5239,4.071668148,4.066570282,1.646822572
2026-07-28T18:52:11.702884+00:00,1244.484425,open,rgb,-70.000,0.000,8,700,,0.258948864,56.5303,4.071624279,4.066544533,1.646952510
2026-07-28T18:52:11.853184+00:00,1244.634725,open,rgb,-70.000,0.000,9,700,,0.258977273,56.5335,4.071707249,4.066503048,1.646783471
2026-07-28T18:52:12.003576+00:00,1244.785116,open,rgb,-70.000,0.000,10,700,,0.259005682,56.5303,4.071646214,4.066536427,1.646934152
2026-07-28T18:52:12.153950+00:00,1244.935489,open,rgb,-70.000,0.000,11,700,,0.258948864,56.5303,4.071470261,4.066425323,1.646847486
2026-07-28T18:52:12.304430+00:00,1245.085970,open,rgb,-70.000,0.000,12,700,,0.258977273,56.5368,4.071650028,4.066555977,1.646961689
2026-07-28T18:52:12.454816+00:00,1245.236356,open,rgb,-70.000,0.000,13,700,,0.259005682,56.5303,4.071553230,4.066455364,1.647108674
2026-07-28T18:52:12.605185+00:00,1245.386726,open,rgb,-70.000,0.000,14,700,,0.258948864,56.4626,4.071492195,4.066432476,1.646949053
2026-07-28T18:52:12.755550+00:00,1245.537091,open,rgb,-70.000,0.000,15,700,,0.259005682,56.4176,4.071812153,4.066747665,1.646979570
2026-07-28T18:52:12.905889+00:00,1245.687430,open,rgb,-70.000,0.000,16,700,,0.258863636,56.3854,4.071882248,4.066732407,1.646878004
2026-07-28T18:52:13.056193+00:00,1245.837734,open,rgb,-70.000,0.000,17,700,,0.258920455,56.4079,4.071959496,4.066684246,1.646761298
2026-07-28T18:52:13.206606+00:00,1245.988146,open,rgb,-70.000,0.000,18,700,,0.258948864,56.4240,4.071894646,4.066770554,1.646898985
2026-07-28T18:52:13.357070+00:00,1246.138607,open,rgb,-70.000,0.000,19,700,,0.258892045,56.4240,4.071923256,4.066864967,1.646674633
2026-07-28T18:52:15.712253+00:00,1248.493787,open,rgb,-70.000,5.000,0,700,,0.258948864,56.3597,4.071714878,4.066503525,1.646973729
2026-07-28T18:52:15.863064+00:00,1248.644601,open,rgb,-70.000,5.000,1,700,,0.258948864,56.3597,4.071691513,4.066597939,1.647010803
2026-07-28T18:52:16.013489+00:00,1248.795029,open,rgb,-70.000,5.000,2,700,,0.259034091,56.3565,4.071715355,4.066605568,1.646870494
2026-07-28T18:52:16.163991+00:00,1248.945525,open,rgb,-70.000,5.000,3,700,,0.259005682,56.3501,4.071812153,4.066688538,1.646251321
2026-07-28T18:52:16.314750+00:00,1249.096284,open,rgb,-70.000,5.000,4,700,,0.259005682,56.3565,4.071646690,4.066526413,1.647177577
2026-07-28T18:52:16.465304+00:00,1249.246844,open,rgb,-70.000,5.000,5,700,,0.259005682,56.3758,4.071605682,4.066522598,1.646926403
2026-07-28T18:52:16.615871+00:00,1249.397410,open,rgb,-70.000,5.000,6,700,,0.259034091,56.3919,4.071672916,4.066628456,1.646974444
2026-07-28T18:52:16.766272+00:00,1249.547812,open,rgb,-70.000,5.000,7,700,,0.258948864,56.3983,4.071702480,4.066568375,1.647014737
2026-07-28T18:52:16.916625+00:00,1249.698165,open,rgb,-70.000,5.000,8,700,,0.258977273,56.4015,4.071778774,4.066561699,1.646919250
2026-07-28T18:52:17.066981+00:00,1249.848521,open,rgb,-70.000,5.000,9,700,,0.259034091,56.4015,4.071743011,4.066658974,1.646969795
2026-07-28T18:52:17.217362+00:00,1249.998902,open,rgb,-70.000,5.000,10,700,,0.258948864,56.4015,4.071668625,4.066613197,1.646770597
2026-07-28T18:52:17.367823+00:00,1250.149360,open,rgb,-70.000,5.000,11,700,,0.258977273,56.4079,4.071744442,4.066638470,1.646924853
2026-07-28T18:52:17.518262+00:00,1250.299801,open,rgb,-70.000,5.000,12,700,,0.259005682,56.4305,4.071708679,4.066641331,1.647119999
2026-07-28T18:52:17.668643+00:00,1250.450184,open,rgb,-70.000,5.000,13,700,,0.258920455,56.4498,4.071627617,4.066559792,1.646908045
2026-07-28T18:52:17.819002+00:00,1250.600543,open,rgb,-70.000,5.000,14,700,,0.259062500,56.4691,4.071689129,4.066628456,1.647084355
2026-07-28T18:52:17.969293+00:00,1250.750833,open,rgb,-70.000,5.000,15,700,,0.259034091,56.4755,4.071679115,4.066611290,1.647050142
2026-07-28T18:52:18.119535+00:00,1250.901075,open,rgb,-70.000,5.000,16,700,,0.259005682,56.4820,4.071741104,4.066566467,1.646900654
2026-07-28T18:52:18.269719+00:00,1251.051258,open,rgb,-70.000,5.000,17,700,,0.259034091,56.4755,4.071707726,4.066657066,1.647146344
2026-07-28T18:52:18.419964+00:00,1251.201504,open,rgb,-70.000,5.000,18,700,,0.258977273,56.4723,4.071680069,4.066584587,1.646924376
2026-07-28T18:52:18.570132+00:00,1251.351672,open,rgb,-70.000,5.000,19,700,,0.259005682,56.4916,4.071739197,4.066638470,1.647023797
2026-07-28T18:52:20.925258+00:00,1253.706792,open,rgb,-70.000,10.000,0,700,,0.258977273,56.3726,4.071626186,4.066611290,1.647087693
2026-07-28T18:52:21.075817+00:00,1253.857355,open,rgb,-70.000,10.000,1,700,,0.258863636,56.3854,4.071559906,4.066548824,1.646860957
2026-07-28T18:52:21.226152+00:00,1254.007691,open,rgb,-70.000,10.000,2,700,,0.259005682,56.4144,4.071681023,4.066619396,1.646997929
2026-07-28T18:52:21.376675+00:00,1254.158208,open,rgb,-70.000,10.000,3,700,,0.258948864,56.4240,4.071464062,4.066677570,1.646880150
2026-07-28T18:52:21.527344+00:00,1254.308879,open,rgb,-70.000,10.000,4,700,,0.258920455,56.4272,4.071571827,4.066498756,1.646659970
2026-07-28T18:52:21.677656+00:00,1254.459195,open,rgb,-70.000,10.000,5,700,,0.259005682,56.4111,4.071871281,4.066705704,1.646642923
2026-07-28T18:52:21.827921+00:00,1254.609459,open,rgb,-70.000,10.000,6,700,,0.259005682,56.3693,4.071630955,4.066619396,1.646914840
2026-07-28T18:52:21.978226+00:00,1254.759764,open,rgb,-70.000,10.000,7,700,,0.258948864,56.3533,4.071691513,4.066675186,1.646869183
2026-07-28T18:52:22.128534+00:00,1254.910073,open,rgb,-70.000,10.000,8,700,,0.259062500,56.3533,4.071621418,4.066601276,1.647020817
2026-07-28T18:52:22.278809+00:00,1255.060349,open,rgb,-70.000,10.000,9,700,,0.258977273,56.3533,4.071538925,4.066479206,1.646924853
2026-07-28T18:52:22.428991+00:00,1255.210531,open,rgb,-70.000,10.000,10,700,,0.259005682,56.3822,4.071620941,4.066669464,1.647047400
2026-07-28T18:52:22.579170+00:00,1255.360710,open,rgb,-70.000,10.000,11,700,,0.258948864,56.4047,4.071567059,4.066561699,1.647106290
2026-07-28T18:52:22.729353+00:00,1255.510894,open,rgb,-70.000,10.000,12,700,,0.259062500,56.4337,4.071572781,4.066473961,1.647034526
2026-07-28T18:52:22.879612+00:00,1255.661153,open,rgb,-70.000,10.000,13,700,,0.259090909,56.4530,4.071607113,4.066595554,1.647097945
2026-07-28T18:52:23.029877+00:00,1255.811417,open,rgb,-70.000,10.000,14,700,,0.258977273,56.4530,4.071579933,4.066548824,1.647013545
2026-07-28T18:52:23.180084+00:00,1255.961623,open,rgb,-70.000,10.000,15,700,,0.258977273,56.4626,4.071603298,4.066620350,1.646962523
2026-07-28T18:52:23.330194+00:00,1256.111735,open,rgb,-70.000,10.000,16,700,,0.259034091,56.4659,4.071845055,4.066812515,1.647080183
2026-07-28T18:52:23.480350+00:00,1256.261891,open,rgb,-70.000,10.000,17,700,,0.258977273,56.4594,4.071678638,4.066720963,1.646899700
2026-07-28T18:52:23.630560+00:00,1256.412100,open,rgb,-70.000,10.000,18,700,,0.258948864,56.4691,4.071832657,4.066792011,1.647038698
2026-07-28T18:52:23.780765+00:00,1256.562302,open,rgb,-70.000,10.000,19,700,,0.258920455,56.4755,4.071577072,4.066552639,1.647113800
2026-07-28T18:52:26.136031+00:00,1258.917568,open,rgb,-70.000,15.000,0,700,,0.258977273,56.4369,4.071403503,4.066480160,1.647053838
2026-07-28T18:52:26.286030+00:00,1259.067567,open,rgb,-70.000,15.000,1,700,,0.259005682,56.4498,4.071474552,4.066614628,1.647072077
2026-07-28T18:52:26.436375+00:00,1259.217914,open,rgb,-70.000,15.000,2,700,,0.258977273,56.4530,4.071449757,4.066537380,1.647192478
2026-07-28T18:52:26.586751+00:00,1259.368287,open,rgb,-70.000,15.000,3,700,,0.258948864,56.4691,4.071540356,4.065961361,1.647079468
2026-07-28T18:52:26.737146+00:00,1259.518683,open,rgb,-70.000,15.000,4,700,,0.259034091,56.4820,4.071496487,4.066588402,1.647175074
2026-07-28T18:52:26.887481+00:00,1259.669022,open,rgb,-70.000,15.000,5,700,,0.259062500,56.4852,4.071553230,4.066545486,1.647060156
2026-07-28T18:52:27.037659+00:00,1259.819198,open,rgb,-70.000,15.000,6,700,,0.258948864,56.4949,4.071623802,4.066729069,1.646999598
2026-07-28T18:52:27.188209+00:00,1259.969747,open,rgb,-70.000,15.000,7,700,,0.259005682,56.5142,4.071753025,4.066825867,1.647088170
2026-07-28T18:52:27.338467+00:00,1260.120007,open,rgb,-70.000,15.000,8,700,,0.258920455,56.5206,4.071403503,4.066473961,1.646955132
2026-07-28T18:52:27.488648+00:00,1260.270187,open,rgb,-70.000,15.000,9,700,,0.258977273,56.5206,4.071537971,4.066564560,1.647152424
2026-07-28T18:52:27.638843+00:00,1260.420382,open,rgb,-70.000,15.000,10,700,,0.258977273,56.4884,4.071565151,4.066661835,1.647067904
2026-07-28T18:52:27.789003+00:00,1260.570543,open,rgb,-70.000,15.000,11,700,,0.258977273,56.4691,4.071867943,4.066818714,1.646943450
2026-07-28T18:52:27.939176+00:00,1260.720717,open,rgb,-70.000,15.000,12,700,,0.258892045,56.4562,4.071795464,4.066855907,1.647005200
2026-07-28T18:52:28.089528+00:00,1260.871065,open,rgb,-70.000,15.000,13,700,,0.258920455,56.4337,4.071698666,4.066798210,1.646987915
2026-07-28T18:52:28.239848+00:00,1261.021386,open,rgb,-70.000,15.000,14,700,,0.258863636,56.4240,4.071846008,4.066889763,1.647081852
2026-07-28T18:52:28.390064+00:00,1261.171604,open,rgb,-70.000,15.000,15,700,,0.258948864,56.4337,4.071816921,4.066848278,1.647062778
2026-07-28T18:52:28.540273+00:00,1261.321813,open,rgb,-70.000,15.000,16,700,,0.258920455,56.4465,4.071714878,4.066790581,1.646906614
2026-07-28T18:52:28.690464+00:00,1261.472004,open,rgb,-70.000,15.000,17,700,,0.258977273,56.4691,4.071784973,4.066858768,1.647188067
2026-07-28T18:52:28.840687+00:00,1261.622225,open,rgb,-70.000,15.000,18,700,,0.258920455,56.4787,4.071575642,4.066602230,1.647090673
2026-07-28T18:52:28.990907+00:00,1261.772447,open,rgb,-70.000,15.000,19,700,,0.258977273,56.5078,4.071673393,4.066582680,1.647042036
2026-07-28T18:52:31.346065+00:00,1264.127599,open,rgb,-70.000,20.000,0,700,,0.259034091,56.5787,4.071646690,4.066848755,1.647047877
2026-07-28T18:52:31.496471+00:00,1264.278008,open,rgb,-70.000,20.000,1,700,,0.258977273,56.5690,4.071469784,4.066716671,1.647082567
2026-07-28T18:52:31.651348+00:00,1264.432885,open,rgb,-70.000,20.000,2,700,,0.258977273,56.5755,4.071607113,4.066682816,1.647130966
2026-07-28T18:52:31.801571+00:00,1264.583110,open,rgb,-70.000,20.000,3,700,,0.258977273,56.5723,4.071545124,4.066793919,1.647089958
2026-07-28T18:52:31.952257+00:00,1264.733792,open,rgb,-70.000,20.000,4,700,,0.258977273,56.5916,4.071483612,4.066718102,1.646955848
2026-07-28T18:52:32.102932+00:00,1264.884470,open,rgb,-70.000,20.000,5,700,,0.258977273,56.5819,4.071567059,4.066819668,1.647027612
2026-07-28T18:52:32.253339+00:00,1265.034878,open,rgb,-70.000,20.000,6,700,,0.258948864,56.5916,4.071563721,4.066775322,1.647070408
2026-07-28T18:52:32.403862+00:00,1265.185399,open,rgb,-70.000,20.000,7,700,,0.258977273,56.5949,4.071407795,4.066637039,1.646825790
2026-07-28T18:52:32.554274+00:00,1265.335813,open,rgb,-70.000,20.000,8,700,,0.259005682,56.6110,4.071561813,4.066761971,1.647174120
2026-07-28T18:52:32.704752+00:00,1265.486289,open,rgb,-70.000,20.000,9,700,,0.259034091,56.6110,4.071750641,4.066964149,1.647105098
2026-07-28T18:52:32.855176+00:00,1265.636716,open,rgb,-70.000,20.000,10,700,,0.258892045,56.6046,4.071659565,4.066704750,1.646925569
2026-07-28T18:52:33.005499+00:00,1265.787039,open,rgb,-70.000,20.000,11,700,,0.259005682,56.6078,4.071590900,4.066705704,1.647069693
2026-07-28T18:52:33.155991+00:00,1265.937531,open,rgb,-70.000,20.000,12,700,,0.259034091,56.5819,4.071482182,4.066706657,1.646925807
2026-07-28T18:52:33.306269+00:00,1266.087809,open,rgb,-70.000,20.000,13,700,,0.259062500,56.5690,4.071594715,4.066849232,1.646975636
2026-07-28T18:52:33.456478+00:00,1266.238019,open,rgb,-70.000,20.000,14,700,,0.258977273,56.5658,4.071578503,4.066774845,1.647125125
2026-07-28T18:52:33.606664+00:00,1266.388204,open,rgb,-70.000,20.000,15,700,,0.259062500,56.5658,4.071519852,4.066717625,1.646974683
2026-07-28T18:52:33.756990+00:00,1266.538528,open,rgb,-70.000,20.000,16,700,,0.258977273,56.5787,4.071603775,4.066767693,1.646980524
2026-07-28T18:52:33.907254+00:00,1266.688794,open,rgb,-70.000,20.000,17,700,,0.259005682,56.5852,4.071522236,4.066705704,1.647074580
2026-07-28T18:52:34.057469+00:00,1266.839009,open,rgb,-70.000,20.000,18,700,,0.259034091,56.5981,4.071551323,4.066725254,1.647123814
2026-07-28T18:52:34.207673+00:00,1266.989213,open,rgb,-70.000,20.000,19,700,,0.259034091,56.6110,4.071588993,4.066760063,1.647141457
2026-07-28T18:52:36.562758+00:00,1269.344294,open,rgb,-70.000,25.000,0,700,,0.259034091,56.6401,4.071400166,4.066704273,1.646948814
2026-07-28T18:52:36.713476+00:00,1269.495011,open,rgb,-70.000,25.000,1,700,,0.258977273,56.6530,4.071513176,4.066701412,1.646938562
2026-07-28T18:52:36.863996+00:00,1269.645535,open,rgb,-70.000,25.000,2,700,,0.259034091,56.6627,4.071454525,4.066766739,1.647019625
2026-07-28T18:52:37.014408+00:00,1269.795948,open,rgb,-70.000,25.000,3,700,,0.259062500,56.6595,4.071455002,4.066711426,1.646863103
2026-07-28T18:52:37.165038+00:00,1269.946571,open,rgb,-70.000,25.000,4,700,,0.258977273,56.6595,4.071486473,4.066790581,1.646975875
2026-07-28T18:52:37.315714+00:00,1270.097250,open,rgb,-70.000,25.000,5,700,,0.259034091,56.6498,4.071418762,4.066658974,1.647186160
2026-07-28T18:52:37.466019+00:00,1270.247559,open,rgb,-70.000,25.000,6,700,,0.258977273,56.5916,4.071389198,4.066625595,1.647020817
2026-07-28T18:52:37.616163+00:00,1270.397702,open,rgb,-70.000,25.000,7,700,,0.259034091,56.5852,4.071622849,4.066948414,1.647191763
2026-07-28T18:52:37.766405+00:00,1270.547945,open,rgb,-70.000,25.000,8,700,,0.258920455,56.5626,4.071626186,4.066893578,1.647045255
2026-07-28T18:52:37.916622+00:00,1270.698162,open,rgb,-70.000,25.000,9,700,,0.258948864,56.5690,4.071664810,4.066926479,1.647013068
2026-07-28T18:52:38.066817+00:00,1270.848357,open,rgb,-70.000,25.000,10,700,,0.259005682,56.5368,4.071613312,4.066856384,1.647252321
2026-07-28T18:52:38.216980+00:00,1270.998521,open,rgb,-70.000,25.000,11,700,,0.258977273,56.5206,4.071619034,4.067059517,1.647008896
2026-07-28T18:52:38.367142+00:00,1271.148681,open,rgb,-70.000,25.000,12,700,,0.258892045,56.5078,4.071768284,4.067009926,1.646710992
2026-07-28T18:52:38.517356+00:00,1271.298896,open,rgb,-70.000,25.000,13,700,,0.258977273,56.5206,4.071693897,4.066977024,1.647054315
2026-07-28T18:52:38.667510+00:00,1271.449050,open,rgb,-70.000,25.000,14,700,,0.258948864,56.5174,4.071706295,4.066911221,1.646956325
2026-07-28T18:52:38.817904+00:00,1271.599441,open,rgb,-70.000,25.000,15,700,,0.258977273,56.5110,4.071709156,4.066921711,1.647118449
2026-07-28T18:52:38.968155+00:00,1271.749694,open,rgb,-70.000,25.000,16,700,,0.258948864,56.5335,4.071676254,4.066911697,1.647042990
2026-07-28T18:52:39.118340+00:00,1271.899880,open,rgb,-70.000,25.000,17,700,,0.258835227,56.5529,4.071710110,4.066954136,1.647072792
2026-07-28T18:52:39.268496+00:00,1272.050038,open,rgb,-70.000,25.000,18,700,,0.258920455,56.5658,4.071706295,4.066984177,1.647106290
2026-07-28T18:52:39.418670+00:00,1272.200210,open,rgb,-70.000,25.000,19,700,,0.258977273,56.5658,4.071646690,4.066855431,1.647015452
2026-07-28T18:52:41.773989+00:00,1274.555522,open,rgb,-70.000,30.000,0,700,,0.259005682,56.5852,4.071761131,4.067090034,1.646223187
2026-07-28T18:52:41.954194+00:00,1274.735731,open,rgb,-70.000,30.000,1,700,,0.259034091,56.6013,4.071474075,4.066742420,1.647027612
2026-07-28T18:52:42.104470+00:00,1274.886010,open,rgb,-70.000,30.000,2,700,,0.259034091,56.6142,4.071428299,4.066673279,1.646911979
2026-07-28T18:52:42.254762+00:00,1275.036302,open,rgb,-70.000,30.000,3,700,,0.259062500,56.6304,4.071506500,4.066797256,1.646885633
2026-07-28T18:52:42.405095+00:00,1275.186629,open,rgb,-70.000,30.000,4,700,,0.259005682,56.6498,4.071445942,4.066713333,1.647071362
2026-07-28T18:52:42.555551+00:00,1275.337089,open,rgb,-70.000,30.000,5,700,,0.259005682,56.6530,4.071381569,4.066669464,1.646932721
2026-07-28T18:52:42.705800+00:00,1275.487339,open,rgb,-70.000,30.000,6,700,,0.259090909,56.6627,4.071461678,4.066756248,1.646957874
2026-07-28T18:52:42.856014+00:00,1275.637552,open,rgb,-70.000,30.000,7,700,,0.259005682,56.6595,4.071401596,4.066676140,1.647027612
2026-07-28T18:52:43.006389+00:00,1275.787927,open,rgb,-70.000,30.000,8,700,,0.258948864,56.6660,4.071748734,4.066824436,1.646852612
2026-07-28T18:52:43.156663+00:00,1275.938203,open,rgb,-70.000,30.000,9,700,,0.258977273,56.6660,4.071679592,4.066932201,1.647087455
2026-07-28T18:52:43.307079+00:00,1276.088614,open,rgb,-70.000,30.000,10,700,,0.258948864,56.6563,4.071650982,4.066924095,1.647015691
2026-07-28T18:52:43.457475+00:00,1276.239015,open,rgb,-70.000,30.000,11,700,,0.258977273,56.6369,4.071774006,4.067030430,1.646923661
2026-07-28T18:52:43.607700+00:00,1276.389240,open,rgb,-70.000,30.000,12,700,,0.258920455,56.6046,4.071630955,4.066945076,1.647152901
2026-07-28T18:52:43.757827+00:00,1276.539368,open,rgb,-70.000,30.000,13,700,,0.258948864,56.5981,4.071752548,4.067170143,1.646991253
2026-07-28T18:52:43.908012+00:00,1276.689552,open,rgb,-70.000,30.000,14,700,,0.258835227,56.5884,4.071749210,4.067029476,1.646655560
2026-07-28T18:52:44.058158+00:00,1276.839698,open,rgb,-70.000,30.000,15,700,,0.258948864,56.5884,4.071654320,4.066911221,1.647085309
2026-07-28T18:52:44.208363+00:00,1276.989903,open,rgb,-70.000,30.000,16,700,,0.258977273,56.6046,4.071741581,4.066976547,1.646953940
2026-07-28T18:52:44.358616+00:00,1277.140157,open,rgb,-70.000,30.000,17,700,,0.258948864,56.6207,4.071734428,4.067004204,1.646960974
2026-07-28T18:52:44.508795+00:00,1277.290335,open,rgb,-70.000,30.000,18,700,,0.258892045,56.6239,4.071623802,4.066939831,1.646744967
2026-07-28T18:52:44.659261+00:00,1277.440799,open,rgb,-70.000,30.000,19,700,,0.259005682,56.6239,4.071495533,4.066786289,1.646919250
2026-07-28T18:52:47.014125+00:00,1279.795661,open,rgb,-70.000,35.000,0,700,,0.259034091,56.3372,4.071639061,4.066944599,1.646862149
2026-07-28T18:52:47.164674+00:00,1279.946212,open,rgb,-70.000,35.000,1,700,,0.258920455,56.3501,4.071538925,4.066888809,1.646652937
2026-07-28T18:52:47.315009+00:00,1280.096546,open,rgb,-70.000,35.000,2,700,,0.259034091,56.3951,4.071664333,4.066887856,1.646868944
2026-07-28T18:52:47.465289+00:00,1280.246829,open,rgb,-70.000,35.000,3,700,,0.258977273,56.4144,4.071595192,4.066856384,1.646950245
2026-07-28T18:52:47.615649+00:00,1280.397181,open,rgb,-70.000,35.000,4,700,,0.259005682,56.4079,4.071115494,4.066763401,1.646808386
2026-07-28T18:52:47.766288+00:00,1280.547827,open,rgb,-70.000,35.000,5,700,,0.259090909,56.4111,4.071632385,4.066930294,1.646884561
2026-07-28T18:52:47.916848+00:00,1280.698388,open,rgb,-70.000,35.000,6,700,,0.259034091,56.4240,4.071622849,4.066852570,1.646824241
2026-07-28T18:52:48.067299+00:00,1280.848836,open,rgb,-70.000,35.000,7,700,,0.258920455,56.4305,4.071696281,4.066883087,1.646777868
2026-07-28T18:52:48.217731+00:00,1280.999271,open,rgb,-70.000,35.000,8,700,,0.259034091,56.4594,4.071602821,4.066874504,1.646909237
2026-07-28T18:52:48.368169+00:00,1281.149708,open,rgb,-70.000,35.000,9,700,,0.259005682,56.4787,4.071503162,4.066783905,1.646777153
2026-07-28T18:52:48.518656+00:00,1281.300196,open,rgb,-70.000,35.000,10,700,,0.259034091,56.4787,4.071609974,4.066848278,1.646863341
2026-07-28T18:52:48.669068+00:00,1281.450608,open,rgb,-70.000,35.000,11,700,,0.259034091,56.4820,4.071560383,4.066813469,1.647061110
2026-07-28T18:52:48.819557+00:00,1281.601096,open,rgb,-70.000,35.000,12,700,,0.259034091,56.5013,4.071530819,4.066767693,1.646884799
2026-07-28T18:52:48.969995+00:00,1281.751536,open,rgb,-70.000,35.000,13,700,,0.259034091,56.4981,4.071578026,4.066854954,1.646923661
2026-07-28T18:52:49.120446+00:00,1281.901986,open,rgb,-70.000,35.000,14,700,,0.259034091,56.5045,4.071545124,4.066855431,1.646912932
2026-07-28T18:52:49.270766+00:00,1282.052301,open,rgb,-70.000,35.000,15,700,,0.259005682,56.5013,4.071630001,4.066977978,1.646813273
2026-07-28T18:52:49.421227+00:00,1282.202766,open,rgb,-70.000,35.000,16,700,,0.259034091,56.4562,4.071510315,4.066835880,1.646379232
2026-07-28T18:52:49.571598+00:00,1282.353137,open,rgb,-70.000,35.000,17,700,,0.259034091,56.4433,4.071542740,4.066814899,1.646823525
2026-07-28T18:52:49.722095+00:00,1282.503631,open,rgb,-70.000,35.000,18,700,,0.259062500,56.4337,4.071609497,4.066924572,1.646838427
2026-07-28T18:52:49.872463+00:00,1282.654003,open,rgb,-70.000,35.000,19,700,,0.258977273,56.3790,4.071599960,4.066859245,1.646821380
2026-07-28T18:52:52.227453+00:00,1285.008989,open,rgb,-70.000,40.000,0,700,,0.258948864,56.5723,4.071939945,4.067253590,1.646496177
2026-07-28T18:52:52.377834+00:00,1285.159374,open,rgb,-70.000,40.000,1,700,,0.259005682,56.5884,4.072065830,4.067371368,1.646893144
2026-07-28T18:52:52.528152+00:00,1285.309692,open,rgb,-70.000,40.000,2,700,,0.258977273,56.5723,4.072056770,4.067388058,1.646881223
2026-07-28T18:52:52.678467+00:00,1285.460007,open,rgb,-70.000,40.000,3,700,,0.259090909,56.5594,4.072126865,4.067378044,1.646631241
2026-07-28T18:52:52.828622+00:00,1285.610155,open,rgb,-70.000,40.000,4,700,,0.259062500,56.5690,4.072335243,4.067267895,1.646749139
2026-07-28T18:52:52.979163+00:00,1285.760698,open,rgb,-70.000,40.000,5,700,,0.259062500,56.5690,4.072165489,4.067503929,1.646817207
2026-07-28T18:52:53.129515+00:00,1285.911053,open,rgb,-70.000,40.000,6,700,,0.258977273,56.5819,4.072277546,4.067593098,1.646857500
2026-07-28T18:52:53.279870+00:00,1286.061410,open,rgb,-70.000,40.000,7,700,,0.259005682,56.5819,4.072279453,4.067634106,1.646777630
2026-07-28T18:52:53.430215+00:00,1286.211754,open,rgb,-70.000,40.000,8,700,,0.259005682,56.5658,4.072316170,4.067635536,1.646597981
2026-07-28T18:52:53.580580+00:00,1286.362120,open,rgb,-70.000,40.000,9,700,,0.258920455,56.5658,4.072351456,4.067733765,1.646728635
2026-07-28T18:52:53.730923+00:00,1286.512460,open,rgb,-70.000,40.000,10,700,,0.258920455,56.5529,4.072247505,4.067582607,1.646907568
2026-07-28T18:52:53.881321+00:00,1286.662862,open,rgb,-70.000,40.000,11,700,,0.259005682,56.5690,4.072240829,4.067416668,1.646816492
2026-07-28T18:52:54.031720+00:00,1286.813261,open,rgb,-70.000,40.000,12,700,,0.259034091,56.5819,4.072177410,4.067542076,1.647039413
2026-07-28T18:52:54.182015+00:00,1286.963555,open,rgb,-70.000,40.000,13,700,,0.258977273,56.5787,4.072240829,4.067582607,1.646939993
2026-07-28T18:52:54.332390+00:00,1287.113930,open,rgb,-70.000,40.000,14,700,,0.258920455,56.5723,4.072352886,4.067674637,1.646798134
2026-07-28T18:52:54.482695+00:00,1287.264236,open,rgb,-70.000,40.000,15,700,,0.258977273,56.5690,4.072205544,4.067477226,1.646981239
2026-07-28T18:52:54.633101+00:00,1287.414641,open,rgb,-70.000,40.000,16,700,,0.258977273,56.5594,4.072261810,4.067499638,1.646789193
2026-07-28T18:52:54.783541+00:00,1287.565082,open,rgb,-70.000,40.000,17,700,,0.258920455,56.5497,4.072328568,4.067600250,1.646749616
2026-07-28T18:52:54.933935+00:00,1287.715475,open,rgb,-70.000,40.000,18,700,,0.258920455,56.5142,4.072184086,4.067529202,1.646293759
2026-07-28T18:52:55.084299+00:00,1287.865840,open,rgb,-70.000,40.000,19,700,,0.258977273,56.4337,4.072292805,4.067482471,1.646843314
2026-07-28T18:52:57.439406+00:00,1290.220942,open,rgb,-70.000,45.000,0,700,,0.258977273,56.4723,4.072345257,4.067628860,1.646636009
2026-07-28T18:52:57.589888+00:00,1290.371426,open,rgb,-70.000,45.000,1,700,,0.258863636,56.4723,4.072269917,4.067731380,1.646797180
2026-07-28T18:52:57.740130+00:00,1290.521670,open,rgb,-70.000,45.000,2,700,,0.258920455,56.4820,4.072317123,4.067609310,1.646298170
2026-07-28T18:52:57.890290+00:00,1290.671831,open,rgb,-70.000,45.000,3,700,,0.259005682,56.4884,4.072511196,4.067824841,1.646798372
2026-07-28T18:52:58.040487+00:00,1290.822026,open,rgb,-70.000,45.000,4,700,,0.258920455,56.4852,4.072479248,4.067843914,1.646612644
2026-07-28T18:52:58.192000+00:00,1290.973535,open,rgb,-70.000,45.000,5,700,,0.258948864,56.4884,4.072486877,4.067856312,1.646680713
2026-07-28T18:52:58.342393+00:00,1291.123932,open,rgb,-70.000,45.000,6,700,,0.258977273,56.4949,4.072502613,4.067783833,1.646877050
2026-07-28T18:52:58.492611+00:00,1291.274150,open,rgb,-70.000,45.000,7,700,,0.258977273,56.4916,4.072415352,4.067758560,1.646655798
2026-07-28T18:52:58.642826+00:00,1291.424364,open,rgb,-70.000,45.000,8,700,,0.259034091,56.4852,4.072523594,4.067814350,1.646792054
2026-07-28T18:52:58.792999+00:00,1291.574540,open,rgb,-70.000,45.000,9,700,,0.258892045,56.4916,4.072504520,4.067800522,1.646681190
2026-07-28T18:52:58.943167+00:00,1291.724708,open,rgb,-70.000,45.000,10,700,,0.258948864,56.4852,4.072583199,4.067715168,1.646553040
2026-07-28T18:52:59.093268+00:00,1291.874809,open,rgb,-70.000,45.000,11,700,,0.258948864,56.4884,4.072471142,4.067763329,1.646895051
2026-07-28T18:52:59.243520+00:00,1292.025060,open,rgb,-70.000,45.000,12,700,,0.258948864,56.4820,4.072465420,4.067744732,1.646694183
2026-07-28T18:52:59.393803+00:00,1292.175343,open,rgb,-70.000,45.000,13,700,,0.258948864,56.4884,4.072517395,4.067803383,1.646824837
2026-07-28T18:52:59.543991+00:00,1292.325530,open,rgb,-70.000,45.000,14,700,,0.258977273,56.5045,4.072361946,4.067677975,1.647001743
2026-07-28T18:52:59.694229+00:00,1292.475770,open,rgb,-70.000,45.000,15,700,,0.258920455,56.5174,4.072455883,4.067746162,1.646876097
2026-07-28T18:52:59.844422+00:00,1292.625962,open,rgb,-70.000,45.000,16,700,,0.259005682,56.5303,4.072598457,4.067902088,1.646642208
2026-07-28T18:52:59.994599+00:00,1292.776139,open,rgb,-70.000,45.000,17,700,,0.258892045,56.5368,4.072485447,4.067821980,1.646696568
2026-07-28T18:53:00.144769+00:00,1292.926306,open,rgb,-70.000,45.000,18,700,,0.258920455,56.5368,4.072503567,4.067783356,1.646678329
2026-07-28T18:53:00.295051+00:00,1293.076590,open,rgb,-70.000,45.000,19,700,,0.258977273,56.5239,4.072509289,4.067893982,1.646798849
2026-07-28T18:53:02.650168+00:00,1295.431700,open,rgb,-70.000,50.000,0,700,,0.258948864,56.5787,4.072219849,4.067540646,1.646754742
2026-07-28T18:53:02.804934+00:00,1295.586473,open,rgb,-70.000,50.000,1,700,,0.259062500,56.5819,4.072264194,4.067495823,1.646779656
2026-07-28T18:53:02.955429+00:00,1295.736969,open,rgb,-70.000,50.000,2,700,,0.259005682,56.5464,4.072208881,4.067535877,1.646931529
2026-07-28T18:53:03.105798+00:00,1295.887338,open,rgb,-70.000,50.000,3,700,,0.259034091,56.5078,4.072159767,4.067554951,1.646628261
2026-07-28T18:53:03.256182+00:00,1296.037723,open,rgb,-70.000,50.000,4,700,,0.258977273,56.4723,4.072279453,4.067584038,1.646144629
2026-07-28T18:53:03.406806+00:00,1296.188339,open,rgb,-70.000,50.000,5,700,,0.259005682,56.4755,4.072245121,4.067663670,1.646891236
2026-07-28T18:53:03.557385+00:00,1296.338924,open,rgb,-70.000,50.000,6,700,,0.259034091,56.4820,4.072187424,4.067545414,1.646711469
2026-07-28T18:53:03.707997+00:00,1296.489536,open,rgb,-70.000,50.000,7,700,,0.259062500,56.5078,4.072255135,4.067617416,1.646798372
2026-07-28T18:53:03.858506+00:00,1296.640043,open,rgb,-70.000,50.000,8,700,,0.259062500,56.5142,4.072218418,4.067600727,1.646715403
2026-07-28T18:53:04.009015+00:00,1296.790554,open,rgb,-70.000,50.000,9,700,,0.259034091,56.5045,4.072368145,4.067609787,1.646719337
2026-07-28T18:53:04.159447+00:00,1296.940987,open,rgb,-70.000,50.000,10,700,,0.258977273,56.4626,4.072305679,4.067605019,1.646797419
2026-07-28T18:53:04.309826+00:00,1297.091365,open,rgb,-70.000,50.000,11,700,,0.259005682,56.4272,4.072216511,4.067505836,1.646596074
2026-07-28T18:53:04.460315+00:00,1297.241852,open,rgb,-70.000,50.000,12,700,,0.259034091,56.3983,4.072263718,4.067608356,1.646728158
2026-07-28T18:53:04.610726+00:00,1297.392266,open,rgb,-70.000,50.000,13,700,,0.258920455,56.4079,4.072243690,4.067557812,1.646907091
2026-07-28T18:53:04.761086+00:00,1297.542626,open,rgb,-70.000,50.000,14,700,,0.259005682,56.3951,4.072194576,4.067454338,1.646741748
2026-07-28T18:53:04.911429+00:00,1297.692969,open,rgb,-70.000,50.000,15,700,,0.259090909,56.3790,4.072238922,4.067563534,1.646871686
2026-07-28T18:53:05.061780+00:00,1297.843321,open,rgb,-70.000,50.000,16,700,,0.259005682,56.3726,4.072225094,4.067540646,1.646842599
2026-07-28T18:53:05.212149+00:00,1297.993689,open,rgb,-70.000,50.000,17,700,,0.258948864,56.3919,4.072319984,4.067601204,1.646803498
2026-07-28T18:53:05.362369+00:00,1298.143908,open,rgb,-70.000,50.000,18,700,,0.259005682,56.4111,4.072277546,4.067603111,1.646855593
2026-07-28T18:53:05.512465+00:00,1298.294005,open,rgb,-70.000,50.000,19,700,,0.258977273,56.4272,4.072102070,4.067456245,1.646712780
2026-07-28T18:53:07.867736+00:00,1300.649272,open,rgb,-70.000,55.000,0,700,,0.259034091,56.5819,4.072566032,4.067834854,1.646630406
2026-07-28T18:53:08.018233+00:00,1300.799770,open,rgb,-70.000,55.000,1,700,,0.258977273,56.5723,4.072480202,4.067831516,1.646825075
2026-07-28T18:53:08.168489+00:00,1300.950028,open,rgb,-70.000,55.000,2,700,,0.258948864,56.5690,4.072488785,4.067822456,1.646724224
2026-07-28T18:53:08.318709+00:00,1301.100247,open,rgb,-70.000,55.000,3,700,,0.258920455,56.5723,4.072520256,4.067895412,1.646772504
2026-07-28T18:53:08.468947+00:00,1301.250486,open,rgb,-70.000,55.000,4,700,,0.258863636,56.5658,4.072435379,4.067811489,1.646957636
2026-07-28T18:53:08.618670+00:00,1301.400201,open,rgb,-70.000,55.000,5,700,,0.258948864,56.5723,4.072065830,4.067597866,1.646843553
2026-07-28T18:53:08.769365+00:00,1301.550903,open,rgb,-70.000,55.000,6,700,,0.259034091,56.5852,4.072428226,4.067741871,1.646448612
2026-07-28T18:53:08.920075+00:00,1301.701612,open,rgb,-70.000,55.000,7,700,,0.258948864,56.5884,4.072192669,4.067561626,1.646920681
2026-07-28T18:53:09.070387+00:00,1301.851921,open,rgb,-70.000,55.000,8,700,,0.259034091,56.5949,4.072360039,4.067715645,1.646730065
2026-07-28T18:53:09.220982+00:00,1302.002521,open,rgb,-70.000,55.000,9,700,,0.259005682,56.5981,4.072268009,4.067643166,1.646867752
2026-07-28T18:53:09.371443+00:00,1302.152982,open,rgb,-70.000,55.000,10,700,,0.258977273,56.5916,4.072229385,4.067586422,1.646684408
2026-07-28T18:53:09.521819+00:00,1302.303359,open,rgb,-70.000,55.000,11,700,,0.259062500,56.5884,4.072283268,4.067597866,1.646877050
2026-07-28T18:53:09.672224+00:00,1302.453764,open,rgb,-70.000,55.000,12,700,,0.259005682,56.5819,4.072166443,4.067523956,1.646979332
2026-07-28T18:53:09.822759+00:00,1302.604299,open,rgb,-70.000,55.000,13,700,,0.259062500,56.5884,4.072247982,4.067529678,1.646835089
2026-07-28T18:53:09.973045+00:00,1302.754586,open,rgb,-70.000,55.000,14,700,,0.259090909,56.5884,4.072260380,4.067551613,1.646866083
2026-07-28T18:53:10.123406+00:00,1302.904945,open,rgb,-70.000,55.000,15,700,,0.259034091,56.5852,4.072175980,4.067531586,1.646799922
2026-07-28T18:53:10.273797+00:00,1303.055338,open,rgb,-70.000,55.000,16,700,,0.259034091,56.5884,4.072278023,4.067631721,1.646779418
2026-07-28T18:53:10.424178+00:00,1303.205720,open,rgb,-70.000,55.000,17,700,,0.259034091,56.6013,4.072243214,4.067569733,1.646980286
2026-07-28T18:53:10.574680+00:00,1303.356217,open,rgb,-70.000,55.000,18,700,,0.259005682,56.6078,4.072206974,4.067526817,1.646805048
2026-07-28T18:53:10.725214+00:00,1303.506748,open,rgb,-70.000,55.000,19,700,,0.259034091,56.6013,4.072245598,4.067648888,1.646758437
2026-07-28T18:53:13.079990+00:00,1305.861526,open,rgb,-70.000,60.000,0,700,,0.258948864,56.6466,4.072494030,4.067898750,1.646904111
2026-07-28T18:53:13.230776+00:00,1306.012309,open,rgb,-70.000,60.000,1,700,,0.258977273,56.6498,4.072528362,4.067987919,1.646613121
2026-07-28T18:53:13.381669+00:00,1306.163201,open,rgb,-70.000,60.000,2,700,,0.258948864,56.6369,4.072787762,4.068168640,1.646122098
2026-07-28T18:53:13.532330+00:00,1306.313868,open,rgb,-70.000,60.000,3,700,,0.258920455,56.6175,4.072561741,4.067947865,1.646731019
2026-07-28T18:53:13.682832+00:00,1306.464371,open,rgb,-70.000,60.000,4,700,,0.258920455,56.6013,4.072626591,4.067914963,1.646533251
2026-07-28T18:53:13.833087+00:00,1306.614623,open,rgb,-70.000,60.000,5,700,,0.258920455,56.5819,4.072545528,4.067380428,1.646728158
2026-07-28T18:53:13.983599+00:00,1306.765134,open,rgb,-70.000,60.000,6,700,,0.258977273,56.5561,4.072242737,4.067641258,1.646691203
2026-07-28T18:53:14.134153+00:00,1306.915691,open,rgb,-70.000,60.000,7,700,,0.259034091,56.5464,4.072307587,4.067738533,1.646875858
2026-07-28T18:53:14.284587+00:00,1307.066127,open,rgb,-70.000,60.000,8,700,,0.259005682,56.5271,4.072555542,4.067786217,1.646267653
2026-07-28T18:53:14.435099+00:00,1307.216638,open,rgb,-70.000,60.000,9,700,,0.259062500,56.5174,4.072321892,4.067663193,1.646563292
2026-07-28T18:53:14.585530+00:00,1307.367069,open,rgb,-70.000,60.000,10,700,,0.259005682,56.5335,4.072423458,4.067725658,1.646707654
2026-07-28T18:53:14.736042+00:00,1307.517580,open,rgb,-70.000,60.000,11,700,,0.259034091,56.5368,4.072256088,4.067630291,1.646919966
2026-07-28T18:53:14.886522+00:00,1307.668062,open,rgb,-70.000,60.000,12,700,,0.259005682,56.5432,4.072372913,4.067674160,1.646774769
2026-07-28T18:53:15.036952+00:00,1307.818493,open,rgb,-70.000,60.000,13,700,,0.258948864,56.5271,4.072466850,4.067768097,1.646773458
2026-07-28T18:53:15.187275+00:00,1307.968815,open,rgb,-70.000,60.000,14,700,,0.259005682,56.5013,4.072334290,4.067697048,1.646633387
2026-07-28T18:53:15.337570+00:00,1308.119110,open,rgb,-70.000,60.000,15,700,,0.259005682,56.4949,4.072415829,4.067734241,1.646784306
2026-07-28T18:53:15.487935+00:00,1308.269475,open,rgb,-70.000,60.000,16,700,,0.258948864,56.5078,4.072336197,4.067636013,1.646860957
2026-07-28T18:53:15.638248+00:00,1308.419788,open,rgb,-70.000,60.000,17,700,,0.259034091,56.5271,4.072283745,4.067643642,1.646812558
2026-07-28T18:53:15.788686+00:00,1308.570223,open,rgb,-70.000,60.000,18,700,,0.259005682,56.5529,4.072325706,4.067674637,1.646918774
2026-07-28T18:53:15.939204+00:00,1308.720743,open,rgb,-70.000,60.000,19,700,,0.259034091,56.5594,4.072309017,4.067660332,1.646851420
2026-07-28T18:53:18.294068+00:00,1311.075603,open,rgb,-70.000,65.000,0,700,,0.259062500,56.5690,4.072291374,4.067638397,1.646730781
2026-07-28T18:53:18.444516+00:00,1311.226054,open,rgb,-70.000,65.000,1,700,,0.259034091,56.5690,4.072353363,4.067689419,1.646687865
2026-07-28T18:53:18.594802+00:00,1311.376341,open,rgb,-70.000,65.000,2,700,,0.258948864,56.5594,4.072317600,4.067642212,1.646709800
2026-07-28T18:53:18.745329+00:00,1311.526865,open,rgb,-70.000,65.000,3,700,,0.259034091,56.5206,4.072404385,4.067594051,1.646560192
2026-07-28T18:53:18.895899+00:00,1311.677438,open,rgb,-70.000,65.000,4,700,,0.259005682,56.4949,4.072337627,4.067627430,1.646837234
2026-07-28T18:53:19.046250+00:00,1311.827790,open,rgb,-70.000,65.000,5,700,,0.259005682,56.4723,4.072349548,4.067624092,1.646728396
2026-07-28T18:53:19.197116+00:00,1311.978650,open,rgb,-70.000,65.000,6,700,,0.259034091,56.4498,4.072432995,4.067679405,1.646683693
2026-07-28T18:53:19.347704+00:00,1312.129239,open,rgb,-70.000,65.000,7,700,,0.258948864,56.4465,4.072353840,4.067563534,1.646873593
2026-07-28T18:53:19.498134+00:00,1312.279674,open,rgb,-70.000,65.000,8,700,,0.259005682,56.4305,4.072251797,4.067596436,1.646756411
2026-07-28T18:53:19.648540+00:00,1312.430078,open,rgb,-70.000,65.000,9,700,,0.259062500,56.3919,4.072363853,4.067685604,1.646767139
2026-07-28T18:53:19.798808+00:00,1312.580348,open,rgb,-70.000,65.000,10,700,,0.259005682,56.3726,4.072585583,4.067814827,1.646467090
2026-07-28T18:53:19.948962+00:00,1312.730502,open,rgb,-70.000,65.000,11,700,,0.259062500,56.3886,4.072403908,4.067625523,1.646655798
2026-07-28T18:53:20.099156+00:00,1312.880696,open,rgb,-70.000,65.000,12,700,,0.259090909,56.4208,4.072368145,4.067616940,1.646712780
2026-07-28T18:53:20.249383+00:00,1313.030922,open,rgb,-70.000,65.000,13,700,,0.259034091,56.4465,4.072224617,4.067505836,1.646503448
2026-07-28T18:53:20.399616+00:00,1313.181156,open,rgb,-70.000,65.000,14,700,,0.259034091,56.4787,4.072308064,4.067614555,1.646840215
2026-07-28T18:53:20.549817+00:00,1313.331357,open,rgb,-70.000,65.000,15,700,,0.259034091,56.4916,4.072255135,4.067528725,1.646904111
2026-07-28T18:53:20.699993+00:00,1313.481534,open,rgb,-70.000,65.000,16,700,,0.259034091,56.5078,4.072317600,4.067581654,1.646773815
2026-07-28T18:53:20.850205+00:00,1313.631741,open,rgb,-70.000,65.000,17,700,,0.259062500,56.5239,4.072312355,4.067602634,1.646832585
2026-07-28T18:53:21.000513+00:00,1313.782053,open,rgb,-70.000,65.000,18,700,,0.258977273,56.5239,4.072227955,4.067576408,1.646761537
2026-07-28T18:53:21.150805+00:00,1313.932344,open,rgb,-70.000,65.000,19,700,,0.259005682,56.5400,4.072306633,4.067618370,1.646857977
2026-07-28T18:53:23.505890+00:00,1316.287426,open,rgb,-70.000,70.000,0,700,,0.258948864,56.5400,4.072582722,4.067896843,1.646556497
2026-07-28T18:53:23.656540+00:00,1316.438078,open,rgb,-70.000,70.000,1,700,,0.258920455,56.4884,4.072478771,4.067818642,1.646728396
2026-07-28T18:53:23.807098+00:00,1316.588637,open,rgb,-70.000,70.000,2,700,,0.259005682,56.4820,4.072491646,4.067832947,1.646813512
2026-07-28T18:53:23.957504+00:00,1316.739045,open,rgb,-70.000,70.000,3,700,,0.258948864,56.4465,4.072501659,4.067804813,1.646939993
2026-07-28T18:53:24.108198+00:00,1316.889733,open,rgb,-70.000,70.000,4,700,,0.258948864,56.4369,4.072244167,4.067594528,1.646760106
2026-07-28T18:53:24.258825+00:00,1317.040361,open,rgb,-70.000,70.000,5,700,,0.259005682,56.4626,4.072363853,4.067705154,1.646785498
2026-07-28T18:53:24.409485+00:00,1317.191018,open,rgb,-70.000,70.000,6,700,,0.258977273,56.4723,4.072242737,4.067609787,1.646946311
2026-07-28T18:53:24.560071+00:00,1317.341609,open,rgb,-70.000,70.000,7,700,,0.259034091,56.4820,4.072267056,4.067572594,1.646917105
2026-07-28T18:53:24.710540+00:00,1317.492079,open,rgb,-70.000,70.000,8,700,,0.258977273,56.4659,4.072289944,4.067611217,1.646843314
2026-07-28T18:53:24.860961+00:00,1317.642500,open,rgb,-70.000,70.000,9,700,,0.259034091,56.4015,4.072233200,4.067542076,1.646786690
2026-07-28T18:53:25.011445+00:00,1317.792983,open,rgb,-70.000,70.000,10,700,,0.259062500,56.3726,4.072287083,4.067635059,1.646908998
2026-07-28T18:53:25.161901+00:00,1317.943440,open,rgb,-70.000,70.000,11,700,,0.259090909,56.3404,4.072250366,4.067605972,1.646968126
2026-07-28T18:53:25.312458+00:00,1318.093994,open,rgb,-70.000,70.000,12,700,,0.259005682,56.2346,4.072335243,4.067653656,1.646774054
2026-07-28T18:53:25.462957+00:00,1318.244497,open,rgb,-70.000,70.000,13,700,,0.259005682,56.1865,4.072187424,4.067608833,1.647015929
2026-07-28T18:53:25.613299+00:00,1318.394838,open,rgb,-70.000,70.000,14,700,,0.258977273,56.1513,4.072283268,4.067628384,1.646981478
2026-07-28T18:53:25.763706+00:00,1318.545240,open,rgb,-70.000,70.000,15,700,,0.259062500,56.1353,4.072221756,4.067570686,1.646841407
2026-07-28T18:53:25.914104+00:00,1318.695643,open,rgb,-70.000,70.000,16,700,,0.259062500,56.1385,4.072258949,4.067598820,1.646802545
2026-07-28T18:53:26.064412+00:00,1318.845951,open,rgb,-70.000,70.000,17,700,,0.258977273,56.1066,4.072217464,4.067583084,1.646779418
2026-07-28T18:53:26.214624+00:00,1318.996163,open,rgb,-70.000,70.000,18,700,,0.259034091,56.1097,4.072255611,4.067620277,1.646870732
2026-07-28T18:53:26.364991+00:00,1319.146528,open,rgb,-70.000,70.000,19,700,,0.259062500,56.1289,4.072227001,4.067550182,1.646951795
2026-07-28T18:53:28.720012+00:00,1321.501548,open,rgb,-70.000,75.000,0,700,,0.259062500,56.4079,4.072271347,4.067598820,1.646791339
2026-07-28T18:53:28.870389+00:00,1321.651925,open,rgb,-70.000,75.000,1,700,,0.259005682,56.4111,4.072360039,4.067673683,1.646708608
2026-07-28T18:53:29.020705+00:00,1321.802244,open,rgb,-70.000,75.000,2,700,,0.259034091,56.4144,4.072210312,4.067548752,1.646836758
2026-07-28T18:53:29.171299+00:00,1321.952838,open,rgb,-70.000,75.000,3,700,,0.259034091,56.4047,4.072242737,4.067517281,1.646683216
2026-07-28T18:53:29.321674+00:00,1322.103214,open,rgb,-70.000,75.000,4,700,,0.259034091,56.4047,4.072293282,4.067574024,1.646752238
2026-07-28T18:53:29.472164+00:00,1322.253703,open,rgb,-70.000,75.000,5,700,,0.259034091,56.3726,4.072246075,4.067587852,1.646805048
2026-07-28T18:53:29.623132+00:00,1322.404665,open,rgb,-70.000,75.000,6,700,,0.259034091,56.3308,4.072006226,4.067502022,1.646607041
2026-07-28T18:53:29.773624+00:00,1322.555162,open,rgb,-70.000,75.000,7,700,,0.259034091,56.3180,4.072352409,4.067672729,1.646818161
2026-07-28T18:53:29.923947+00:00,1322.705487,open,rgb,-70.000,75.000,8,700,,0.259005682,56.3276,4.072285652,4.067537308,1.646677613
2026-07-28T18:53:30.074154+00:00,1322.855691,open,rgb,-70.000,75.000,9,700,,0.259034091,56.3276,4.072365284,4.067698956,1.646689773
2026-07-28T18:53:30.224471+00:00,1323.006012,open,rgb,-70.000,75.000,10,700,,0.258948864,56.3340,4.072212696,4.067527771,1.646893859
2026-07-28T18:53:30.374673+00:00,1323.156213,open,rgb,-70.000,75.000,11,700,,0.259005682,56.3276,4.072199821,4.067462921,1.646685600
2026-07-28T18:53:30.524946+00:00,1323.306486,open,rgb,-70.000,75.000,12,700,,0.259090909,56.3436,4.072353840,4.067613125,1.646759391
2026-07-28T18:53:30.675129+00:00,1323.456669,open,rgb,-70.000,75.000,13,700,,0.259005682,56.3469,4.072216511,4.067578793,1.646748424
2026-07-28T18:53:30.825453+00:00,1323.606989,open,rgb,-70.000,75.000,14,700,,0.259005682,56.3404,4.072537899,4.067834377,1.646695614
2026-07-28T18:53:30.975752+00:00,1323.757292,open,rgb,-70.000,75.000,15,700,,0.259005682,56.3372,4.072273254,4.067595482,1.646539330
2026-07-28T18:53:31.126115+00:00,1323.907652,open,rgb,-70.000,75.000,16,700,,0.259034091,56.3469,4.072226524,4.067464828,1.646646023
2026-07-28T18:53:31.276338+00:00,1324.057873,open,rgb,-70.000,75.000,17,700,,0.259062500,56.3597,4.072191238,4.067546844,1.646776676
2026-07-28T18:53:31.426726+00:00,1324.208266,open,rgb,-70.000,75.000,18,700,,0.259062500,56.3790,4.072103500,4.067471504,1.647042274
2026-07-28T18:53:31.576971+00:00,1324.358507,open,rgb,-70.000,75.000,19,700,,0.259062500,56.4015,4.072157383,4.067450047,1.646865368
2026-07-28T18:53:33.932005+00:00,1326.713541,open,rgb,-70.000,80.000,0,700,,0.259034091,56.4659,4.072304726,4.067643166,1.646736145
2026-07-28T18:53:34.082571+00:00,1326.864109,open,rgb,-70.000,80.000,1,700,,0.258977273,56.4659,4.072273254,4.067646980,1.646798134
2026-07-28T18:53:34.232961+00:00,1327.014499,open,rgb,-70.000,80.000,2,700,,0.259005682,56.4755,4.072264671,4.067512035,1.646529913
2026-07-28T18:53:34.383153+00:00,1327.164693,open,rgb,-70.000,80.000,3,700,,0.258977273,56.4787,4.072333336,4.067671299,1.646718144
2026-07-28T18:53:34.533368+00:00,1327.314907,open,rgb,-70.000,80.000,4,700,,0.259005682,56.4691,4.072227955,4.067539215,1.646658540
2026-07-28T18:53:34.683607+00:00,1327.465147,open,rgb,-70.000,80.000,5,700,,0.259062500,56.4787,4.072281837,4.067644119,1.646790147
2026-07-28T18:53:34.833665+00:00,1327.615200,open,rgb,-70.000,80.000,6,700,,0.259062500,56.4884,4.072323322,4.067000866,1.646848679
2026-07-28T18:53:34.983876+00:00,1327.765413,open,rgb,-70.000,80.000,7,700,,0.259034091,56.4916,4.072175026,4.067494392,1.646609426
2026-07-28T18:53:35.134156+00:00,1327.915695,open,rgb,-70.000,80.000,8,700,,0.259034091,56.4981,4.072317123,4.067683220,1.646848917
2026-07-28T18:53:35.284417+00:00,1328.065956,open,rgb,-70.000,80.000,9,700,,0.258948864,56.4916,4.072242737,4.067632198,1.646875620
2026-07-28T18:53:35.434758+00:00,1328.216296,open,rgb,-70.000,80.000,10,700,,0.259034091,56.4916,4.072282791,4.067579269,1.646648288
2026-07-28T18:53:35.584950+00:00,1328.366489,open,rgb,-70.000,80.000,11,700,,0.259090909,56.5078,4.072336197,4.067675591,1.646804810
2026-07-28T18:53:35.735343+00:00,1328.516875,open,rgb,-70.000,80.000,12,700,,0.258977273,56.5142,4.072239399,4.067550182,1.646742702
2026-07-28T18:53:35.885708+00:00,1328.667247,open,rgb,-70.000,80.000,13,700,,0.259062500,56.5335,4.072288036,4.067629814,1.646860242
2026-07-28T18:53:36.035967+00:00,1328.817506,open,rgb,-70.000,80.000,14,700,,0.259034091,56.5464,4.072292805,4.067627907,1.646832824
2026-07-28T18:53:36.186159+00:00,1328.967698,open,rgb,-70.000,80.000,15,700,,0.259034091,56.5497,4.072207928,4.067506313,1.646703720
2026-07-28T18:53:36.336586+00:00,1329.118123,open,rgb,-70.000,80.000,16,700,,0.259062500,56.5594,4.072308064,4.067800522,1.646829963
2026-07-28T18:53:36.486860+00:00,1329.268400,open,rgb,-70.000,80.000,17,700,,0.258920455,56.5497,4.072226524,4.067592144,1.646453977
2026-07-28T18:53:36.637105+00:00,1329.418644,open,rgb,-70.000,80.000,18,700,,0.259005682,56.5787,4.072233677,4.067545414,1.646832585
2026-07-28T18:53:36.787398+00:00,1329.568938,open,rgb,-70.000,80.000,19,700,,0.259119318,56.5852,4.072314262,4.067654610,1.646908045
2026-07-28T18:53:39.142240+00:00,1331.923776,open,rgb,-70.000,85.000,0,700,,0.258977273,56.5561,4.072707653,4.068114281,1.646808147
2026-07-28T18:53:39.292597+00:00,1332.074135,open,rgb,-70.000,85.000,1,700,,0.258806818,56.5594,4.072640896,4.067840099,1.646569133
2026-07-28T18:53:39.442900+00:00,1332.224440,open,rgb,-70.000,85.000,2,700,,0.258977273,56.5755,4.072574615,4.067940235,1.646782756
2026-07-28T18:53:39.593675+00:00,1332.375209,open,rgb,-70.000,85.000,3,700,,0.258948864,56.5529,4.072467804,4.067849159,1.646602154
2026-07-28T18:53:39.744596+00:00,1332.526131,open,rgb,-70.000,85.000,4,700,,0.259005682,56.4723,4.072628498,4.067791939,1.645965219
2026-07-28T18:53:39.894981+00:00,1332.676521,open,rgb,-70.000,85.000,5,700,,0.259005682,56.4659,4.072331429,4.067666054,1.646906137
2026-07-28T18:53:40.045172+00:00,1332.826712,open,rgb,-70.000,85.000,6,700,,0.258977273,56.4820,4.072276592,4.067619801,1.646703959
2026-07-28T18:53:40.195910+00:00,1332.977444,open,rgb,-70.000,85.000,7,700,,0.259062500,56.5142,4.072348595,4.067658901,1.646836519
2026-07-28T18:53:40.346482+00:00,1333.128021,open,rgb,-70.000,85.000,8,700,,0.259005682,56.5206,4.072302818,4.067615986,1.646816015
2026-07-28T18:53:40.496859+00:00,1333.278399,open,rgb,-70.000,85.000,9,700,,0.259005682,56.5400,4.072344303,4.067501545,1.646724939
2026-07-28T18:53:40.647352+00:00,1333.428891,open,rgb,-70.000,85.000,10,700,,0.259062500,56.5626,4.072305679,4.067658424,1.646853805
2026-07-28T18:53:40.797813+00:00,1333.579349,open,rgb,-70.000,85.000,11,700,,0.259005682,56.5529,4.072239876,4.067547321,1.646788955
2026-07-28T18:53:40.948316+00:00,1333.729854,open,rgb,-70.000,85.000,12,700,,0.259062500,56.5529,4.072343349,4.067705154,1.646815777
2026-07-28T18:53:41.098673+00:00,1333.880214,open,rgb,-70.000,85.000,13,700,,0.259034091,56.5335,4.072360039,4.067684174,1.646796227
2026-07-28T18:53:41.249187+00:00,1334.030727,open,rgb,-70.000,85.000,14,700,,0.258977273,56.5045,4.072338104,4.067616463,1.646617770
2026-07-28T18:53:41.399622+00:00,1334.181161,open,rgb,-70.000,85.000,15,700,,0.259005682,56.4787,4.072386742,4.067757130,1.646714687
2026-07-28T18:53:41.549814+00:00,1334.331353,open,rgb,-70.000,85.000,16,700,,0.258977273,56.4562,4.072283268,4.067612171,1.646804810
2026-07-28T18:53:41.700101+00:00,1334.481641,open,rgb,-70.000,85.000,17,700,,0.259090909,56.4562,4.072364807,4.067555428,1.646691203
2026-07-28T18:53:41.850327+00:00,1334.631868,open,rgb,-70.000,85.000,18,700,,0.259034091,56.4659,4.072355747,4.067672729,1.646793008
2026-07-28T18:53:42.000489+00:00,1334.782029,open,rgb,-70.000,85.000,19,700,,0.259005682,56.4691,4.072285175,4.067631245,1.646029592
2026-07-28T18:53:44.355578+00:00,1337.137113,open,rgb,-70.000,90.000,0,700,,0.258920455,56.5368,4.072607994,4.067881584,1.646767855
2026-07-28T18:53:44.506280+00:00,1337.287818,open,rgb,-70.000,90.000,1,700,,0.258977273,56.5239,4.072610855,4.067916393,1.646692753
2026-07-28T18:53:44.656853+00:00,1337.438388,open,rgb,-70.000,90.000,2,700,,0.258892045,56.5142,4.072596550,4.067804337,1.646623611
2026-07-28T18:53:44.807419+00:00,1337.588959,open,rgb,-70.000,90.000,3,700,,0.258977273,56.5078,4.072455406,4.067768097,1.646324039
2026-07-28T18:53:44.957775+00:00,1337.739315,open,rgb,-70.000,90.000,4,700,,0.259034091,56.5239,4.072350502,4.067682266,1.646740794
2026-07-28T18:53:45.108119+00:00,1337.889660,open,rgb,-70.000,90.000,5,700,,0.259005682,56.5206,4.072260857,4.067582607,1.646543503
2026-07-28T18:53:45.258475+00:00,1338.040015,open,rgb,-70.000,90.000,6,700,,0.259034091,56.5303,4.072377205,4.067711830,1.646752477
2026-07-28T18:53:45.409222+00:00,1338.190756,open,rgb,-70.000,90.000,7,700,,0.259034091,56.5335,4.072343349,4.067658424,1.646734238
2026-07-28T18:53:45.559913+00:00,1338.341453,open,rgb,-70.000,90.000,8,700,,0.258977273,56.5432,4.072396755,4.067718983,1.646679759
2026-07-28T18:53:45.710484+00:00,1338.492023,open,rgb,-70.000,90.000,9,700,,0.259005682,56.5626,4.072350025,4.067724705,1.646659970
2026-07-28T18:53:45.861053+00:00,1338.642587,open,rgb,-70.000,90.000,10,700,,0.258977273,56.5690,4.072247505,4.067630768,1.646571398
2026-07-28T18:53:46.011587+00:00,1338.793127,open,rgb,-70.000,90.000,11,700,,0.259034091,56.5852,4.072352886,4.067738533,1.646804333
2026-07-28T18:53:46.162023+00:00,1338.943562,open,rgb,-70.000,90.000,12,700,,0.258977273,56.5852,4.072390079,4.067774296,1.646747351
2026-07-28T18:53:46.312543+00:00,1339.094079,open,rgb,-70.000,90.000,13,700,,0.258948864,56.5497,4.072422504,4.067724705,1.646539927
2026-07-28T18:53:46.463096+00:00,1339.244634,open,rgb,-70.000,90.000,14,700,,0.258977273,56.5335,4.072462559,4.067768097,1.646617532
2026-07-28T18:53:46.613538+00:00,1339.395078,open,rgb,-70.000,90.000,15,700,,0.258920455,56.5110,4.072277546,4.067601204,1.646730065
2026-07-28T18:53:46.763999+00:00,1339.545539,open,rgb,-70.000,90.000,16,700,,0.259034091,56.5078,4.072387218,4.067660332,1.646818161
2026-07-28T18:53:46.914596+00:00,1339.696130,open,rgb,-70.000,90.000,17,700,,0.259034091,56.5206,4.072381973,4.067691803,1.646781087
2026-07-28T18:53:47.065083+00:00,1339.846623,open,rgb,-70.000,90.000,18,700,,0.258977273,56.5271,4.072343826,4.067692280,1.646633625
2026-07-28T18:53:47.215564+00:00,1339.997103,open,rgb,-70.000,90.000,19,700,,0.258977273,56.5368,4.072446823,4.067844391,1.646662712
2026-07-28T18:53:57.668941+00:00,1350.450477,open,dark,-65.000,-90.000,0,0,,0.000710227,56.3436,4.896912098,4.903516293,1.649561405
2026-07-28T18:53:57.819328+00:00,1350.600867,open,dark,-65.000,-90.000,1,0,,0.000681818,56.2923,4.896921158,4.903514862,1.649736643
2026-07-28T18:53:57.969648+00:00,1350.751187,open,dark,-65.000,-90.000,2,0,,0.000681818,56.2153,4.896945000,4.903555393,1.649730086
2026-07-28T18:53:58.120101+00:00,1350.901641,open,dark,-65.000,-90.000,3,0,,0.000681818,56.1449,4.896940231,4.903552055,1.649678588
2026-07-28T18:53:58.270517+00:00,1351.052056,open,dark,-65.000,-90.000,4,0,,0.000681818,56.0714,4.896945477,4.903534889,1.649751782
2026-07-28T18:53:58.420833+00:00,1351.202374,open,dark,-65.000,-90.000,5,0,,0.000681818,55.9916,4.896941185,4.903550625,1.649582624
2026-07-28T18:53:58.571273+00:00,1351.352812,open,dark,-65.000,-90.000,6,0,,0.000681818,55.9088,4.896924019,4.903550625,1.649260521
2026-07-28T18:53:58.721638+00:00,1351.503177,open,dark,-65.000,-90.000,7,0,,0.000681818,55.8293,4.896932125,4.903545856,1.649706125
2026-07-28T18:53:58.872065+00:00,1351.653606,open,dark,-65.000,-90.000,8,0,,0.000681818,55.7500,4.896938801,4.903552055,1.649573565
2026-07-28T18:53:59.022396+00:00,1351.803935,open,dark,-65.000,-90.000,9,0,,0.000681818,55.6739,4.896928787,4.903539658,1.649707794
2026-07-28T18:53:59.172722+00:00,1351.954263,open,dark,-65.000,-90.000,10,0,,0.000681818,55.5917,4.896914959,4.903537750,1.649562836
2026-07-28T18:53:59.323050+00:00,1352.104591,open,dark,-65.000,-90.000,11,0,,0.000681818,55.5159,4.896930695,4.903544903,1.649473429
2026-07-28T18:53:59.473367+00:00,1352.254906,open,dark,-65.000,-90.000,12,0,,0.000681818,55.4496,4.896925926,4.903561592,1.649870634
2026-07-28T18:53:59.623583+00:00,1352.405124,open,dark,-65.000,-90.000,13,0,,0.000681818,55.3678,4.896922112,4.903545856,1.649730563
2026-07-28T18:53:59.773786+00:00,1352.555326,open,dark,-65.000,-90.000,14,0,,0.000681818,55.2797,4.896917820,4.903531551,1.649746895
2026-07-28T18:53:59.923989+00:00,1352.705530,open,dark,-65.000,-90.000,15,0,,0.000681818,55.1950,4.896922588,4.903542042,1.649814487
2026-07-28T18:54:00.074138+00:00,1352.855679,open,dark,-65.000,-90.000,16,0,,0.000681818,55.1167,4.896921158,4.903557777,1.649626493
2026-07-28T18:54:00.224278+00:00,1353.005819,open,dark,-65.000,-90.000,17,0,,0.000681818,55.0417,4.896926880,4.903534889,1.649800181
2026-07-28T18:54:00.374467+00:00,1353.156009,open,dark,-65.000,-90.000,18,0,,0.000681818,54.9636,4.896919727,4.903555870,1.649640203
2026-07-28T18:54:00.524575+00:00,1353.306115,open,dark,-65.000,-90.000,19,0,,0.000710227,54.8888,4.896923065,4.903543472,1.649639964
2026-07-28T18:54:04.718198+00:00,1357.499733,open,rgb,-65.000,-90.000,0,700,,0.258863636,54.2054,4.065452576,4.060909271,1.645818233
2026-07-28T18:54:04.868570+00:00,1357.650109,open,rgb,-65.000,-90.000,1,700,,0.258863636,54.2146,4.065613747,4.061020374,1.645834088
2026-07-28T18:54:05.018795+00:00,1357.800335,open,rgb,-65.000,-90.000,2,700,,0.258806818,54.2269,4.065559387,4.061017036,1.645891428
2026-07-28T18:54:05.169118+00:00,1357.950654,open,rgb,-65.000,-90.000,3,700,,0.258806818,54.2423,4.065571785,4.061103821,1.645608187
2026-07-28T18:54:05.319556+00:00,1358.101095,open,rgb,-65.000,-90.000,4,700,,0.258778409,54.2792,4.065737247,4.061035633,1.645859003
2026-07-28T18:54:05.469776+00:00,1358.251316,open,rgb,-65.000,-90.000,5,700,,0.258892045,54.3038,4.065687180,4.061138153,1.645827174
2026-07-28T18:54:05.619973+00:00,1358.401512,open,rgb,-65.000,-90.000,6,700,,0.258778409,54.3315,4.065742970,4.061133385,1.645625114
2026-07-28T18:54:05.770264+00:00,1358.551797,open,rgb,-65.000,-90.000,7,700,,0.258863636,54.3592,4.065824986,4.061176777,1.645823598
2026-07-28T18:54:05.920546+00:00,1358.702085,open,rgb,-65.000,-90.000,8,700,,0.258863636,54.3746,4.065845966,4.061190605,1.645688057
2026-07-28T18:54:06.070795+00:00,1358.852335,open,rgb,-65.000,-90.000,9,700,,0.258835227,54.3931,4.065827847,4.061327934,1.645724177
2026-07-28T18:54:06.221085+00:00,1359.002622,open,rgb,-65.000,-90.000,10,700,,0.258778409,54.4208,4.065732479,4.061193943,1.645936370
2026-07-28T18:54:06.372622+00:00,1359.154154,open,rgb,-65.000,-90.000,11,700,,0.258806818,54.4363,4.065495968,4.061076164,1.645738840
2026-07-28T18:54:06.523345+00:00,1359.304882,open,rgb,-65.000,-90.000,12,700,,0.258835227,54.4640,4.065856934,4.061273098,1.645974636
2026-07-28T18:54:06.673814+00:00,1359.455354,open,rgb,-65.000,-90.000,13,700,,0.258948864,54.4702,4.065765858,4.061322689,1.645964384
2026-07-28T18:54:06.824239+00:00,1359.605778,open,rgb,-65.000,-90.000,14,700,,0.258863636,54.4857,4.066174507,4.061383247,1.645761609
2026-07-28T18:54:06.974662+00:00,1359.756203,open,rgb,-65.000,-90.000,15,700,,0.258693182,54.5073,4.065962315,4.061368942,1.645894885
2026-07-28T18:54:07.125025+00:00,1359.906565,open,rgb,-65.000,-90.000,16,700,,0.258835227,54.5320,4.065820217,4.061296940,1.645793319
2026-07-28T18:54:07.275295+00:00,1360.056832,open,rgb,-65.000,-90.000,17,700,,0.258892045,54.5536,4.066025734,4.061607838,1.645900965
2026-07-28T18:54:07.425752+00:00,1360.207289,open,rgb,-65.000,-90.000,18,700,,0.258721591,54.5536,4.066287041,4.061818600,1.645792842
2026-07-28T18:54:07.576019+00:00,1360.357559,open,rgb,-65.000,-90.000,19,700,,0.258693182,54.5567,4.066257000,4.061578751,1.645640016
2026-07-28T18:54:09.930858+00:00,1362.712393,open,rgb,-65.000,-85.000,0,700,,0.258721591,54.8235,4.066445351,4.061895370,1.645985126
2026-07-28T18:54:10.081224+00:00,1362.862762,open,rgb,-65.000,-85.000,1,700,,0.258806818,54.8421,4.066404343,4.061771393,1.646136999
2026-07-28T18:54:10.231859+00:00,1363.013393,open,rgb,-65.000,-85.000,2,700,,0.258693182,54.8515,4.066236496,4.061545372,1.645934701
2026-07-28T18:54:10.382168+00:00,1363.163707,open,rgb,-65.000,-85.000,3,700,,0.258948864,54.8764,4.066369057,4.061697960,1.645982027
2026-07-28T18:54:10.532395+00:00,1363.313935,open,rgb,-65.000,-85.000,4,700,,0.258920455,54.8857,4.066213608,4.061614990,1.646088719
2026-07-28T18:54:10.682618+00:00,1363.464158,open,rgb,-65.000,-85.000,5,700,,0.258863636,54.8982,4.066180706,4.061633587,1.646005154
2026-07-28T18:54:10.832727+00:00,1363.614261,open,rgb,-65.000,-85.000,6,700,,0.258863636,54.9075,4.066435337,4.061814785,1.645849705
2026-07-28T18:54:10.983296+00:00,1363.764831,open,rgb,-65.000,-85.000,7,700,,0.258863636,54.9044,4.066375256,4.061791420,1.645271540
2026-07-28T18:54:11.133651+00:00,1363.915190,open,rgb,-65.000,-85.000,8,700,,0.258863636,54.9324,4.066302299,4.061713219,1.645945907
2026-07-28T18:54:11.283973+00:00,1364.065512,open,rgb,-65.000,-85.000,9,700,,0.258806818,54.9512,4.066246986,4.061803341,1.646111131
2026-07-28T18:54:11.434225+00:00,1364.215764,open,rgb,-65.000,-85.000,10,700,,0.258806818,54.9636,4.066312313,4.061714172,1.645885825
2026-07-28T18:54:11.584419+00:00,1364.365954,open,rgb,-65.000,-85.000,11,700,,0.258750000,54.9761,4.066485882,4.061293125,1.645963669
2026-07-28T18:54:11.735104+00:00,1364.516639,open,rgb,-65.000,-85.000,12,700,,0.258778409,54.9824,4.066364765,4.061769485,1.645835042
2026-07-28T18:54:11.885657+00:00,1364.667198,open,rgb,-65.000,-85.000,13,700,,0.258750000,54.9980,4.066515923,4.061831951,1.645822644
2026-07-28T18:54:12.036100+00:00,1364.817636,open,rgb,-65.000,-85.000,14,700,,0.258778409,55.0073,4.066604137,4.061949730,1.645787716
2026-07-28T18:54:12.186604+00:00,1364.968143,open,rgb,-65.000,-85.000,15,700,,0.258750000,55.0104,4.066393852,4.061860085,1.645631433
2026-07-28T18:54:12.337037+00:00,1365.118577,open,rgb,-65.000,-85.000,16,700,,0.258806818,55.0323,4.066556931,4.062029839,1.645917535
2026-07-28T18:54:12.487509+00:00,1365.269050,open,rgb,-65.000,-85.000,17,700,,0.258693182,55.0323,4.066448212,4.061798573,1.645834327
2026-07-28T18:54:12.637846+00:00,1365.419385,open,rgb,-65.000,-85.000,18,700,,0.258977273,55.0604,4.066507816,4.061896324,1.645884871
2026-07-28T18:54:12.788256+00:00,1365.569795,open,rgb,-65.000,-85.000,19,700,,0.258892045,55.0761,4.066594601,4.061994076,1.645992994
2026-07-28T18:54:15.143363+00:00,1367.924899,open,rgb,-65.000,-80.000,0,700,,0.258835227,55.2546,4.066997528,4.062249660,1.646301150
2026-07-28T18:54:15.293818+00:00,1368.075358,open,rgb,-65.000,-80.000,1,700,,0.258806818,55.2640,4.066896915,4.062198639,1.646001339
2026-07-28T18:54:15.444183+00:00,1368.225723,open,rgb,-65.000,-80.000,2,700,,0.258835227,55.2735,4.066979885,4.062333584,1.645830154
2026-07-28T18:54:15.594671+00:00,1368.376209,open,rgb,-65.000,-80.000,3,700,,0.258806818,55.2797,4.066826820,4.062153816,1.645873427
2026-07-28T18:54:15.745050+00:00,1368.526590,open,rgb,-65.000,-80.000,4,700,,0.258750000,55.2923,4.066987991,4.062220573,1.645955920
2026-07-28T18:54:15.895689+00:00,1368.677224,open,rgb,-65.000,-80.000,5,700,,0.258835227,55.3049,4.066643238,4.061931133,1.646052599
2026-07-28T18:54:16.046200+00:00,1368.827738,open,rgb,-65.000,-80.000,6,700,,0.258863636,55.3269,4.066659927,4.061841965,1.645864367
2026-07-28T18:54:16.196591+00:00,1368.978132,open,rgb,-65.000,-80.000,7,700,,0.258892045,55.3520,4.066702843,4.061972618,1.646083832
2026-07-28T18:54:16.347034+00:00,1369.128571,open,rgb,-65.000,-80.000,8,700,,0.258835227,55.3552,4.066698551,4.062022209,1.646117568
2026-07-28T18:54:16.497482+00:00,1369.279021,open,rgb,-65.000,-80.000,9,700,,0.258835227,55.3615,4.066710949,4.061878204,1.645961761
2026-07-28T18:54:16.648128+00:00,1369.429663,open,rgb,-65.000,-80.000,10,700,,0.258863636,55.3709,4.066740990,4.061883450,1.646209359
2026-07-28T18:54:16.798679+00:00,1369.580219,open,rgb,-65.000,-80.000,11,700,,0.258835227,55.3772,4.066669464,4.061992645,1.646092415
2026-07-28T18:54:16.949654+00:00,1369.731188,open,rgb,-65.000,-80.000,12,700,,0.258721591,55.3929,4.066835403,4.061998844,1.646063328
2026-07-28T18:54:17.100420+00:00,1369.881958,open,rgb,-65.000,-80.000,13,700,,0.258863636,55.3835,4.066839218,4.062016964,1.646113634
2026-07-28T18:54:17.250845+00:00,1370.032384,open,rgb,-65.000,-80.000,14,700,,0.258863636,55.3898,4.066744328,4.062058926,1.645913124
2026-07-28T18:54:17.401273+00:00,1370.182810,open,rgb,-65.000,-80.000,15,700,,0.258892045,55.3992,4.066902637,4.062145233,1.645981073
2026-07-28T18:54:17.551730+00:00,1370.333270,open,rgb,-65.000,-80.000,16,700,,0.258778409,55.3992,4.066792011,4.062052727,1.646055222
2026-07-28T18:54:17.702069+00:00,1370.483606,open,rgb,-65.000,-80.000,17,700,,0.258806818,55.4024,4.066898346,4.062022209,1.645903945
2026-07-28T18:54:17.852562+00:00,1370.634102,open,rgb,-65.000,-80.000,18,700,,0.258806818,55.4087,4.066852093,4.062195778,1.646159530
2026-07-28T18:54:18.003000+00:00,1370.784537,open,rgb,-65.000,-80.000,19,700,,0.258693182,55.3929,4.066842079,4.062095165,1.645386577
2026-07-28T18:54:20.358135+00:00,1373.139671,open,rgb,-65.000,-75.000,0,700,,0.258835227,55.5316,4.067099094,4.062182426,1.645782828
2026-07-28T18:54:20.508566+00:00,1373.290106,open,rgb,-65.000,-75.000,1,700,,0.258835227,55.5506,4.066945553,4.062250137,1.645962715
2026-07-28T18:54:20.658887+00:00,1373.440427,open,rgb,-65.000,-75.000,2,700,,0.258806818,55.5632,4.067126274,4.062400341,1.645964980
2026-07-28T18:54:20.809299+00:00,1373.590834,open,rgb,-65.000,-75.000,3,700,,0.258778409,55.5695,4.066898823,4.062249184,1.645846009
2026-07-28T18:54:20.959792+00:00,1373.741332,open,rgb,-65.000,-75.000,4,700,,0.258835227,55.5853,4.066982746,4.062280655,1.646020055
2026-07-28T18:54:21.109988+00:00,1373.891528,open,rgb,-65.000,-75.000,5,700,,0.258892045,55.5885,4.067064762,4.062263489,1.645829439
2026-07-28T18:54:21.260263+00:00,1374.041802,open,rgb,-65.000,-75.000,6,700,,0.258920455,55.5948,4.067160130,4.062330246,1.645881176
2026-07-28T18:54:21.410526+00:00,1374.192066,open,rgb,-65.000,-75.000,7,700,,0.258806818,55.5948,4.066960812,4.062277794,1.646096945
2026-07-28T18:54:21.560655+00:00,1374.342195,open,rgb,-65.000,-75.000,8,700,,0.258806818,55.6075,4.067033768,4.062241554,1.645995975
2026-07-28T18:54:21.711075+00:00,1374.492613,open,rgb,-65.000,-75.000,9,700,,0.258892045,55.6170,4.067086697,4.062395096,1.645983696
2026-07-28T18:54:21.861476+00:00,1374.643015,open,rgb,-65.000,-75.000,10,700,,0.258892045,55.6296,4.066950798,4.062232018,1.645887971
2026-07-28T18:54:22.011693+00:00,1374.793234,open,rgb,-65.000,-75.000,11,700,,0.258948864,55.6486,4.067075729,4.062352657,1.646118522
2026-07-28T18:54:22.162142+00:00,1374.943675,open,rgb,-65.000,-75.000,12,700,,0.258806818,55.6518,4.067065239,4.062396526,1.646139979
2026-07-28T18:54:22.312601+00:00,1375.094138,open,rgb,-65.000,-75.000,13,700,,0.258863636,55.6423,4.067176342,4.062585354,1.645866275
2026-07-28T18:54:22.462971+00:00,1375.244509,open,rgb,-65.000,-75.000,14,700,,0.258835227,55.6359,4.067349434,4.062728405,1.645722270
2026-07-28T18:54:22.613278+00:00,1375.394816,open,rgb,-65.000,-75.000,15,700,,0.258693182,55.6359,4.067211628,4.062591553,1.645977855
2026-07-28T18:54:22.763554+00:00,1375.545094,open,rgb,-65.000,-75.000,16,700,,0.258778409,55.6612,4.067420483,4.062503815,1.646016717
2026-07-28T18:54:22.913770+00:00,1375.695311,open,rgb,-65.000,-75.000,17,700,,0.258863636,55.6707,4.067297935,4.062633991,1.646040082
2026-07-28T18:54:23.063968+00:00,1375.845508,open,rgb,-65.000,-75.000,18,700,,0.258693182,55.6771,4.067285538,4.062553406,1.645912409
2026-07-28T18:54:23.214149+00:00,1375.995689,open,rgb,-65.000,-75.000,19,700,,0.258778409,55.6866,4.067386150,4.062680721,1.645979047
2026-07-28T18:54:25.569025+00:00,1378.350560,open,rgb,-65.000,-70.000,0,700,,0.258778409,55.7278,4.067502975,4.062711716,1.646011829
2026-07-28T18:54:25.719404+00:00,1378.500943,open,rgb,-65.000,-70.000,1,700,,0.258778409,55.7309,4.067498207,4.062686920,1.645859718
2026-07-28T18:54:25.869729+00:00,1378.651264,open,rgb,-65.000,-70.000,2,700,,0.258806818,55.7468,4.067340851,4.062587261,1.645828485
2026-07-28T18:54:26.020194+00:00,1378.801734,open,rgb,-65.000,-70.000,3,700,,0.258806818,55.7722,4.067369938,4.062555313,1.645829916
2026-07-28T18:54:26.170520+00:00,1378.952060,open,rgb,-65.000,-70.000,4,700,,0.258835227,55.7849,4.067305565,4.062672615,1.645609736
2026-07-28T18:54:26.320783+00:00,1379.102319,open,rgb,-65.000,-70.000,5,700,,0.258778409,55.7944,4.067245483,4.062552929,1.645420194
2026-07-28T18:54:26.471071+00:00,1379.252611,open,rgb,-65.000,-70.000,6,700,,0.258750000,55.8071,4.067240715,4.062596798,1.645886779
2026-07-28T18:54:26.621300+00:00,1379.402836,open,rgb,-65.000,-70.000,7,700,,0.258892045,55.8166,4.067300797,4.062442303,1.645822883
2026-07-28T18:54:26.795305+00:00,1379.576842,open,rgb,-65.000,-70.000,8,700,,0.258948864,55.8230,4.067277908,4.062559128,1.646128774
2026-07-28T18:54:26.945773+00:00,1379.727311,open,rgb,-65.000,-70.000,9,700,,0.258892045,55.8230,4.067278862,4.062567711,1.645980358
2026-07-28T18:54:27.096205+00:00,1379.877745,open,rgb,-65.000,-70.000,10,700,,0.258835227,55.8293,4.067378521,4.062669277,1.645936847
2026-07-28T18:54:27.246685+00:00,1380.028223,open,rgb,-65.000,-70.000,11,700,,0.258806818,55.8357,4.067331791,4.062582016,1.646025658
2026-07-28T18:54:27.397356+00:00,1380.178889,open,rgb,-65.000,-70.000,12,700,,0.258892045,55.8389,4.067316532,4.062603951,1.645787001
2026-07-28T18:54:27.548040+00:00,1380.329579,open,rgb,-65.000,-70.000,13,700,,0.258806818,55.8452,4.067412376,4.062641144,1.645873070
2026-07-28T18:54:27.698472+00:00,1380.480012,open,rgb,-65.000,-70.000,14,700,,0.258778409,55.8484,4.067271709,4.062655449,1.645921230
2026-07-28T18:54:27.848922+00:00,1380.630462,open,rgb,-65.000,-70.000,15,700,,0.258863636,55.8516,4.067391872,4.062559605,1.645854115
2026-07-28T18:54:27.999275+00:00,1380.780815,open,rgb,-65.000,-70.000,16,700,,0.258863636,55.8484,4.067662239,4.062926769,1.645896554
2026-07-28T18:54:28.149644+00:00,1380.931185,open,rgb,-65.000,-70.000,17,700,,0.258693182,55.8452,4.067576408,4.062837124,1.645836234
2026-07-28T18:54:28.300055+00:00,1381.081595,open,rgb,-65.000,-70.000,18,700,,0.258778409,55.8452,4.067572117,4.062934875,1.645830393
2026-07-28T18:54:28.450430+00:00,1381.231966,open,rgb,-65.000,-70.000,19,700,,0.258750000,55.8484,4.067644119,4.062929630,1.645840645
2026-07-28T18:54:30.805474+00:00,1383.587007,open,rgb,-65.000,-65.000,0,700,,0.258806818,55.9502,4.067585945,4.062819481,1.645745635
2026-07-28T18:54:30.955853+00:00,1383.737392,open,rgb,-65.000,-65.000,1,700,,0.258863636,55.9630,4.067633629,4.062954903,1.645756483
2026-07-28T18:54:31.106093+00:00,1383.887633,open,rgb,-65.000,-65.000,2,700,,0.258920455,55.9757,4.067529678,4.062857151,1.645851135
2026-07-28T18:54:31.256515+00:00,1384.038046,open,rgb,-65.000,-65.000,3,700,,0.258920455,55.9757,4.067565441,4.062726498,1.645701766
2026-07-28T18:54:31.406909+00:00,1384.188447,open,rgb,-65.000,-65.000,4,700,,0.258835227,55.9821,4.067634106,4.062945366,1.645887017
2026-07-28T18:54:31.557153+00:00,1384.338692,open,rgb,-65.000,-65.000,5,700,,0.258835227,55.9853,4.067689419,4.062920570,1.645830154
2026-07-28T18:54:31.707511+00:00,1384.489050,open,rgb,-65.000,-65.000,6,700,,0.258778409,55.9916,4.067729473,4.062991142,1.645707130
2026-07-28T18:54:31.861156+00:00,1384.642694,open,rgb,-65.000,-65.000,7,700,,0.258806818,55.9885,4.067676544,4.062971592,1.645427585
2026-07-28T18:54:32.011597+00:00,1384.793136,open,rgb,-65.000,-65.000,8,700,,0.258835227,56.0012,4.067599773,4.062818527,1.645754218
2026-07-28T18:54:32.162021+00:00,1384.943561,open,rgb,-65.000,-65.000,9,700,,0.258920455,56.0108,4.067974567,4.063175201,1.645758152
2026-07-28T18:54:32.312411+00:00,1385.093952,open,rgb,-65.000,-65.000,10,700,,0.258721591,56.0108,4.067784309,4.063115597,1.645944118
2026-07-28T18:54:32.462824+00:00,1385.244362,open,rgb,-65.000,-65.000,11,700,,0.258835227,56.0172,4.067567348,4.062772751,1.645811796
2026-07-28T18:54:32.613056+00:00,1385.394589,open,rgb,-65.000,-65.000,12,700,,0.258863636,56.0395,4.067195892,4.062879562,1.645883679
2026-07-28T18:54:32.764045+00:00,1385.545581,open,rgb,-65.000,-65.000,13,700,,0.258948864,56.0459,4.067632675,4.062861443,1.645958066
2026-07-28T18:54:32.914614+00:00,1385.696154,open,rgb,-65.000,-65.000,14,700,,0.258863636,56.0554,4.067699909,4.062869549,1.645828724
2026-07-28T18:54:33.065069+00:00,1385.846606,open,rgb,-65.000,-65.000,15,700,,0.258835227,56.0618,4.067726612,4.062980652,1.645890951
2026-07-28T18:54:33.215502+00:00,1385.997042,open,rgb,-65.000,-65.000,16,700,,0.258778409,56.0554,4.067685127,4.062870979,1.645824313
2026-07-28T18:54:33.365679+00:00,1386.147219,open,rgb,-65.000,-65.000,17,700,,0.258806818,56.0554,4.067837715,4.063072205,1.645677567
2026-07-28T18:54:33.515916+00:00,1386.297455,open,rgb,-65.000,-65.000,18,700,,0.258806818,56.0650,4.067805290,4.063011646,1.645844340
2026-07-28T18:54:33.666173+00:00,1386.447711,open,rgb,-65.000,-65.000,19,700,,0.258920455,56.0586,4.067630768,4.062935352,1.645734429
2026-07-28T18:54:36.021137+00:00,1388.802672,open,rgb,-65.000,-60.000,0,700,,0.258863636,56.1193,4.067850590,4.063181400,1.645739794
2026-07-28T18:54:36.171444+00:00,1388.952983,open,rgb,-65.000,-60.000,1,700,,0.258778409,56.1289,4.067865849,4.063201904,1.645723939
2026-07-28T18:54:36.321771+00:00,1389.103308,open,rgb,-65.000,-60.000,2,700,,0.258750000,56.1321,4.067736149,4.063075066,1.645677090
2026-07-28T18:54:36.472105+00:00,1389.253645,open,rgb,-65.000,-60.000,3,700,,0.258892045,56.1417,4.067839146,4.063148022,1.645746946
2026-07-28T18:54:36.622340+00:00,1389.403879,open,rgb,-65.000,-60.000,4,700,,0.258863636,56.1481,4.067783833,4.063159466,1.645832539
2026-07-28T18:54:36.772624+00:00,1389.554165,open,rgb,-65.000,-60.000,5,700,,0.258863636,56.1545,4.067907810,4.063059807,1.645671010
2026-07-28T18:54:36.922910+00:00,1389.704449,open,rgb,-65.000,-60.000,6,700,,0.258806818,56.1609,4.067877769,4.063132286,1.645759106
2026-07-28T18:54:37.073107+00:00,1389.854647,open,rgb,-65.000,-60.000,7,700,,0.258892045,56.1545,4.067868233,4.063179970,1.645613074
2026-07-28T18:54:37.223634+00:00,1390.005170,open,rgb,-65.000,-60.000,8,700,,0.258778409,56.1513,4.067902088,4.063239574,1.645613790
2026-07-28T18:54:37.374178+00:00,1390.155714,open,rgb,-65.000,-60.000,9,700,,0.258693182,56.1481,4.067961693,4.063294888,1.645315766
2026-07-28T18:54:37.524514+00:00,1390.306054,open,rgb,-65.000,-60.000,10,700,,0.258750000,56.1449,4.067949295,4.063261032,1.645826459
2026-07-28T18:54:37.674714+00:00,1390.456253,open,rgb,-65.000,-60.000,11,700,,0.258863636,56.1545,4.068158150,4.063384056,1.645801306
2026-07-28T18:54:37.826950+00:00,1390.608480,open,rgb,-65.000,-60.000,12,700,,0.258750000,56.1513,4.068007469,4.063023090,1.645892620
2026-07-28T18:54:37.977506+00:00,1390.759040,open,rgb,-65.000,-60.000,13,700,,0.258977273,56.1641,4.068104267,4.063361168,1.645870447
2026-07-28T18:54:38.127971+00:00,1390.909509,open,rgb,-65.000,-60.000,14,700,,0.258892045,56.1737,4.068078041,4.063430309,1.645824313
2026-07-28T18:54:38.278276+00:00,1391.059815,open,rgb,-65.000,-60.000,15,700,,0.258721591,56.1705,4.068087101,4.063404083,1.645630956
2026-07-28T18:54:38.428750+00:00,1391.210289,open,rgb,-65.000,-60.000,16,700,,0.258920455,56.1833,4.068147182,4.063531399,1.645653605
2026-07-28T18:54:38.579173+00:00,1391.360712,open,rgb,-65.000,-60.000,17,700,,0.258750000,56.1865,4.068178654,4.063424110,1.645793080
2026-07-28T18:54:38.729662+00:00,1391.511198,open,rgb,-65.000,-60.000,18,700,,0.258721591,56.1865,4.068028450,4.063230991,1.645663857
2026-07-28T18:54:38.880140+00:00,1391.661680,open,rgb,-65.000,-60.000,19,700,,0.258806818,56.1961,4.068085194,4.063411713,1.645914674
2026-07-28T18:54:41.235133+00:00,1394.016669,open,rgb,-65.000,-55.000,0,700,,0.258750000,56.2378,4.067967415,4.063333035,1.645768404
2026-07-28T18:54:41.385704+00:00,1394.167243,open,rgb,-65.000,-55.000,1,700,,0.258835227,56.2442,4.067884445,4.063165665,1.645638704
2026-07-28T18:54:41.536097+00:00,1394.317636,open,rgb,-65.000,-55.000,2,700,,0.258806818,56.2602,4.067929268,4.063277245,1.645803332
2026-07-28T18:54:41.686519+00:00,1394.468060,open,rgb,-65.000,-55.000,3,700,,0.258806818,56.2634,4.067946911,4.063306808,1.645764947
2026-07-28T18:54:41.837053+00:00,1394.618592,open,rgb,-65.000,-55.000,4,700,,0.258863636,56.2730,4.068041801,4.063295841,1.645744443
2026-07-28T18:54:41.987450+00:00,1394.768990,open,rgb,-65.000,-55.000,5,700,,0.258835227,56.2859,4.067911625,4.063218117,1.645918012
2026-07-28T18:54:42.138039+00:00,1394.919577,open,rgb,-65.000,-55.000,6,700,,0.258778409,56.2762,4.067849159,4.063213348,1.645787716
2026-07-28T18:54:42.288760+00:00,1395.070295,open,rgb,-65.000,-55.000,7,700,,0.258920455,56.2923,4.068141460,4.063435078,1.645913839
2026-07-28T18:54:42.439106+00:00,1395.220640,open,rgb,-65.000,-55.000,8,700,,0.258835227,56.2827,4.068062305,4.063486576,1.645391703
2026-07-28T18:54:42.589634+00:00,1395.371171,open,rgb,-65.000,-55.000,9,700,,0.258806818,56.2923,4.067989349,4.063251019,1.645730019
2026-07-28T18:54:42.740139+00:00,1395.521678,open,rgb,-65.000,-55.000,10,700,,0.258835227,56.3051,4.068068027,4.063355923,1.645801067
2026-07-28T18:54:42.890661+00:00,1395.672200,open,rgb,-65.000,-55.000,11,700,,0.258892045,56.2987,4.067976952,4.063532352,1.645040393
2026-07-28T18:54:43.041058+00:00,1395.822597,open,rgb,-65.000,-55.000,12,700,,0.258835227,56.2987,4.068206310,4.063563347,1.645754933
2026-07-28T18:54:43.192150+00:00,1395.973685,open,rgb,-65.000,-55.000,13,700,,0.258835227,56.3051,4.068165302,4.063535213,1.645954609
2026-07-28T18:54:43.342668+00:00,1396.124203,open,rgb,-65.000,-55.000,14,700,,0.258806818,56.3051,4.068024635,4.063431740,1.645831823
2026-07-28T18:54:43.493005+00:00,1396.274544,open,rgb,-65.000,-55.000,15,700,,0.258835227,56.3147,4.068248272,4.063558102,1.645879269
2026-07-28T18:54:43.643368+00:00,1396.424906,open,rgb,-65.000,-55.000,16,700,,0.258835227,56.3115,4.068237305,4.063564777,1.645996928
2026-07-28T18:54:43.793741+00:00,1396.575278,open,rgb,-65.000,-55.000,17,700,,0.258778409,56.3180,4.068274975,4.063546658,1.645743251
2026-07-28T18:54:43.944212+00:00,1396.725752,open,rgb,-65.000,-55.000,18,700,,0.258778409,56.3276,4.068188667,4.063526154,1.645849705
2026-07-28T18:54:44.094698+00:00,1396.876237,open,rgb,-65.000,-55.000,19,700,,0.258835227,56.3276,4.068060875,4.063423157,1.645879745
2026-07-28T18:54:46.449942+00:00,1399.231478,open,rgb,-65.000,-50.000,0,700,,0.258892045,56.4240,4.068116188,4.063266754,1.645876765
2026-07-28T18:54:46.600458+00:00,1399.381997,open,rgb,-65.000,-50.000,1,700,,0.258892045,56.4272,4.068083286,4.063388348,1.645805478
2026-07-28T18:54:46.750823+00:00,1399.532363,open,rgb,-65.000,-50.000,2,700,,0.258806818,56.4305,4.068028450,4.063378811,1.645876765
2026-07-28T18:54:46.901217+00:00,1399.682757,open,rgb,-65.000,-50.000,3,700,,0.258863636,56.4401,4.068104744,4.063416004,1.645884633
2026-07-28T18:54:47.051560+00:00,1399.833100,open,rgb,-65.000,-50.000,4,700,,0.258892045,56.4433,4.068206310,4.063477993,1.645855308
2026-07-28T18:54:47.206220+00:00,1399.987757,open,rgb,-65.000,-50.000,5,700,,0.258778409,56.4433,4.068114281,4.063397408,1.645580888
2026-07-28T18:54:47.357040+00:00,1400.138578,open,rgb,-65.000,-50.000,6,700,,0.258863636,56.4498,4.068129539,4.063467979,1.645764709
2026-07-28T18:54:47.507607+00:00,1400.289148,open,rgb,-65.000,-50.000,7,700,,0.258863636,56.4465,4.068055630,4.063386440,1.645911217
2026-07-28T18:54:47.657949+00:00,1400.439489,open,rgb,-65.000,-50.000,8,700,,0.258835227,56.4562,4.068019867,4.063312054,1.645823598
2026-07-28T18:54:47.808387+00:00,1400.589927,open,rgb,-65.000,-50.000,9,700,,0.258806818,56.4626,4.068116665,4.063430786,1.645905614
2026-07-28T18:54:47.958682+00:00,1400.740222,open,rgb,-65.000,-50.000,10,700,,0.258892045,56.4626,4.068089485,4.063488007,1.645833850
2026-07-28T18:54:48.109013+00:00,1400.890553,open,rgb,-65.000,-50.000,11,700,,0.258863636,56.4691,4.068156719,4.063514709,1.645748854
2026-07-28T18:54:48.259327+00:00,1401.040866,open,rgb,-65.000,-50.000,12,700,,0.258892045,56.4820,4.068114758,4.063486099,1.645945668
2026-07-28T18:54:48.409913+00:00,1401.191447,open,rgb,-65.000,-50.000,13,700,,0.258806818,56.4852,4.068232059,4.063498020,1.645191431
2026-07-28T18:54:48.560416+00:00,1401.341955,open,rgb,-65.000,-50.000,14,700,,0.258835227,56.4916,4.068170071,4.063616276,1.645771503
2026-07-28T18:54:48.710704+00:00,1401.492243,open,rgb,-65.000,-50.000,15,700,,0.258863636,56.4916,4.068060398,4.063456535,1.645896792
2026-07-28T18:54:48.861159+00:00,1401.642695,open,rgb,-65.000,-50.000,16,700,,0.258778409,56.5013,4.068165302,4.063542366,1.645779133
2026-07-28T18:54:49.011741+00:00,1401.793278,open,rgb,-65.000,-50.000,17,700,,0.258892045,56.5013,4.068195820,4.063611507,1.645676136
2026-07-28T18:54:49.162345+00:00,1401.943881,open,rgb,-65.000,-50.000,18,700,,0.258835227,56.5013,4.068193436,4.063487530,1.645621181
2026-07-28T18:54:49.312942+00:00,1402.094477,open,rgb,-65.000,-50.000,19,700,,0.258892045,56.5045,4.068260670,4.063641548,1.645707130
2026-07-28T18:54:51.668110+00:00,1404.449646,open,rgb,-65.000,-45.000,0,700,,0.258863636,56.3597,4.068286896,4.063578606,1.645995498
2026-07-28T18:54:51.818697+00:00,1404.600238,open,rgb,-65.000,-45.000,1,700,,0.258892045,56.3597,4.068208218,4.063536167,1.645885348
2026-07-28T18:54:51.969029+00:00,1404.750569,open,rgb,-65.000,-45.000,2,700,,0.258863636,56.3886,4.068290710,4.063553333,1.645969748
2026-07-28T18:54:52.119415+00:00,1404.900956,open,rgb,-65.000,-45.000,3,700,,0.258892045,56.4144,4.068378448,4.063678741,1.645877957
2026-07-28T18:54:52.269975+00:00,1405.051513,open,rgb,-65.000,-45.000,4,700,,0.258778409,56.4272,4.068286419,4.063604355,1.645684361
2026-07-28T18:54:52.420491+00:00,1405.202030,open,rgb,-65.000,-45.000,5,700,,0.258835227,56.4465,4.068356514,4.063663960,1.645754218
2026-07-28T18:54:52.570823+00:00,1405.352363,open,rgb,-65.000,-45.000,6,700,,0.258863636,56.4659,4.068306446,4.063646317,1.645825267
2026-07-28T18:54:52.721158+00:00,1405.502698,open,rgb,-65.000,-45.000,7,700,,0.258806818,56.4787,4.068432808,4.063608646,1.645689726
2026-07-28T18:54:52.871547+00:00,1405.653086,open,rgb,-65.000,-45.000,8,700,,0.258806818,56.4949,4.068394661,4.063720703,1.645792127
2026-07-28T18:54:53.022016+00:00,1405.803555,open,rgb,-65.000,-45.000,9,700,,0.258778409,56.4787,4.068497181,4.063795090,1.645672679
2026-07-28T18:54:53.172405+00:00,1405.953945,open,rgb,-65.000,-45.000,10,700,,0.258806818,56.4498,4.068569660,4.063920021,1.645910740
2026-07-28T18:54:53.322738+00:00,1406.104278,open,rgb,-65.000,-45.000,11,700,,0.258806818,56.4305,4.068524361,4.063879967,1.645928741
2026-07-28T18:54:53.473053+00:00,1406.254593,open,rgb,-65.000,-45.000,12,700,,0.258806818,56.4369,4.068537235,4.063846588,1.645744443
2026-07-28T18:54:53.624676+00:00,1406.406208,open,rgb,-65.000,-45.000,13,700,,0.258806818,56.4498,4.068351746,4.063927174,1.645839453
2026-07-28T18:54:53.775241+00:00,1406.556779,open,rgb,-65.000,-45.000,14,700,,0.258778409,56.4659,4.068432808,4.063766956,1.645897508
2026-07-28T18:54:53.925491+00:00,1406.707033,open,rgb,-65.000,-45.000,15,700,,0.258778409,56.4981,4.068801403,4.063926220,1.645595312
2026-07-28T18:54:54.075759+00:00,1406.857295,open,rgb,-65.000,-45.000,16,700,,0.258835227,56.5110,4.068547249,4.063907146,1.645914435
2026-07-28T18:54:54.226123+00:00,1407.007662,open,rgb,-65.000,-45.000,17,700,,0.258778409,56.5078,4.068544865,4.063840389,1.645728827
2026-07-28T18:54:54.376373+00:00,1407.157912,open,rgb,-65.000,-45.000,18,700,,0.258750000,56.5110,4.068613529,4.063890457,1.645838737
2026-07-28T18:54:54.526618+00:00,1407.308158,open,rgb,-65.000,-45.000,19,700,,0.258750000,56.5142,4.068594933,4.063949585,1.645862579
2026-07-28T18:54:56.881523+00:00,1409.663060,open,rgb,-65.000,-40.000,0,700,,0.258863636,56.6272,4.068396568,4.063695908,1.645737171
2026-07-28T18:54:57.031929+00:00,1409.813467,open,rgb,-65.000,-40.000,1,700,,0.258863636,56.6207,4.068439007,4.063722134,1.645830393
2026-07-28T18:54:57.182155+00:00,1409.963695,open,rgb,-65.000,-40.000,2,700,,0.258835227,56.6272,4.068463326,4.063703537,1.645924687
2026-07-28T18:54:57.332454+00:00,1410.113994,open,rgb,-65.000,-40.000,3,700,,0.258920455,56.6272,4.068356991,4.063731194,1.645790815
2026-07-28T18:54:57.487309+00:00,1410.268846,open,rgb,-65.000,-40.000,4,700,,0.258750000,56.6272,4.068552971,4.063860893,1.645685434
2026-07-28T18:54:57.637874+00:00,1410.419414,open,rgb,-65.000,-40.000,5,700,,0.258835227,56.6304,4.068453789,4.063796520,1.645744920
2026-07-28T18:54:57.788319+00:00,1410.569859,open,rgb,-65.000,-40.000,6,700,,0.258863636,56.6369,4.068497658,4.063816547,1.645681262
2026-07-28T18:54:57.938660+00:00,1410.720200,open,rgb,-65.000,-40.000,7,700,,0.259005682,56.6369,4.068479061,4.063864231,1.645786405
2026-07-28T18:54:58.088986+00:00,1410.870527,open,rgb,-65.000,-40.000,8,700,,0.258892045,56.6175,4.068404675,4.063704967,1.645708084
2026-07-28T18:54:58.239339+00:00,1411.020880,open,rgb,-65.000,-40.000,9,700,,0.258892045,56.6110,4.068487167,4.063795090,1.645796657
2026-07-28T18:54:58.389794+00:00,1411.171332,open,rgb,-65.000,-40.000,10,700,,0.258806818,56.6239,4.068488121,4.063850880,1.645913839
2026-07-28T18:54:58.540120+00:00,1411.321659,open,rgb,-65.000,-40.000,11,700,,0.258806818,56.6369,4.068396568,4.063715458,1.645747185
2026-07-28T18:54:58.690320+00:00,1411.471860,open,rgb,-65.000,-40.000,12,700,,0.258920455,56.6498,4.068532467,4.063853264,1.645740747
2026-07-28T18:54:58.842336+00:00,1411.623871,open,rgb,-65.000,-40.000,13,700,,0.258835227,56.6563,4.068470478,4.063287735,1.645791054
2026-07-28T18:54:58.992794+00:00,1411.774331,open,rgb,-65.000,-40.000,14,700,,0.258863636,56.6724,4.068613052,4.063802242,1.645729303
2026-07-28T18:54:59.143379+00:00,1411.924913,open,rgb,-65.000,-40.000,15,700,,0.258863636,56.6821,4.068472862,4.063832283,1.645894647
2026-07-28T18:54:59.293717+00:00,1412.075256,open,rgb,-65.000,-40.000,16,700,,0.258863636,56.6789,4.068478107,4.063763142,1.645753980
2026-07-28T18:54:59.444111+00:00,1412.225649,open,rgb,-65.000,-40.000,17,700,,0.258863636,56.6854,4.068755150,4.064062119,1.645780563
2026-07-28T18:54:59.594401+00:00,1412.375940,open,rgb,-65.000,-40.000,18,700,,0.258664773,56.6563,4.068503857,4.063841820,1.645852327
2026-07-28T18:54:59.744601+00:00,1412.526141,open,rgb,-65.000,-40.000,19,700,,0.258806818,56.6110,4.068415642,4.063798428,1.645665884
2026-07-28T18:55:02.099572+00:00,1414.881108,open,rgb,-65.000,-35.000,0,700,,0.258892045,56.6660,4.068583012,4.063888550,1.645920277
2026-07-28T18:55:02.250031+00:00,1415.031570,open,rgb,-65.000,-35.000,1,700,,0.258863636,56.6724,4.068744659,4.063870907,1.645328403
2026-07-28T18:55:02.400512+00:00,1415.182050,open,rgb,-65.000,-35.000,2,700,,0.258778409,56.6724,4.068589687,4.063842773,1.645714164
2026-07-28T18:55:02.554840+00:00,1415.336377,open,rgb,-65.000,-35.000,3,700,,0.258863636,56.6724,4.068656921,4.063951492,1.645774245
2026-07-28T18:55:02.705241+00:00,1415.486780,open,rgb,-65.000,-35.000,4,700,,0.258778409,56.6757,4.068561554,4.063862801,1.645797729
2026-07-28T18:55:02.855655+00:00,1415.637195,open,rgb,-65.000,-35.000,5,700,,0.258892045,56.6918,4.068619728,4.063802242,1.645731330
2026-07-28T18:55:03.006015+00:00,1415.787555,open,rgb,-65.000,-35.000,6,700,,0.258892045,56.7016,4.068479061,4.063842773,1.645945430
2026-07-28T18:55:03.156516+00:00,1415.938055,open,rgb,-65.000,-35.000,7,700,,0.258863636,56.6983,4.068529129,4.063874245,1.645787716
2026-07-28T18:55:03.306830+00:00,1416.088368,open,rgb,-65.000,-35.000,8,700,,0.258835227,56.7048,4.068654537,4.063903809,1.645760775
2026-07-28T18:55:03.457019+00:00,1416.238560,open,rgb,-65.000,-35.000,9,700,,0.258806818,56.6918,4.068598270,4.063865662,1.645891905
2026-07-28T18:55:03.607331+00:00,1416.388871,open,rgb,-65.000,-35.000,10,700,,0.258892045,56.6757,4.068692684,4.063910484,1.645763278
2026-07-28T18:55:03.757505+00:00,1416.539046,open,rgb,-65.000,-35.000,11,700,,0.258806818,56.6724,4.068722248,4.063976288,1.645752311
2026-07-28T18:55:03.907726+00:00,1416.689264,open,rgb,-65.000,-35.000,12,700,,0.258778409,56.6757,4.068517685,4.063792229,1.645793557
2026-07-28T18:55:04.058000+00:00,1416.839540,open,rgb,-65.000,-35.000,13,700,,0.258863636,56.6983,4.068547249,4.063835621,1.645979285
2026-07-28T18:55:04.208175+00:00,1416.989710,open,rgb,-65.000,-35.000,14,700,,0.258863636,56.7404,4.068638802,4.063926697,1.645840168
2026-07-28T18:55:04.358733+00:00,1417.140270,open,rgb,-65.000,-35.000,15,700,,0.258863636,56.7080,4.068602562,4.063935757,1.645721316
2026-07-28T18:55:04.509008+00:00,1417.290548,open,rgb,-65.000,-35.000,16,700,,0.258806818,56.7113,4.068722248,4.064058781,1.645680785
2026-07-28T18:55:04.659196+00:00,1417.440734,open,rgb,-65.000,-35.000,17,700,,0.258806818,56.7145,4.068574905,4.063892841,1.645935655
2026-07-28T18:55:04.809526+00:00,1417.591064,open,rgb,-65.000,-35.000,18,700,,0.258835227,56.7275,4.068682671,4.063983917,1.645739317
2026-07-28T18:55:04.959764+00:00,1417.741304,open,rgb,-65.000,-35.000,19,700,,0.258920455,56.7307,4.068904400,4.064251900,1.645719051
2026-07-28T18:55:07.315053+00:00,1420.096586,open,rgb,-65.000,-30.000,0,700,,0.258892045,56.7890,4.068554878,4.063864708,1.645910263
2026-07-28T18:55:07.465639+00:00,1420.247177,open,rgb,-65.000,-30.000,1,700,,0.258778409,56.8020,4.068597794,4.063715458,1.645762801
2026-07-28T18:55:07.619712+00:00,1420.401250,open,rgb,-65.000,-30.000,2,700,,0.258778409,56.8085,4.068564892,4.063940525,1.645927072
2026-07-28T18:55:07.770163+00:00,1420.551701,open,rgb,-65.000,-30.000,3,700,,0.258835227,56.8020,4.068833351,4.063998222,1.645434856
2026-07-28T18:55:07.920634+00:00,1420.702174,open,rgb,-65.000,-30.000,4,700,,0.258892045,56.8053,4.068680286,4.064181328,1.645723939
2026-07-28T18:55:08.070984+00:00,1420.852525,open,rgb,-65.000,-30.000,5,700,,0.258892045,56.8085,4.068676949,4.064037323,1.646139741
2026-07-28T18:55:08.221292+00:00,1421.002833,open,rgb,-65.000,-30.000,6,700,,0.258806818,56.8117,4.068718433,4.064073086,1.645928502
2026-07-28T18:55:08.371729+00:00,1421.153268,open,rgb,-65.000,-30.000,7,700,,0.258863636,56.8085,4.068855286,4.064145088,1.645773292
2026-07-28T18:55:08.522016+00:00,1421.303557,open,rgb,-65.000,-30.000,8,700,,0.258721591,56.8053,4.068748474,4.064002037,1.646018624
2026-07-28T18:55:08.672430+00:00,1421.453968,open,rgb,-65.000,-30.000,9,700,,0.258863636,56.8182,4.068780422,4.064135075,1.645897031
2026-07-28T18:55:08.822839+00:00,1421.604377,open,rgb,-65.000,-30.000,10,700,,0.258750000,56.8117,4.068847656,4.064106464,1.645919561
2026-07-28T18:55:08.973131+00:00,1421.754671,open,rgb,-65.000,-30.000,11,700,,0.258778409,56.8117,4.068783760,4.064070702,1.645824552
2026-07-28T18:55:09.123551+00:00,1421.905091,open,rgb,-65.000,-30.000,12,700,,0.258806818,56.8182,4.068855286,4.064173698,1.645927310
2026-07-28T18:55:09.273937+00:00,1422.055478,open,rgb,-65.000,-30.000,13,700,,0.258778409,56.8182,4.068846226,4.064155579,1.645892143
2026-07-28T18:55:09.424568+00:00,1422.206101,open,rgb,-65.000,-30.000,14,700,,0.258778409,56.8182,4.068789959,4.064146996,1.645791292
2026-07-28T18:55:09.575107+00:00,1422.356645,open,rgb,-65.000,-30.000,15,700,,0.258863636,56.8247,4.068897247,4.064259052,1.645811081
2026-07-28T18:55:09.725519+00:00,1422.507058,open,rgb,-65.000,-30.000,16,700,,0.258693182,56.8215,4.068873405,4.064130306,1.645848751
2026-07-28T18:55:09.875974+00:00,1422.657513,open,rgb,-65.000,-30.000,17,700,,0.258750000,56.8280,4.068903446,4.064029694,1.645745397
2026-07-28T18:55:10.026338+00:00,1422.807878,open,rgb,-65.000,-30.000,18,700,,0.258806818,56.8345,4.068818569,4.064101696,1.646037459
2026-07-28T18:55:10.176714+00:00,1422.958255,open,rgb,-65.000,-30.000,19,700,,0.258806818,56.8377,4.068776131,4.064167023,1.645932674
2026-07-28T18:55:12.531745+00:00,1425.313281,open,rgb,-65.000,-25.000,0,700,,0.258920455,56.9027,4.068787098,4.063982010,1.645678282
2026-07-28T18:55:12.682182+00:00,1425.463718,open,rgb,-65.000,-25.000,1,700,,0.258806818,56.8994,4.068795204,4.064094067,1.645693660
2026-07-28T18:55:12.832445+00:00,1425.613984,open,rgb,-65.000,-25.000,2,700,,0.258835227,56.9092,4.068757057,4.064003944,1.645651221
2026-07-28T18:55:12.982662+00:00,1425.764200,open,rgb,-65.000,-25.000,3,700,,0.258892045,56.9222,4.068742752,4.064170837,1.645740032
2026-07-28T18:55:13.132950+00:00,1425.914490,open,rgb,-65.000,-25.000,4,700,,0.258835227,56.9319,4.068694592,4.064009190,1.645991564
2026-07-28T18:55:13.282938+00:00,1426.064473,open,rgb,-65.000,-25.000,5,700,,0.258892045,56.9254,4.068984032,4.064397335,1.645752788
2026-07-28T18:55:13.433368+00:00,1426.214907,open,rgb,-65.000,-25.000,6,700,,0.258693182,56.9222,4.068950653,4.064212799,1.645876288
2026-07-28T18:55:13.583613+00:00,1426.365152,open,rgb,-65.000,-25.000,7,700,,0.258750000,56.9157,4.068829536,4.064151287,1.645952702
2026-07-28T18:55:13.733875+00:00,1426.515411,open,rgb,-65.000,-25.000,8,700,,0.258778409,56.9222,4.068919659,4.064140320,1.645884633
2026-07-28T18:55:13.884384+00:00,1426.665919,open,rgb,-65.000,-25.000,9,700,,0.258778409,56.9189,4.069044590,4.064321995,1.645395041
2026-07-28T18:55:14.034977+00:00,1426.816512,open,rgb,-65.000,-25.000,10,700,,0.258750000,56.9222,4.068759918,4.064036369,1.645381689
2026-07-28T18:55:14.185291+00:00,1426.966831,open,rgb,-65.000,-25.000,11,700,,0.258835227,56.9385,4.068747044,4.064060211,1.645751357
2026-07-28T18:55:14.335520+00:00,1427.117060,open,rgb,-65.000,-25.000,12,700,,0.258806818,56.9515,4.068658829,4.063954830,1.646049619
2026-07-28T18:55:14.485718+00:00,1427.267257,open,rgb,-65.000,-25.000,13,700,,0.258835227,56.9515,4.068704605,4.063959599,1.645915866
2026-07-28T18:55:14.635506+00:00,1427.417037,open,rgb,-65.000,-25.000,14,700,,0.258863636,56.9515,4.068709373,4.064038277,1.645901680
2026-07-28T18:55:14.786130+00:00,1427.567669,open,rgb,-65.000,-25.000,15,700,,0.258892045,56.9482,4.068719864,4.063976288,1.645924091
2026-07-28T18:55:14.936699+00:00,1427.718238,open,rgb,-65.000,-25.000,16,700,,0.258835227,56.9547,4.068742752,4.063993931,1.645877004
2026-07-28T18:55:15.087060+00:00,1427.868598,open,rgb,-65.000,-25.000,17,700,,0.258948864,56.9612,4.068682194,4.063953400,1.646035910
2026-07-28T18:55:15.237303+00:00,1428.018843,open,rgb,-65.000,-25.000,18,700,,0.258892045,56.9612,4.068671227,4.063977242,1.645890474
2026-07-28T18:55:15.387692+00:00,1428.169228,open,rgb,-65.000,-25.000,19,700,,0.258806818,56.9677,4.068800926,4.064055443,1.645899773
2026-07-28T18:55:17.742911+00:00,1430.524448,open,rgb,-65.000,-20.000,0,700,,0.258863636,57.0133,4.068735123,4.064074993,1.645963907
2026-07-28T18:55:17.893494+00:00,1430.675032,open,rgb,-65.000,-20.000,1,700,,0.258892045,57.0133,4.068733215,4.064002991,1.645770311
2026-07-28T18:55:18.044097+00:00,1430.825635,open,rgb,-65.000,-20.000,2,700,,0.258977273,57.0166,4.068816185,4.064138889,1.645888209
2026-07-28T18:55:18.194475+00:00,1430.976015,open,rgb,-65.000,-20.000,3,700,,0.258892045,57.0166,4.068861485,4.064137936,1.645904899
2026-07-28T18:55:18.344838+00:00,1431.126377,open,rgb,-65.000,-20.000,4,700,,0.258750000,57.0199,4.068703175,4.064015388,1.645771503
2026-07-28T18:55:18.495352+00:00,1431.276891,open,rgb,-65.000,-20.000,5,700,,0.258948864,57.0264,4.068832874,4.064117432,1.646038651
2026-07-28T18:55:18.645647+00:00,1431.427186,open,rgb,-65.000,-20.000,6,700,,0.258835227,57.0199,4.068868160,4.064097881,1.645879507
2026-07-28T18:55:18.795984+00:00,1431.577525,open,rgb,-65.000,-20.000,7,700,,0.258892045,57.0264,4.069032192,4.064358711,1.645797253
2026-07-28T18:55:18.946382+00:00,1431.727920,open,rgb,-65.000,-20.000,8,700,,0.258892045,57.0231,4.068765163,4.064064980,1.645955205
2026-07-28T18:55:19.096794+00:00,1431.878334,open,rgb,-65.000,-20.000,9,700,,0.258806818,57.0296,4.068676949,4.064002037,1.645862103
2026-07-28T18:55:19.247215+00:00,1432.028748,open,rgb,-65.000,-20.000,10,700,,0.258977273,57.0296,4.068746090,4.064083576,1.645980000
2026-07-28T18:55:19.397628+00:00,1432.179167,open,rgb,-65.000,-20.000,11,700,,0.258806818,57.0264,4.068740368,4.064060211,1.646043539
2026-07-28T18:55:19.547975+00:00,1432.329514,open,rgb,-65.000,-20.000,12,700,,0.258920455,57.0296,4.068828106,4.064062119,1.645790815
2026-07-28T18:55:19.698323+00:00,1432.479859,open,rgb,-65.000,-20.000,13,700,,0.258892045,57.0394,4.068846226,4.064064980,1.645846963
2026-07-28T18:55:19.850210+00:00,1432.631740,open,rgb,-65.000,-20.000,14,700,,0.258835227,57.0362,4.068623066,4.063804626,1.645942211
2026-07-28T18:55:20.000880+00:00,1432.782417,open,rgb,-65.000,-20.000,15,700,,0.258778409,57.0329,4.068860531,4.064152718,1.645914197
2026-07-28T18:55:20.151591+00:00,1432.933130,open,rgb,-65.000,-20.000,16,700,,0.258920455,57.0362,4.068718433,4.064044952,1.646085262
2026-07-28T18:55:20.302005+00:00,1433.083544,open,rgb,-65.000,-20.000,17,700,,0.258835227,57.0362,4.068766117,4.064031601,1.646008611
2026-07-28T18:55:20.452509+00:00,1433.234048,open,rgb,-65.000,-20.000,18,700,,0.258863636,57.0329,4.068870068,4.064117432,1.645970583
2026-07-28T18:55:20.602914+00:00,1433.384454,open,rgb,-65.000,-20.000,19,700,,0.258778409,57.0296,4.068830490,4.064128876,1.645995736
2026-07-28T18:55:22.958143+00:00,1435.739679,open,rgb,-65.000,-15.000,0,700,,0.258806818,57.0101,4.068832874,4.064127445,1.645782351
2026-07-28T18:55:23.108761+00:00,1435.890298,open,rgb,-65.000,-15.000,1,700,,0.258778409,57.0231,4.068876266,4.064413548,1.645872593
2026-07-28T18:55:23.259259+00:00,1436.040799,open,rgb,-65.000,-15.000,2,700,,0.258750000,57.0068,4.068950176,4.064236164,1.646140456
2026-07-28T18:55:23.409616+00:00,1436.191156,open,rgb,-65.000,-15.000,3,700,,0.258806818,57.0068,4.069029808,4.064321995,1.645992994
2026-07-28T18:55:23.560025+00:00,1436.341565,open,rgb,-65.000,-15.000,4,700,,0.258863636,57.0068,4.069051266,4.064438820,1.645896077
2026-07-28T18:55:23.710285+00:00,1436.491825,open,rgb,-65.000,-15.000,5,700,,0.258892045,57.0003,4.069008350,4.064329147,1.645941496
2026-07-28T18:55:23.860482+00:00,1436.642022,open,rgb,-65.000,-15.000,6,700,,0.258806818,57.0003,4.069126129,4.064375877,1.645921707
2026-07-28T18:55:24.010658+00:00,1436.792198,open,rgb,-65.000,-15.000,7,700,,0.258835227,57.0068,4.068976402,4.064379215,1.646098256
2026-07-28T18:55:24.160873+00:00,1436.942412,open,rgb,-65.000,-15.000,8,700,,0.258835227,57.0036,4.069065571,4.064347744,1.645921707
2026-07-28T18:55:24.311108+00:00,1437.092646,open,rgb,-65.000,-15.000,9,700,,0.258806818,57.0101,4.068898678,4.064425945,1.645901680
2026-07-28T18:55:24.461331+00:00,1437.242872,open,rgb,-65.000,-15.000,10,700,,0.258806818,57.0101,4.068720818,4.064046383,1.645724893
2026-07-28T18:55:24.611519+00:00,1437.393060,open,rgb,-65.000,-15.000,11,700,,0.258892045,57.0296,4.068881512,4.064153194,1.645920515
2026-07-28T18:55:24.761631+00:00,1437.543170,open,rgb,-65.000,-15.000,12,700,,0.258863636,57.0394,4.068912506,4.064244747,1.645900249
2026-07-28T18:55:24.911832+00:00,1437.693374,open,rgb,-65.000,-15.000,13,700,,0.258778409,57.0394,4.068760395,4.064102650,1.645890236
2026-07-28T18:55:25.061987+00:00,1437.843527,open,rgb,-65.000,-15.000,14,700,,0.258806818,57.0492,4.068875790,4.064224243,1.646058440
2026-07-28T18:55:25.214476+00:00,1437.996011,open,rgb,-65.000,-15.000,15,700,,0.258977273,57.0720,4.068830967,4.064139843,1.646089435
2026-07-28T18:55:25.365227+00:00,1438.146762,open,rgb,-65.000,-15.000,16,700,,0.258835227,57.0329,4.068877220,4.064135075,1.645871878
2026-07-28T18:55:25.515704+00:00,1438.297244,open,rgb,-65.000,-15.000,17,700,,0.258835227,57.0329,4.068942070,4.064238548,1.645874858
2026-07-28T18:55:25.666196+00:00,1438.447733,open,rgb,-65.000,-15.000,18,700,,0.258920455,57.0362,4.068801880,4.064115047,1.646013260
2026-07-28T18:55:25.816593+00:00,1438.598131,open,rgb,-65.000,-15.000,19,700,,0.258892045,57.0492,4.068919659,4.064098358,1.645964384
2026-07-28T18:55:28.171593+00:00,1440.953126,open,rgb,-65.000,-10.000,0,700,,0.258806818,57.1014,4.069194794,4.064464092,1.645730019
2026-07-28T18:55:28.322005+00:00,1441.103542,open,rgb,-65.000,-10.000,1,700,,0.258835227,57.1014,4.069117069,4.064407349,1.645901918
2026-07-28T18:55:28.472287+00:00,1441.253827,open,rgb,-65.000,-10.000,2,700,,0.258806818,57.1112,4.069163799,4.064354420,1.645841599
2026-07-28T18:55:28.622463+00:00,1441.404003,open,rgb,-65.000,-10.000,3,700,,0.258778409,57.1177,4.069091320,4.064415932,1.645960569
2026-07-28T18:55:28.772638+00:00,1441.554178,open,rgb,-65.000,-10.000,4,700,,0.258778409,57.1177,4.069064140,4.064363003,1.645853877
2026-07-28T18:55:28.922856+00:00,1441.704396,open,rgb,-65.000,-10.000,5,700,,0.258806818,57.1308,4.069071293,4.064480782,1.645955920
2026-07-28T18:55:29.073097+00:00,1441.854634,open,rgb,-65.000,-10.000,6,700,,0.258721591,57.1308,4.068860531,4.064151764,1.646010280
2026-07-28T18:55:29.223517+00:00,1442.005057,open,rgb,-65.000,-10.000,7,700,,0.258863636,57.1439,4.068847656,4.064117432,1.645868540
2026-07-28T18:55:29.373648+00:00,1442.155188,open,rgb,-65.000,-10.000,8,700,,0.258920455,57.1537,4.068891525,4.064188480,1.646025181
2026-07-28T18:55:29.523832+00:00,1442.305372,open,rgb,-65.000,-10.000,9,700,,0.258892045,57.1471,4.068917751,4.064214706,1.645960331
2026-07-28T18:55:29.674001+00:00,1442.455542,open,rgb,-65.000,-10.000,10,700,,0.258835227,57.1537,4.069057465,4.064189911,1.645877242
2026-07-28T18:55:29.824156+00:00,1442.605697,open,rgb,-65.000,-10.000,11,700,,0.258835227,57.1569,4.068830490,4.064155579,1.646043301
2026-07-28T18:55:29.974426+00:00,1442.755962,open,rgb,-65.000,-10.000,12,700,,0.258778409,57.1471,4.068885326,4.064178467,1.645176053
2026-07-28T18:55:30.124674+00:00,1442.906213,open,rgb,-65.000,-10.000,13,700,,0.258835227,57.1602,4.068955421,4.064253330,1.645945907
2026-07-28T18:55:30.274864+00:00,1443.056405,open,rgb,-65.000,-10.000,14,700,,0.258806818,57.1602,4.068852901,4.064172745,1.645999551
2026-07-28T18:55:30.425253+00:00,1443.206787,open,rgb,-65.000,-10.000,15,700,,0.258835227,57.1602,4.068885326,4.064085007,1.645824552
2026-07-28T18:55:30.575699+00:00,1443.357238,open,rgb,-65.000,-10.000,16,700,,0.258920455,57.1667,4.068899155,4.064208031,1.645900249
2026-07-28T18:55:30.725976+00:00,1443.507516,open,rgb,-65.000,-10.000,17,700,,0.258892045,57.1635,4.068811893,4.064102650,1.646028161
2026-07-28T18:55:30.876335+00:00,1443.657869,open,rgb,-65.000,-10.000,18,700,,0.258920455,57.1700,4.068874836,4.064042091,1.646019101
2026-07-28T18:55:31.026648+00:00,1443.808188,open,rgb,-65.000,-10.000,19,700,,0.258948864,57.1733,4.068974972,4.064216137,1.646053553
2026-07-28T18:55:33.381777+00:00,1446.163313,open,rgb,-65.000,-5.000,0,700,,0.258863636,57.1308,4.068792820,4.064141273,1.645984173
2026-07-28T18:55:33.532509+00:00,1446.314046,open,rgb,-65.000,-5.000,1,700,,0.258892045,57.1210,4.068889141,4.064183235,1.646112442
2026-07-28T18:55:33.682902+00:00,1446.464442,open,rgb,-65.000,-5.000,2,700,,0.258920455,57.1243,4.068954945,4.064281464,1.646021605
2026-07-28T18:55:33.833236+00:00,1446.614775,open,rgb,-65.000,-5.000,3,700,,0.258778409,57.1275,4.068796635,4.064146996,1.645807266
2026-07-28T18:55:33.983684+00:00,1446.765220,open,rgb,-65.000,-5.000,4,700,,0.258892045,57.1471,4.068865776,4.064193726,1.646134853
2026-07-28T18:55:34.133998+00:00,1446.915538,open,rgb,-65.000,-5.000,5,700,,0.258835227,57.1439,4.068911552,4.064216137,1.645953178
2026-07-28T18:55:34.284294+00:00,1447.065835,open,rgb,-65.000,-5.000,6,700,,0.258863636,57.1439,4.068938255,4.064168453,1.645749092
2026-07-28T18:55:34.434658+00:00,1447.216195,open,rgb,-65.000,-5.000,7,700,,0.258920455,57.1569,4.068972588,4.064321041,1.646031380
2026-07-28T18:55:34.585053+00:00,1447.366594,open,rgb,-65.000,-5.000,8,700,,0.258920455,57.1569,4.068938255,4.064216614,1.645935655
2026-07-28T18:55:34.735427+00:00,1447.516968,open,rgb,-65.000,-5.000,9,700,,0.258948864,57.1700,4.068972588,4.064290524,1.645965695
2026-07-28T18:55:34.885904+00:00,1447.667444,open,rgb,-65.000,-5.000,10,700,,0.258863636,57.1831,4.068846226,4.064188004,1.646246672
2026-07-28T18:55:35.036253+00:00,1447.817794,open,rgb,-65.000,-5.000,11,700,,0.258920455,57.1864,4.068920135,4.064288616,1.646036744
2026-07-28T18:55:35.186669+00:00,1447.968211,open,rgb,-65.000,-5.000,12,700,,0.258778409,57.1896,4.069052219,4.064407349,1.645827174
2026-07-28T18:55:35.336988+00:00,1448.118529,open,rgb,-65.000,-5.000,13,700,,0.258806818,57.1896,4.068960667,4.064316273,1.646043777
2026-07-28T18:55:35.487274+00:00,1448.268816,open,rgb,-65.000,-5.000,14,700,,0.258835227,57.1962,4.069034576,4.064263821,1.645189524
2026-07-28T18:55:35.636916+00:00,1448.418449,open,rgb,-65.000,-5.000,15,700,,0.258863636,57.2060,4.068998337,4.064361572,1.645953655
2026-07-28T18:55:35.787553+00:00,1448.569091,open,rgb,-65.000,-5.000,16,700,,0.258835227,57.2060,4.068948746,4.064312458,1.645884871
2026-07-28T18:55:35.938218+00:00,1448.719753,open,rgb,-65.000,-5.000,17,700,,0.258835227,57.2027,4.068917751,4.064302921,1.645939827
2026-07-28T18:55:36.088716+00:00,1448.870254,open,rgb,-65.000,-5.000,18,700,,0.258948864,57.1831,4.068945885,4.064250469,1.646021128
2026-07-28T18:55:36.239116+00:00,1449.020656,open,rgb,-65.000,-5.000,19,700,,0.258920455,57.1602,4.068895817,4.064280033,1.645938993
2026-07-28T18:55:38.594242+00:00,1451.375778,open,rgb,-65.000,0.000,0,700,,0.258835227,57.1864,4.069264412,4.064617634,1.645876050
2026-07-28T18:55:38.744936+00:00,1451.526474,open,rgb,-65.000,0.000,1,700,,0.258778409,57.1995,4.069272041,4.064558506,1.645940542
2026-07-28T18:55:38.895334+00:00,1451.676874,open,rgb,-65.000,0.000,2,700,,0.258835227,57.2027,4.069190979,4.064467430,1.645769119
2026-07-28T18:55:39.045669+00:00,1451.827209,open,rgb,-65.000,0.000,3,700,,0.258863636,57.2060,4.069308281,4.064632416,1.645826459
2026-07-28T18:55:39.196080+00:00,1451.977620,open,rgb,-65.000,0.000,4,700,,0.258806818,57.2060,4.069207668,4.064549923,1.645875573
2026-07-28T18:55:39.346351+00:00,1452.127892,open,rgb,-65.000,0.000,5,700,,0.258806818,57.2191,4.069329739,4.064457893,1.645827770
2026-07-28T18:55:39.496703+00:00,1452.278243,open,rgb,-65.000,0.000,6,700,,0.258778409,57.2256,4.069236755,4.064640522,1.645919800
2026-07-28T18:55:39.647112+00:00,1452.428652,open,rgb,-65.000,0.000,7,700,,0.258778409,57.2256,4.069083214,4.064407825,1.645856977
2026-07-28T18:55:39.797477+00:00,1452.579016,open,rgb,-65.000,0.000,8,700,,0.258806818,57.2355,4.069256783,4.064558029,1.645912647
2026-07-28T18:55:39.947756+00:00,1452.729296,open,rgb,-65.000,0.000,9,700,,0.258750000,57.2420,4.069228649,4.064470768,1.646033525
2026-07-28T18:55:40.098120+00:00,1452.879658,open,rgb,-65.000,0.000,10,700,,0.258806818,57.2420,4.069153786,4.064489365,1.645916343
2026-07-28T18:55:40.248503+00:00,1453.030042,open,rgb,-65.000,0.000,11,700,,0.258835227,57.2486,4.069230080,4.064591885,1.645949483
2026-07-28T18:55:40.398829+00:00,1453.180369,open,rgb,-65.000,0.000,12,700,,0.258892045,57.2453,4.069192410,4.064541340,1.645902634
2026-07-28T18:55:40.549144+00:00,1453.330684,open,rgb,-65.000,0.000,13,700,,0.258778409,57.2453,4.069342613,4.064520836,1.645720243
2026-07-28T18:55:40.699459+00:00,1453.480999,open,rgb,-65.000,0.000,14,700,,0.258750000,57.2486,4.069227695,4.064522266,1.645882368
2026-07-28T18:55:40.850684+00:00,1453.632215,open,rgb,-65.000,0.000,15,700,,0.258806818,57.2420,4.069008350,4.064379692,1.645797253
2026-07-28T18:55:41.001492+00:00,1453.783026,open,rgb,-65.000,0.000,16,700,,0.258835227,57.2355,4.069297791,4.064496517,1.645326018
2026-07-28T18:55:41.152201+00:00,1453.933740,open,rgb,-65.000,0.000,17,700,,0.258835227,57.2355,4.069013119,4.064450264,1.645963430
2026-07-28T18:55:41.302646+00:00,1454.084186,open,rgb,-65.000,0.000,18,700,,0.258806818,57.2256,4.069126129,4.064445019,1.645771503
2026-07-28T18:55:41.453030+00:00,1454.234570,open,rgb,-65.000,0.000,19,700,,0.258835227,57.2256,4.069202900,4.064566135,1.645804763
2026-07-28T18:55:43.808173+00:00,1456.589710,open,rgb,-65.000,5.000,0,700,,0.258750000,57.2453,4.069271088,4.064548016,1.645368457
2026-07-28T18:55:43.958835+00:00,1456.740373,open,rgb,-65.000,5.000,1,700,,0.258750000,57.2453,4.069267273,4.064535618,1.645819664
2026-07-28T18:55:44.109177+00:00,1456.890716,open,rgb,-65.000,5.000,2,700,,0.258806818,57.2649,4.069304943,4.064643860,1.645879984
2026-07-28T18:55:44.259585+00:00,1457.041123,open,rgb,-65.000,5.000,3,700,,0.258806818,57.2649,4.069225788,4.064549446,1.645961523
2026-07-28T18:55:44.409992+00:00,1457.191533,open,rgb,-65.000,5.000,4,700,,0.258806818,57.2748,4.069314957,4.064651012,1.645916104
2026-07-28T18:55:44.560339+00:00,1457.341881,open,rgb,-65.000,5.000,5,700,,0.258750000,57.2780,4.069323063,4.064620495,1.645824552
2026-07-28T18:55:44.710692+00:00,1457.492233,open,rgb,-65.000,5.000,6,700,,0.258778409,57.2682,4.069234848,4.064587593,1.645693898
2026-07-28T18:55:44.861053+00:00,1457.642593,open,rgb,-65.000,5.000,7,700,,0.258892045,57.2780,4.069339752,4.064615250,1.645844340
2026-07-28T18:55:45.011626+00:00,1457.793166,open,rgb,-65.000,5.000,8,700,,0.258778409,57.2846,4.069295406,4.064585686,1.645921230
2026-07-28T18:55:45.161989+00:00,1457.943529,open,rgb,-65.000,5.000,9,700,,0.258806818,57.2879,4.069266319,4.064538956,1.645794749
2026-07-28T18:55:45.312194+00:00,1458.093729,open,rgb,-65.000,5.000,10,700,,0.258948864,57.3010,4.069526672,4.064764023,1.645599246
2026-07-28T18:55:45.462983+00:00,1458.244519,open,rgb,-65.000,5.000,11,700,,0.258721591,57.2846,4.069419861,4.064642906,1.645242810
2026-07-28T18:55:45.613494+00:00,1458.395034,open,rgb,-65.000,5.000,12,700,,0.258835227,57.3010,4.069350243,4.064658642,1.645837784
2026-07-28T18:55:45.763935+00:00,1458.545475,open,rgb,-65.000,5.000,13,700,,0.258806818,57.3108,4.069306850,4.064619064,1.646076679
2026-07-28T18:55:45.914516+00:00,1458.696051,open,rgb,-65.000,5.000,14,700,,0.258835227,57.3108,4.069234848,4.064335346,1.645919800
2026-07-28T18:55:46.065032+00:00,1458.846566,open,rgb,-65.000,5.000,15,700,,0.258806818,57.3371,4.069165230,4.064465523,1.645885825
2026-07-28T18:55:46.215684+00:00,1458.997218,open,rgb,-65.000,5.000,16,700,,0.259005682,57.3502,4.069115639,4.064441681,1.646019816
2026-07-28T18:55:46.366270+00:00,1459.147807,open,rgb,-65.000,5.000,17,700,,0.258863636,57.3272,4.069153786,4.064338684,1.645816922
2026-07-28T18:55:46.516823+00:00,1459.298362,open,rgb,-65.000,5.000,18,700,,0.258806818,57.3305,4.069234848,4.064544678,1.645970345
2026-07-28T18:55:46.667294+00:00,1459.448832,open,rgb,-65.000,5.000,19,700,,0.258892045,57.3272,4.069072247,4.064417362,1.645921230
2026-07-28T18:55:49.022508+00:00,1461.804044,open,rgb,-65.000,10.000,0,700,,0.258835227,57.3239,4.069166183,4.064298630,1.645810843
2026-07-28T18:55:49.173117+00:00,1461.954655,open,rgb,-65.000,10.000,1,700,,0.258806818,57.3338,4.069097519,4.064424515,1.645982742
2026-07-28T18:55:49.323871+00:00,1462.105407,open,rgb,-65.000,10.000,2,700,,0.258863636,57.3338,4.069113255,4.064375877,1.645253062
2026-07-28T18:55:49.474305+00:00,1462.255846,open,rgb,-65.000,10.000,3,700,,0.258806818,57.3436,4.069150925,4.064396858,1.645919561
2026-07-28T18:55:49.624734+00:00,1462.406275,open,rgb,-65.000,10.000,4,700,,0.258863636,57.3469,4.069162369,4.064427853,1.645918250
2026-07-28T18:55:49.775113+00:00,1462.556653,open,rgb,-65.000,10.000,5,700,,0.258863636,57.3436,4.069086552,4.064368248,1.645785213
2026-07-28T18:55:49.925471+00:00,1462.707011,open,rgb,-65.000,10.000,6,700,,0.258863636,57.3502,4.069181442,4.064416409,1.645867229
2026-07-28T18:55:50.075872+00:00,1462.857411,open,rgb,-65.000,10.000,7,700,,0.258778409,57.3469,4.069079399,4.064378262,1.646053076
2026-07-28T18:55:50.226209+00:00,1463.007749,open,rgb,-65.000,10.000,8,700,,0.258892045,57.3535,4.069119930,4.064390659,1.645889044
2026-07-28T18:55:50.376699+00:00,1463.158239,open,rgb,-65.000,10.000,9,700,,0.258835227,57.3535,4.069213390,4.064472198,1.645828247
2026-07-28T18:55:50.527104+00:00,1463.308645,open,rgb,-65.000,10.000,10,700,,0.258806818,57.3469,4.069038391,4.064333916,1.645822048
2026-07-28T18:55:50.677509+00:00,1463.459047,open,rgb,-65.000,10.000,11,700,,0.258892045,57.3535,4.069074154,4.064291477,1.645984173
2026-07-28T18:55:50.827996+00:00,1463.609536,open,rgb,-65.000,10.000,12,700,,0.258920455,57.3535,4.069176197,4.064410686,1.646009564
2026-07-28T18:55:50.978466+00:00,1463.760003,open,rgb,-65.000,10.000,13,700,,0.258835227,57.3535,4.069027424,4.064349174,1.645867705
2026-07-28T18:55:51.129100+00:00,1463.910637,open,rgb,-65.000,10.000,14,700,,0.258863636,57.3633,4.069201469,4.064439774,1.645924687
2026-07-28T18:55:51.279578+00:00,1464.061118,open,rgb,-65.000,10.000,15,700,,0.258920455,57.3633,4.069071770,4.064344883,1.645950556
2026-07-28T18:55:51.430104+00:00,1464.211638,open,rgb,-65.000,10.000,16,700,,0.258892045,57.3732,4.069188118,4.064250946,1.645874381
2026-07-28T18:55:51.580696+00:00,1464.362235,open,rgb,-65.000,10.000,17,700,,0.258920455,57.3798,4.069070816,4.064323425,1.646081328
2026-07-28T18:55:51.731114+00:00,1464.512654,open,rgb,-65.000,10.000,18,700,,0.258863636,57.3863,4.069003105,4.064269543,1.646032810
2026-07-28T18:55:51.881770+00:00,1464.663304,open,rgb,-65.000,10.000,19,700,,0.258948864,57.3896,4.069200516,4.064395428,1.645952463
2026-07-28T18:55:54.236950+00:00,1467.018486,open,rgb,-65.000,15.000,0,700,,0.258806818,57.3732,4.069406986,4.064713001,1.645946860
2026-07-28T18:55:54.387738+00:00,1467.169275,open,rgb,-65.000,15.000,1,700,,0.258750000,57.3502,4.069211960,4.064474106,1.645834088
2026-07-28T18:55:54.538186+00:00,1467.319727,open,rgb,-65.000,15.000,2,700,,0.258863636,57.3666,4.069316864,4.064611435,1.646158814
2026-07-28T18:55:54.688552+00:00,1467.470091,open,rgb,-65.000,15.000,3,700,,0.258835227,57.3568,4.069296837,4.064598083,1.646238089
2026-07-28T18:55:54.838853+00:00,1467.620394,open,rgb,-65.000,15.000,4,700,,0.258863636,57.3371,4.069544792,4.064609528,1.645526648
2026-07-28T18:55:54.989156+00:00,1467.770697,open,rgb,-65.000,15.000,5,700,,0.258863636,57.3174,4.069401741,4.064681053,1.645990849
2026-07-28T18:55:55.139603+00:00,1467.921144,open,rgb,-65.000,15.000,6,700,,0.258778409,57.2879,4.069289684,4.064645290,1.646034002
2026-07-28T18:55:55.290148+00:00,1468.071683,open,rgb,-65.000,15.000,7,700,,0.258806818,57.2748,4.069372654,4.064549446,1.645947099
2026-07-28T18:55:55.440739+00:00,1468.222277,open,rgb,-65.000,15.000,8,700,,0.258835227,57.2846,4.069307804,4.064650059,1.646085262
2026-07-28T18:55:55.591161+00:00,1468.372700,open,rgb,-65.000,15.000,9,700,,0.258835227,57.2715,4.069338799,4.064579487,1.645956635
2026-07-28T18:55:55.741544+00:00,1468.523083,open,rgb,-65.000,15.000,10,700,,0.258778409,57.2682,4.069425583,4.064662457,1.646044493
2026-07-28T18:55:55.892003+00:00,1468.673542,open,rgb,-65.000,15.000,11,700,,0.258778409,57.2551,4.069436073,4.064710617,1.645936131
2026-07-28T18:55:56.042244+00:00,1468.823780,open,rgb,-65.000,15.000,12,700,,0.258750000,57.2748,4.069046497,4.064321995,1.645827770
2026-07-28T18:55:56.192721+00:00,1468.974259,open,rgb,-65.000,15.000,13,700,,0.258920455,57.2813,4.069146156,4.064414024,1.646016955
2026-07-28T18:55:56.343117+00:00,1469.124653,open,rgb,-65.000,15.000,14,700,,0.258863636,57.2813,4.069056511,4.064311504,1.646101832
2026-07-28T18:55:56.493387+00:00,1469.274925,open,rgb,-65.000,15.000,15,700,,0.258920455,57.2944,4.069141865,4.064374447,1.645975947
2026-07-28T18:55:56.643417+00:00,1469.424951,open,rgb,-65.000,15.000,16,700,,0.258920455,57.3010,4.069166660,4.064417839,1.646077275
2026-07-28T18:55:56.794029+00:00,1469.575568,open,rgb,-65.000,15.000,17,700,,0.258948864,57.2977,4.069033623,4.064325333,1.645921707
2026-07-28T18:55:56.944490+00:00,1469.726030,open,rgb,-65.000,15.000,18,700,,0.258977273,57.2977,4.069149971,4.064467430,1.646025181
2026-07-28T18:55:57.094885+00:00,1469.876425,open,rgb,-65.000,15.000,19,700,,0.258892045,57.2912,4.069148064,4.064399719,1.646023750
2026-07-28T18:55:59.450074+00:00,1472.231609,open,rgb,-65.000,20.000,0,700,,0.258863636,57.2912,4.069337368,4.064647675,1.645860910
2026-07-28T18:55:59.605044+00:00,1472.386581,open,rgb,-65.000,20.000,1,700,,0.258835227,57.3075,4.069412708,4.064723492,1.645947576
2026-07-28T18:55:59.755517+00:00,1472.537056,open,rgb,-65.000,20.000,2,700,,0.258892045,57.3174,4.069343090,4.064701080,1.645992994
2026-07-28T18:55:59.905897+00:00,1472.687438,open,rgb,-65.000,20.000,3,700,,0.258806818,57.3174,4.069332600,4.064628601,1.645877242
2026-07-28T18:56:00.056254+00:00,1472.837794,open,rgb,-65.000,20.000,4,700,,0.258863636,57.3272,4.069377899,4.064692497,1.645948529
2026-07-28T18:56:00.206613+00:00,1472.988155,open,rgb,-65.000,20.000,5,700,,0.258863636,57.3272,4.069391251,4.064671993,1.645956874
2026-07-28T18:56:00.357041+00:00,1473.138580,open,rgb,-65.000,20.000,6,700,,0.258835227,57.3207,4.069662094,4.064773560,1.645747662
2026-07-28T18:56:00.507429+00:00,1473.288969,open,rgb,-65.000,20.000,7,700,,0.258892045,57.3141,4.069343090,4.064634800,1.646183372
2026-07-28T18:56:00.657722+00:00,1473.439262,open,rgb,-65.000,20.000,8,700,,0.258835227,57.3075,4.069342136,4.064669132,1.646016240
2026-07-28T18:56:00.808021+00:00,1473.589562,open,rgb,-65.000,20.000,9,700,,0.258920455,57.2846,4.069406509,4.064685345,1.646021366
2026-07-28T18:56:00.958399+00:00,1473.739935,open,rgb,-65.000,20.000,10,700,,0.258835227,57.2715,4.069077492,4.064400673,1.646145105
2026-07-28T18:56:01.108923+00:00,1473.890462,open,rgb,-65.000,20.000,11,700,,0.259005682,57.2715,4.069120407,4.064440250,1.645990849
2026-07-28T18:56:01.259358+00:00,1474.040890,open,rgb,-65.000,20.000,12,700,,0.258948864,57.2649,4.069190979,4.064508438,1.645912409
2026-07-28T18:56:01.410875+00:00,1474.192409,open,rgb,-65.000,20.000,13,700,,0.258920455,57.2715,4.069263458,4.064639091,1.645912886
2026-07-28T18:56:01.561723+00:00,1474.343258,open,rgb,-65.000,20.000,14,700,,0.258806818,57.2649,4.069229126,4.064506054,1.645219803
2026-07-28T18:56:01.712146+00:00,1474.493683,open,rgb,-65.000,20.000,15,700,,0.258948864,57.2780,4.069211960,4.064480782,1.645916581
2026-07-28T18:56:01.862699+00:00,1474.644230,open,rgb,-65.000,20.000,16,700,,0.258892045,57.2715,4.068604469,4.064344883,1.645787001
2026-07-28T18:56:02.013145+00:00,1474.794684,open,rgb,-65.000,20.000,17,700,,0.258920455,57.2944,4.069113255,4.064421654,1.646036983
2026-07-28T18:56:02.163473+00:00,1474.945014,open,rgb,-65.000,20.000,18,700,,0.258863636,57.2977,4.069210529,4.064456940,1.645935655
2026-07-28T18:56:02.313709+00:00,1475.095247,open,rgb,-65.000,20.000,19,700,,0.258835227,57.3141,4.069165230,4.064356804,1.645835519
2026-07-28T18:56:04.668936+00:00,1477.450472,open,rgb,-65.000,25.000,0,700,,0.258948864,57.4028,4.069114208,4.064432144,1.646076202
2026-07-28T18:56:04.824395+00:00,1477.605932,open,rgb,-65.000,25.000,1,700,,0.258863636,57.3962,4.069235802,4.064501762,1.645979762
2026-07-28T18:56:04.974675+00:00,1477.756215,open,rgb,-65.000,25.000,2,700,,0.258835227,57.3929,4.069135666,4.064386368,1.645779133
2026-07-28T18:56:05.125056+00:00,1477.906592,open,rgb,-65.000,25.000,3,700,,0.258863636,57.3929,4.069218159,4.064552307,1.646034241
2026-07-28T18:56:05.275436+00:00,1478.056975,open,rgb,-65.000,25.000,4,700,,0.258863636,57.3896,4.069207191,4.064492702,1.645890713
2026-07-28T18:56:05.425652+00:00,1478.207191,open,rgb,-65.000,25.000,5,700,,0.258835227,57.3896,4.069305420,4.064484119,1.645784259
2026-07-28T18:56:05.575952+00:00,1478.357493,open,rgb,-65.000,25.000,6,700,,0.258920455,57.3962,4.069121838,4.064415932,1.646189332
2026-07-28T18:56:05.726148+00:00,1478.507688,open,rgb,-65.000,25.000,7,700,,0.258920455,57.3896,4.069158554,4.064522266,1.646018386
2026-07-28T18:56:05.876375+00:00,1478.657911,open,rgb,-65.000,25.000,8,700,,0.258892045,57.3863,4.069468498,4.064760685,1.645859241
2026-07-28T18:56:06.026804+00:00,1478.808340,open,rgb,-65.000,25.000,9,700,,0.258750000,57.3830,4.069139004,4.064418793,1.646098495
2026-07-28T18:56:06.177174+00:00,1478.958714,open,rgb,-65.000,25.000,10,700,,0.258920455,57.3896,4.069147587,4.064424038,1.645937562
2026-07-28T18:56:06.327492+00:00,1479.109029,open,rgb,-65.000,25.000,11,700,,0.258948864,57.3929,4.069195747,4.064526081,1.646062374
2026-07-28T18:56:06.477835+00:00,1479.259374,open,rgb,-65.000,25.000,12,700,,0.258892045,57.3863,4.069084167,4.064362049,1.646062851
2026-07-28T18:56:06.628126+00:00,1479.409666,open,rgb,-65.000,25.000,13,700,,0.258863636,57.3863,4.069127560,4.064489365,1.646205187
2026-07-28T18:56:06.778313+00:00,1479.559852,open,rgb,-65.000,25.000,14,700,,0.258920455,57.3732,4.069219589,4.064556599,1.646096945
2026-07-28T18:56:06.928467+00:00,1479.710007,open,rgb,-65.000,25.000,15,700,,0.258835227,57.3600,4.069106102,4.064390182,1.645953894
2026-07-28T18:56:07.079101+00:00,1479.860633,open,rgb,-65.000,25.000,16,700,,0.258892045,57.3600,4.069324970,4.064334869,1.645628929
2026-07-28T18:56:07.229675+00:00,1480.011210,open,rgb,-65.000,25.000,17,700,,0.258977273,57.3600,4.069141388,4.064481258,1.646200776
2026-07-28T18:56:07.380467+00:00,1480.162004,open,rgb,-65.000,25.000,18,700,,0.258863636,57.3699,4.069245815,4.064473152,1.645935416
2026-07-28T18:56:07.531019+00:00,1480.312559,open,rgb,-65.000,25.000,19,700,,0.258977273,57.3699,4.069148064,4.064486504,1.646098018
2026-07-28T18:56:09.886508+00:00,1482.668043,open,rgb,-65.000,30.000,0,700,,0.258835227,57.3798,4.069134712,4.064442158,1.646065235
2026-07-28T18:56:10.037182+00:00,1482.818720,open,rgb,-65.000,30.000,1,700,,0.258863636,57.3798,4.069275856,4.064520836,1.646003485
2026-07-28T18:56:10.187619+00:00,1482.969159,open,rgb,-65.000,30.000,2,700,,0.258920455,57.3929,4.069305420,4.064643860,1.645946145
2026-07-28T18:56:10.338012+00:00,1483.119552,open,rgb,-65.000,30.000,3,700,,0.258892045,57.3896,4.069210052,4.064521790,1.645853877
2026-07-28T18:56:10.488390+00:00,1483.269930,open,rgb,-65.000,30.000,4,700,,0.258892045,57.4028,4.069297791,4.064584732,1.646036983
2026-07-28T18:56:10.638708+00:00,1483.420248,open,rgb,-65.000,30.000,5,700,,0.258863636,57.4093,4.069281101,4.064594269,1.646054983
2026-07-28T18:56:10.789038+00:00,1483.570579,open,rgb,-65.000,30.000,6,700,,0.258863636,57.4159,4.069160461,4.064454556,1.645925164
2026-07-28T18:56:10.939454+00:00,1483.720989,open,rgb,-65.000,30.000,7,700,,0.258863636,57.4290,4.069196224,4.064443588,1.646130204
2026-07-28T18:56:11.089959+00:00,1483.871498,open,rgb,-65.000,30.000,8,700,,0.258863636,57.4290,4.069238663,4.064528465,1.646047235
2026-07-28T18:56:11.240324+00:00,1484.021866,open,rgb,-65.000,30.000,9,700,,0.258920455,57.4323,4.069330692,4.064492226,1.645866275
2026-07-28T18:56:11.390675+00:00,1484.172214,open,rgb,-65.000,30.000,10,700,,0.258920455,57.4389,4.069419384,4.064740658,1.646037698
2026-07-28T18:56:11.540995+00:00,1484.322536,open,rgb,-65.000,30.000,11,700,,0.258778409,57.4290,4.069284916,4.064593792,1.645801783
2026-07-28T18:56:11.691293+00:00,1484.472833,open,rgb,-65.000,30.000,12,700,,0.258835227,57.4422,4.069346428,4.064724922,1.645865560
2026-07-28T18:56:11.841633+00:00,1484.623172,open,rgb,-65.000,30.000,13,700,,0.258863636,57.4389,4.069322109,4.064645767,1.645926118
2026-07-28T18:56:11.992079+00:00,1484.773620,open,rgb,-65.000,30.000,14,700,,0.258920455,57.4323,4.069237709,4.064509392,1.645696163
2026-07-28T18:56:12.142367+00:00,1484.923908,open,rgb,-65.000,30.000,15,700,,0.258892045,57.4356,4.069316864,4.064593792,1.645935178
2026-07-28T18:56:12.292876+00:00,1485.074410,open,rgb,-65.000,30.000,16,700,,0.258863636,57.4323,4.069259644,4.064655781,1.645957589
2026-07-28T18:56:12.443696+00:00,1485.225229,open,rgb,-65.000,30.000,17,700,,0.258835227,57.4323,4.069341183,4.064553261,1.645847440
2026-07-28T18:56:12.594184+00:00,1485.375721,open,rgb,-65.000,30.000,18,700,,0.258920455,57.4389,4.069307327,4.064618587,1.646010876
2026-07-28T18:56:12.744667+00:00,1485.526207,open,rgb,-65.000,30.000,19,700,,0.258835227,57.4356,4.069186211,4.064579487,1.645820141
2026-07-28T18:56:15.099580+00:00,1487.881116,open,rgb,-65.000,35.000,0,700,,0.258806818,57.4718,4.069544315,4.064755917,1.645823836
2026-07-28T18:56:15.250103+00:00,1488.031641,open,rgb,-65.000,35.000,1,700,,0.258806818,57.4784,4.069510937,4.064882278,1.646000624
2026-07-28T18:56:15.400517+00:00,1488.182056,open,rgb,-65.000,35.000,2,700,,0.258806818,57.4817,4.069514751,4.064866066,1.645859003
2026-07-28T18:56:15.550762+00:00,1488.332301,open,rgb,-65.000,35.000,3,700,,0.258835227,57.4850,4.069521904,4.064909458,1.645919561
2026-07-28T18:56:15.700977+00:00,1488.482517,open,rgb,-65.000,35.000,4,700,,0.258778409,57.4916,4.069548130,4.064857006,1.645966649
2026-07-28T18:56:15.851230+00:00,1488.632770,open,rgb,-65.000,35.000,5,700,,0.258750000,57.4883,4.069500446,4.064828873,1.645871878
2026-07-28T18:56:16.001537+00:00,1488.783073,open,rgb,-65.000,35.000,6,700,,0.258778409,57.4949,4.069315910,4.064668655,1.646071315
2026-07-28T18:56:16.151945+00:00,1488.933486,open,rgb,-65.000,35.000,7,700,,0.258892045,57.5047,4.069296837,4.064588547,1.646010041
2026-07-28T18:56:16.302182+00:00,1489.083719,open,rgb,-65.000,35.000,8,700,,0.258948864,57.5080,4.069344521,4.064586163,1.645940542
2026-07-28T18:56:16.452482+00:00,1489.234020,open,rgb,-65.000,35.000,9,700,,0.258920455,57.5113,4.069307804,4.064584255,1.645979524
2026-07-28T18:56:16.602733+00:00,1489.384273,open,rgb,-65.000,35.000,10,700,,0.258948864,57.5113,4.069257736,4.064585686,1.645880938
2026-07-28T18:56:16.753130+00:00,1489.534666,open,rgb,-65.000,35.000,11,700,,0.258977273,57.5146,4.069302559,4.064633846,1.646057487
2026-07-28T18:56:16.903577+00:00,1489.685112,open,rgb,-65.000,35.000,12,700,,0.258892045,57.5146,4.069327354,4.064833164,1.646021366
2026-07-28T18:56:17.053999+00:00,1489.835537,open,rgb,-65.000,35.000,13,700,,0.258835227,57.4981,4.069297791,4.064625263,1.645310640
2026-07-28T18:56:17.204396+00:00,1489.985937,open,rgb,-65.000,35.000,14,700,,0.258892045,57.5146,4.069375038,4.064693928,1.645906091
2026-07-28T18:56:17.354678+00:00,1490.136215,open,rgb,-65.000,35.000,15,700,,0.258892045,57.5113,4.069208145,4.064595222,1.645974398
2026-07-28T18:56:17.505083+00:00,1490.286622,open,rgb,-65.000,35.000,16,700,,0.258920455,57.5146,4.069283485,4.064571381,1.645989060
2026-07-28T18:56:17.655760+00:00,1490.437294,open,rgb,-65.000,35.000,17,700,,0.258920455,57.5179,4.069271564,4.064611912,1.646081567
2026-07-28T18:56:17.806486+00:00,1490.588024,open,rgb,-65.000,35.000,18,700,,0.258892045,57.5212,4.069326401,4.064645767,1.645895362
2026-07-28T18:56:17.956930+00:00,1490.738469,open,rgb,-65.000,35.000,19,700,,0.258835227,57.5245,4.069384098,4.064702511,1.645945191
2026-07-28T18:56:20.312143+00:00,1493.093678,open,rgb,-65.000,40.000,0,700,,0.258948864,57.5674,4.069307804,4.064675808,1.646054029
2026-07-28T18:56:20.462745+00:00,1493.244282,open,rgb,-65.000,40.000,1,700,,0.258892045,57.5707,4.069272995,4.064584255,1.645795465
2026-07-28T18:56:20.612996+00:00,1493.394535,open,rgb,-65.000,40.000,2,700,,0.258863636,57.5740,4.069358349,4.064653873,1.645962477
2026-07-28T18:56:20.763160+00:00,1493.544700,open,rgb,-65.000,40.000,3,700,,0.258892045,57.5674,4.069336891,4.064596176,1.645958066
2026-07-28T18:56:20.913386+00:00,1493.694925,open,rgb,-65.000,40.000,4,700,,0.258892045,57.5707,4.069385052,4.064619064,1.645804048
2026-07-28T18:56:21.063981+00:00,1493.845518,open,rgb,-65.000,40.000,5,700,,0.258892045,57.5740,4.069381237,4.064704895,1.646027684
2026-07-28T18:56:21.214453+00:00,1493.995993,open,rgb,-65.000,40.000,6,700,,0.258863636,57.5707,4.069316864,4.064571381,1.645980835
2026-07-28T18:56:21.364916+00:00,1494.146456,open,rgb,-65.000,40.000,7,700,,0.258920455,57.5740,4.069400311,4.064706802,1.645975471
2026-07-28T18:56:21.515269+00:00,1494.296809,open,rgb,-65.000,40.000,8,700,,0.258863636,57.5805,4.069314480,4.064552784,1.646069646
2026-07-28T18:56:21.665645+00:00,1494.447183,open,rgb,-65.000,40.000,9,700,,0.258920455,57.5838,4.069297791,4.064609051,1.645932436
2026-07-28T18:56:21.816135+00:00,1494.597675,open,rgb,-65.000,40.000,10,700,,0.258892045,57.5871,4.069415092,4.064703465,1.645931244
2026-07-28T18:56:21.966563+00:00,1494.748103,open,rgb,-65.000,40.000,11,700,,0.258863636,57.5838,4.069365025,4.064629078,1.646001816
2026-07-28T18:56:22.116893+00:00,1494.898430,open,rgb,-65.000,40.000,12,700,,0.258835227,57.5904,4.069430351,4.064591408,1.645894408
2026-07-28T18:56:22.267327+00:00,1495.048866,open,rgb,-65.000,40.000,13,700,,0.258863636,57.5937,4.069454670,4.064738750,1.645918727
2026-07-28T18:56:22.417789+00:00,1495.199325,open,rgb,-65.000,40.000,14,700,,0.258863636,57.5871,4.069371700,4.064643383,1.645873427
2026-07-28T18:56:22.568216+00:00,1495.349756,open,rgb,-65.000,40.000,15,700,,0.258806818,57.5772,4.069472313,4.064719200,1.645178556
2026-07-28T18:56:22.718652+00:00,1495.500191,open,rgb,-65.000,40.000,16,700,,0.258892045,57.5838,4.069458961,4.064730644,1.645857692
2026-07-28T18:56:22.868453+00:00,1495.649986,open,rgb,-65.000,40.000,17,700,,0.258863636,57.5772,4.068920135,4.064569950,1.645688534
2026-07-28T18:56:23.018951+00:00,1495.800489,open,rgb,-65.000,40.000,18,700,,0.258892045,57.5575,4.069394588,4.064664841,1.646037936
2026-07-28T18:56:23.169253+00:00,1495.950793,open,rgb,-65.000,40.000,19,700,,0.258835227,57.5443,4.069296837,4.064580441,1.646142960
2026-07-28T18:56:25.524470+00:00,1498.306006,open,rgb,-65.000,45.000,0,700,,0.258835227,57.6003,4.069556713,4.064867973,1.645687103
2026-07-28T18:56:25.675005+00:00,1498.456543,open,rgb,-65.000,45.000,1,700,,0.258778409,57.6003,4.069725037,4.065001011,1.645785213
2026-07-28T18:56:25.825301+00:00,1498.606840,open,rgb,-65.000,45.000,2,700,,0.258750000,57.5970,4.069603443,4.064832687,1.645981312
2026-07-28T18:56:25.975534+00:00,1498.757069,open,rgb,-65.000,45.000,3,700,,0.258806818,57.6069,4.069535255,4.064677238,1.645856023
2026-07-28T18:56:26.125919+00:00,1498.907457,open,rgb,-65.000,45.000,4,700,,0.258863636,57.6235,4.069540977,4.064795494,1.645873427
2026-07-28T18:56:26.276425+00:00,1499.057960,open,rgb,-65.000,45.000,5,700,,0.258806818,57.6202,4.069415092,4.064727306,1.645666599
2026-07-28T18:56:26.426940+00:00,1499.208478,open,rgb,-65.000,45.000,6,700,,0.258806818,57.6235,4.069532394,4.064796448,1.645745158
2026-07-28T18:56:26.577186+00:00,1499.358724,open,rgb,-65.000,45.000,7,700,,0.258778409,57.6400,4.069437027,4.064761162,1.645983696
2026-07-28T18:56:26.727493+00:00,1499.509031,open,rgb,-65.000,45.000,8,700,,0.258863636,57.6334,4.069438457,4.064742088,1.645876765
2026-07-28T18:56:26.877803+00:00,1499.659343,open,rgb,-65.000,45.000,9,700,,0.258863636,57.6235,4.069542408,4.064869881,1.645712733
2026-07-28T18:56:27.028013+00:00,1499.809554,open,rgb,-65.000,45.000,10,700,,0.258835227,57.6135,4.069438457,4.064759731,1.645829439
2026-07-28T18:56:27.178129+00:00,1499.959667,open,rgb,-65.000,45.000,11,700,,0.258863636,57.6135,4.069547176,4.064664841,1.645836949
2026-07-28T18:56:27.328406+00:00,1500.109946,open,rgb,-65.000,45.000,12,700,,0.258920455,57.6268,4.069423199,4.064765930,1.645992994
2026-07-28T18:56:27.478710+00:00,1500.260250,open,rgb,-65.000,45.000,13,700,,0.258892045,57.6202,4.069383621,4.064653397,1.645907760
2026-07-28T18:56:27.629086+00:00,1500.410626,open,rgb,-65.000,45.000,14,700,,0.258806818,57.6301,4.069514275,4.064813137,1.645906806
2026-07-28T18:56:27.779438+00:00,1500.560979,open,rgb,-65.000,45.000,15,700,,0.258863636,57.6367,4.069407463,4.064764023,1.645982981
2026-07-28T18:56:27.929805+00:00,1500.711345,open,rgb,-65.000,45.000,16,700,,0.258920455,57.6334,4.069457054,4.064725876,1.645794988
2026-07-28T18:56:28.080111+00:00,1500.861645,open,rgb,-65.000,45.000,17,700,,0.258920455,57.6400,4.069547653,4.064340115,1.645165563
2026-07-28T18:56:28.230733+00:00,1501.012269,open,rgb,-65.000,45.000,18,700,,0.258920455,57.6367,4.069456577,4.064766884,1.645767212
2026-07-28T18:56:28.381130+00:00,1501.162668,open,rgb,-65.000,45.000,19,700,,0.258835227,57.6433,4.069617748,4.064783573,1.645752072
2026-07-28T18:56:30.736381+00:00,1503.517917,open,rgb,-65.000,50.000,0,700,,0.258835227,57.6532,4.069490910,4.064906120,1.645963430
2026-07-28T18:56:30.886987+00:00,1503.668523,open,rgb,-65.000,50.000,1,700,,0.258778409,57.6334,4.069355965,4.064640522,1.645412922
2026-07-28T18:56:31.037623+00:00,1503.819160,open,rgb,-65.000,50.000,2,700,,0.258977273,57.6499,4.069490433,4.064683914,1.646042347
2026-07-28T18:56:31.188038+00:00,1503.969578,open,rgb,-65.000,50.000,3,700,,0.258948864,57.6499,4.069486618,4.064761162,1.646017671
2026-07-28T18:56:31.338472+00:00,1504.120007,open,rgb,-65.000,50.000,4,700,,0.258863636,57.6466,4.069427490,4.064743996,1.645890713
2026-07-28T18:56:31.488776+00:00,1504.270316,open,rgb,-65.000,50.000,5,700,,0.258892045,57.6466,4.069552898,4.064861774,1.645794988
2026-07-28T18:56:31.639160+00:00,1504.420700,open,rgb,-65.000,50.000,6,700,,0.258863636,57.6400,4.069505215,4.064799309,1.645997405
2026-07-28T18:56:31.789352+00:00,1504.570891,open,rgb,-65.000,50.000,7,700,,0.258863636,57.6400,4.069506645,4.064780235,1.645790815
2026-07-28T18:56:31.939697+00:00,1504.721234,open,rgb,-65.000,50.000,8,700,,0.258892045,57.6235,4.069499969,4.064764500,1.645881891
2026-07-28T18:56:32.089992+00:00,1504.871532,open,rgb,-65.000,50.000,9,700,,0.258892045,57.6301,4.069470406,4.064723969,1.645867467
2026-07-28T18:56:32.240397+00:00,1505.021935,open,rgb,-65.000,50.000,10,700,,0.258892045,57.6334,4.069523335,4.064800739,1.645891190
2026-07-28T18:56:32.390661+00:00,1505.172197,open,rgb,-65.000,50.000,11,700,,0.258863636,57.6367,4.069437027,4.064671516,1.645989537
2026-07-28T18:56:32.541003+00:00,1505.322544,open,rgb,-65.000,50.000,12,700,,0.258806818,57.6367,4.069338799,4.064605713,1.645830154
2026-07-28T18:56:32.691613+00:00,1505.473147,open,rgb,-65.000,50.000,13,700,,0.258892045,57.6466,4.069540024,4.064837933,1.645535231
2026-07-28T18:56:32.842262+00:00,1505.623797,open,rgb,-65.000,50.000,14,700,,0.258835227,57.6367,4.069421768,4.064751148,1.645362854
2026-07-28T18:56:32.992596+00:00,1505.774135,open,rgb,-65.000,50.000,15,700,,0.258806818,57.6367,4.069465637,4.064686298,1.645833850
2026-07-28T18:56:33.142790+00:00,1505.924331,open,rgb,-65.000,50.000,16,700,,0.258863636,57.6036,4.069518566,4.064792633,1.645940065
2026-07-28T18:56:33.292930+00:00,1506.074470,open,rgb,-65.000,50.000,17,700,,0.258806818,57.5245,4.069420815,4.064697266,1.645883918
2026-07-28T18:56:33.443911+00:00,1506.225445,open,rgb,-65.000,50.000,18,700,,0.258892045,57.5245,4.069483280,4.064781666,1.645883322
2026-07-28T18:56:33.594421+00:00,1506.375960,open,rgb,-65.000,50.000,19,700,,0.258920455,57.5410,4.069626808,4.064735889,1.645627499
2026-07-28T18:56:35.949340+00:00,1508.730875,open,rgb,-65.000,55.000,0,700,,0.258892045,57.6003,4.069468498,4.064782143,1.645902395
2026-07-28T18:56:36.100046+00:00,1508.881582,open,rgb,-65.000,55.000,1,700,,0.258863636,57.6003,4.069490433,4.064808846,1.645803094
2026-07-28T18:56:36.250560+00:00,1509.032096,open,rgb,-65.000,55.000,2,700,,0.258892045,57.6036,4.069478035,4.064754963,1.645956635
2026-07-28T18:56:36.401011+00:00,1509.182548,open,rgb,-65.000,55.000,3,700,,0.258948864,57.5707,4.069467068,4.064715385,1.645033240
2026-07-28T18:56:36.551525+00:00,1509.333064,open,rgb,-65.000,55.000,4,700,,0.258948864,57.5772,4.069531918,4.064827442,1.645911455
2026-07-28T18:56:36.701730+00:00,1509.483270,open,rgb,-65.000,55.000,5,700,,0.258863636,57.5805,4.069523811,4.064827442,1.645956874
2026-07-28T18:56:36.851940+00:00,1509.633480,open,rgb,-65.000,55.000,6,700,,0.258806818,57.5871,4.069561005,4.064599037,1.645806432
2026-07-28T18:56:37.002235+00:00,1509.783776,open,rgb,-65.000,55.000,7,700,,0.258977273,57.5970,4.069453239,4.064750671,1.646032810
2026-07-28T18:56:37.152438+00:00,1509.933978,open,rgb,-65.000,55.000,8,700,,0.258920455,57.5904,4.069460392,4.064806461,1.645909786
2026-07-28T18:56:37.302623+00:00,1510.084158,open,rgb,-65.000,55.000,9,700,,0.258806818,57.5871,4.069528580,4.064864159,1.645896077
2026-07-28T18:56:37.452933+00:00,1510.234471,open,rgb,-65.000,55.000,10,700,,0.258835227,57.5904,4.069446087,4.064716339,1.646045685
2026-07-28T18:56:37.603175+00:00,1510.384714,open,rgb,-65.000,55.000,11,700,,0.258863636,57.5871,4.069409370,4.064710617,1.645848513
2026-07-28T18:56:37.753372+00:00,1510.534911,open,rgb,-65.000,55.000,12,700,,0.258920455,57.5970,4.069510460,4.064782143,1.645999789
2026-07-28T18:56:37.903662+00:00,1510.685202,open,rgb,-65.000,55.000,13,700,,0.258835227,57.5904,4.069687843,4.064967155,1.646001816
2026-07-28T18:56:38.054005+00:00,1510.835545,open,rgb,-65.000,55.000,14,700,,0.258863636,57.5904,4.069756508,4.064976215,1.645799398
2026-07-28T18:56:38.204406+00:00,1510.985944,open,rgb,-65.000,55.000,15,700,,0.258778409,57.6003,4.069776058,4.065062046,1.645899296
2026-07-28T18:56:38.354830+00:00,1511.136371,open,rgb,-65.000,55.000,16,700,,0.258778409,57.5970,4.069575310,4.064886093,1.645843863
2026-07-28T18:56:38.505239+00:00,1511.286777,open,rgb,-65.000,55.000,17,700,,0.258863636,57.6003,4.069671631,4.065016747,1.645955682
2026-07-28T18:56:38.656020+00:00,1511.437553,open,rgb,-65.000,55.000,18,700,,0.258806818,57.6036,4.069604874,4.064947128,1.646075726
2026-07-28T18:56:38.806670+00:00,1511.588208,open,rgb,-65.000,55.000,19,700,,0.258835227,57.5937,4.069572449,4.064846516,1.645869732
2026-07-28T18:56:41.161804+00:00,1513.943340,open,rgb,-65.000,60.000,0,700,,0.258920455,57.6367,4.069428921,4.064753532,1.645901442
2026-07-28T18:56:41.312566+00:00,1514.094102,open,rgb,-65.000,60.000,1,700,,0.258778409,57.6532,4.069446564,4.064746380,1.645984411
2026-07-28T18:56:41.462990+00:00,1514.244530,open,rgb,-65.000,60.000,2,700,,0.258863636,57.6466,4.069426537,4.064744949,1.645769835
2026-07-28T18:56:41.613473+00:00,1514.395012,open,rgb,-65.000,60.000,3,700,,0.258948864,57.6499,4.069509983,4.064759731,1.645902157
2026-07-28T18:56:41.763870+00:00,1514.545409,open,rgb,-65.000,60.000,4,700,,0.258892045,57.6466,4.069468021,4.064829350,1.645877242
2026-07-28T18:56:41.914199+00:00,1514.695739,open,rgb,-65.000,60.000,5,700,,0.258863636,57.6499,4.069600582,4.064691544,1.645112157
2026-07-28T18:56:42.064587+00:00,1514.846128,open,rgb,-65.000,60.000,6,700,,0.258892045,57.6631,4.069384575,4.064707279,1.646074295
2026-07-28T18:56:42.214884+00:00,1514.996425,open,rgb,-65.000,60.000,7,700,,0.258863636,57.6598,4.069321632,4.064670086,1.645893097
2026-07-28T18:56:42.365198+00:00,1515.146737,open,rgb,-65.000,60.000,8,700,,0.258920455,57.6631,4.069435596,4.064810753,1.645894170
2026-07-28T18:56:42.515661+00:00,1515.297199,open,rgb,-65.000,60.000,9,700,,0.258892045,57.6631,4.069425106,4.064766407,1.645896792
2026-07-28T18:56:42.665804+00:00,1515.447343,open,rgb,-65.000,60.000,10,700,,0.258863636,57.6598,4.069394112,4.064647198,1.645709038
2026-07-28T18:56:42.815988+00:00,1515.597529,open,rgb,-65.000,60.000,11,700,,0.258892045,57.6664,4.069415092,4.064739227,1.646006703
2026-07-28T18:56:42.966274+00:00,1515.747813,open,rgb,-65.000,60.000,12,700,,0.258920455,57.6565,4.069372177,4.064791679,1.645879269
2026-07-28T18:56:43.116649+00:00,1515.898190,open,rgb,-65.000,60.000,13,700,,0.258835227,57.6466,4.069755077,4.065072536,1.645728111
2026-07-28T18:56:43.267194+00:00,1516.048730,open,rgb,-65.000,60.000,14,700,,0.258806818,57.6334,4.069648266,4.064987183,1.645804048
2026-07-28T18:56:43.417670+00:00,1516.199209,open,rgb,-65.000,60.000,15,700,,0.258693182,57.6168,4.069693565,4.065036297,1.645601630
2026-07-28T18:56:43.568085+00:00,1516.349624,open,rgb,-65.000,60.000,16,700,,0.258778409,57.6235,4.069683075,4.065124989,1.645718813
2026-07-28T18:56:43.718310+00:00,1516.499851,open,rgb,-65.000,60.000,17,700,,0.258721591,57.6135,4.069611073,4.065038204,1.645919800
2026-07-28T18:56:43.868790+00:00,1516.650323,open,rgb,-65.000,60.000,18,700,,0.258778409,57.6235,4.069083214,4.064916611,1.645785689
2026-07-28T18:56:44.019262+00:00,1516.800800,open,rgb,-65.000,60.000,19,700,,0.258778409,57.6301,4.069660664,4.065056324,1.645869732
2026-07-28T18:56:46.374148+00:00,1519.155684,open,rgb,-65.000,65.000,0,700,,0.258892045,57.6202,4.069429398,4.064817905,1.645980358
2026-07-28T18:56:46.524670+00:00,1519.306207,open,rgb,-65.000,65.000,1,700,,0.258778409,57.6301,4.069415569,4.064717770,1.645706654
2026-07-28T18:56:46.674987+00:00,1519.456526,open,rgb,-65.000,65.000,2,700,,0.258892045,57.6433,4.069387913,4.064765453,1.645928502
2026-07-28T18:56:46.825220+00:00,1519.606760,open,rgb,-65.000,65.000,3,700,,0.258920455,57.6400,4.069477081,4.064872265,1.645845056
2026-07-28T18:56:46.975521+00:00,1519.757061,open,rgb,-65.000,65.000,4,700,,0.258778409,57.6301,4.069597721,4.064869881,1.645632863
2026-07-28T18:56:47.125707+00:00,1519.907247,open,rgb,-65.000,65.000,5,700,,0.258920455,57.6301,4.069463730,4.064828873,1.645868778
2026-07-28T18:56:47.276006+00:00,1520.057545,open,rgb,-65.000,65.000,6,700,,0.258863636,57.6235,4.069458008,4.064759254,1.645795465
2026-07-28T18:56:47.426256+00:00,1520.207792,open,rgb,-65.000,65.000,7,700,,0.258892045,57.6334,4.069735527,4.064969063,1.645544291
2026-07-28T18:56:47.576502+00:00,1520.358041,open,rgb,-65.000,65.000,8,700,,0.258835227,57.6168,4.069446564,4.064805984,1.645858526
2026-07-28T18:56:47.726742+00:00,1520.508282,open,rgb,-65.000,65.000,9,700,,0.258920455,57.5674,4.069514751,4.064756393,1.645749569
2026-07-28T18:56:47.876963+00:00,1520.658502,open,rgb,-65.000,65.000,10,700,,0.258892045,57.5575,4.069498062,4.064845562,1.645833373
2026-07-28T18:56:48.027137+00:00,1520.808678,open,rgb,-65.000,65.000,11,700,,0.258806818,57.5608,4.069407463,4.064785957,1.645689249
2026-07-28T18:56:48.177272+00:00,1520.958812,open,rgb,-65.000,65.000,12,700,,0.258920455,57.5740,4.069539070,4.064857960,1.645805240
2026-07-28T18:56:48.327471+00:00,1521.109010,open,rgb,-65.000,65.000,13,700,,0.258892045,57.5970,4.069441319,4.064762115,1.645951986
2026-07-28T18:56:48.477973+00:00,1521.259511,open,rgb,-65.000,65.000,14,700,,0.258892045,57.6069,4.069382191,4.064791203,1.645797491
2026-07-28T18:56:48.628198+00:00,1521.409739,open,rgb,-65.000,65.000,15,700,,0.258806818,57.6202,4.069487095,4.064868450,1.645887017
2026-07-28T18:56:48.778388+00:00,1521.559927,open,rgb,-65.000,65.000,16,700,,0.258835227,57.6268,4.069395542,4.064748764,1.645962477
2026-07-28T18:56:48.928639+00:00,1521.710180,open,rgb,-65.000,65.000,17,700,,0.258892045,57.6400,4.069450378,4.064685822,1.645835996
2026-07-28T18:56:49.078864+00:00,1521.860399,open,rgb,-65.000,65.000,18,700,,0.258920455,57.6565,4.069374561,4.064365387,1.646021128
2026-07-28T18:56:49.229147+00:00,1522.010683,open,rgb,-65.000,65.000,19,700,,0.259034091,57.6598,4.069397449,4.064725876,1.645923376
2026-07-28T18:56:51.584529+00:00,1524.366066,open,rgb,-65.000,70.000,0,700,,0.258863636,57.6334,4.069536209,4.064804554,1.645924687
2026-07-28T18:56:51.735136+00:00,1524.516672,open,rgb,-65.000,70.000,1,700,,0.258835227,57.6235,4.069549561,4.064899921,1.645842910
2026-07-28T18:56:51.885471+00:00,1524.667011,open,rgb,-65.000,70.000,2,700,,0.258863636,57.6367,4.069478512,4.064817905,1.645775199
2026-07-28T18:56:52.035813+00:00,1524.817353,open,rgb,-65.000,70.000,3,700,,0.258863636,57.6499,4.069553852,4.064870358,1.645829439
2026-07-28T18:56:52.186076+00:00,1524.967616,open,rgb,-65.000,70.000,4,700,,0.258892045,57.6598,4.069526672,4.064813137,1.645954609
2026-07-28T18:56:52.336294+00:00,1525.117834,open,rgb,-65.000,70.000,5,700,,0.258806818,57.6532,4.069438934,4.064725876,1.645825028
2026-07-28T18:56:52.486488+00:00,1525.268028,open,rgb,-65.000,70.000,6,700,,0.258892045,57.6598,4.069543362,4.064859867,1.645898223
2026-07-28T18:56:52.636616+00:00,1525.418157,open,rgb,-65.000,70.000,7,700,,0.258892045,57.6499,4.069475651,4.064798832,1.646016240
2026-07-28T18:56:52.786749+00:00,1525.568288,open,rgb,-65.000,70.000,8,700,,0.258948864,57.6565,4.069543839,4.064789772,1.645846486
2026-07-28T18:56:52.936947+00:00,1525.718488,open,rgb,-65.000,70.000,9,700,,0.258863636,57.6598,4.069869995,4.065319061,1.645925879
2026-07-28T18:56:53.087086+00:00,1525.868626,open,rgb,-65.000,70.000,10,700,,0.258693182,57.6499,4.069718361,4.065055370,1.645769835
2026-07-28T18:56:53.237185+00:00,1526.018726,open,rgb,-65.000,70.000,11,700,,0.258863636,57.6499,4.069798470,4.065155506,1.645787716
2026-07-28T18:56:53.387380+00:00,1526.168921,open,rgb,-65.000,70.000,12,700,,0.258750000,57.6499,4.069674969,4.064989567,1.645891190
2026-07-28T18:56:53.537476+00:00,1526.319017,open,rgb,-65.000,70.000,13,700,,0.258778409,57.6532,4.069679260,4.064985275,1.645780325
2026-07-28T18:56:53.687752+00:00,1526.469290,open,rgb,-65.000,70.000,14,700,,0.258863636,57.6598,4.069729328,4.065016270,1.645832062
2026-07-28T18:56:53.838017+00:00,1526.619554,open,rgb,-65.000,70.000,15,700,,0.258750000,57.6598,4.069766045,4.065026283,1.645838022
2026-07-28T18:56:53.988281+00:00,1526.769821,open,rgb,-65.000,70.000,16,700,,0.258863636,57.6631,4.069817543,4.065010071,1.645657301
2026-07-28T18:56:54.138318+00:00,1526.919855,open,rgb,-65.000,70.000,17,700,,0.258863636,57.6697,4.069545746,4.064865589,1.645912886
2026-07-28T18:56:54.288546+00:00,1527.070086,open,rgb,-65.000,70.000,18,700,,0.258835227,57.6730,4.069478035,4.064777851,1.645706654
2026-07-28T18:56:54.438991+00:00,1527.220525,open,rgb,-65.000,70.000,19,700,,0.258920455,57.6763,4.069552422,4.064872742,1.645839691
2026-07-28T18:56:56.794013+00:00,1529.575549,open,rgb,-65.000,75.000,0,700,,0.258892045,57.6202,4.069466114,4.064841270,1.646060586
2026-07-28T18:56:56.944541+00:00,1529.726079,open,rgb,-65.000,75.000,1,700,,0.258806818,57.6036,4.069436073,4.064780235,1.645859003
2026-07-28T18:56:57.094802+00:00,1529.876340,open,rgb,-65.000,75.000,2,700,,0.258863636,57.6036,4.069502831,4.064784527,1.645999312
2026-07-28T18:56:57.245053+00:00,1530.026593,open,rgb,-65.000,75.000,3,700,,0.258948864,57.6069,4.069527626,4.064843655,1.646024942
2026-07-28T18:56:57.395535+00:00,1530.177075,open,rgb,-65.000,75.000,4,700,,0.258863636,57.6168,4.069554329,4.064715385,1.645740747
2026-07-28T18:56:57.545784+00:00,1530.327325,open,rgb,-65.000,75.000,5,700,,0.258892045,57.6334,4.069469929,4.064825058,1.646012068
2026-07-28T18:56:57.695975+00:00,1530.477514,open,rgb,-65.000,75.000,6,700,,0.258806818,57.6301,4.069489956,4.064810753,1.645870924
2026-07-28T18:56:57.846165+00:00,1530.627704,open,rgb,-65.000,75.000,7,700,,0.258892045,57.6367,4.069546700,4.064853191,1.645917058
2026-07-28T18:56:57.996434+00:00,1530.777973,open,rgb,-65.000,75.000,8,700,,0.258948864,57.6433,4.069495678,4.064768314,1.645966887
2026-07-28T18:56:58.146732+00:00,1530.928269,open,rgb,-65.000,75.000,9,700,,0.258920455,57.6499,4.069408417,4.064771175,1.645839691
2026-07-28T18:56:58.296948+00:00,1531.078488,open,rgb,-65.000,75.000,10,700,,0.258920455,57.6565,4.069489479,4.064815044,1.645986676
2026-07-28T18:56:58.447152+00:00,1531.228692,open,rgb,-65.000,75.000,11,700,,0.258835227,57.6598,4.069561005,4.064926147,1.646176100
2026-07-28T18:56:58.597388+00:00,1531.378927,open,rgb,-65.000,75.000,12,700,,0.258863636,57.6598,4.069413662,4.064700603,1.645899773
2026-07-28T18:56:58.747550+00:00,1531.529090,open,rgb,-65.000,75.000,13,700,,0.258863636,57.6598,4.069509506,4.064855576,1.645887971
2026-07-28T18:56:58.897817+00:00,1531.679356,open,rgb,-65.000,75.000,14,700,,0.258863636,57.6466,4.069376469,4.064708710,1.645957589
2026-07-28T18:56:59.048117+00:00,1531.829655,open,rgb,-65.000,75.000,15,700,,0.258863636,57.6499,4.069474697,4.064845562,1.645982027
2026-07-28T18:56:59.198300+00:00,1531.979840,open,rgb,-65.000,75.000,16,700,,0.258920455,57.6565,4.069482803,4.064810276,1.646090865
2026-07-28T18:56:59.348567+00:00,1532.130107,open,rgb,-65.000,75.000,17,700,,0.258863636,57.6565,4.069507122,4.064825058,1.645895362
2026-07-28T18:56:59.498748+00:00,1532.280288,open,rgb,-65.000,75.000,18,700,,0.258835227,57.6631,4.069518089,4.064872742,1.645891428
2026-07-28T18:56:59.649056+00:00,1532.430591,open,rgb,-65.000,75.000,19,700,,0.258920455,57.6631,4.069445610,4.064822674,1.646062613
2026-07-28T18:57:02.004159+00:00,1534.785694,open,rgb,-65.000,80.000,0,700,,0.258835227,57.6565,4.069407463,4.064741611,1.645728350
2026-07-28T18:57:02.159273+00:00,1534.940809,open,rgb,-65.000,80.000,1,700,,0.258863636,57.6730,4.069443226,4.064798355,1.646013975
2026-07-28T18:57:02.309488+00:00,1535.091027,open,rgb,-65.000,80.000,2,700,,0.258920455,57.6730,4.069527626,4.064756393,1.645969033
2026-07-28T18:57:02.459909+00:00,1535.241446,open,rgb,-65.000,80.000,3,700,,0.258892045,57.6730,4.069586754,4.064747810,1.645766735
2026-07-28T18:57:02.610134+00:00,1535.391675,open,rgb,-65.000,80.000,4,700,,0.258863636,57.6862,4.069487572,4.064873695,1.646043062
2026-07-28T18:57:02.760294+00:00,1535.541833,open,rgb,-65.000,80.000,5,700,,0.258863636,57.6895,4.069469452,4.064775944,1.645916104
2026-07-28T18:57:02.910647+00:00,1535.692185,open,rgb,-65.000,80.000,6,700,,0.258977273,57.6895,4.069554806,4.064883709,1.645835280
2026-07-28T18:57:03.060916+00:00,1535.842455,open,rgb,-65.000,80.000,7,700,,0.258892045,57.7028,4.069452286,4.064773560,1.646060824
2026-07-28T18:57:03.211081+00:00,1535.992622,open,rgb,-65.000,80.000,8,700,,0.258920455,57.7094,4.069436073,4.064731121,1.645971537
2026-07-28T18:57:03.361276+00:00,1536.142817,open,rgb,-65.000,80.000,9,700,,0.258948864,57.7160,4.069492340,4.064830303,1.646003485
2026-07-28T18:57:03.511491+00:00,1536.293032,open,rgb,-65.000,80.000,10,700,,0.258892045,57.7160,4.069491386,4.064851284,1.645952940
2026-07-28T18:57:03.661552+00:00,1536.443093,open,rgb,-65.000,80.000,11,700,,0.258835227,57.7226,4.069561005,4.064710617,1.645854592
2026-07-28T18:57:03.811816+00:00,1536.593356,open,rgb,-65.000,80.000,12,700,,0.258920455,57.7325,4.069447994,4.064774036,1.646074533
2026-07-28T18:57:03.961984+00:00,1536.743522,open,rgb,-65.000,80.000,13,700,,0.258892045,57.7292,4.069414139,4.064930916,1.645864606
2026-07-28T18:57:04.112532+00:00,1536.894067,open,rgb,-65.000,80.000,14,700,,0.258835227,57.7160,4.069692612,4.065001488,1.645444155
2026-07-28T18:57:04.263374+00:00,1537.044908,open,rgb,-65.000,80.000,15,700,,0.258835227,57.7259,4.069603920,4.064919472,1.645393610
2026-07-28T18:57:04.413779+00:00,1537.195318,open,rgb,-65.000,80.000,16,700,,0.258863636,57.7292,4.069439888,4.064737320,1.645883083
2026-07-28T18:57:04.564022+00:00,1537.345562,open,rgb,-65.000,80.000,17,700,,0.258920455,57.7259,4.069562435,4.064900875,1.645957589
2026-07-28T18:57:04.714170+00:00,1537.495710,open,rgb,-65.000,80.000,18,700,,0.258920455,57.7127,4.069470882,4.064799786,1.645935178
2026-07-28T18:57:04.865344+00:00,1537.646875,open,rgb,-65.000,80.000,19,700,,0.258948864,57.7127,4.069025993,4.064784527,1.645886302
2026-07-28T18:57:07.220557+00:00,1540.002092,open,rgb,-65.000,85.000,0,700,,0.258892045,57.6499,4.069617271,4.064938545,1.645779848
2026-07-28T18:57:07.371099+00:00,1540.152634,open,rgb,-65.000,85.000,1,700,,0.258863636,57.6466,4.069448471,4.064802647,1.645916581
2026-07-28T18:57:07.521428+00:00,1540.302938,open,rgb,-65.000,85.000,2,700,,0.258863636,57.6499,4.069556236,4.064746380,1.645822287
2026-07-28T18:57:07.671649+00:00,1540.453189,open,rgb,-65.000,85.000,3,700,,0.258920455,57.6565,4.069494247,4.064875603,1.646006942
2026-07-28T18:57:07.821817+00:00,1540.603356,open,rgb,-65.000,85.000,4,700,,0.258863636,57.6598,4.069463253,4.064846992,1.645831823
2026-07-28T18:57:07.972012+00:00,1540.753550,open,rgb,-65.000,85.000,5,700,,0.258892045,57.6730,4.069570541,4.064951897,1.645901680
2026-07-28T18:57:08.122190+00:00,1540.903728,open,rgb,-65.000,85.000,6,700,,0.258863636,57.6763,4.069786549,4.065079212,1.645953417
2026-07-28T18:57:08.272437+00:00,1541.053977,open,rgb,-65.000,85.000,7,700,,0.258778409,57.6730,4.069730282,4.065105438,1.645800352
2026-07-28T18:57:08.422623+00:00,1541.204164,open,rgb,-65.000,85.000,8,700,,0.258806818,57.6796,4.069739819,4.065072060,1.645891190
2026-07-28T18:57:08.572774+00:00,1541.354315,open,rgb,-65.000,85.000,9,700,,0.258806818,57.6829,4.069757938,4.065126419,1.645863414
2026-07-28T18:57:08.722959+00:00,1541.504499,open,rgb,-65.000,85.000,10,700,,0.258750000,57.6895,4.069796562,4.065080643,1.645836711
2026-07-28T18:57:08.873095+00:00,1541.654635,open,rgb,-65.000,85.000,11,700,,0.258835227,57.6928,4.069705009,4.065069675,1.646015406
2026-07-28T18:57:09.023319+00:00,1541.804859,open,rgb,-65.000,85.000,12,700,,0.258863636,57.6928,4.069675446,4.065039158,1.645857215
2026-07-28T18:57:09.173492+00:00,1541.955031,open,rgb,-65.000,85.000,13,700,,0.258806818,57.6995,4.069800854,4.065130234,1.645910740
2026-07-28T18:57:09.323603+00:00,1542.105144,open,rgb,-65.000,85.000,14,700,,0.258863636,57.7028,4.069790363,4.065113544,1.645981073
2026-07-28T18:57:09.473793+00:00,1542.255333,open,rgb,-65.000,85.000,15,700,,0.258806818,57.7193,4.069745541,4.065050125,1.645791054
2026-07-28T18:57:09.624040+00:00,1542.405579,open,rgb,-65.000,85.000,16,700,,0.258778409,57.7094,4.069773674,4.065115929,1.645191431
2026-07-28T18:57:09.774159+00:00,1542.555699,open,rgb,-65.000,85.000,17,700,,0.258778409,57.7127,4.069937706,4.065230370,1.645772099
2026-07-28T18:57:09.924515+00:00,1542.706056,open,rgb,-65.000,85.000,18,700,,0.258750000,57.7028,4.069923401,4.065263271,1.645570636
2026-07-28T18:57:10.076202+00:00,1542.857736,open,rgb,-65.000,85.000,19,700,,0.258863636,57.7193,4.069715977,4.064833641,1.646112084
2026-07-28T18:57:12.431111+00:00,1545.212647,open,rgb,-65.000,90.000,0,700,,0.258778409,57.7491,4.069519520,4.064796448,1.645541072
2026-07-28T18:57:12.581529+00:00,1545.363067,open,rgb,-65.000,90.000,1,700,,0.258892045,57.7690,4.069653034,4.064957619,1.645835042
2026-07-28T18:57:12.731838+00:00,1545.513378,open,rgb,-65.000,90.000,2,700,,0.258892045,57.7657,4.069623470,4.064902782,1.645883322
2026-07-28T18:57:12.882037+00:00,1545.663577,open,rgb,-65.000,90.000,3,700,,0.258892045,57.7623,4.069526672,4.064827442,1.645740032
2026-07-28T18:57:13.032279+00:00,1545.813819,open,rgb,-65.000,90.000,4,700,,0.258920455,57.7756,4.069658279,4.064934731,1.645993948
2026-07-28T18:57:13.182493+00:00,1545.964033,open,rgb,-65.000,90.000,5,700,,0.258835227,57.7723,4.069817543,4.065116405,1.645933390
2026-07-28T18:57:13.332960+00:00,1546.114496,open,rgb,-65.000,90.000,6,700,,0.258863636,57.7590,4.069846153,4.064999580,1.645793319
2026-07-28T18:57:13.483517+00:00,1546.265053,open,rgb,-65.000,90.000,7,700,,0.258920455,57.7789,4.069545746,4.064915657,1.646127462
2026-07-28T18:57:13.633804+00:00,1546.415344,open,rgb,-65.000,90.000,8,700,,0.258920455,57.7756,4.069624901,4.064962864,1.645875096
2026-07-28T18:57:13.783969+00:00,1546.565509,open,rgb,-65.000,90.000,9,700,,0.258920455,57.7723,4.069719315,4.065029144,1.645793557
2026-07-28T18:57:13.934152+00:00,1546.715691,open,rgb,-65.000,90.000,10,700,,0.258892045,57.7855,4.069564819,4.064831257,1.646050334
2026-07-28T18:57:14.084444+00:00,1546.865982,open,rgb,-65.000,90.000,11,700,,0.258892045,57.7855,4.069519997,4.064829826,1.645988584
2026-07-28T18:57:14.234907+00:00,1547.016447,open,rgb,-65.000,90.000,12,700,,0.258863636,57.7822,4.069594383,4.064989567,1.645965457
2026-07-28T18:57:14.385075+00:00,1547.166615,open,rgb,-65.000,90.000,13,700,,0.258835227,57.7822,4.069558144,4.064862728,1.646064043
2026-07-28T18:57:14.535404+00:00,1547.316941,open,rgb,-65.000,90.000,14,700,,0.258892045,57.7888,4.069560051,4.064794540,1.646048665
2026-07-28T18:57:14.685621+00:00,1547.467162,open,rgb,-65.000,90.000,15,700,,0.258920455,57.7888,4.069560051,4.064895153,1.646121383
2026-07-28T18:57:14.835855+00:00,1547.617394,open,rgb,-65.000,90.000,16,700,,0.258892045,57.7855,4.069499016,4.064836025,1.646012068
2026-07-28T18:57:14.985971+00:00,1547.767511,open,rgb,-65.000,90.000,17,700,,0.258920455,57.7855,4.069601059,4.064973831,1.645946860
2026-07-28T18:57:15.136155+00:00,1547.917695,open,rgb,-65.000,90.000,18,700,,0.258863636,57.7855,4.069649696,4.064891815,1.645439267
2026-07-28T18:57:15.286304+00:00,1548.067844,open,rgb,-65.000,90.000,19,700,,0.258920455,57.7789,4.069485188,4.064838886,1.645937562
2026-07-28T18:57:25.741721+00:00,1558.523257,open,dark,-60.000,-90.000,0,0,,0.000681818,57.5674,4.896924973,4.903569221,1.649794459
2026-07-28T18:57:25.891672+00:00,1558.673204,open,dark,-60.000,-90.000,1,0,,0.000681818,57.5014,4.896928310,4.903568268,1.649591923
2026-07-28T18:57:26.042418+00:00,1558.823949,open,dark,-60.000,-90.000,2,0,,0.000681818,57.4356,4.896925926,4.903529167,1.649904370
2026-07-28T18:57:26.193086+00:00,1558.974623,open,dark,-60.000,-90.000,3,0,,0.000681818,57.3535,4.896889210,4.903549194,1.649288654
2026-07-28T18:57:26.343718+00:00,1559.125255,open,dark,-60.000,-90.000,4,0,,0.000681818,57.2748,4.896900177,4.903549194,1.649606466
2026-07-28T18:57:26.494256+00:00,1559.275796,open,dark,-60.000,-90.000,5,0,,0.000681818,57.1962,4.896888733,4.903545856,1.649779916
2026-07-28T18:57:26.644564+00:00,1559.426100,open,dark,-60.000,-90.000,6,0,,0.000681818,57.1210,4.896913052,4.903550625,1.649523020
2026-07-28T18:57:26.795140+00:00,1559.576678,open,dark,-60.000,-90.000,7,0,,0.000681818,57.0622,4.896909714,4.903567791,1.649875998
2026-07-28T18:57:26.945570+00:00,1559.727109,open,dark,-60.000,-90.000,8,0,,0.000681818,56.9938,4.896901131,4.903558254,1.649875283
2026-07-28T18:57:27.096015+00:00,1559.877555,open,dark,-60.000,-90.000,9,0,,0.000681818,56.9254,4.896914482,4.903544903,1.649793744
2026-07-28T18:57:27.246467+00:00,1560.028006,open,dark,-60.000,-90.000,10,0,,0.000681818,56.8474,4.896907806,4.903561592,1.649779320
2026-07-28T18:57:27.397006+00:00,1560.178544,open,dark,-60.000,-90.000,11,0,,0.000681818,56.7599,4.896920204,4.903544903,1.649662733
2026-07-28T18:57:27.547441+00:00,1560.328982,open,dark,-60.000,-90.000,12,0,,0.000681818,56.6757,4.896917343,4.903557777,1.649609685
2026-07-28T18:57:27.697882+00:00,1560.479422,open,dark,-60.000,-90.000,13,0,,0.000681818,56.6078,4.896914959,4.903538704,1.649795771
2026-07-28T18:57:27.848336+00:00,1560.629875,open,dark,-60.000,-90.000,14,0,,0.000681818,56.5271,4.896915436,4.903544426,1.649600863
2026-07-28T18:57:27.998674+00:00,1560.780215,open,dark,-60.000,-90.000,15,0,,0.000681818,56.4562,4.896917820,4.903533936,1.649691701
2026-07-28T18:57:28.149218+00:00,1560.930758,open,dark,-60.000,-90.000,16,0,,0.000681818,56.3726,4.896918774,4.903528214,1.649747372
2026-07-28T18:57:28.299550+00:00,1561.081090,open,dark,-60.000,-90.000,17,0,,0.000681818,56.2923,4.896939278,4.903566360,1.649625301
2026-07-28T18:57:28.449961+00:00,1561.231501,open,dark,-60.000,-90.000,18,0,,0.000681818,56.1961,4.896935463,4.903568268,1.649818897
2026-07-28T18:57:28.600327+00:00,1561.381867,open,dark,-60.000,-90.000,19,0,,0.000681818,56.1034,4.896931171,4.903574944,1.649659276
2026-07-28T18:57:32.794298+00:00,1565.575833,open,rgb,-60.000,-90.000,0,700,,0.258778409,55.3740,4.065288067,4.061943531,1.644877553
2026-07-28T18:57:32.944816+00:00,1565.726356,open,rgb,-60.000,-90.000,1,700,,0.258835227,55.3866,4.065338135,4.062013149,1.644746423
2026-07-28T18:57:33.095210+00:00,1565.876750,open,rgb,-60.000,-90.000,2,700,,0.258835227,55.3803,4.065431595,4.062094212,1.644635558
2026-07-28T18:57:33.245629+00:00,1566.027170,open,rgb,-60.000,-90.000,3,700,,0.258721591,55.3929,4.065339088,4.062037945,1.644904375
2026-07-28T18:57:33.396038+00:00,1566.177577,open,rgb,-60.000,-90.000,4,700,,0.258835227,55.3206,4.065307617,4.061949730,1.644695640
2026-07-28T18:57:33.546501+00:00,1566.328039,open,rgb,-60.000,-90.000,5,700,,0.258835227,55.3017,4.065347672,4.061968803,1.644904613
2026-07-28T18:57:33.696990+00:00,1566.478529,open,rgb,-60.000,-90.000,6,700,,0.258835227,55.3332,4.065440655,4.062069893,1.644817472
2026-07-28T18:57:33.847536+00:00,1566.629073,open,rgb,-60.000,-90.000,7,700,,0.258778409,55.3772,4.065515041,4.062153816,1.644647837
2026-07-28T18:57:33.998043+00:00,1566.779583,open,rgb,-60.000,-90.000,8,700,,0.258892045,55.4244,4.065500259,4.062137604,1.644800663
2026-07-28T18:57:34.148616+00:00,1566.930151,open,rgb,-60.000,-90.000,9,700,,0.258778409,55.4622,4.065533638,4.062208652,1.644647837
2026-07-28T18:57:34.299109+00:00,1567.080648,open,rgb,-60.000,-90.000,10,700,,0.258863636,55.4938,4.065652370,4.062355995,1.644669533
2026-07-28T18:57:34.449490+00:00,1567.231031,open,rgb,-60.000,-90.000,11,700,,0.258806818,55.5190,4.065744400,4.062420845,1.644914150
2026-07-28T18:57:34.599905+00:00,1567.381444,open,rgb,-60.000,-90.000,12,700,,0.258778409,55.5443,4.065641880,4.062252522,1.644769669
2026-07-28T18:57:34.750251+00:00,1567.531791,open,rgb,-60.000,-90.000,13,700,,0.258750000,55.5790,4.065726757,4.062371731,1.644656777
2026-07-28T18:57:34.900611+00:00,1567.682150,open,rgb,-60.000,-90.000,14,700,,0.258778409,55.5980,4.065663815,4.062267303,1.644703746
2026-07-28T18:57:35.050997+00:00,1567.832538,open,rgb,-60.000,-90.000,15,700,,0.258920455,55.6264,4.065746784,4.062346935,1.644748330
2026-07-28T18:57:35.201339+00:00,1567.982880,open,rgb,-60.000,-90.000,16,700,,0.258835227,55.6359,4.065707684,4.062362194,1.644831896
2026-07-28T18:57:35.351749+00:00,1568.133290,open,rgb,-60.000,-90.000,17,700,,0.258778409,55.6454,4.065709114,4.062337875,1.644678593
2026-07-28T18:57:35.502044+00:00,1568.283585,open,rgb,-60.000,-90.000,18,700,,0.258863636,55.6676,4.065824509,4.062399864,1.644756436
2026-07-28T18:57:35.652598+00:00,1568.434132,open,rgb,-60.000,-90.000,19,700,,0.258892045,55.6771,4.065899849,4.062537193,1.644480586
2026-07-28T18:57:38.008027+00:00,1570.789563,open,rgb,-60.000,-85.000,0,700,,0.258806818,55.9025,4.065834999,4.062495232,1.644492030
2026-07-28T18:57:38.158498+00:00,1570.940037,open,rgb,-60.000,-85.000,1,700,,0.258835227,55.9311,4.066131592,4.062787533,1.644817472
2026-07-28T18:57:38.308933+00:00,1571.090472,open,rgb,-60.000,-85.000,2,700,,0.258778409,55.9375,4.066227913,4.062848568,1.644643426
2026-07-28T18:57:38.459162+00:00,1571.240702,open,rgb,-60.000,-85.000,3,700,,0.258721591,55.9502,4.066239357,4.062819958,1.644586802
2026-07-28T18:57:38.609474+00:00,1571.391012,open,rgb,-60.000,-85.000,4,700,,0.258750000,55.9630,4.066226482,4.062915325,1.644706368
2026-07-28T18:57:38.759686+00:00,1571.541227,open,rgb,-60.000,-85.000,5,700,,0.258693182,55.9725,4.066139698,4.062827110,1.644657016
2026-07-28T18:57:38.909885+00:00,1571.691424,open,rgb,-60.000,-85.000,6,700,,0.258693182,55.9853,4.066231728,4.062947273,1.644602180
2026-07-28T18:57:39.060283+00:00,1571.841824,open,rgb,-60.000,-85.000,7,700,,0.258721591,55.9948,4.066252708,4.062963486,1.644597054
2026-07-28T18:57:39.210480+00:00,1571.992020,open,rgb,-60.000,-85.000,8,700,,0.258721591,56.0044,4.066256046,4.062920570,1.644422650
2026-07-28T18:57:39.360612+00:00,1572.142152,open,rgb,-60.000,-85.000,9,700,,0.258750000,56.0203,4.066362858,4.063022614,1.644646049
2026-07-28T18:57:39.510720+00:00,1572.292260,open,rgb,-60.000,-85.000,10,700,,0.258693182,56.0331,4.066381931,4.063047886,1.644573331
2026-07-28T18:57:39.660940+00:00,1572.442480,open,rgb,-60.000,-85.000,11,700,,0.258750000,56.0491,4.066414356,4.062862873,1.644465446
2026-07-28T18:57:39.811113+00:00,1572.592652,open,rgb,-60.000,-85.000,12,700,,0.258636364,56.0714,4.066357136,4.062953949,1.644739628
2026-07-28T18:57:39.961377+00:00,1572.742918,open,rgb,-60.000,-85.000,13,700,,0.258693182,56.0746,4.066462994,4.063187122,1.644588470
2026-07-28T18:57:40.111674+00:00,1572.893213,open,rgb,-60.000,-85.000,14,700,,0.258636364,56.0778,4.066424370,4.063096046,1.644307256
2026-07-28T18:57:40.261939+00:00,1573.043480,open,rgb,-60.000,-85.000,15,700,,0.258835227,56.0938,4.066346169,4.063052177,1.644734979
2026-07-28T18:57:40.412219+00:00,1573.193760,open,rgb,-60.000,-85.000,16,700,,0.258721591,56.0810,4.066347599,4.063008785,1.644543290
2026-07-28T18:57:40.562458+00:00,1573.343999,open,rgb,-60.000,-85.000,17,700,,0.258693182,56.0714,4.066446304,4.063120842,1.644715428
2026-07-28T18:57:40.712651+00:00,1573.494188,open,rgb,-60.000,-85.000,18,700,,0.258750000,56.0714,4.066203117,4.062814236,1.644733667
2026-07-28T18:57:40.862936+00:00,1573.644475,open,rgb,-60.000,-85.000,19,700,,0.258863636,56.1002,4.066261768,4.062762737,1.644641638
2026-07-28T18:57:43.218302+00:00,1575.999837,open,rgb,-60.000,-80.000,0,700,,0.258948864,56.3019,4.066440582,4.062780857,1.644786716
2026-07-28T18:57:43.368999+00:00,1576.150534,open,rgb,-60.000,-80.000,1,700,,0.258750000,56.2987,4.066421509,4.062770844,1.644761801
2026-07-28T18:57:43.519555+00:00,1576.301094,open,rgb,-60.000,-80.000,2,700,,0.258636364,56.3083,4.066488266,4.062770367,1.644692183
2026-07-28T18:57:43.669987+00:00,1576.451527,open,rgb,-60.000,-80.000,3,700,,0.258721591,56.3147,4.066507816,4.062878132,1.644675612
2026-07-28T18:57:43.820428+00:00,1576.601968,open,rgb,-60.000,-80.000,4,700,,0.258721591,56.3212,4.066431046,4.062780380,1.644531608
2026-07-28T18:57:43.970820+00:00,1576.752360,open,rgb,-60.000,-80.000,5,700,,0.258835227,56.3404,4.066539764,4.062843323,1.644773245
2026-07-28T18:57:44.121226+00:00,1576.902765,open,rgb,-60.000,-80.000,6,700,,0.258721591,56.3501,4.066543579,4.062900066,1.644725204
2026-07-28T18:57:44.271766+00:00,1577.053305,open,rgb,-60.000,-80.000,7,700,,0.258778409,56.3533,4.066504002,4.062796593,1.644575238
2026-07-28T18:57:44.422139+00:00,1577.203679,open,rgb,-60.000,-80.000,8,700,,0.258750000,56.3629,4.066579819,4.062883377,1.644594073
2026-07-28T18:57:44.572528+00:00,1577.354066,open,rgb,-60.000,-80.000,9,700,,0.258778409,56.3726,4.066477299,4.062814236,1.644815803
2026-07-28T18:57:44.722833+00:00,1577.504372,open,rgb,-60.000,-80.000,10,700,,0.258778409,56.3854,4.066559792,4.062848091,1.644783497
2026-07-28T18:57:44.872987+00:00,1577.654528,open,rgb,-60.000,-80.000,11,700,,0.258750000,56.3919,4.066486359,4.062902927,1.644786000
2026-07-28T18:57:45.023254+00:00,1577.804794,open,rgb,-60.000,-80.000,12,700,,0.258835227,56.4015,4.066405296,4.062836170,1.644637585
2026-07-28T18:57:45.173465+00:00,1577.955007,open,rgb,-60.000,-80.000,13,700,,0.258664773,56.4144,4.066532612,4.062909603,1.644834042
2026-07-28T18:57:45.323603+00:00,1578.105144,open,rgb,-60.000,-80.000,14,700,,0.258693182,56.4240,4.066568851,4.062975883,1.644738078
2026-07-28T18:57:45.473863+00:00,1578.255403,open,rgb,-60.000,-80.000,15,700,,0.258750000,56.4240,4.066576004,4.062992096,1.644561172
2026-07-28T18:57:45.624006+00:00,1578.405547,open,rgb,-60.000,-80.000,16,700,,0.258636364,56.4240,4.066558361,4.063034058,1.643989325
2026-07-28T18:57:45.774204+00:00,1578.555746,open,rgb,-60.000,-80.000,17,700,,0.258778409,56.4369,4.066566944,4.063004017,1.644639730
2026-07-28T18:57:45.924435+00:00,1578.705975,open,rgb,-60.000,-80.000,18,700,,0.258806818,56.4562,4.066548824,4.062964439,1.644710302
2026-07-28T18:57:46.074376+00:00,1578.855911,open,rgb,-60.000,-80.000,19,700,,0.258835227,56.4626,4.066480637,4.062757969,1.644748569
2026-07-28T18:57:48.429499+00:00,1581.211035,open,rgb,-60.000,-75.000,0,700,,0.258806818,56.4240,4.068562508,4.065046310,1.644547939
2026-07-28T18:57:48.580054+00:00,1581.361591,open,rgb,-60.000,-75.000,1,700,,0.258863636,56.4465,4.068711281,4.065092564,1.644604802
2026-07-28T18:57:48.730498+00:00,1581.512038,open,rgb,-60.000,-75.000,2,700,,0.258778409,56.4401,4.068705559,4.065064430,1.644588232
2026-07-28T18:57:48.880835+00:00,1581.662375,open,rgb,-60.000,-75.000,3,700,,0.258721591,56.4144,4.068625450,4.065029621,1.644420266
2026-07-28T18:57:49.031177+00:00,1581.812716,open,rgb,-60.000,-75.000,4,700,,0.258778409,56.4111,4.068728447,4.065038681,1.644704461
2026-07-28T18:57:49.181637+00:00,1581.963175,open,rgb,-60.000,-75.000,5,700,,0.258835227,56.3758,4.068567753,4.064929962,1.644885063
2026-07-28T18:57:49.332250+00:00,1582.113786,open,rgb,-60.000,-75.000,6,700,,0.258863636,56.3822,4.068603992,4.065047264,1.644779325
2026-07-28T18:57:49.482724+00:00,1582.264263,open,rgb,-60.000,-75.000,7,700,,0.258892045,56.4047,4.068727493,4.064983845,1.644726872
2026-07-28T18:57:49.633153+00:00,1582.414693,open,rgb,-60.000,-75.000,8,700,,0.258806818,56.4208,4.068690300,4.065042019,1.644624114
2026-07-28T18:57:49.783624+00:00,1582.565164,open,rgb,-60.000,-75.000,9,700,,0.258863636,56.4498,4.068716526,4.065054893,1.644659042
2026-07-28T18:57:49.933925+00:00,1582.715464,open,rgb,-60.000,-75.000,10,700,,0.258778409,56.4755,4.068731785,4.065097332,1.644865751
2026-07-28T18:57:50.084116+00:00,1582.865656,open,rgb,-60.000,-75.000,11,700,,0.258892045,56.4787,4.068573952,4.065071106,1.644621611
2026-07-28T18:57:50.234293+00:00,1583.015834,open,rgb,-60.000,-75.000,12,700,,0.258806818,56.4981,4.068693638,4.065060616,1.644794941
2026-07-28T18:57:50.384455+00:00,1583.165996,open,rgb,-60.000,-75.000,13,700,,0.258806818,56.4949,4.068859100,4.065240383,1.644624591
2026-07-28T18:57:50.534612+00:00,1583.316152,open,rgb,-60.000,-75.000,14,700,,0.258835227,56.5110,4.068831921,4.064920425,1.644456863
2026-07-28T18:57:50.684805+00:00,1583.466345,open,rgb,-60.000,-75.000,15,700,,0.258892045,56.5368,4.068757057,4.065131187,1.644720316
2026-07-28T18:57:50.835040+00:00,1583.616579,open,rgb,-60.000,-75.000,16,700,,0.258863636,56.5432,4.068660736,4.065080166,1.644603848
2026-07-28T18:57:50.985227+00:00,1583.766768,open,rgb,-60.000,-75.000,17,700,,0.258892045,56.5464,4.068799019,4.065162659,1.644526005
2026-07-28T18:57:51.135537+00:00,1583.917073,open,rgb,-60.000,-75.000,18,700,,0.258863636,56.5594,4.068732738,4.065198421,1.643982768
2026-07-28T18:57:51.285819+00:00,1584.067358,open,rgb,-60.000,-75.000,19,700,,0.258778409,56.5755,4.068743706,4.065086365,1.644465208
2026-07-28T18:57:53.640989+00:00,1586.422526,open,rgb,-60.000,-70.000,0,700,,0.258892045,56.6433,4.069966316,4.066396236,1.644582629
2026-07-28T18:57:53.791580+00:00,1586.573119,open,rgb,-60.000,-70.000,1,700,,0.258863636,56.6595,4.069940090,4.066475391,1.644824266
2026-07-28T18:57:53.942005+00:00,1586.723545,open,rgb,-60.000,-70.000,2,700,,0.258835227,56.6530,4.069834709,4.066177845,1.644186378
2026-07-28T18:57:54.092430+00:00,1586.873970,open,rgb,-60.000,-70.000,3,700,,0.258948864,56.6724,4.069949150,4.066329479,1.644756198
2026-07-28T18:57:54.242837+00:00,1587.024377,open,rgb,-60.000,-70.000,4,700,,0.258920455,56.6757,4.069969654,4.066348553,1.644695640
2026-07-28T18:57:54.393171+00:00,1587.174711,open,rgb,-60.000,-70.000,5,700,,0.258892045,56.6789,4.070111752,4.066302776,1.644430280
2026-07-28T18:57:54.543564+00:00,1587.325105,open,rgb,-60.000,-70.000,6,700,,0.258977273,56.6951,4.069999695,4.066462994,1.644689560
2026-07-28T18:57:54.693922+00:00,1587.475462,open,rgb,-60.000,-70.000,7,700,,0.258892045,56.6757,4.069933414,4.066358089,1.644494414
2026-07-28T18:57:54.844428+00:00,1587.625968,open,rgb,-60.000,-70.000,8,700,,0.258892045,56.6821,4.070001602,4.066406727,1.644594789
2026-07-28T18:57:54.994757+00:00,1587.776299,open,rgb,-60.000,-70.000,9,700,,0.258835227,56.6886,4.069979668,4.066396236,1.644787192
2026-07-28T18:57:55.145066+00:00,1587.926607,open,rgb,-60.000,-70.000,10,700,,0.258863636,56.6951,4.069954872,4.066359520,1.644633889
2026-07-28T18:57:55.295800+00:00,1588.077335,open,rgb,-60.000,-70.000,11,700,,0.258948864,56.7016,4.069992542,4.066458702,1.644693732
2026-07-28T18:57:55.446283+00:00,1588.227823,open,rgb,-60.000,-70.000,12,700,,0.258835227,56.7048,4.070003033,4.066434383,1.644630194
2026-07-28T18:57:55.596657+00:00,1588.378197,open,rgb,-60.000,-70.000,13,700,,0.258806818,56.7210,4.070135117,4.066411018,1.644522548
2026-07-28T18:57:55.747108+00:00,1588.528649,open,rgb,-60.000,-70.000,14,700,,0.258892045,56.7339,4.070086956,4.066525459,1.644591331
2026-07-28T18:57:55.897475+00:00,1588.679016,open,rgb,-60.000,-70.000,15,700,,0.258835227,56.7372,4.070012093,4.066426277,1.644448996
2026-07-28T18:57:56.047863+00:00,1588.829403,open,rgb,-60.000,-70.000,16,700,,0.258835227,56.7501,4.070063591,4.066464424,1.644552350
2026-07-28T18:57:56.198220+00:00,1588.979757,open,rgb,-60.000,-70.000,17,700,,0.258863636,56.7793,4.069824696,4.066235542,1.644745946
2026-07-28T18:57:56.348809+00:00,1589.130346,open,rgb,-60.000,-70.000,18,700,,0.258892045,56.7793,4.069774151,4.066166401,1.644502521
2026-07-28T18:57:56.499281+00:00,1589.280820,open,rgb,-60.000,-70.000,19,700,,0.258920455,56.7858,4.069865704,4.066244125,1.644637823
2026-07-28T18:57:58.854282+00:00,1591.635818,open,rgb,-60.000,-65.000,0,700,,0.258977273,56.8182,4.069997787,4.066330910,1.644782066
2026-07-28T18:57:59.004613+00:00,1591.786151,open,rgb,-60.000,-65.000,1,700,,0.258948864,56.8182,4.070004940,4.066312790,1.644566774
2026-07-28T18:57:59.154966+00:00,1591.936505,open,rgb,-60.000,-65.000,2,700,,0.258920455,56.8150,4.070061207,4.066368580,1.644593835
2026-07-28T18:57:59.305177+00:00,1592.086714,open,rgb,-60.000,-65.000,3,700,,0.258892045,56.8085,4.069966793,4.066250324,1.644659281
2026-07-28T18:57:59.455520+00:00,1592.237059,open,rgb,-60.000,-65.000,4,700,,0.258863636,56.8053,4.070074558,4.066366673,1.643967390
2026-07-28T18:57:59.605780+00:00,1592.387320,open,rgb,-60.000,-65.000,5,700,,0.258948864,56.8150,4.070139408,4.066432953,1.644510031
2026-07-28T18:57:59.755965+00:00,1592.537506,open,rgb,-60.000,-65.000,6,700,,0.258863636,56.8117,4.070018768,4.066278458,1.644350410
2026-07-28T18:57:59.906132+00:00,1592.687672,open,rgb,-60.000,-65.000,7,700,,0.258920455,56.8247,4.070109844,4.066407204,1.644603610
2026-07-28T18:58:00.056495+00:00,1592.838035,open,rgb,-60.000,-65.000,8,700,,0.258920455,56.8312,4.070046902,4.066357613,1.644659042
2026-07-28T18:58:00.206719+00:00,1592.988259,open,rgb,-60.000,-65.000,9,700,,0.258948864,56.8410,4.070044994,4.066229343,1.644533038
2026-07-28T18:58:00.356910+00:00,1593.138449,open,rgb,-60.000,-65.000,10,700,,0.258948864,56.8539,4.070023537,4.066287518,1.644729376
2026-07-28T18:58:00.507288+00:00,1593.288827,open,rgb,-60.000,-65.000,11,700,,0.258920455,56.8507,4.069922447,4.066252708,1.644641399
2026-07-28T18:58:00.657645+00:00,1593.439185,open,rgb,-60.000,-65.000,12,700,,0.259005682,56.8637,4.070026398,4.066333294,1.644682169
2026-07-28T18:58:00.808003+00:00,1593.589543,open,rgb,-60.000,-65.000,13,700,,0.258920455,56.8734,4.070055962,4.066328526,1.644688606
2026-07-28T18:58:00.958297+00:00,1593.739837,open,rgb,-60.000,-65.000,14,700,,0.258977273,56.8767,4.069996357,4.066327572,1.644499779
2026-07-28T18:58:01.108620+00:00,1593.890156,open,rgb,-60.000,-65.000,15,700,,0.258977273,56.8799,4.070102692,4.066448689,1.644507170
2026-07-28T18:58:01.259044+00:00,1594.040576,open,rgb,-60.000,-65.000,16,700,,0.258920455,56.8637,4.070106506,4.066331863,1.644590616
2026-07-28T18:58:01.409427+00:00,1594.190936,open,rgb,-60.000,-65.000,17,700,,0.258892045,56.8669,4.070119381,4.066284180,1.644463897
2026-07-28T18:58:01.559835+00:00,1594.341373,open,rgb,-60.000,-65.000,18,700,,0.258977273,56.8767,4.070045471,4.066404819,1.644737601
2026-07-28T18:58:01.710090+00:00,1594.491630,open,rgb,-60.000,-65.000,19,700,,0.258920455,56.8702,4.070114613,4.066458702,1.644568205
2026-07-28T18:58:04.065191+00:00,1596.846727,open,rgb,-60.000,-60.000,0,700,,0.259062500,56.9417,4.069881439,4.066013813,1.644556046
2026-07-28T18:58:04.215728+00:00,1596.997266,open,rgb,-60.000,-60.000,1,700,,0.259034091,56.9385,4.069904804,4.066079617,1.644755244
2026-07-28T18:58:04.366200+00:00,1597.147740,open,rgb,-60.000,-60.000,2,700,,0.259005682,56.9287,4.070015430,4.066221237,1.644634366
2026-07-28T18:58:04.516625+00:00,1597.298162,open,rgb,-60.000,-60.000,3,700,,0.258977273,56.9254,4.070095062,4.066275120,1.644451976
2026-07-28T18:58:04.667113+00:00,1597.448653,open,rgb,-60.000,-60.000,4,700,,0.259005682,56.9254,4.069886684,4.066140175,1.644729376
2026-07-28T18:58:04.817500+00:00,1597.599039,open,rgb,-60.000,-60.000,5,700,,0.258977273,56.9254,4.069856644,4.066110134,1.644534707
2026-07-28T18:58:04.967989+00:00,1597.749530,open,rgb,-60.000,-60.000,6,700,,0.259005682,56.9417,4.069960594,4.066203117,1.644033551
2026-07-28T18:58:05.118259+00:00,1597.899793,open,rgb,-60.000,-60.000,7,700,,0.259034091,56.9319,4.069861889,4.066106796,1.644778132
2026-07-28T18:58:05.268759+00:00,1598.050299,open,rgb,-60.000,-60.000,8,700,,0.259034091,56.9417,4.069906235,4.066119671,1.644737363
2026-07-28T18:58:05.419102+00:00,1598.200642,open,rgb,-60.000,-60.000,9,700,,0.258948864,56.9482,4.069937706,4.066144943,1.644650221
2026-07-28T18:58:05.569478+00:00,1598.351017,open,rgb,-60.000,-60.000,10,700,,0.258977273,56.9515,4.069887638,4.066142559,1.644504666
2026-07-28T18:58:05.719868+00:00,1598.501408,open,rgb,-60.000,-60.000,11,700,,0.259034091,56.9580,4.069911003,4.066197872,1.644604564
2026-07-28T18:58:05.870182+00:00,1598.651722,open,rgb,-60.000,-60.000,12,700,,0.259005682,56.9612,4.069897652,4.066129208,1.644781113
2026-07-28T18:58:06.020483+00:00,1598.802020,open,rgb,-60.000,-60.000,13,700,,0.259034091,56.9580,4.069827080,4.066067696,1.644536495
2026-07-28T18:58:06.170999+00:00,1598.952536,open,rgb,-60.000,-60.000,14,700,,0.259005682,56.9645,4.069919109,4.066137314,1.644656539
2026-07-28T18:58:06.321522+00:00,1599.103061,open,rgb,-60.000,-60.000,15,700,,0.258977273,56.9547,4.069862843,4.066142082,1.644689083
2026-07-28T18:58:06.472032+00:00,1599.253571,open,rgb,-60.000,-60.000,16,700,,0.259034091,56.9580,4.069994926,4.066084385,1.644562602
2026-07-28T18:58:06.622393+00:00,1599.403931,open,rgb,-60.000,-60.000,17,700,,0.259034091,56.9677,4.069966316,4.066276073,1.644653440
2026-07-28T18:58:06.772736+00:00,1599.554276,open,rgb,-60.000,-60.000,18,700,,0.258948864,56.9645,4.069900036,4.066191196,1.644536972
2026-07-28T18:58:06.923117+00:00,1599.704656,open,rgb,-60.000,-60.000,19,700,,0.258977273,56.9710,4.069986820,4.066210747,1.644607782
2026-07-28T18:58:09.278670+00:00,1602.060206,open,rgb,-60.000,-55.000,0,700,,0.259005682,56.9352,4.070399284,4.066553116,1.644696355
2026-07-28T18:58:09.429186+00:00,1602.210725,open,rgb,-60.000,-55.000,1,700,,0.259005682,56.9319,4.070691586,4.066823006,1.644556522
2026-07-28T18:58:09.579636+00:00,1602.361175,open,rgb,-60.000,-55.000,2,700,,0.258948864,56.9222,4.070720196,4.066849232,1.644518614
2026-07-28T18:58:09.730149+00:00,1602.511687,open,rgb,-60.000,-55.000,3,700,,0.259034091,56.9287,4.070594788,4.066788673,1.644721031
2026-07-28T18:58:09.880595+00:00,1602.662134,open,rgb,-60.000,-55.000,4,700,,0.258948864,56.9287,4.070564270,4.066701412,1.644461989
2026-07-28T18:58:10.030970+00:00,1602.812510,open,rgb,-60.000,-55.000,5,700,,0.259005682,56.9254,4.070569038,4.066728592,1.644692898
2026-07-28T18:58:10.181328+00:00,1602.962869,open,rgb,-60.000,-55.000,6,700,,0.258977273,56.9189,4.070639133,4.066776276,1.644651413
2026-07-28T18:58:10.331764+00:00,1603.113305,open,rgb,-60.000,-55.000,7,700,,0.258977273,56.9287,4.070797443,4.066853523,1.644480824
2026-07-28T18:58:10.482033+00:00,1603.263573,open,rgb,-60.000,-55.000,8,700,,0.258977273,56.9385,4.070921421,4.066876411,1.644214153
2026-07-28T18:58:10.632591+00:00,1603.414128,open,rgb,-60.000,-55.000,9,700,,0.258948864,56.9515,4.070569992,4.066746712,1.644542336
2026-07-28T18:58:10.782978+00:00,1603.564519,open,rgb,-60.000,-55.000,10,700,,0.258948864,56.9710,4.070695877,4.066852093,1.644638062
2026-07-28T18:58:10.933316+00:00,1603.714857,open,rgb,-60.000,-55.000,11,700,,0.258948864,56.9743,4.070708275,4.066859245,1.644635320
2026-07-28T18:58:11.083660+00:00,1603.865197,open,rgb,-60.000,-55.000,12,700,,0.258977273,56.9710,4.070621014,4.066648960,1.644493699
2026-07-28T18:58:11.233994+00:00,1604.015533,open,rgb,-60.000,-55.000,13,700,,0.259034091,56.9970,4.070477009,4.066661358,1.644626975
2026-07-28T18:58:11.384278+00:00,1604.165818,open,rgb,-60.000,-55.000,14,700,,0.258977273,57.0003,4.070446014,4.066589355,1.644555449
2026-07-28T18:58:11.534480+00:00,1604.316021,open,rgb,-60.000,-55.000,15,700,,0.258977273,57.0133,4.070521355,4.066608429,1.644526005
2026-07-28T18:58:11.684659+00:00,1604.466197,open,rgb,-60.000,-55.000,16,700,,0.259005682,57.0199,4.070529938,4.066665173,1.644645095
2026-07-28T18:58:11.834914+00:00,1604.616453,open,rgb,-60.000,-55.000,17,700,,0.258977273,57.0166,4.070388317,4.066581726,1.644407272
2026-07-28T18:58:11.985102+00:00,1604.766642,open,rgb,-60.000,-55.000,18,700,,0.259034091,57.0329,4.070526600,4.066679001,1.644652128
2026-07-28T18:58:12.135380+00:00,1604.916919,open,rgb,-60.000,-55.000,19,700,,0.259005682,57.0362,4.070569038,4.066705227,1.644588947
2026-07-28T18:58:14.490359+00:00,1607.271893,open,rgb,-60.000,-50.000,0,700,,0.258721591,56.9808,4.071697712,4.068171501,1.644327521
2026-07-28T18:58:14.640770+00:00,1607.422308,open,rgb,-60.000,-50.000,1,700,,0.258835227,56.9808,4.071749687,4.068198681,1.644617081
2026-07-28T18:58:14.791096+00:00,1607.572634,open,rgb,-60.000,-50.000,2,700,,0.258863636,56.9580,4.071836948,4.068299294,1.644436836
2026-07-28T18:58:14.941446+00:00,1607.722985,open,rgb,-60.000,-50.000,3,700,,0.258892045,56.9515,4.071819782,4.068131924,1.644303560
2026-07-28T18:58:15.091640+00:00,1607.873179,open,rgb,-60.000,-50.000,4,700,,0.258948864,56.9580,4.071763992,4.068212032,1.644639492
2026-07-28T18:58:15.241890+00:00,1608.023430,open,rgb,-60.000,-50.000,5,700,,0.258892045,56.9645,4.071719170,4.068184853,1.644570827
2026-07-28T18:58:15.392186+00:00,1608.173725,open,rgb,-60.000,-50.000,6,700,,0.258892045,56.9775,4.071804523,4.068261147,1.644518852
2026-07-28T18:58:15.542493+00:00,1608.324033,open,rgb,-60.000,-50.000,7,700,,0.259005682,56.9970,4.071655750,4.068098545,1.644787192
2026-07-28T18:58:15.692613+00:00,1608.474154,open,rgb,-60.000,-50.000,8,700,,0.258948864,57.0003,4.071697712,4.068154812,1.644619703
2026-07-28T18:58:15.842817+00:00,1608.624356,open,rgb,-60.000,-50.000,9,700,,0.258977273,57.0003,4.071743011,4.068201065,1.644537449
2026-07-28T18:58:15.992954+00:00,1608.774495,open,rgb,-60.000,-50.000,10,700,,0.258948864,57.0036,4.071788788,4.068271160,1.644723654
2026-07-28T18:58:16.143240+00:00,1608.924776,open,rgb,-60.000,-50.000,11,700,,0.258948864,57.0133,4.071737289,4.068210125,1.644603372
2026-07-28T18:58:16.293480+00:00,1609.075014,open,rgb,-60.000,-50.000,12,700,,0.258892045,57.0101,4.071697712,4.068248749,1.644504428
2026-07-28T18:58:16.443846+00:00,1609.225385,open,rgb,-60.000,-50.000,13,700,,0.258892045,56.9775,4.071700096,4.068112850,1.644489288
2026-07-28T18:58:16.594129+00:00,1609.375669,open,rgb,-60.000,-50.000,14,700,,0.258948864,56.9547,4.071724892,4.068213463,1.644681454
2026-07-28T18:58:16.744414+00:00,1609.525953,open,rgb,-60.000,-50.000,15,700,,0.258835227,56.9547,4.071700573,4.068150520,1.644669056
2026-07-28T18:58:16.894709+00:00,1609.676244,open,rgb,-60.000,-50.000,16,700,,0.258920455,56.9385,4.071518421,4.068134308,1.644556761
2026-07-28T18:58:17.045106+00:00,1609.826646,open,rgb,-60.000,-50.000,17,700,,0.258948864,56.9417,4.071783066,4.068299294,1.644625306
2026-07-28T18:58:17.195361+00:00,1609.976900,open,rgb,-60.000,-50.000,18,700,,0.258892045,56.9287,4.071793556,4.068217754,1.644634128
2026-07-28T18:58:17.344896+00:00,1610.126431,open,rgb,-60.000,-50.000,19,700,,0.258920455,56.9417,4.071784019,4.068227291,1.644487619
2026-07-28T18:58:19.700127+00:00,1612.481662,open,rgb,-60.000,-45.000,0,700,,0.258863636,56.7663,4.072343826,4.068778038,1.644625306
2026-07-28T18:58:19.850626+00:00,1612.632162,open,rgb,-60.000,-45.000,1,700,,0.258948864,56.7663,4.072282791,4.068682671,1.644659281
2026-07-28T18:58:20.000968+00:00,1612.782508,open,rgb,-60.000,-45.000,2,700,,0.258835227,56.7663,4.072315216,4.068629742,1.644666076
2026-07-28T18:58:20.151300+00:00,1612.932840,open,rgb,-60.000,-45.000,3,700,,0.258948864,56.7761,4.072156906,4.068674088,1.644819379
2026-07-28T18:58:20.301484+00:00,1613.083024,open,rgb,-60.000,-45.000,4,700,,0.258863636,56.7728,4.072182655,4.068728924,1.644690752
2026-07-28T18:58:20.451677+00:00,1613.233218,open,rgb,-60.000,-45.000,5,700,,0.258892045,56.7793,4.072312355,4.068710804,1.644701958
2026-07-28T18:58:20.601910+00:00,1613.383448,open,rgb,-60.000,-45.000,6,700,,0.258892045,56.7696,4.072398663,4.068806171,1.644663453
2026-07-28T18:58:20.752138+00:00,1613.533679,open,rgb,-60.000,-45.000,7,700,,0.258721591,56.7566,4.072270393,4.068701267,1.644449830
2026-07-28T18:58:20.902314+00:00,1613.683854,open,rgb,-60.000,-45.000,8,700,,0.258977273,56.7534,4.072322369,4.068813801,1.644719362
2026-07-28T18:58:21.052486+00:00,1613.834027,open,rgb,-60.000,-45.000,9,700,,0.258920455,56.7210,4.072391510,4.068814278,1.644521594
2026-07-28T18:58:21.202794+00:00,1613.984330,open,rgb,-60.000,-45.000,10,700,,0.258835227,56.6951,4.072431564,4.068768978,1.644441009
2026-07-28T18:58:21.353038+00:00,1614.134578,open,rgb,-60.000,-45.000,11,700,,0.258892045,56.7113,4.072381020,4.068827629,1.644623399
2026-07-28T18:58:21.503168+00:00,1614.284707,open,rgb,-60.000,-45.000,12,700,,0.258892045,56.7210,4.072473049,4.068839073,1.644420028
2026-07-28T18:58:21.653370+00:00,1614.434910,open,rgb,-60.000,-45.000,13,700,,0.258806818,56.7404,4.072391987,4.068798065,1.644566298
2026-07-28T18:58:21.803531+00:00,1614.585071,open,rgb,-60.000,-45.000,14,700,,0.258892045,56.7825,4.072439194,4.068740368,1.644550562
2026-07-28T18:58:21.953786+00:00,1614.735326,open,rgb,-60.000,-45.000,15,700,,0.258863636,56.8117,4.072290421,4.068734646,1.644407272
2026-07-28T18:58:22.103990+00:00,1614.885530,open,rgb,-60.000,-45.000,16,700,,0.258892045,56.8474,4.072291374,4.068700790,1.644656539
2026-07-28T18:58:22.254165+00:00,1615.035705,open,rgb,-60.000,-45.000,17,700,,0.258920455,56.8637,4.072218895,4.068651676,1.644576550
2026-07-28T18:58:22.404499+00:00,1615.186040,open,rgb,-60.000,-45.000,18,700,,0.258892045,56.8864,4.072302818,4.068599701,1.644624352
2026-07-28T18:58:22.554681+00:00,1615.336221,open,rgb,-60.000,-45.000,19,700,,0.258835227,56.9059,4.072325230,4.068670750,1.644789338
2026-07-28T18:58:24.909820+00:00,1617.691355,open,rgb,-60.000,-40.000,0,700,,0.258835227,56.9743,4.072538853,4.068930626,1.644629717
2026-07-28T18:58:25.060179+00:00,1617.841718,open,rgb,-60.000,-40.000,1,700,,0.258806818,56.9645,4.072561264,4.068940163,1.644613862
2026-07-28T18:58:25.210471+00:00,1617.992011,open,rgb,-60.000,-40.000,2,700,,0.258835227,56.9580,4.072653770,4.069011688,1.644719601
2026-07-28T18:58:25.360813+00:00,1618.142349,open,rgb,-60.000,-40.000,3,700,,0.258863636,56.9645,4.072608471,4.068890095,1.644573331
2026-07-28T18:58:25.511157+00:00,1618.292696,open,rgb,-60.000,-40.000,4,700,,0.258892045,56.9612,4.072650433,4.069016457,1.644640923
2026-07-28T18:58:25.661462+00:00,1618.443001,open,rgb,-60.000,-40.000,5,700,,0.258892045,56.9612,4.072555542,4.069015026,1.644644141
2026-07-28T18:58:25.811603+00:00,1618.593144,open,rgb,-60.000,-40.000,6,700,,0.258750000,56.9645,4.072681427,4.068914413,1.644563317
2026-07-28T18:58:25.961820+00:00,1618.743360,open,rgb,-60.000,-40.000,7,700,,0.258806818,56.9743,4.072614670,4.069008350,1.644625545
2026-07-28T18:58:26.112277+00:00,1618.893809,open,rgb,-60.000,-40.000,8,700,,0.258835227,56.9743,4.072595596,4.068748474,1.644536018
2026-07-28T18:58:26.262619+00:00,1619.044156,open,rgb,-60.000,-40.000,9,700,,0.258892045,56.9905,4.072362900,4.068699837,1.644586205
2026-07-28T18:58:26.412984+00:00,1619.194524,open,rgb,-60.000,-40.000,10,700,,0.258948864,57.0003,4.072326183,4.068757534,1.644712687
2026-07-28T18:58:26.563230+00:00,1619.344770,open,rgb,-60.000,-40.000,11,700,,0.258750000,57.0003,4.072440624,4.068808079,1.644519567
2026-07-28T18:58:26.713473+00:00,1619.495012,open,rgb,-60.000,-40.000,12,700,,0.258892045,56.9808,4.072414398,4.068866253,1.644529819
2026-07-28T18:58:26.863786+00:00,1619.645325,open,rgb,-60.000,-40.000,13,700,,0.258920455,56.9385,4.072318077,4.068772793,1.644697070
2026-07-28T18:58:27.013987+00:00,1619.795526,open,rgb,-60.000,-40.000,14,700,,0.258920455,56.9385,4.072398186,4.068870068,1.644629002
2026-07-28T18:58:27.164398+00:00,1619.945936,open,rgb,-60.000,-40.000,15,700,,0.258920455,56.9515,4.072421551,4.068767071,1.644314766
2026-07-28T18:58:27.314859+00:00,1620.096394,open,rgb,-60.000,-40.000,16,700,,0.258948864,56.9580,4.072322369,4.068669319,1.644589424
2026-07-28T18:58:27.465278+00:00,1620.246817,open,rgb,-60.000,-40.000,17,700,,0.258863636,56.9743,4.072487831,4.068712711,1.644675136
2026-07-28T18:58:27.615513+00:00,1620.397052,open,rgb,-60.000,-40.000,18,700,,0.258920455,56.9905,4.072423935,4.068770885,1.644671440
2026-07-28T18:58:27.765771+00:00,1620.547312,open,rgb,-60.000,-40.000,19,700,,0.258977273,56.9970,4.072389603,4.068773746,1.644520044
2026-07-28T18:58:30.120711+00:00,1622.902247,open,rgb,-60.000,-35.000,0,700,,0.258863636,57.0199,4.072432041,4.068624020,1.644618511
2026-07-28T18:58:30.271092+00:00,1623.052632,open,rgb,-60.000,-35.000,1,700,,0.258835227,57.0199,4.072409630,4.068591118,1.644666076
2026-07-28T18:58:30.421294+00:00,1623.202833,open,rgb,-60.000,-35.000,2,700,,0.258920455,57.0199,4.072299004,4.068453789,1.644460082
2026-07-28T18:58:30.571726+00:00,1623.353264,open,rgb,-60.000,-35.000,3,700,,0.258920455,57.0296,4.072351456,4.068535805,1.644746900
2026-07-28T18:58:30.721939+00:00,1623.503480,open,rgb,-60.000,-35.000,4,700,,0.258920455,57.0296,4.072349548,4.068493366,1.644683957
2026-07-28T18:58:30.872145+00:00,1623.653682,open,rgb,-60.000,-35.000,5,700,,0.258835227,57.0166,4.072474003,4.068530083,1.644588947
2026-07-28T18:58:31.022352+00:00,1623.803893,open,rgb,-60.000,-35.000,6,700,,0.258920455,57.0003,4.072394371,4.068580627,1.644588232
2026-07-28T18:58:31.172648+00:00,1623.954184,open,rgb,-60.000,-35.000,7,700,,0.258892045,56.9905,4.072381496,4.068525314,1.644499540
2026-07-28T18:58:31.323142+00:00,1624.104678,open,rgb,-60.000,-35.000,8,700,,0.259005682,56.9905,4.072463036,4.068673134,1.644575953
2026-07-28T18:58:31.473470+00:00,1624.255011,open,rgb,-60.000,-35.000,9,700,,0.258835227,56.9775,4.072328568,4.068553925,1.644769669
2026-07-28T18:58:31.623782+00:00,1624.405322,open,rgb,-60.000,-35.000,10,700,,0.258948864,56.9645,4.072330475,4.068529129,1.644687772
2026-07-28T18:58:31.773940+00:00,1624.555481,open,rgb,-60.000,-35.000,11,700,,0.258977273,56.9710,4.072405815,4.068601608,1.644661188
2026-07-28T18:58:31.924151+00:00,1624.705691,open,rgb,-60.000,-35.000,12,700,,0.258892045,56.9840,4.072378159,4.068586349,1.644627333
2026-07-28T18:58:32.074379+00:00,1624.855920,open,rgb,-60.000,-35.000,13,700,,0.258920455,57.0003,4.072463512,4.068585396,1.644558668
2026-07-28T18:58:32.224537+00:00,1625.006076,open,rgb,-60.000,-35.000,14,700,,0.258920455,57.0231,4.072414398,4.068628311,1.644731045
2026-07-28T18:58:32.374778+00:00,1625.156315,open,rgb,-60.000,-35.000,15,700,,0.258863636,57.0329,4.072266102,4.068498611,1.644510865
2026-07-28T18:58:32.528883+00:00,1625.310422,open,rgb,-60.000,-35.000,16,700,,0.258920455,57.0492,4.072461128,4.068651676,1.644695163
2026-07-28T18:58:32.679099+00:00,1625.460638,open,rgb,-60.000,-35.000,17,700,,0.258892045,57.0459,4.072356224,4.068589211,1.644058228
2026-07-28T18:58:32.829264+00:00,1625.610805,open,rgb,-60.000,-35.000,18,700,,0.258920455,57.0557,4.072431564,4.068590164,1.644482017
2026-07-28T18:58:32.979484+00:00,1625.761024,open,rgb,-60.000,-35.000,19,700,,0.258977273,57.0622,4.072517872,4.068683624,1.644643903
2026-07-28T18:58:35.334874+00:00,1628.116409,open,rgb,-60.000,-30.000,0,700,,0.258948864,57.0753,4.071003914,4.067164421,1.644830942
2026-07-28T18:58:35.485189+00:00,1628.266730,open,rgb,-60.000,-30.000,1,700,,0.258920455,57.0655,4.070872307,4.066982746,1.644467831
2026-07-28T18:58:35.635490+00:00,1628.417030,open,rgb,-60.000,-30.000,2,700,,0.258948864,57.0818,4.070939541,4.067104816,1.644586205
2026-07-28T18:58:35.785638+00:00,1628.567179,open,rgb,-60.000,-30.000,3,700,,0.258892045,57.0818,4.070896626,4.067016602,1.644571424
2026-07-28T18:58:35.935849+00:00,1628.717389,open,rgb,-60.000,-30.000,4,700,,0.258977273,57.0949,4.070923805,4.067000866,1.644661427
2026-07-28T18:58:36.086062+00:00,1628.867600,open,rgb,-60.000,-30.000,5,700,,0.258948864,57.1014,4.070888519,4.067028046,1.644720316
2026-07-28T18:58:36.236441+00:00,1629.017978,open,rgb,-60.000,-30.000,6,700,,0.258920455,57.1047,4.070859432,4.067062378,1.644534230
2026-07-28T18:58:36.386849+00:00,1629.168387,open,rgb,-60.000,-30.000,7,700,,0.258892045,57.1047,4.071018696,4.067168236,1.644528151
2026-07-28T18:58:36.537089+00:00,1629.318629,open,rgb,-60.000,-30.000,8,700,,0.258863636,57.0981,4.070886135,4.067060471,1.644695640
2026-07-28T18:58:36.687343+00:00,1629.468882,open,rgb,-60.000,-30.000,9,700,,0.258920455,57.0949,4.070874691,4.066993713,1.644546032
2026-07-28T18:58:36.837468+00:00,1629.619009,open,rgb,-60.000,-30.000,10,700,,0.258948864,57.0883,4.070865631,4.067078114,1.644679308
2026-07-28T18:58:36.987675+00:00,1629.769215,open,rgb,-60.000,-30.000,11,700,,0.258948864,57.0786,4.070827961,4.067033291,1.644486189
2026-07-28T18:58:37.137875+00:00,1629.919415,open,rgb,-60.000,-30.000,12,700,,0.258920455,57.0851,4.070945740,4.067112923,1.644556999
2026-07-28T18:58:37.288296+00:00,1630.069831,open,rgb,-60.000,-30.000,13,700,,0.258977273,57.0916,4.070872784,4.067145824,1.644580841
2026-07-28T18:58:37.438826+00:00,1630.220366,open,rgb,-60.000,-30.000,14,700,,0.258863636,57.0916,4.070827961,4.067085266,1.644405127
2026-07-28T18:58:37.589459+00:00,1630.370995,open,rgb,-60.000,-30.000,15,700,,0.258863636,57.0981,4.070968151,4.067169666,1.644434214
2026-07-28T18:58:37.740021+00:00,1630.521561,open,rgb,-60.000,-30.000,16,700,,0.258863636,57.1014,4.070841789,4.067071438,1.644742012
2026-07-28T18:58:37.890340+00:00,1630.671880,open,rgb,-60.000,-30.000,17,700,,0.258920455,57.1079,4.071105003,4.067372799,1.644490838
2026-07-28T18:58:38.040649+00:00,1630.822190,open,rgb,-60.000,-30.000,18,700,,0.258863636,57.1014,4.071240902,4.067371368,1.644431710
2026-07-28T18:58:38.191015+00:00,1630.972555,open,rgb,-60.000,-30.000,19,700,,0.258863636,57.1047,4.071136475,4.067323208,1.643738151
2026-07-28T18:58:40.546075+00:00,1633.327612,open,rgb,-60.000,-25.000,0,700,,0.258892045,57.1145,4.071299076,4.067260265,1.644526958
2026-07-28T18:58:40.696729+00:00,1633.478267,open,rgb,-60.000,-25.000,1,700,,0.258863636,57.1243,4.071278095,4.067267895,1.644510865
2026-07-28T18:58:40.847137+00:00,1633.628677,open,rgb,-60.000,-25.000,2,700,,0.258892045,57.1275,4.071228981,4.067401409,1.644460559
2026-07-28T18:58:40.997497+00:00,1633.779038,open,rgb,-60.000,-25.000,3,700,,0.258750000,57.1210,4.071308136,4.067360878,1.643945932
2026-07-28T18:58:41.147467+00:00,1633.929002,open,rgb,-60.000,-25.000,4,700,,0.258892045,57.1373,4.071206093,4.067221165,1.644313335
2026-07-28T18:58:41.297924+00:00,1634.079463,open,rgb,-60.000,-25.000,5,700,,0.258948864,57.1504,4.071091652,4.067085266,1.644290328
2026-07-28T18:58:41.448272+00:00,1634.229812,open,rgb,-60.000,-25.000,6,700,,0.258920455,57.1667,4.071120739,4.067116737,1.644501567
2026-07-28T18:58:41.598490+00:00,1634.380029,open,rgb,-60.000,-25.000,7,700,,0.258920455,57.1667,4.071103573,4.067059517,1.644651175
2026-07-28T18:58:41.748643+00:00,1634.530184,open,rgb,-60.000,-25.000,8,700,,0.258948864,57.1798,4.071185112,4.067090034,1.644503951
2026-07-28T18:58:41.898810+00:00,1634.680350,open,rgb,-60.000,-25.000,9,700,,0.258920455,57.1864,4.071127415,4.067107677,1.644567013
2026-07-28T18:58:42.049171+00:00,1634.830711,open,rgb,-60.000,-25.000,10,700,,0.258948864,57.1700,4.071078777,4.067070961,1.644488335
2026-07-28T18:58:42.199514+00:00,1634.981054,open,rgb,-60.000,-25.000,11,700,,0.258920455,57.1439,4.071177483,4.067172050,1.644474387
2026-07-28T18:58:42.350010+00:00,1635.131551,open,rgb,-60.000,-25.000,12,700,,0.258920455,57.1079,4.071069717,4.067066193,1.644649029
2026-07-28T18:58:42.500446+00:00,1635.281986,open,rgb,-60.000,-25.000,13,700,,0.258977273,57.0622,4.071066856,4.067049026,1.644515514
2026-07-28T18:58:42.650905+00:00,1635.432442,open,rgb,-60.000,-25.000,14,700,,0.258892045,57.0199,4.071100235,4.067115307,1.644438028
2026-07-28T18:58:42.801434+00:00,1635.582947,open,rgb,-60.000,-25.000,15,700,,0.258920455,57.0296,4.071027756,4.067076683,1.644622445
2026-07-28T18:58:42.951773+00:00,1635.733312,open,rgb,-60.000,-25.000,16,700,,0.258948864,57.0394,4.071108818,4.067037582,1.644572616
2026-07-28T18:58:43.102141+00:00,1635.883682,open,rgb,-60.000,-25.000,17,700,,0.259005682,57.0557,4.071100235,4.067124844,1.644559145
2026-07-28T18:58:43.252530+00:00,1636.034064,open,rgb,-60.000,-25.000,18,700,,0.258863636,57.0622,4.071365356,4.067327499,1.644332647
2026-07-28T18:58:43.403015+00:00,1636.184553,open,rgb,-60.000,-25.000,19,700,,0.258892045,57.0557,4.071431637,4.067454815,1.644353867
2026-07-28T18:58:45.758035+00:00,1638.539570,open,rgb,-60.000,-20.000,0,700,,0.258920455,57.1471,4.071434498,4.067372799,1.644675612
2026-07-28T18:58:45.908374+00:00,1638.689913,open,rgb,-60.000,-20.000,1,700,,0.258892045,57.1504,4.071414948,4.067282677,1.644532561
2026-07-28T18:58:46.058611+00:00,1638.840151,open,rgb,-60.000,-20.000,2,700,,0.258920455,57.1504,4.071514130,4.067446709,1.644717336
2026-07-28T18:58:46.208656+00:00,1638.990190,open,rgb,-60.000,-20.000,3,700,,0.258920455,57.1308,4.071234703,4.067220211,1.644721746
2026-07-28T18:58:46.359094+00:00,1639.140631,open,rgb,-60.000,-20.000,4,700,,0.258920455,57.1210,4.071191788,4.067084312,1.644423366
2026-07-28T18:58:46.509364+00:00,1639.290903,open,rgb,-60.000,-20.000,5,700,,0.258977273,57.1014,4.071238518,4.067160130,1.644056201
2026-07-28T18:58:46.659621+00:00,1639.441160,open,rgb,-60.000,-20.000,6,700,,0.259034091,57.0981,4.071280479,4.067233086,1.644629955
2026-07-28T18:58:46.809851+00:00,1639.591391,open,rgb,-60.000,-20.000,7,700,,0.258948864,57.1047,4.071375847,4.067189217,1.644424438
2026-07-28T18:58:46.960039+00:00,1639.741576,open,rgb,-60.000,-20.000,8,700,,0.259034091,57.1275,4.071299076,4.067259312,1.644710302
2026-07-28T18:58:47.110299+00:00,1639.891838,open,rgb,-60.000,-20.000,9,700,,0.258920455,57.1308,4.071259022,4.067173481,1.644493461
2026-07-28T18:58:47.260452+00:00,1640.041992,open,rgb,-60.000,-20.000,10,700,,0.258977273,57.1439,4.071310043,4.067212582,1.644671202
2026-07-28T18:58:47.410718+00:00,1640.192255,open,rgb,-60.000,-20.000,11,700,,0.258977273,57.1406,4.071310043,4.067253590,1.644650698
2026-07-28T18:58:47.560954+00:00,1640.342494,open,rgb,-60.000,-20.000,12,700,,0.258920455,57.1406,4.071318150,4.067163944,1.644473672
2026-07-28T18:58:47.711154+00:00,1640.492695,open,rgb,-60.000,-20.000,13,700,,0.258977273,57.1210,4.071298599,4.067155838,1.644670248
2026-07-28T18:58:47.861543+00:00,1640.643078,open,rgb,-60.000,-20.000,14,700,,0.258920455,57.0949,4.071225166,4.067202568,1.644460320
2026-07-28T18:58:48.011921+00:00,1640.793460,open,rgb,-60.000,-20.000,15,700,,0.259005682,57.0655,4.071273327,4.067131042,1.644669533
2026-07-28T18:58:48.162140+00:00,1640.943680,open,rgb,-60.000,-20.000,16,700,,0.258948864,57.0459,4.071352005,4.067206860,1.644655347
2026-07-28T18:58:48.312371+00:00,1641.093911,open,rgb,-60.000,-20.000,17,700,,0.258948864,57.0296,4.071131229,4.067038536,1.644495726
2026-07-28T18:58:48.462558+00:00,1641.244099,open,rgb,-60.000,-20.000,18,700,,0.259005682,57.0362,4.071227551,4.067152977,1.644695878
2026-07-28T18:58:48.612687+00:00,1641.394227,open,rgb,-60.000,-20.000,19,700,,0.258977273,57.0329,4.071177006,4.067107201,1.644822836
2026-07-28T18:58:50.967688+00:00,1643.749224,open,rgb,-60.000,-15.000,0,700,,0.258977273,57.1243,4.071301937,4.067131996,1.644399047
2026-07-28T18:58:51.118214+00:00,1643.899752,open,rgb,-60.000,-15.000,1,700,,0.259005682,57.0883,4.071387291,4.067258358,1.644698858
2026-07-28T18:58:51.268528+00:00,1644.050064,open,rgb,-60.000,-15.000,2,700,,0.259005682,57.0362,4.071345329,4.067186832,1.644725680
2026-07-28T18:58:51.418757+00:00,1644.200296,open,rgb,-60.000,-15.000,3,700,,0.258977273,57.0003,4.071444988,4.067148685,1.644591093
2026-07-28T18:58:51.568986+00:00,1644.350526,open,rgb,-60.000,-15.000,4,700,,0.259005682,56.9938,4.071379185,4.067253590,1.644738078
2026-07-28T18:58:51.719169+00:00,1644.500710,open,rgb,-60.000,-15.000,5,700,,0.258977273,56.9710,4.071361542,4.067159176,1.644652367
2026-07-28T18:58:51.869363+00:00,1644.650902,open,rgb,-60.000,-15.000,6,700,,0.258977273,56.9873,4.071352959,4.067210197,1.644675374
2026-07-28T18:58:52.019673+00:00,1644.801212,open,rgb,-60.000,-15.000,7,700,,0.258977273,57.0036,4.071386337,4.067081451,1.644215703
2026-07-28T18:58:52.169802+00:00,1644.951343,open,rgb,-60.000,-15.000,8,700,,0.259005682,57.0166,4.071346283,4.067165852,1.644652963
2026-07-28T18:58:52.320170+00:00,1645.101709,open,rgb,-60.000,-15.000,9,700,,0.259005682,57.0296,4.071413517,4.067274094,1.644641161
2026-07-28T18:58:52.470379+00:00,1645.251919,open,rgb,-60.000,-15.000,10,700,,0.258948864,57.0557,4.071316719,4.067191601,1.644724011
2026-07-28T18:58:52.620453+00:00,1645.401992,open,rgb,-60.000,-15.000,11,700,,0.259005682,57.0720,4.071365356,4.067162991,1.644624591
2026-07-28T18:58:52.770680+00:00,1645.552220,open,rgb,-60.000,-15.000,12,700,,0.258977273,57.0851,4.071374893,4.067206860,1.644800663
2026-07-28T18:58:52.920876+00:00,1645.702416,open,rgb,-60.000,-15.000,13,700,,0.258977273,57.0981,4.071453094,4.067498684,1.644590616
2026-07-28T18:58:53.071258+00:00,1645.852797,open,rgb,-60.000,-15.000,14,700,,0.258863636,57.0981,4.071727753,4.067479134,1.644537449
2026-07-28T18:58:53.221572+00:00,1646.003111,open,rgb,-60.000,-15.000,15,700,,0.258892045,57.1079,4.071677208,4.067530632,1.644624114
2026-07-28T18:58:53.371760+00:00,1646.153301,open,rgb,-60.000,-15.000,16,700,,0.258977273,57.1210,4.071566582,4.067451477,1.644430280
2026-07-28T18:58:53.521981+00:00,1646.303521,open,rgb,-60.000,-15.000,17,700,,0.258892045,57.1373,4.071669102,4.067532539,1.644528389
2026-07-28T18:58:53.672286+00:00,1646.453825,open,rgb,-60.000,-15.000,18,700,,0.258892045,57.1504,4.071635723,4.067514420,1.644602656
2026-07-28T18:58:53.822606+00:00,1646.604144,open,rgb,-60.000,-15.000,19,700,,0.258948864,57.1798,4.071429253,4.067199707,1.644512534
2026-07-28T18:58:56.177567+00:00,1648.959102,open,rgb,-60.000,-10.000,0,700,,0.258863636,56.9873,4.071554184,4.067376137,1.644592166
2026-07-28T18:58:56.328163+00:00,1649.109698,open,rgb,-60.000,-10.000,1,700,,0.258948864,56.9938,4.071529388,4.067340374,1.644567251
2026-07-28T18:58:56.478486+00:00,1649.260025,open,rgb,-60.000,-10.000,2,700,,0.258977273,57.0036,4.071655273,4.067264080,1.644433141
2026-07-28T18:58:56.628758+00:00,1649.410297,open,rgb,-60.000,-10.000,3,700,,0.259034091,56.9840,4.071507454,4.067348957,1.644755960
2026-07-28T18:58:56.779057+00:00,1649.560596,open,rgb,-60.000,-10.000,4,700,,0.258948864,56.9385,4.071513653,4.067318916,1.644527912
2026-07-28T18:58:56.929259+00:00,1649.710799,open,rgb,-60.000,-10.000,5,700,,0.258920455,56.8799,4.071603775,4.067417145,1.644564748
2026-07-28T18:58:57.079434+00:00,1649.860974,open,rgb,-60.000,-10.000,6,700,,0.258948864,56.8637,4.071540356,4.067297459,1.644686341
2026-07-28T18:58:57.229573+00:00,1650.011113,open,rgb,-60.000,-10.000,7,700,,0.258920455,56.8832,4.071442604,4.067258358,1.644577503
2026-07-28T18:58:57.379811+00:00,1650.161352,open,rgb,-60.000,-10.000,8,700,,0.258977273,56.8929,4.071553230,4.067396164,1.644600630
2026-07-28T18:58:57.530022+00:00,1650.311561,open,rgb,-60.000,-10.000,9,700,,0.258920455,56.9157,4.071663380,4.067429543,1.644430995
2026-07-28T18:58:57.680486+00:00,1650.462027,open,rgb,-60.000,-10.000,10,700,,0.259005682,56.9450,4.071576118,4.067327499,1.644664884
2026-07-28T18:58:57.831002+00:00,1650.612542,open,rgb,-60.000,-10.000,11,700,,0.258977273,56.9677,4.071586609,4.067422867,1.644637227
2026-07-28T18:58:57.981349+00:00,1650.762887,open,rgb,-60.000,-10.000,12,700,,0.258977273,56.9775,4.071438789,4.067293644,1.644412637
2026-07-28T18:58:58.131962+00:00,1650.913500,open,rgb,-60.000,-10.000,13,700,,0.258948864,56.9970,4.071568489,4.067357063,1.644626021
2026-07-28T18:58:58.282197+00:00,1651.063736,open,rgb,-60.000,-10.000,14,700,,0.258920455,56.9938,4.071715832,4.067505360,1.644728065
2026-07-28T18:58:58.432424+00:00,1651.213965,open,rgb,-60.000,-10.000,15,700,,0.258920455,56.9547,4.071658134,4.067422867,1.644539118
2026-07-28T18:58:58.582617+00:00,1651.364158,open,rgb,-60.000,-10.000,16,700,,0.258977273,56.9254,4.071667194,4.067555428,1.644728541
2026-07-28T18:58:58.732741+00:00,1651.514281,open,rgb,-60.000,-10.000,17,700,,0.258948864,56.8507,4.071553230,4.067415714,1.644671679
2026-07-28T18:58:58.882920+00:00,1651.664459,open,rgb,-60.000,-10.000,18,700,,0.258948864,56.8280,4.071686268,4.067488194,1.644707799
2026-07-28T18:58:59.033091+00:00,1651.814631,open,rgb,-60.000,-10.000,19,700,,0.258948864,56.8474,4.071769238,4.067488670,1.644661188
2026-07-28T18:59:01.388041+00:00,1654.169577,open,rgb,-60.000,-5.000,0,700,,0.259005682,56.9124,4.071557522,4.067314625,1.644681454
2026-07-28T18:59:01.538320+00:00,1654.319860,open,rgb,-60.000,-5.000,1,700,,0.259034091,56.9222,4.071623325,4.067379951,1.644652963
2026-07-28T18:59:01.688588+00:00,1654.470127,open,rgb,-60.000,-5.000,2,700,,0.259005682,56.9450,4.071620941,4.067389488,1.644666791
2026-07-28T18:59:01.838827+00:00,1654.620367,open,rgb,-60.000,-5.000,3,700,,0.258977273,56.9580,4.071506500,4.067277431,1.644460320
2026-07-28T18:59:01.989026+00:00,1654.770566,open,rgb,-60.000,-5.000,4,700,,0.259005682,56.9743,4.071527004,4.067290783,1.644728541
2026-07-28T18:59:02.139386+00:00,1654.920924,open,rgb,-60.000,-5.000,5,700,,0.258977273,56.9677,4.071626186,4.067385674,1.644685149
2026-07-28T18:59:02.289556+00:00,1655.071096,open,rgb,-60.000,-5.000,6,700,,0.259005682,56.9385,4.071662903,4.067310333,1.644491076
2026-07-28T18:59:02.439856+00:00,1655.221393,open,rgb,-60.000,-5.000,7,700,,0.259005682,56.9319,4.071710587,4.067431450,1.644579649
2026-07-28T18:59:02.590075+00:00,1655.371616,open,rgb,-60.000,-5.000,8,700,,0.259005682,56.9450,4.071585655,4.067350388,1.644590139
2026-07-28T18:59:02.740278+00:00,1655.521819,open,rgb,-60.000,-5.000,9,700,,0.258948864,56.9547,4.071619034,4.067353249,1.644612908
2026-07-28T18:59:02.890395+00:00,1655.671934,open,rgb,-60.000,-5.000,10,700,,0.258948864,56.9710,4.071556091,4.067321301,1.644817710
2026-07-28T18:59:03.040598+00:00,1655.822139,open,rgb,-60.000,-5.000,11,700,,0.259005682,56.9873,4.071657181,4.067453384,1.644610643
2026-07-28T18:59:03.190995+00:00,1655.972532,open,rgb,-60.000,-5.000,12,700,,0.258863636,56.9970,4.071533203,4.067324162,1.644652367
2026-07-28T18:59:03.341320+00:00,1656.122861,open,rgb,-60.000,-5.000,13,700,,0.259005682,56.9970,4.071491241,4.067245007,1.644793510
2026-07-28T18:59:03.491541+00:00,1656.273082,open,rgb,-60.000,-5.000,14,700,,0.259005682,56.9808,4.071630478,4.067255974,1.644580364
2026-07-28T18:59:03.641720+00:00,1656.423260,open,rgb,-60.000,-5.000,15,700,,0.259034091,56.9677,4.071575165,4.067314148,1.644719601
2026-07-28T18:59:03.792015+00:00,1656.573557,open,rgb,-60.000,-5.000,16,700,,0.258920455,56.9677,4.071651459,4.067353249,1.644598246
2026-07-28T18:59:03.942157+00:00,1656.723697,open,rgb,-60.000,-5.000,17,700,,0.259005682,56.9743,4.071695328,4.067445755,1.644488335
2026-07-28T18:59:04.092272+00:00,1656.873812,open,rgb,-60.000,-5.000,18,700,,0.259005682,56.9808,4.071657658,4.067362309,1.644584775
2026-07-28T18:59:04.242638+00:00,1657.024173,open,rgb,-60.000,-5.000,19,700,,0.258977273,56.9905,4.071494102,4.067262173,1.644477367
2026-07-28T18:59:06.597816+00:00,1659.379352,open,rgb,-60.000,0.000,0,700,,0.258977273,57.0003,4.071889877,4.067357540,1.644891381
2026-07-28T18:59:06.748358+00:00,1659.529896,open,rgb,-60.000,0.000,1,700,,0.259005682,56.9970,4.071851730,4.067339897,1.644835830
2026-07-28T18:59:06.898906+00:00,1659.680445,open,rgb,-60.000,0.000,2,700,,0.258948864,57.0003,4.071873188,4.067352295,1.644729137
2026-07-28T18:59:07.049260+00:00,1659.830801,open,rgb,-60.000,0.000,3,700,,0.259005682,57.0068,4.071931362,4.067390919,1.644691229
2026-07-28T18:59:07.199720+00:00,1659.981259,open,rgb,-60.000,0.000,4,700,,0.258892045,57.0133,4.071815491,4.067241192,1.644832373
2026-07-28T18:59:07.350232+00:00,1660.131768,open,rgb,-60.000,0.000,5,700,,0.258948864,57.0296,4.071903229,4.067319870,1.644726157
2026-07-28T18:59:07.500716+00:00,1660.282257,open,rgb,-60.000,0.000,6,700,,0.258977273,57.0362,4.071870327,4.067339897,1.644895315
2026-07-28T18:59:07.651097+00:00,1660.432637,open,rgb,-60.000,0.000,7,700,,0.258892045,56.9808,4.071917057,4.067410946,1.644621134
2026-07-28T18:59:07.801454+00:00,1660.582995,open,rgb,-60.000,0.000,8,700,,0.258948864,56.9677,4.071997643,4.067471504,1.644614339
2026-07-28T18:59:07.951743+00:00,1660.733282,open,rgb,-60.000,0.000,9,700,,0.258920455,56.9710,4.071884155,4.067353725,1.644831896
2026-07-28T18:59:08.102190+00:00,1660.883729,open,rgb,-60.000,0.000,10,700,,0.258920455,56.9677,4.071885109,4.067331791,1.644552350
2026-07-28T18:59:08.252520+00:00,1661.034060,open,rgb,-60.000,0.000,11,700,,0.258977273,56.9645,4.071971893,4.067455292,1.644737840
2026-07-28T18:59:08.407763+00:00,1661.189300,open,rgb,-60.000,0.000,12,700,,0.258920455,56.9319,4.072113037,4.067621708,1.644708872
2026-07-28T18:59:08.558180+00:00,1661.339721,open,rgb,-60.000,0.000,13,700,,0.258920455,56.8864,4.072388172,4.067684174,1.644617319
2026-07-28T18:59:08.708523+00:00,1661.490064,open,rgb,-60.000,0.000,14,700,,0.258892045,56.8377,4.072086811,4.067537308,1.644713998
2026-07-28T18:59:08.858813+00:00,1661.640353,open,rgb,-60.000,0.000,15,700,,0.258948864,56.8669,4.072084427,4.067530155,1.644714952
2026-07-28T18:59:09.009150+00:00,1661.790690,open,rgb,-60.000,0.000,16,700,,0.258863636,56.8669,4.072205544,4.067686081,1.644604802
2026-07-28T18:59:09.159553+00:00,1661.941093,open,rgb,-60.000,0.000,17,700,,0.258863636,56.8637,4.072054863,4.067505836,1.644899249
2026-07-28T18:59:09.309885+00:00,1662.091426,open,rgb,-60.000,0.000,18,700,,0.258948864,56.8669,4.072083950,4.067488194,1.644702435
2026-07-28T18:59:09.460258+00:00,1662.241799,open,rgb,-60.000,0.000,19,700,,0.258892045,56.8767,4.072108269,4.067531109,1.644715190
2026-07-28T18:59:11.815238+00:00,1664.596774,open,rgb,-60.000,5.000,0,700,,0.258977273,56.9417,4.071902752,4.067459583,1.645027399
2026-07-28T18:59:11.965738+00:00,1664.747276,open,rgb,-60.000,5.000,1,700,,0.258977273,56.9547,4.071969032,4.067488194,1.644735932
2026-07-28T18:59:12.116219+00:00,1664.897758,open,rgb,-60.000,5.000,2,700,,0.258948864,56.9677,4.072019577,4.067560196,1.644786000
2026-07-28T18:59:12.266589+00:00,1665.048129,open,rgb,-60.000,5.000,3,700,,0.258977273,56.9677,4.071971416,4.067423820,1.644776225
2026-07-28T18:59:12.416957+00:00,1665.198496,open,rgb,-60.000,5.000,4,700,,0.259005682,56.9743,4.072041512,4.067480087,1.644731283
2026-07-28T18:59:12.567266+00:00,1665.348808,open,rgb,-60.000,5.000,5,700,,0.258920455,56.9873,4.071917057,4.067486763,1.644828916
2026-07-28T18:59:12.717771+00:00,1665.499307,open,rgb,-60.000,5.000,6,700,,0.258948864,56.9873,4.071978569,4.067516327,1.644656539
2026-07-28T18:59:12.868213+00:00,1665.649754,open,rgb,-60.000,5.000,7,700,,0.258948864,57.0003,4.072037220,4.067602634,1.644622207
2026-07-28T18:59:13.018652+00:00,1665.800192,open,rgb,-60.000,5.000,8,700,,0.258863636,57.0101,4.071880341,4.067415237,1.644810438
2026-07-28T18:59:13.169011+00:00,1665.950551,open,rgb,-60.000,5.000,9,700,,0.258948864,57.0296,4.071908951,4.067372799,1.644779086
2026-07-28T18:59:13.319459+00:00,1666.100995,open,rgb,-60.000,5.000,10,700,,0.258977273,57.0427,4.071860313,4.067447186,1.644909501
2026-07-28T18:59:13.470089+00:00,1666.251626,open,rgb,-60.000,5.000,11,700,,0.258948864,57.0329,4.071871281,4.067372322,1.644838929
2026-07-28T18:59:13.620541+00:00,1666.402080,open,rgb,-60.000,5.000,12,700,,0.258977273,57.0362,4.071956635,4.067461491,1.644909501
2026-07-28T18:59:13.771092+00:00,1666.552632,open,rgb,-60.000,5.000,13,700,,0.258977273,57.0329,4.071951389,4.067513943,1.644845247
2026-07-28T18:59:13.921472+00:00,1666.703013,open,rgb,-60.000,5.000,14,700,,0.258863636,56.9938,4.071807861,4.067381859,1.644641399
2026-07-28T18:59:14.071848+00:00,1666.853388,open,rgb,-60.000,5.000,15,700,,0.258920455,56.9873,4.071893692,4.067623138,1.644962192
2026-07-28T18:59:14.222250+00:00,1667.003788,open,rgb,-60.000,5.000,16,700,,0.258920455,56.8929,4.071997643,4.067512035,1.644376516
2026-07-28T18:59:14.372643+00:00,1667.154183,open,rgb,-60.000,5.000,17,700,,0.258920455,56.8474,4.071992874,4.067425251,1.644461274
2026-07-28T18:59:14.523057+00:00,1667.304598,open,rgb,-60.000,5.000,18,700,,0.259005682,56.7955,4.071918964,4.067468166,1.644852400
2026-07-28T18:59:14.673369+00:00,1667.454909,open,rgb,-60.000,5.000,19,700,,0.258920455,56.7242,4.071938038,4.067435741,1.644728303
2026-07-28T18:59:17.028435+00:00,1669.809971,open,rgb,-60.000,10.000,0,700,,0.258948864,56.8897,4.071837425,4.067531109,1.644913912
2026-07-28T18:59:17.178759+00:00,1669.960297,open,rgb,-60.000,10.000,1,700,,0.258948864,56.9222,4.071907043,4.067579269,1.644824266
2026-07-28T18:59:17.328987+00:00,1670.110528,open,rgb,-60.000,10.000,2,700,,0.258948864,56.9319,4.071802616,4.067494392,1.644765735
2026-07-28T18:59:17.479234+00:00,1670.260773,open,rgb,-60.000,10.000,3,700,,0.258977273,56.9385,4.071975231,4.067679405,1.644690752
2026-07-28T18:59:17.629487+00:00,1670.411027,open,rgb,-60.000,10.000,4,700,,0.258977273,56.9450,4.071915150,4.067563057,1.644772530
2026-07-28T18:59:17.779607+00:00,1670.561148,open,rgb,-60.000,10.000,5,700,,0.258977273,56.9385,4.071778297,4.067452431,1.644622207
2026-07-28T18:59:17.929797+00:00,1670.711338,open,rgb,-60.000,10.000,6,700,,0.259005682,56.9157,4.071825027,4.067549229,1.644885302
2026-07-28T18:59:18.079959+00:00,1670.861499,open,rgb,-60.000,10.000,7,700,,0.258948864,56.8929,4.071698189,4.067448616,1.644943237
2026-07-28T18:59:18.230078+00:00,1671.011618,open,rgb,-60.000,10.000,8,700,,0.258977273,56.8832,4.071799278,4.067430019,1.644853592
2026-07-28T18:59:18.380359+00:00,1671.161899,open,rgb,-60.000,10.000,9,700,,0.258948864,56.8767,4.071851254,4.067546844,1.644902706
2026-07-28T18:59:18.530723+00:00,1671.312261,open,rgb,-60.000,10.000,10,700,,0.258835227,56.8637,4.071794510,4.067512035,1.644766450
2026-07-28T18:59:18.680999+00:00,1671.462538,open,rgb,-60.000,10.000,11,700,,0.258948864,56.8637,4.071911335,4.067656994,1.644606471
2026-07-28T18:59:18.831196+00:00,1671.612735,open,rgb,-60.000,10.000,12,700,,0.258977273,56.8767,4.071798801,4.067490101,1.644868970
2026-07-28T18:59:18.981429+00:00,1671.762941,open,rgb,-60.000,10.000,13,700,,0.258977273,56.8767,4.071789265,4.067529678,1.644742012
2026-07-28T18:59:19.131591+00:00,1671.913131,open,rgb,-60.000,10.000,14,700,,0.258948864,56.8832,4.071860790,4.067528725,1.644742012
2026-07-28T18:59:19.281704+00:00,1672.063240,open,rgb,-60.000,10.000,15,700,,0.258977273,56.8962,4.071816921,4.067502975,1.644821644
2026-07-28T18:59:19.432006+00:00,1672.213546,open,rgb,-60.000,10.000,16,700,,0.258977273,56.8507,4.071891308,4.067434311,1.644691944
2026-07-28T18:59:19.582302+00:00,1672.363842,open,rgb,-60.000,10.000,17,700,,0.258948864,56.7275,4.071752071,4.067448616,1.644923925
2026-07-28T18:59:19.732500+00:00,1672.514040,open,rgb,-60.000,10.000,18,700,,0.258977273,56.6627,4.071805954,4.067491531,1.644073367
2026-07-28T18:59:19.882674+00:00,1672.664215,open,rgb,-60.000,10.000,19,700,,0.258948864,56.5819,4.071756363,4.067534924,1.644843578
2026-07-28T18:59:22.237698+00:00,1675.019234,open,rgb,-60.000,15.000,0,700,,0.258977273,56.7599,4.071757317,4.067511082,1.644877553
2026-07-28T18:59:22.388297+00:00,1675.169836,open,rgb,-60.000,15.000,1,700,,0.258892045,56.7080,4.071808815,4.067612171,1.644740343
2026-07-28T18:59:22.538691+00:00,1675.320232,open,rgb,-60.000,15.000,2,700,,0.258863636,56.6789,4.071806908,4.067487240,1.644591689
2026-07-28T18:59:22.689009+00:00,1675.470550,open,rgb,-60.000,15.000,3,700,,0.258948864,56.6918,4.071770668,4.067505836,1.644777417
2026-07-28T18:59:22.839612+00:00,1675.621150,open,rgb,-60.000,15.000,4,700,,0.258892045,56.7113,4.071674824,4.067453861,1.644561172
2026-07-28T18:59:22.989977+00:00,1675.771517,open,rgb,-60.000,15.000,5,700,,0.259005682,56.7437,4.071757317,4.067466736,1.644784212
2026-07-28T18:59:23.140523+00:00,1675.922062,open,rgb,-60.000,15.000,6,700,,0.258892045,56.7696,4.071752548,4.067481518,1.644871473
2026-07-28T18:59:23.290859+00:00,1676.072400,open,rgb,-60.000,15.000,7,700,,0.258920455,56.7793,4.072068214,4.067677498,1.644664884
2026-07-28T18:59:23.441195+00:00,1676.222736,open,rgb,-60.000,15.000,8,700,,0.258892045,56.7696,4.071990013,4.067730427,1.644744277
2026-07-28T18:59:23.591712+00:00,1676.373249,open,rgb,-60.000,15.000,9,700,,0.258835227,56.7696,4.071970463,4.067629814,1.644571066
2026-07-28T18:59:23.742180+00:00,1676.523720,open,rgb,-60.000,15.000,10,700,,0.258920455,56.7890,4.071979046,4.067730427,1.644750357
2026-07-28T18:59:23.892541+00:00,1676.674080,open,rgb,-60.000,15.000,11,700,,0.258863636,56.7923,4.072043896,4.067701340,1.644776225
2026-07-28T18:59:24.042831+00:00,1676.824373,open,rgb,-60.000,15.000,12,700,,0.258920455,56.7988,4.072005272,4.067667961,1.644541144
2026-07-28T18:59:24.193152+00:00,1676.974693,open,rgb,-60.000,15.000,13,700,,0.258892045,56.8150,4.072021961,4.067708969,1.644768596
2026-07-28T18:59:24.343547+00:00,1677.125086,open,rgb,-60.000,15.000,14,700,,0.258892045,56.8215,4.072008610,4.067650795,1.644682646
2026-07-28T18:59:24.493941+00:00,1677.275481,open,rgb,-60.000,15.000,15,700,,0.258892045,56.8312,4.072072029,4.067708969,1.644621372
2026-07-28T18:59:24.644313+00:00,1677.425853,open,rgb,-60.000,15.000,16,700,,0.258892045,56.8539,4.071918488,4.067619324,1.644866824
2026-07-28T18:59:24.794593+00:00,1677.576133,open,rgb,-60.000,15.000,17,700,,0.258892045,56.8474,4.071947098,4.067662716,1.644820929
2026-07-28T18:59:24.944807+00:00,1677.726347,open,rgb,-60.000,15.000,18,700,,0.258892045,56.8247,4.072052956,4.067775726,1.644706845
2026-07-28T18:59:25.095066+00:00,1677.876606,open,rgb,-60.000,15.000,19,700,,0.258863636,56.8020,4.071888924,4.067590714,1.645094275
2026-07-28T18:59:27.450264+00:00,1680.231800,open,rgb,-60.000,20.000,0,700,,0.258920455,56.8604,4.071597099,4.067309856,1.644652367
2026-07-28T18:59:27.600743+00:00,1680.382282,open,rgb,-60.000,20.000,1,700,,0.258977273,56.8734,4.071722031,4.067409039,1.644709587
2026-07-28T18:59:27.751156+00:00,1680.532694,open,rgb,-60.000,20.000,2,700,,0.258920455,56.8734,4.071690083,4.067396164,1.644795775
2026-07-28T18:59:27.901562+00:00,1680.683101,open,rgb,-60.000,20.000,3,700,,0.258892045,56.8442,4.071697235,4.067437649,1.644623637
2026-07-28T18:59:28.051972+00:00,1680.833513,open,rgb,-60.000,20.000,4,700,,0.258835227,56.8312,4.071695328,4.067379475,1.644085765
2026-07-28T18:59:28.202392+00:00,1680.983931,open,rgb,-60.000,20.000,5,700,,0.258948864,56.8280,4.071659088,4.067311764,1.644626975
2026-07-28T18:59:28.352666+00:00,1681.134205,open,rgb,-60.000,20.000,6,700,,0.258920455,56.8150,4.071849346,4.067562103,1.644718885
2026-07-28T18:59:28.503079+00:00,1681.284614,open,rgb,-60.000,20.000,7,700,,0.258948864,56.8215,4.071583271,4.067252159,1.644877553
2026-07-28T18:59:28.653641+00:00,1681.435179,open,rgb,-60.000,20.000,8,700,,0.258892045,56.8410,4.071533203,4.067258358,1.644781113
2026-07-28T18:59:28.803938+00:00,1681.585478,open,rgb,-60.000,20.000,9,700,,0.258977273,56.8669,4.071678638,4.067369461,1.644761801
2026-07-28T18:59:28.954176+00:00,1681.735714,open,rgb,-60.000,20.000,10,700,,0.258892045,56.8799,4.071593761,4.067291260,1.644793272
2026-07-28T18:59:29.104535+00:00,1681.886074,open,rgb,-60.000,20.000,11,700,,0.258948864,56.8994,4.071644783,4.067281723,1.644663692
2026-07-28T18:59:29.255005+00:00,1682.036539,open,rgb,-60.000,20.000,12,700,,0.258920455,56.9222,4.071631432,4.067343235,1.644852638
2026-07-28T18:59:29.405543+00:00,1682.187081,open,rgb,-60.000,20.000,13,700,,0.258948864,56.9352,4.071588039,4.067270279,1.644737363
2026-07-28T18:59:29.555960+00:00,1682.337499,open,rgb,-60.000,20.000,14,700,,0.258948864,56.9482,4.071581364,4.067282200,1.644721508
2026-07-28T18:59:29.706139+00:00,1682.487679,open,rgb,-60.000,20.000,15,700,,0.258920455,56.9677,4.071564198,4.067312241,1.645019412
2026-07-28T18:59:29.856428+00:00,1682.637967,open,rgb,-60.000,20.000,16,700,,0.258948864,56.9677,4.071581841,4.067325115,1.644763947
2026-07-28T18:59:30.006842+00:00,1682.788382,open,rgb,-60.000,20.000,17,700,,0.258948864,56.9743,4.071640968,4.067372322,1.644845009
2026-07-28T18:59:30.157226+00:00,1682.938765,open,rgb,-60.000,20.000,18,700,,0.258920455,56.9775,4.071551800,4.067255974,1.644874096
2026-07-28T18:59:30.307728+00:00,1683.089266,open,rgb,-60.000,20.000,19,700,,0.258920455,56.9840,4.071677685,4.067319393,1.644762039
2026-07-28T18:59:32.663111+00:00,1685.444646,open,rgb,-60.000,25.000,0,700,,0.258920455,56.7663,4.071517467,4.067426682,1.644888282
2026-07-28T18:59:32.813633+00:00,1685.595172,open,rgb,-60.000,25.000,1,700,,0.259005682,56.7696,4.071406841,4.067312717,1.644919515
2026-07-28T18:59:32.964072+00:00,1685.745611,open,rgb,-60.000,25.000,2,700,,0.258920455,56.7663,4.071557522,4.067438126,1.644749403
2026-07-28T18:59:33.114387+00:00,1685.895927,open,rgb,-60.000,25.000,3,700,,0.258977273,56.7696,4.071568012,4.067472935,1.644748330
2026-07-28T18:59:33.264698+00:00,1686.046239,open,rgb,-60.000,25.000,4,700,,0.258863636,56.7339,4.071440697,4.067330837,1.644643664
2026-07-28T18:59:33.414988+00:00,1686.196528,open,rgb,-60.000,25.000,5,700,,0.259005682,56.7404,4.071521282,4.067476749,1.644779086
2026-07-28T18:59:33.565338+00:00,1686.346876,open,rgb,-60.000,25.000,6,700,,0.258977273,56.7469,4.071541309,4.067433834,1.644116044
2026-07-28T18:59:33.717839+00:00,1686.499376,open,rgb,-60.000,25.000,7,700,,0.258892045,56.7761,4.071472168,4.067351818,1.644661665
2026-07-28T18:59:33.868255+00:00,1686.649795,open,rgb,-60.000,25.000,8,700,,0.258948864,56.8020,4.071540833,4.067455769,1.644769669
2026-07-28T18:59:34.018659+00:00,1686.800198,open,rgb,-60.000,25.000,9,700,,0.258892045,56.8215,4.071507454,4.067348957,1.644853592
2026-07-28T18:59:34.169073+00:00,1686.950613,open,rgb,-60.000,25.000,10,700,,0.259005682,56.8312,4.071529388,4.067302704,1.644823790
2026-07-28T18:59:34.319344+00:00,1687.100881,open,rgb,-60.000,25.000,11,700,,0.258977273,56.8507,4.071486473,4.067372799,1.644903898
2026-07-28T18:59:34.469727+00:00,1687.251266,open,rgb,-60.000,25.000,12,700,,0.258977273,56.8345,4.071398735,4.067267895,1.644748807
2026-07-28T18:59:34.620095+00:00,1687.401634,open,rgb,-60.000,25.000,13,700,,0.259005682,56.8507,4.071469784,4.067396164,1.644986629
2026-07-28T18:59:34.770469+00:00,1687.552009,open,rgb,-60.000,25.000,14,700,,0.258948864,56.8572,4.071465492,4.067328453,1.644927382
2026-07-28T18:59:34.920827+00:00,1687.702366,open,rgb,-60.000,25.000,15,700,,0.259005682,56.8507,4.071476936,4.067399502,1.644756913
2026-07-28T18:59:35.071159+00:00,1687.852699,open,rgb,-60.000,25.000,16,700,,0.258948864,56.8442,4.071493626,4.067400455,1.644683719
2026-07-28T18:59:35.221486+00:00,1688.003027,open,rgb,-60.000,25.000,17,700,,0.259005682,56.8182,4.071416378,4.067374229,1.644837260
2026-07-28T18:59:35.371896+00:00,1688.153431,open,rgb,-60.000,25.000,18,700,,0.258948864,56.8020,4.071485996,4.067253113,1.644852877
2026-07-28T18:59:35.522371+00:00,1688.303910,open,rgb,-60.000,25.000,19,700,,0.259034091,56.7663,4.071434975,4.067306042,1.644951940
2026-07-28T18:59:37.877278+00:00,1690.658814,open,rgb,-60.000,30.000,0,700,,0.259005682,56.7696,4.071281433,4.067355156,1.644725919
2026-07-28T18:59:38.027688+00:00,1690.809227,open,rgb,-60.000,30.000,1,700,,0.259005682,56.7599,4.071473122,4.067399502,1.644610882
2026-07-28T18:59:38.177905+00:00,1690.959445,open,rgb,-60.000,30.000,2,700,,0.259005682,56.7469,4.071401596,4.067450047,1.644702196
2026-07-28T18:59:38.328121+00:00,1691.109660,open,rgb,-60.000,30.000,3,700,,0.258977273,56.7404,4.071263313,4.067373276,1.644537926
2026-07-28T18:59:38.478283+00:00,1691.259823,open,rgb,-60.000,30.000,4,700,,0.258948864,56.7210,4.071341515,4.067430019,1.644742012
2026-07-28T18:59:38.628613+00:00,1691.410151,open,rgb,-60.000,30.000,5,700,,0.258948864,56.7080,4.071387768,4.067423820,1.644673228
2026-07-28T18:59:38.778984+00:00,1691.560521,open,rgb,-60.000,30.000,6,700,,0.258948864,56.6886,4.071294785,4.067362309,1.644217849
2026-07-28T18:59:38.929328+00:00,1691.710867,open,rgb,-60.000,30.000,7,700,,0.258977273,56.6854,4.071417332,4.067488670,1.644670010
2026-07-28T18:59:39.079610+00:00,1691.861148,open,rgb,-60.000,30.000,8,700,,0.258977273,56.6757,4.071451187,4.067438602,1.643978357
2026-07-28T18:59:39.229908+00:00,1692.011446,open,rgb,-60.000,30.000,9,700,,0.258948864,56.6789,4.071394444,4.067481995,1.644547462
2026-07-28T18:59:39.380150+00:00,1692.161691,open,rgb,-60.000,30.000,10,700,,0.259005682,56.7016,4.071363926,4.067484856,1.644754529
2026-07-28T18:59:39.530277+00:00,1692.311817,open,rgb,-60.000,30.000,11,700,,0.258948864,56.6983,4.071304321,4.067405701,1.644532561
2026-07-28T18:59:39.680449+00:00,1692.461988,open,rgb,-60.000,30.000,12,700,,0.258977273,56.7177,4.071390152,4.067475796,1.644629478
2026-07-28T18:59:39.830667+00:00,1692.612208,open,rgb,-60.000,30.000,13,700,,0.258948864,56.7339,4.071329117,4.067370892,1.644902468
2026-07-28T18:59:39.980867+00:00,1692.762406,open,rgb,-60.000,30.000,14,700,,0.258920455,56.7534,4.071251869,4.067229271,1.644749641
2026-07-28T18:59:40.131110+00:00,1692.912650,open,rgb,-60.000,30.000,15,700,,0.259034091,56.7631,4.071206570,4.067343235,1.644898534
2026-07-28T18:59:40.281331+00:00,1693.062870,open,rgb,-60.000,30.000,16,700,,0.259005682,56.7793,4.071219444,4.067334652,1.644768596
2026-07-28T18:59:40.431506+00:00,1693.213047,open,rgb,-60.000,30.000,17,700,,0.258977273,56.8020,4.071336746,4.067399979,1.644760609
2026-07-28T18:59:40.581642+00:00,1693.363183,open,rgb,-60.000,30.000,18,700,,0.259034091,56.8117,4.071455002,4.067557335,1.644917369
2026-07-28T18:59:40.731851+00:00,1693.513391,open,rgb,-60.000,30.000,19,700,,0.258948864,56.8020,4.071381092,4.067496300,1.644795299
2026-07-28T18:59:43.086927+00:00,1695.868462,open,rgb,-60.000,35.000,0,700,,0.258977273,56.7663,4.071578503,4.067719936,1.644463658
2026-07-28T18:59:43.237502+00:00,1696.019041,open,rgb,-60.000,35.000,1,700,,0.258977273,56.7890,4.071402073,4.067636490,1.644661665
2026-07-28T18:59:43.387992+00:00,1696.169529,open,rgb,-60.000,35.000,2,700,,0.258892045,56.7923,4.071556568,4.067759037,1.644463420
2026-07-28T18:59:43.538279+00:00,1696.319820,open,rgb,-60.000,35.000,3,700,,0.258892045,56.8020,4.071679115,4.067793846,1.644581318
2026-07-28T18:59:43.688468+00:00,1696.470007,open,rgb,-60.000,35.000,4,700,,0.258892045,56.8150,4.071630478,4.067853928,1.644487858
2026-07-28T18:59:43.838638+00:00,1696.620177,open,rgb,-60.000,35.000,5,700,,0.258920455,56.8085,4.071747303,4.067759991,1.644326448
2026-07-28T18:59:43.989013+00:00,1696.770550,open,rgb,-60.000,35.000,6,700,,0.258835227,56.8150,4.071702003,4.067856789,1.644529104
2026-07-28T18:59:44.139324+00:00,1696.920862,open,rgb,-60.000,35.000,7,700,,0.258863636,56.7761,4.071701050,4.067848206,1.644436598
2026-07-28T18:59:44.289557+00:00,1697.071097,open,rgb,-60.000,35.000,8,700,,0.258892045,56.7437,4.071725845,4.067851067,1.644477844
2026-07-28T18:59:44.439807+00:00,1697.221347,open,rgb,-60.000,35.000,9,700,,0.258892045,56.7275,4.071640968,4.067753792,1.644731522
2026-07-28T18:59:44.589935+00:00,1697.371476,open,rgb,-60.000,35.000,10,700,,0.258920455,56.6951,4.071794510,4.067821503,1.644321084
2026-07-28T18:59:44.740148+00:00,1697.521688,open,rgb,-60.000,35.000,11,700,,0.258920455,56.6724,4.071678638,4.067788124,1.644621611
2026-07-28T18:59:44.890320+00:00,1697.671861,open,rgb,-60.000,35.000,12,700,,0.258892045,56.6563,4.071598530,4.067735195,1.644658327
2026-07-28T18:59:45.040468+00:00,1697.822008,open,rgb,-60.000,35.000,13,700,,0.258920455,56.6660,4.071672440,4.067691803,1.644555449
2026-07-28T18:59:45.190633+00:00,1697.972173,open,rgb,-60.000,35.000,14,700,,0.258835227,56.6854,4.071582794,4.067761898,1.644694448
2026-07-28T18:59:45.340831+00:00,1698.122371,open,rgb,-60.000,35.000,15,700,,0.258920455,56.6918,4.071659565,4.067825794,1.644608498
2026-07-28T18:59:45.491125+00:00,1698.272663,open,rgb,-60.000,35.000,16,700,,0.258920455,56.6886,4.071720123,4.067898273,1.644538164
2026-07-28T18:59:45.641385+00:00,1698.422924,open,rgb,-60.000,35.000,17,700,,0.258835227,56.7080,4.071572304,4.067751884,1.644765496
2026-07-28T18:59:45.791568+00:00,1698.573109,open,rgb,-60.000,35.000,18,700,,0.258920455,56.6563,4.071506500,4.067672253,1.644684196
2026-07-28T18:59:45.941773+00:00,1698.723313,open,rgb,-60.000,35.000,19,700,,0.258977273,56.6304,4.071549892,4.067669392,1.644837499
2026-07-28T18:59:48.296624+00:00,1701.078160,open,rgb,-60.000,40.000,0,700,,0.258977273,56.6466,4.071406841,4.067617416,1.644720793
2026-07-28T18:59:48.446995+00:00,1701.228534,open,rgb,-60.000,40.000,1,700,,0.258977273,56.6272,4.071412563,4.067493439,1.644595027
2026-07-28T18:59:48.597158+00:00,1701.378699,open,rgb,-60.000,40.000,2,700,,0.259062500,56.6272,4.071413040,4.067593098,1.644761086
2026-07-28T18:59:48.747481+00:00,1701.529021,open,rgb,-60.000,40.000,3,700,,0.259034091,56.6304,4.071551323,4.067718506,1.644605041
2026-07-28T18:59:48.897656+00:00,1701.679196,open,rgb,-60.000,40.000,4,700,,0.258920455,56.6336,4.071598530,4.067582130,1.644413352
2026-07-28T18:59:49.048166+00:00,1701.829702,open,rgb,-60.000,40.000,5,700,,0.258948864,56.6498,4.071460247,4.067575455,1.644718528
2026-07-28T18:59:49.198535+00:00,1701.980071,open,rgb,-60.000,40.000,6,700,,0.259005682,56.6595,4.071409702,4.067555428,1.644558668
2026-07-28T18:59:49.348955+00:00,1702.130491,open,rgb,-60.000,40.000,7,700,,0.259034091,56.6757,4.071519852,4.067696095,1.644534230
2026-07-28T18:59:49.499240+00:00,1702.280779,open,rgb,-60.000,40.000,8,700,,0.258948864,56.6724,4.071474075,4.067611217,1.644655108
2026-07-28T18:59:49.649534+00:00,1702.431074,open,rgb,-60.000,40.000,9,700,,0.258977273,56.6789,4.071441650,4.067603588,1.644496679
2026-07-28T18:59:49.799854+00:00,1702.581394,open,rgb,-60.000,40.000,10,700,,0.258977273,56.6951,4.071493626,4.067672729,1.644552350
2026-07-28T18:59:49.950005+00:00,1702.731544,open,rgb,-60.000,40.000,11,700,,0.258948864,56.7048,4.071382523,4.067533016,1.644626975
2026-07-28T18:59:50.100324+00:00,1702.881865,open,rgb,-60.000,40.000,12,700,,0.259034091,56.7145,4.071673393,4.067734718,1.644609928
2026-07-28T18:59:50.250458+00:00,1703.031998,open,rgb,-60.000,40.000,13,700,,0.259005682,56.6886,4.071431160,4.067618370,1.644731045
2026-07-28T18:59:50.400594+00:00,1703.182135,open,rgb,-60.000,40.000,14,700,,0.259034091,56.6789,4.071426868,4.067570686,1.644641638
2026-07-28T18:59:50.550743+00:00,1703.332283,open,rgb,-60.000,40.000,15,700,,0.259005682,56.6918,4.071509361,4.067651749,1.644646764
2026-07-28T18:59:50.700917+00:00,1703.482457,open,rgb,-60.000,40.000,16,700,,0.258977273,56.7048,4.071526527,4.067658901,1.644658089
2026-07-28T18:59:50.851044+00:00,1703.632584,open,rgb,-60.000,40.000,17,700,,0.258977273,56.7210,4.071508408,4.067543983,1.644469261
2026-07-28T18:59:51.001246+00:00,1703.782785,open,rgb,-60.000,40.000,18,700,,0.258977273,56.7113,4.071529388,4.067642212,1.644663692
2026-07-28T18:59:51.151497+00:00,1703.933036,open,rgb,-60.000,40.000,19,700,,0.258977273,56.6207,4.071442604,4.067533493,1.644552112
2026-07-28T18:59:53.506680+00:00,1706.288216,open,rgb,-60.000,45.000,0,700,,0.259062500,56.7437,4.072011948,4.068139553,1.644487858
2026-07-28T18:59:53.657102+00:00,1706.438641,open,rgb,-60.000,45.000,1,700,,0.258977273,56.7404,4.072018623,4.068219185,1.644630671
2026-07-28T18:59:53.807528+00:00,1706.589069,open,rgb,-60.000,45.000,2,700,,0.259062500,56.7339,4.072066307,4.068259716,1.644613147
2026-07-28T18:59:53.957923+00:00,1706.739461,open,rgb,-60.000,45.000,3,700,,0.259005682,56.7372,4.072097301,4.068256855,1.644528151
2026-07-28T18:59:54.108496+00:00,1706.890034,open,rgb,-60.000,45.000,4,700,,0.259034091,56.7534,4.072055340,4.068223953,1.644765973
2026-07-28T18:59:54.258836+00:00,1707.040376,open,rgb,-60.000,45.000,5,700,,0.259005682,56.7599,4.071944714,4.068191528,1.644545197
2026-07-28T18:59:54.409334+00:00,1707.190875,open,rgb,-60.000,45.000,6,700,,0.259005682,56.7339,4.072032452,4.068206310,1.644648075
2026-07-28T18:59:54.559724+00:00,1707.341265,open,rgb,-60.000,45.000,7,700,,0.259005682,56.7016,4.072012424,4.068135738,1.644658566
2026-07-28T18:59:54.710063+00:00,1707.491603,open,rgb,-60.000,45.000,8,700,,0.259005682,56.7080,4.072066307,4.068264008,1.644490123
2026-07-28T18:59:54.860344+00:00,1707.641884,open,rgb,-60.000,45.000,9,700,,0.259005682,56.7145,4.072111130,4.068347931,1.644549847
2026-07-28T18:59:55.010515+00:00,1707.792055,open,rgb,-60.000,45.000,10,700,,0.258977273,56.7145,4.071978092,4.068185806,1.644503713
2026-07-28T18:59:55.160692+00:00,1707.942232,open,rgb,-60.000,45.000,11,700,,0.259005682,56.7080,4.072041035,4.068259716,1.644637823
2026-07-28T18:59:55.310723+00:00,1708.092258,open,rgb,-60.000,45.000,12,700,,0.258977273,56.7113,4.072215080,4.068407536,1.644685864
2026-07-28T18:59:55.461052+00:00,1708.242592,open,rgb,-60.000,45.000,13,700,,0.258920455,56.7177,4.072185040,4.068436146,1.644487858
2026-07-28T18:59:55.611240+00:00,1708.392780,open,rgb,-60.000,45.000,14,700,,0.258920455,56.7339,4.072377205,4.068679333,1.644582152
2026-07-28T18:59:55.761464+00:00,1708.543003,open,rgb,-60.000,45.000,15,700,,0.258863636,56.7307,4.072226524,4.068420410,1.644416809
2026-07-28T18:59:55.911596+00:00,1708.693137,open,rgb,-60.000,45.000,16,700,,0.258977273,56.7404,4.072359562,4.068459988,1.644486427
2026-07-28T18:59:56.061823+00:00,1708.843361,open,rgb,-60.000,45.000,17,700,,0.258948864,56.7307,4.072356701,4.068503380,1.644558668
2026-07-28T18:59:56.212068+00:00,1708.993604,open,rgb,-60.000,45.000,18,700,,0.258977273,56.7048,4.072189331,4.068164349,1.644415617
2026-07-28T18:59:56.362352+00:00,1709.143888,open,rgb,-60.000,45.000,19,700,,0.259034091,56.7242,4.072064877,4.068304062,1.644793034
2026-07-28T18:59:58.717304+00:00,1711.498840,open,rgb,-60.000,50.000,0,700,,0.258977273,56.6983,4.072386265,4.068588257,1.644659281
2026-07-28T18:59:58.867611+00:00,1711.649151,open,rgb,-60.000,50.000,1,700,,0.258948864,56.7048,4.072368145,4.068585396,1.644527674
2026-07-28T18:59:59.017805+00:00,1711.799344,open,rgb,-60.000,50.000,2,700,,0.258920455,56.7048,4.072445393,4.068708897,1.644457340
2026-07-28T18:59:59.172216+00:00,1711.953751,open,rgb,-60.000,50.000,3,700,,0.258835227,56.6821,4.072340965,4.068614006,1.644578218
2026-07-28T18:59:59.322710+00:00,1712.104250,open,rgb,-60.000,50.000,4,700,,0.258892045,56.6627,4.072366714,4.068549633,1.644472003
2026-07-28T18:59:59.472929+00:00,1712.254469,open,rgb,-60.000,50.000,5,700,,0.258948864,56.6563,4.072353363,4.068528175,1.644531369
2026-07-28T18:59:59.623094+00:00,1712.404633,open,rgb,-60.000,50.000,6,700,,0.258977273,56.6724,4.072218895,4.068399429,1.644745231
2026-07-28T18:59:59.773378+00:00,1712.554918,open,rgb,-60.000,50.000,7,700,,0.258977273,56.6983,4.072309017,4.068439484,1.644685388
2026-07-28T18:59:59.923570+00:00,1712.705112,open,rgb,-60.000,50.000,8,700,,0.259034091,56.7048,4.072280884,4.068506241,1.644692659
2026-07-28T19:00:00.073733+00:00,1712.855273,open,rgb,-60.000,50.000,9,700,,0.258977273,56.6886,4.072296619,4.068506718,1.644586563
2026-07-28T19:00:00.223995+00:00,1713.005534,open,rgb,-60.000,50.000,10,700,,0.259005682,56.6886,4.072361946,4.068590641,1.644608498
2026-07-28T19:00:00.374207+00:00,1713.155747,open,rgb,-60.000,50.000,11,700,,0.258920455,56.6983,4.072350502,4.068595886,1.644645572
2026-07-28T19:00:00.524452+00:00,1713.305991,open,rgb,-60.000,50.000,12,700,,0.258948864,56.6854,4.072301388,4.068469048,1.644399524
2026-07-28T19:00:00.674675+00:00,1713.456214,open,rgb,-60.000,50.000,13,700,,0.258977273,56.6789,4.072407722,4.068496704,1.644647598
2026-07-28T19:00:00.824913+00:00,1713.606454,open,rgb,-60.000,50.000,14,700,,0.258920455,56.6821,4.072277069,4.068496227,1.644641876
2026-07-28T19:00:00.975112+00:00,1713.756652,open,rgb,-60.000,50.000,15,700,,0.258920455,56.6951,4.072402000,4.068455219,1.644624591
2026-07-28T19:00:01.125322+00:00,1713.906861,open,rgb,-60.000,50.000,16,700,,0.258977273,56.7080,4.072320938,4.068628311,1.644756913
2026-07-28T19:00:01.275966+00:00,1714.057500,open,rgb,-60.000,50.000,17,700,,0.258892045,56.7048,4.071993351,4.068207264,1.644033551
2026-07-28T19:00:01.426348+00:00,1714.207887,open,rgb,-60.000,50.000,18,700,,0.259034091,56.7437,4.072136879,4.068367004,1.644685626
2026-07-28T19:00:01.576586+00:00,1714.358127,open,rgb,-60.000,50.000,19,700,,0.258977273,56.7177,4.072021961,4.068215370,1.644891143
2026-07-28T19:00:03.931725+00:00,1716.713260,open,rgb,-60.000,55.000,0,700,,0.259090909,56.6789,4.072227001,4.068402290,1.644570827
2026-07-28T19:00:04.082212+00:00,1716.863751,open,rgb,-60.000,55.000,1,700,,0.259005682,56.6918,4.072140217,4.068287849,1.644761562
2026-07-28T19:00:04.232968+00:00,1717.014503,open,rgb,-60.000,55.000,2,700,,0.259034091,56.7145,4.072181702,4.068334579,1.644672871
2026-07-28T19:00:04.383434+00:00,1717.164972,open,rgb,-60.000,55.000,3,700,,0.259005682,56.7210,4.072098255,4.068211079,1.644489765
2026-07-28T19:00:04.533818+00:00,1717.315357,open,rgb,-60.000,55.000,4,700,,0.259062500,56.7275,4.072101593,4.068272591,1.644785047
2026-07-28T19:00:04.684329+00:00,1717.465869,open,rgb,-60.000,55.000,5,700,,0.259090909,56.7372,4.072140694,4.068275452,1.644691944
2026-07-28T19:00:04.834669+00:00,1717.616209,open,rgb,-60.000,55.000,6,700,,0.259005682,56.7404,4.072227955,4.068330765,1.644644380
2026-07-28T19:00:04.984997+00:00,1717.766537,open,rgb,-60.000,55.000,7,700,,0.259034091,56.7437,4.072197914,4.068309307,1.644644141
2026-07-28T19:00:05.135512+00:00,1717.917049,open,rgb,-60.000,55.000,8,700,,0.259005682,56.7501,4.072207451,4.068388462,1.644514441
2026-07-28T19:00:05.286018+00:00,1718.067557,open,rgb,-60.000,55.000,9,700,,0.258977273,56.7534,4.072322369,4.068457603,1.644472480
2026-07-28T19:00:05.436396+00:00,1718.217935,open,rgb,-60.000,55.000,10,700,,0.258948864,56.7566,4.072110176,4.068306923,1.644727349
2026-07-28T19:00:05.586692+00:00,1718.368233,open,rgb,-60.000,55.000,11,700,,0.259005682,56.7696,4.072163105,4.068252087,1.644630909
2026-07-28T19:00:05.736998+00:00,1718.518539,open,rgb,-60.000,55.000,12,700,,0.258977273,56.7566,4.072149754,4.068286896,1.644721508
2026-07-28T19:00:05.887266+00:00,1718.668807,open,rgb,-60.000,55.000,13,700,,0.259005682,56.6530,4.072071075,4.068270206,1.644707561
2026-07-28T19:00:06.037575+00:00,1718.819115,open,rgb,-60.000,55.000,14,700,,0.258948864,56.6013,4.072148323,4.068301201,1.644629955
2026-07-28T19:00:06.187819+00:00,1718.969355,open,rgb,-60.000,55.000,15,700,,0.259090909,56.6175,4.072146416,4.068326473,1.644748807
2026-07-28T19:00:06.338495+00:00,1719.120030,open,rgb,-60.000,55.000,16,700,,0.259062500,56.6466,4.072091579,4.068281651,1.644575953
2026-07-28T19:00:06.488972+00:00,1719.270511,open,rgb,-60.000,55.000,17,700,,0.259005682,56.6789,4.072155476,4.068391323,1.644611597
2026-07-28T19:00:06.639371+00:00,1719.420908,open,rgb,-60.000,55.000,18,700,,0.258977273,56.6983,4.072167873,4.068341732,1.644771814
2026-07-28T19:00:06.789807+00:00,1719.571346,open,rgb,-60.000,55.000,19,700,,0.258977273,56.7177,4.072183132,4.068308830,1.643853068
2026-07-28T19:00:09.144938+00:00,1721.926474,open,rgb,-60.000,60.000,0,700,,0.258920455,56.6563,4.072538853,4.068691254,1.644435406
2026-07-28T19:00:09.295498+00:00,1722.077035,open,rgb,-60.000,60.000,1,700,,0.258835227,56.6401,4.072229385,4.068355560,1.644773960
2026-07-28T19:00:09.446047+00:00,1722.227586,open,rgb,-60.000,60.000,2,700,,0.259005682,56.6854,4.072256565,4.068444252,1.644629002
2026-07-28T19:00:09.596443+00:00,1722.377984,open,rgb,-60.000,60.000,3,700,,0.258920455,56.6918,4.072144508,4.068359375,1.644466400
2026-07-28T19:00:09.746869+00:00,1722.528407,open,rgb,-60.000,60.000,4,700,,0.259034091,56.7048,4.072175503,4.068343639,1.644722462
2026-07-28T19:00:09.897125+00:00,1722.678665,open,rgb,-60.000,60.000,5,700,,0.259034091,56.7080,4.072205544,4.068418503,1.644709826
2026-07-28T19:00:10.047532+00:00,1722.829071,open,rgb,-60.000,60.000,6,700,,0.259005682,56.7242,4.072223663,4.068416595,1.644700766
2026-07-28T19:00:10.197981+00:00,1722.979520,open,rgb,-60.000,60.000,7,700,,0.259005682,56.7275,4.072226524,4.068456173,1.644538641
2026-07-28T19:00:10.348485+00:00,1723.130026,open,rgb,-60.000,60.000,8,700,,0.258920455,56.7113,4.072304249,4.068480015,1.644451976
2026-07-28T19:00:10.498828+00:00,1723.280369,open,rgb,-60.000,60.000,9,700,,0.258977273,56.7275,4.072254658,4.068407536,1.644675136
2026-07-28T19:00:10.649157+00:00,1723.430697,open,rgb,-60.000,60.000,10,700,,0.259005682,56.7437,4.072236538,4.068359375,1.644576192
2026-07-28T19:00:10.799577+00:00,1723.581116,open,rgb,-60.000,60.000,11,700,,0.258977273,56.7437,4.072260857,4.068435669,1.644683957
2026-07-28T19:00:10.949968+00:00,1723.731507,open,rgb,-60.000,60.000,12,700,,0.258977273,56.7307,4.072196484,4.068368912,1.644563556
2026-07-28T19:00:11.100350+00:00,1723.881890,open,rgb,-60.000,60.000,13,700,,0.259034091,56.7339,4.072329044,4.068465710,1.644617796
2026-07-28T19:00:11.250643+00:00,1724.032178,open,rgb,-60.000,60.000,14,700,,0.258977273,56.7242,4.072191238,4.068532467,1.644655585
2026-07-28T19:00:11.401141+00:00,1724.182681,open,rgb,-60.000,60.000,15,700,,0.258948864,56.7210,4.072255611,4.068430901,1.644448042
2026-07-28T19:00:11.551568+00:00,1724.333107,open,rgb,-60.000,60.000,16,700,,0.259034091,56.7307,4.072274685,4.068498135,1.644569397
2026-07-28T19:00:11.701960+00:00,1724.483500,open,rgb,-60.000,60.000,17,700,,0.258948864,56.7307,4.072177887,4.068378925,1.644717336
2026-07-28T19:00:11.852331+00:00,1724.633872,open,rgb,-60.000,60.000,18,700,,0.258977273,56.7404,4.072262764,4.068389893,1.644651413
2026-07-28T19:00:12.002695+00:00,1724.784234,open,rgb,-60.000,60.000,19,700,,0.259005682,56.7339,4.072228909,4.068389416,1.644699335
2026-07-28T19:00:14.357992+00:00,1727.139527,open,rgb,-60.000,65.000,0,700,,0.258892045,56.6854,4.072237015,4.068385124,1.644501805
2026-07-28T19:00:14.508559+00:00,1727.290097,open,rgb,-60.000,65.000,1,700,,0.258977273,56.7242,4.072293758,4.068362713,1.644706607
2026-07-28T19:00:14.658966+00:00,1727.440506,open,rgb,-60.000,65.000,2,700,,0.258977273,56.7210,4.072261810,4.068474293,1.644755960
2026-07-28T19:00:14.809449+00:00,1727.590988,open,rgb,-60.000,65.000,3,700,,0.259034091,56.7080,4.072262764,4.068440914,1.644518852
2026-07-28T19:00:14.959898+00:00,1727.741435,open,rgb,-60.000,65.000,4,700,,0.259005682,56.7275,4.072340965,4.068593025,1.644612670
2026-07-28T19:00:15.110290+00:00,1727.891828,open,rgb,-60.000,65.000,5,700,,0.258892045,56.7372,4.072313786,4.068449974,1.644082069
2026-07-28T19:00:15.260592+00:00,1728.042132,open,rgb,-60.000,65.000,6,700,,0.258948864,56.7534,4.072236061,4.068376541,1.644517899
2026-07-28T19:00:15.410925+00:00,1728.192464,open,rgb,-60.000,65.000,7,700,,0.258948864,56.7696,4.072246552,4.068416595,1.644710779
2026-07-28T19:00:15.561346+00:00,1728.342886,open,rgb,-60.000,65.000,8,700,,0.259005682,56.7825,4.072179317,4.068368912,1.644783497
2026-07-28T19:00:15.711784+00:00,1728.493324,open,rgb,-60.000,65.000,9,700,,0.259005682,56.7728,4.072348595,4.068481445,1.644609690
2026-07-28T19:00:15.861960+00:00,1728.643501,open,rgb,-60.000,65.000,10,700,,0.258948864,56.7696,4.072340965,4.068523407,1.644560099
2026-07-28T19:00:16.012112+00:00,1728.793652,open,rgb,-60.000,65.000,11,700,,0.258920455,56.7631,4.072264194,4.068449020,1.644374371
2026-07-28T19:00:16.162360+00:00,1728.943899,open,rgb,-60.000,65.000,12,700,,0.259005682,56.7696,4.072412968,4.068500519,1.644519567
2026-07-28T19:00:16.312698+00:00,1729.094233,open,rgb,-60.000,65.000,13,700,,0.258920455,56.7761,4.072380543,4.068542480,1.644626737
2026-07-28T19:00:16.463066+00:00,1729.244605,open,rgb,-60.000,65.000,14,700,,0.258977273,56.7793,4.072248459,4.068424225,1.644412875
2026-07-28T19:00:16.613364+00:00,1729.394902,open,rgb,-60.000,65.000,15,700,,0.259005682,56.7858,4.072318554,4.068511486,1.644629717
2026-07-28T19:00:16.763767+00:00,1729.545307,open,rgb,-60.000,65.000,16,700,,0.258977273,56.7825,4.072354317,4.068529129,1.644502521
2026-07-28T19:00:16.914221+00:00,1729.695762,open,rgb,-60.000,65.000,17,700,,0.258948864,56.7890,4.072421074,4.068500519,1.644364834
2026-07-28T19:00:17.064533+00:00,1729.846071,open,rgb,-60.000,65.000,18,700,,0.258920455,56.8053,4.072308540,4.068477154,1.644579649
2026-07-28T19:00:17.214796+00:00,1729.996335,open,rgb,-60.000,65.000,19,700,,0.259005682,56.8117,4.072163582,4.068336487,1.644461274
2026-07-28T19:00:19.569588+00:00,1732.351121,open,rgb,-60.000,70.000,0,700,,0.258948864,56.8799,4.072410583,4.068490028,1.644745469
2026-07-28T19:00:19.720165+00:00,1732.501702,open,rgb,-60.000,70.000,1,700,,0.258863636,56.8897,4.072361946,4.068509102,1.644805312
2026-07-28T19:00:19.870471+00:00,1732.652010,open,rgb,-60.000,70.000,2,700,,0.258977273,56.8929,4.072406292,4.068470955,1.644527912
2026-07-28T19:00:20.020626+00:00,1732.802165,open,rgb,-60.000,70.000,3,700,,0.258977273,56.8929,4.072517395,4.068590164,1.644646049
2026-07-28T19:00:20.170917+00:00,1732.952456,open,rgb,-60.000,70.000,4,700,,0.258892045,56.8767,4.072384834,4.068502903,1.644770861
2026-07-28T19:00:20.321131+00:00,1733.102670,open,rgb,-60.000,70.000,5,700,,0.258977273,56.8799,4.072442055,4.068549156,1.644637823
2026-07-28T19:00:20.471388+00:00,1733.252927,open,rgb,-60.000,70.000,6,700,,0.258948864,56.8897,4.072429657,4.068559647,1.644598961
2026-07-28T19:00:20.621546+00:00,1733.403085,open,rgb,-60.000,70.000,7,700,,0.258977273,56.8799,4.072347641,4.068487167,1.643951774
2026-07-28T19:00:20.771776+00:00,1733.553315,open,rgb,-60.000,70.000,8,700,,0.259005682,56.8994,4.072463989,4.068536282,1.644630194
2026-07-28T19:00:20.921964+00:00,1733.703504,open,rgb,-60.000,70.000,9,700,,0.258948864,56.9059,4.072362423,4.068500996,1.644817233
2026-07-28T19:00:21.072143+00:00,1733.853683,open,rgb,-60.000,70.000,10,700,,0.259005682,56.9027,4.072302341,4.068470001,1.644649029
2026-07-28T19:00:21.222371+00:00,1734.003909,open,rgb,-60.000,70.000,11,700,,0.258920455,56.9059,4.072446823,4.068668365,1.644683242
2026-07-28T19:00:21.372799+00:00,1734.154335,open,rgb,-60.000,70.000,12,700,,0.258920455,56.9092,4.072484493,4.068629265,1.644729853
2026-07-28T19:00:21.523058+00:00,1734.304598,open,rgb,-60.000,70.000,13,700,,0.258948864,56.9124,4.072487354,4.068484783,1.644459248
2026-07-28T19:00:21.673339+00:00,1734.454878,open,rgb,-60.000,70.000,14,700,,0.258977273,56.9027,4.072411060,4.068542480,1.644827247
2026-07-28T19:00:21.823571+00:00,1734.605111,open,rgb,-60.000,70.000,15,700,,0.258977273,56.8669,4.072454453,4.068559647,1.644686341
2026-07-28T19:00:21.973733+00:00,1734.755273,open,rgb,-60.000,70.000,16,700,,0.258977273,56.7890,4.072491169,4.068657875,1.644573569
2026-07-28T19:00:22.123953+00:00,1734.905494,open,rgb,-60.000,70.000,17,700,,0.258977273,56.7437,4.072420597,4.068533897,1.644633412
2026-07-28T19:00:22.274102+00:00,1735.055641,open,rgb,-60.000,70.000,18,700,,0.258977273,56.7437,4.072411537,4.068552971,1.644555688
2026-07-28T19:00:22.424286+00:00,1735.205827,open,rgb,-60.000,70.000,19,700,,0.258977273,56.7372,4.072527885,4.068626881,1.644560575
2026-07-28T19:00:24.779451+00:00,1737.560986,open,rgb,-60.000,75.000,0,700,,0.258835227,56.8182,4.072853565,4.068872929,1.644618034
2026-07-28T19:00:24.930168+00:00,1737.711705,open,rgb,-60.000,75.000,1,700,,0.258778409,56.8053,4.072781563,4.068732262,1.644519091
2026-07-28T19:00:25.080640+00:00,1737.862179,open,rgb,-60.000,75.000,2,700,,0.258806818,56.7923,4.072817326,4.068850517,1.644676566
2026-07-28T19:00:25.231051+00:00,1738.012591,open,rgb,-60.000,75.000,3,700,,0.258863636,56.7728,4.072797298,4.068825722,1.644685626
2026-07-28T19:00:25.381522+00:00,1738.163058,open,rgb,-60.000,75.000,4,700,,0.258806818,56.7793,4.072844982,4.068776131,1.644568443
2026-07-28T19:00:25.532083+00:00,1738.313623,open,rgb,-60.000,75.000,5,700,,0.258863636,56.7599,4.072787285,4.068843842,1.644714713
2026-07-28T19:00:25.682493+00:00,1738.464033,open,rgb,-60.000,75.000,6,700,,0.258835227,56.7437,4.072658539,4.068709373,1.644605279
2026-07-28T19:00:25.832824+00:00,1738.614364,open,rgb,-60.000,75.000,7,700,,0.258863636,56.7599,4.072764397,4.068820953,1.644594789
2026-07-28T19:00:25.983171+00:00,1738.764712,open,rgb,-60.000,75.000,8,700,,0.258892045,56.7728,4.072739601,4.068778515,1.644642949
2026-07-28T19:00:26.133621+00:00,1738.915161,open,rgb,-60.000,75.000,9,700,,0.258892045,56.7501,4.072887421,4.068763256,1.644039154
2026-07-28T19:00:26.284061+00:00,1739.065595,open,rgb,-60.000,75.000,10,700,,0.258892045,56.7631,4.072517872,4.068611622,1.644636512
2026-07-28T19:00:26.434684+00:00,1739.216224,open,rgb,-60.000,75.000,11,700,,0.258892045,56.7923,4.072579384,4.068560600,1.644693494
2026-07-28T19:00:26.585035+00:00,1739.366575,open,rgb,-60.000,75.000,12,700,,0.258863636,56.8182,4.072587967,4.068403244,1.644575000
2026-07-28T19:00:26.735457+00:00,1739.516995,open,rgb,-60.000,75.000,13,700,,0.258977273,56.8410,4.072491646,4.068477154,1.644909739
2026-07-28T19:00:26.885809+00:00,1739.667349,open,rgb,-60.000,75.000,14,700,,0.258948864,56.8247,4.072486401,4.068500519,1.644771338
2026-07-28T19:00:27.036211+00:00,1739.817750,open,rgb,-60.000,75.000,15,700,,0.258920455,56.8150,4.072528362,4.068537712,1.644777894
2026-07-28T19:00:27.186675+00:00,1739.968213,open,rgb,-60.000,75.000,16,700,,0.258977273,56.8085,4.072450161,4.068467140,1.644914389
2026-07-28T19:00:27.337022+00:00,1740.118563,open,rgb,-60.000,75.000,17,700,,0.258920455,56.7858,4.072508335,4.068573475,1.644685864
2026-07-28T19:00:27.487432+00:00,1740.268971,open,rgb,-60.000,75.000,18,700,,0.258920455,56.7793,4.072575569,4.068588734,1.644640446
2026-07-28T19:00:27.637866+00:00,1740.419404,open,rgb,-60.000,75.000,19,700,,0.258863636,56.7793,4.072494507,4.068512440,1.644665122
2026-07-28T19:00:29.992943+00:00,1742.774477,open,rgb,-60.000,80.000,0,700,,0.258835227,56.7663,4.072549820,4.068513870,1.644413948
2026-07-28T19:00:30.143596+00:00,1742.925133,open,rgb,-60.000,80.000,1,700,,0.258892045,56.7923,4.072627068,4.068580151,1.644616246
2026-07-28T19:00:30.293920+00:00,1743.075459,open,rgb,-60.000,80.000,2,700,,0.258892045,56.7858,4.072570801,4.068588257,1.644679070
2026-07-28T19:00:30.444138+00:00,1743.225678,open,rgb,-60.000,80.000,3,700,,0.258863636,56.7631,4.072684288,4.068510056,1.644558907
2026-07-28T19:00:30.594289+00:00,1743.375830,open,rgb,-60.000,80.000,4,700,,0.258948864,56.7599,4.072620869,4.068568230,1.644765258
2026-07-28T19:00:30.744789+00:00,1743.526328,open,rgb,-60.000,80.000,5,700,,0.258920455,56.7469,4.072489262,4.068422318,1.644674659
2026-07-28T19:00:30.895048+00:00,1743.676588,open,rgb,-60.000,80.000,6,700,,0.258892045,56.7566,4.072564125,4.068495274,1.644795299
2026-07-28T19:00:31.045255+00:00,1743.826794,open,rgb,-60.000,80.000,7,700,,0.258892045,56.7761,4.072611332,4.068528175,1.644768357
2026-07-28T19:00:31.195565+00:00,1743.977103,open,rgb,-60.000,80.000,8,700,,0.258977273,56.7923,4.072602272,4.068497181,1.644559383
2026-07-28T19:00:31.345956+00:00,1744.127490,open,rgb,-60.000,80.000,9,700,,0.258920455,56.8085,4.072617531,4.068567753,1.644772530
2026-07-28T19:00:31.496313+00:00,1744.277852,open,rgb,-60.000,80.000,10,700,,0.258892045,56.7955,4.072614193,4.068636417,1.644574761
2026-07-28T19:00:31.646508+00:00,1744.428044,open,rgb,-60.000,80.000,11,700,,0.258863636,56.7988,4.072961330,4.068817616,1.644263029
2026-07-28T19:00:31.796746+00:00,1744.578286,open,rgb,-60.000,80.000,12,700,,0.258920455,56.8150,4.072699070,4.068683624,1.644574285
2026-07-28T19:00:31.946955+00:00,1744.728495,open,rgb,-60.000,80.000,13,700,,0.258892045,56.8150,4.072609901,4.068602562,1.644402623
2026-07-28T19:00:32.097115+00:00,1744.878655,open,rgb,-60.000,80.000,14,700,,0.258948864,56.8020,4.072630882,4.068608761,1.644582391
2026-07-28T19:00:32.247439+00:00,1745.028979,open,rgb,-60.000,80.000,15,700,,0.258863636,56.8053,4.072614193,4.068564892,1.644689083
2026-07-28T19:00:32.397688+00:00,1745.179226,open,rgb,-60.000,80.000,16,700,,0.258920455,56.8182,4.072618484,4.068496227,1.644579887
2026-07-28T19:00:32.547965+00:00,1745.329505,open,rgb,-60.000,80.000,17,700,,0.258892045,56.8247,4.072595119,4.068532944,1.644789815
2026-07-28T19:00:32.698167+00:00,1745.479708,open,rgb,-60.000,80.000,18,700,,0.258920455,56.8345,4.072611809,4.068573475,1.644701004
2026-07-28T19:00:32.848363+00:00,1745.629904,open,rgb,-60.000,80.000,19,700,,0.258863636,56.8474,4.072714806,4.068599701,1.644612432
2026-07-28T19:00:35.203505+00:00,1747.985041,open,rgb,-60.000,85.000,0,700,,0.258892045,56.9450,4.072661877,4.068570614,1.644706368
2026-07-28T19:00:35.354192+00:00,1748.135729,open,rgb,-60.000,85.000,1,700,,0.258920455,56.9515,4.072631836,4.068586826,1.644579649
2026-07-28T19:00:35.504589+00:00,1748.286129,open,rgb,-60.000,85.000,2,700,,0.258892045,56.9580,4.072727680,4.068702698,1.644564271
2026-07-28T19:00:35.654984+00:00,1748.436524,open,rgb,-60.000,85.000,3,700,,0.258892045,56.9677,4.072630882,4.068524361,1.644787431
2026-07-28T19:00:35.805343+00:00,1748.586884,open,rgb,-60.000,85.000,4,700,,0.258863636,56.9645,4.072626114,4.068512440,1.644653916
2026-07-28T19:00:35.955886+00:00,1748.737424,open,rgb,-60.000,85.000,5,700,,0.258863636,56.9677,4.072690964,4.068583488,1.644635558
2026-07-28T19:00:36.106272+00:00,1748.887811,open,rgb,-60.000,85.000,6,700,,0.258863636,56.9547,4.072670460,4.068544865,1.644752026
2026-07-28T19:00:36.256710+00:00,1749.038245,open,rgb,-60.000,85.000,7,700,,0.258806818,56.9515,4.072688580,4.068445206,1.644577980
2026-07-28T19:00:36.407174+00:00,1749.188713,open,rgb,-60.000,85.000,8,700,,0.258863636,56.9547,4.072643280,4.068586826,1.644633174
2026-07-28T19:00:36.557646+00:00,1749.339188,open,rgb,-60.000,85.000,9,700,,0.258892045,56.9515,4.072585106,4.068513870,1.644597292
2026-07-28T19:00:36.708020+00:00,1749.489559,open,rgb,-60.000,85.000,10,700,,0.258920455,56.9287,4.072733879,4.068573952,1.644659042
2026-07-28T19:00:36.858381+00:00,1749.639921,open,rgb,-60.000,85.000,11,700,,0.258892045,56.9189,4.072645187,4.068564415,1.644624591
2026-07-28T19:00:37.008696+00:00,1749.790237,open,rgb,-60.000,85.000,12,700,,0.258863636,56.9189,4.072682381,4.068607807,1.644461274
2026-07-28T19:00:37.159067+00:00,1749.940607,open,rgb,-60.000,85.000,13,700,,0.258863636,56.9287,4.072977543,4.068855286,1.644447327
2026-07-28T19:00:37.309560+00:00,1750.091095,open,rgb,-60.000,85.000,14,700,,0.258778409,56.9222,4.072597980,4.068507671,1.644762516
2026-07-28T19:00:37.460082+00:00,1750.241622,open,rgb,-60.000,85.000,15,700,,0.258835227,56.9515,4.072700977,4.068561554,1.644700050
2026-07-28T19:00:37.610398+00:00,1750.391938,open,rgb,-60.000,85.000,16,700,,0.258892045,56.9580,4.072695732,4.068606377,1.644631147
2026-07-28T19:00:37.760744+00:00,1750.542284,open,rgb,-60.000,85.000,17,700,,0.258863636,56.9547,4.072719097,4.068639278,1.644456387
2026-07-28T19:00:37.911111+00:00,1750.692652,open,rgb,-60.000,85.000,18,700,,0.258920455,56.9319,4.072834969,4.068764210,1.644451261
2026-07-28T19:00:38.061482+00:00,1750.843020,open,rgb,-60.000,85.000,19,700,,0.258863636,56.9385,4.072612762,4.068536282,1.644775987
2026-07-28T19:00:40.416686+00:00,1753.198222,open,rgb,-60.000,90.000,0,700,,0.258721591,56.9515,4.072991371,4.068948746,1.644427776
2026-07-28T19:00:40.567321+00:00,1753.348858,open,rgb,-60.000,90.000,1,700,,0.258693182,56.9580,4.073181629,4.069175243,1.644481540
2026-07-28T19:00:40.717789+00:00,1753.499329,open,rgb,-60.000,90.000,2,700,,0.258835227,56.9710,4.073118210,4.069100857,1.644525170
2026-07-28T19:00:40.868193+00:00,1753.649734,open,rgb,-60.000,90.000,3,700,,0.258721591,56.9710,4.073036671,4.069062710,1.644366503
2026-07-28T19:00:41.018652+00:00,1753.800192,open,rgb,-60.000,90.000,4,700,,0.258806818,56.9808,4.073098660,4.069047928,1.644617796
2026-07-28T19:00:41.169032+00:00,1753.950572,open,rgb,-60.000,90.000,5,700,,0.258863636,56.9808,4.073162556,4.069067001,1.644584537
2026-07-28T19:00:41.319534+00:00,1754.101069,open,rgb,-60.000,90.000,6,700,,0.258863636,56.9775,4.072974682,4.068783283,1.644372940
2026-07-28T19:00:41.470028+00:00,1754.251567,open,rgb,-60.000,90.000,7,700,,0.259005682,57.0036,4.072872162,4.068878174,1.644593358
2026-07-28T19:00:41.620417+00:00,1754.401957,open,rgb,-60.000,90.000,8,700,,0.258892045,57.0036,4.072811127,4.068765640,1.644462705
2026-07-28T19:00:41.770831+00:00,1754.552371,open,rgb,-60.000,90.000,9,700,,0.258806818,56.9482,4.072885513,4.068871975,1.644675136
2026-07-28T19:00:41.921261+00:00,1754.702801,open,rgb,-60.000,90.000,10,700,,0.258806818,56.8702,4.072939873,4.068853855,1.644655585
2026-07-28T19:00:42.071787+00:00,1754.853326,open,rgb,-60.000,90.000,11,700,,0.258892045,56.8182,4.072785854,4.068719864,1.644525170
2026-07-28T19:00:42.222216+00:00,1755.003755,open,rgb,-60.000,90.000,12,700,,0.258806818,56.7955,4.072943687,4.068901539,1.644654393
2026-07-28T19:00:42.372584+00:00,1755.154124,open,rgb,-60.000,90.000,13,700,,0.258892045,56.7016,4.072810650,4.068778992,1.644711971
2026-07-28T19:00:42.522856+00:00,1755.304398,open,rgb,-60.000,90.000,14,700,,0.258778409,56.7048,4.072900772,4.068792820,1.644700527
2026-07-28T19:00:42.673188+00:00,1755.454730,open,rgb,-60.000,90.000,15,700,,0.258892045,56.6757,4.073048115,4.069016457,1.644721746
2026-07-28T19:00:42.823544+00:00,1755.605085,open,rgb,-60.000,90.000,16,700,,0.258693182,56.6401,4.072782993,4.068715096,1.644399285
2026-07-28T19:00:42.973932+00:00,1755.755472,open,rgb,-60.000,90.000,17,700,,0.258806818,56.6692,4.072902679,4.068834305,1.644758105
2026-07-28T19:00:43.124257+00:00,1755.905798,open,rgb,-60.000,90.000,18,700,,0.258863636,56.6854,4.072820663,4.068774700,1.644858241
2026-07-28T19:00:43.274730+00:00,1756.056267,open,rgb,-60.000,90.000,19,700,,0.259005682,56.7177,4.072818756,4.068811417,1.644651651
2026-07-28T19:00:53.729287+00:00,1766.510822,open,dark,-55.000,-90.000,0,0,,0.000681818,56.8507,4.896942616,4.903532982,1.649696827
2026-07-28T19:00:53.879880+00:00,1766.661420,open,dark,-55.000,-90.000,1,0,,0.000681818,56.7663,4.896953106,4.903539658,1.649056435
2026-07-28T19:00:54.030226+00:00,1766.811766,open,dark,-55.000,-90.000,2,0,,0.000681818,56.7210,4.896939754,4.903538704,1.649802327
2026-07-28T19:00:54.180589+00:00,1766.962129,open,dark,-55.000,-90.000,3,0,,0.000681818,56.6466,4.896949768,4.903548717,1.649625063
2026-07-28T19:00:54.330897+00:00,1767.112438,open,dark,-55.000,-90.000,4,0,,0.000681818,56.5690,4.896945000,4.903546333,1.649550319
2026-07-28T19:00:54.481217+00:00,1767.262756,open,dark,-55.000,-90.000,5,0,,0.000681818,56.5045,4.896936893,4.903563976,1.649764776
2026-07-28T19:00:54.631673+00:00,1767.413213,open,dark,-55.000,-90.000,6,0,,0.000681818,56.4144,4.896969318,4.903571129,1.649616003
2026-07-28T19:00:54.782011+00:00,1767.563551,open,dark,-55.000,-90.000,7,0,,0.000681818,56.3340,4.896976948,4.903557777,1.649687529
2026-07-28T19:00:54.932348+00:00,1767.713889,open,dark,-55.000,-90.000,8,0,,0.000681818,56.2570,4.896977425,4.903553009,1.649676323
2026-07-28T19:00:55.082665+00:00,1767.864205,open,dark,-55.000,-90.000,9,0,,0.000681818,56.1769,4.896969318,4.903575897,1.649574995
2026-07-28T19:00:55.233007+00:00,1768.014547,open,dark,-55.000,-90.000,10,0,,0.000681818,56.0970,4.896969318,4.903565407,1.649646997
2026-07-28T19:00:55.383417+00:00,1768.164953,open,dark,-55.000,-90.000,11,0,,0.000681818,56.0012,4.896979809,4.903575897,1.649501085
2026-07-28T19:00:55.533956+00:00,1768.315493,open,dark,-55.000,-90.000,12,0,,0.000681818,55.9056,4.896967888,4.903564930,1.649657845
2026-07-28T19:00:55.684492+00:00,1768.466031,open,dark,-55.000,-90.000,13,0,,0.000681818,55.8198,4.896965981,4.903556347,1.649643421
2026-07-28T19:00:55.834822+00:00,1768.616357,open,dark,-55.000,-90.000,14,0,,0.000681818,55.7500,4.896981239,4.903490067,1.649583101
2026-07-28T19:00:55.985324+00:00,1768.766860,open,dark,-55.000,-90.000,15,0,,0.000681818,55.6866,4.896986961,4.903561592,1.649689555
2026-07-28T19:00:56.135959+00:00,1768.917499,open,dark,-55.000,-90.000,16,0,,0.000681818,55.6106,4.896984577,4.903563499,1.649691939
2026-07-28T19:00:56.286204+00:00,1769.067738,open,dark,-55.000,-90.000,17,0,,0.000710227,55.5411,4.896975994,4.903537273,1.649717093
2026-07-28T19:00:56.436690+00:00,1769.218227,open,dark,-55.000,-90.000,18,0,,0.000681818,55.4780,4.896970272,4.903521538,1.649811387
2026-07-28T19:00:56.587208+00:00,1769.368747,open,dark,-55.000,-90.000,19,0,,0.000681818,55.3992,4.896952629,4.903522491,1.649034977
2026-07-28T19:01:00.781013+00:00,1773.562549,open,rgb,-55.000,-90.000,0,700,,0.258977273,54.7054,4.066078663,4.062613964,1.643834114
2026-07-28T19:01:00.931720+00:00,1773.713259,open,rgb,-55.000,-90.000,1,700,,0.258920455,54.7178,4.066208839,4.062710762,1.643663168
2026-07-28T19:01:01.082086+00:00,1773.863620,open,rgb,-55.000,-90.000,2,700,,0.258835227,54.7334,4.066253662,4.062278748,1.643628716
2026-07-28T19:01:01.232495+00:00,1774.014030,open,rgb,-55.000,-90.000,3,700,,0.258977273,54.7489,4.066153049,4.062686443,1.643882394
2026-07-28T19:01:01.383154+00:00,1774.164689,open,rgb,-55.000,-90.000,4,700,,0.258835227,54.7737,4.066160202,4.062637806,1.643822551
2026-07-28T19:01:01.533660+00:00,1774.315199,open,rgb,-55.000,-90.000,5,700,,0.258948864,54.7893,4.066226959,4.062786102,1.643809438
2026-07-28T19:01:01.684244+00:00,1774.465780,open,rgb,-55.000,-90.000,6,700,,0.258835227,54.8017,4.066213608,4.062709332,1.643769622
2026-07-28T19:01:01.834720+00:00,1774.616260,open,rgb,-55.000,-90.000,7,700,,0.258920455,54.8235,4.066278458,4.062857628,1.643801332
2026-07-28T19:01:01.985055+00:00,1774.766595,open,rgb,-55.000,-90.000,8,700,,0.258835227,54.8421,4.066262722,4.062803268,1.643911481
2026-07-28T19:01:02.135520+00:00,1774.917060,open,rgb,-55.000,-90.000,9,700,,0.258863636,54.8577,4.066366196,4.062896729,1.643073797
2026-07-28T19:01:02.285944+00:00,1775.067484,open,rgb,-55.000,-90.000,10,700,,0.258835227,54.8733,4.066399574,4.062959671,1.643695354
2026-07-28T19:01:02.436494+00:00,1775.218031,open,rgb,-55.000,-90.000,11,700,,0.258835227,54.8857,4.066267490,4.062793255,1.643981814
2026-07-28T19:01:02.586895+00:00,1775.368434,open,rgb,-55.000,-90.000,12,700,,0.258892045,54.9044,4.066341400,4.062804222,1.643897772
2026-07-28T19:01:02.737301+00:00,1775.518839,open,rgb,-55.000,-90.000,13,700,,0.258948864,54.9200,4.066405773,4.062952995,1.643795252
2026-07-28T19:01:02.887549+00:00,1775.669090,open,rgb,-55.000,-90.000,14,700,,0.258892045,54.9293,4.066375732,4.062911987,1.643764496
2026-07-28T19:01:03.037772+00:00,1775.819311,open,rgb,-55.000,-90.000,15,700,,0.258920455,54.9543,4.066462994,4.063001633,1.643825531
2026-07-28T19:01:03.188089+00:00,1775.969629,open,rgb,-55.000,-90.000,16,700,,0.258920455,54.9730,4.066433907,4.062973022,1.643891692
2026-07-28T19:01:03.338285+00:00,1776.119825,open,rgb,-55.000,-90.000,17,700,,0.258835227,54.9886,4.066429615,4.062990189,1.643772006
2026-07-28T19:01:03.488452+00:00,1776.269993,open,rgb,-55.000,-90.000,18,700,,0.258920455,54.9980,4.066550732,4.063101292,1.643805742
2026-07-28T19:01:03.638641+00:00,1776.420181,open,rgb,-55.000,-90.000,19,700,,0.258863636,55.0011,4.066473961,4.062982082,1.643952727
2026-07-28T19:01:05.993780+00:00,1778.775315,open,rgb,-55.000,-85.000,0,700,,0.258863636,55.2640,4.066538811,4.063080788,1.643754959
2026-07-28T19:01:06.144401+00:00,1778.925939,open,rgb,-55.000,-85.000,1,700,,0.258892045,55.2766,4.066627026,4.063146591,1.644002795
2026-07-28T19:01:06.294723+00:00,1779.076257,open,rgb,-55.000,-85.000,2,700,,0.258863636,55.2829,4.066665649,4.063181400,1.643934608
2026-07-28T19:01:06.445363+00:00,1779.226896,open,rgb,-55.000,-85.000,3,700,,0.258863636,55.3017,4.066784859,4.063203812,1.643763781
2026-07-28T19:01:06.596054+00:00,1779.377592,open,rgb,-55.000,-85.000,4,700,,0.258948864,55.3080,4.066767216,4.063279152,1.643979549
2026-07-28T19:01:06.746598+00:00,1779.528136,open,rgb,-55.000,-85.000,5,700,,0.258948864,55.3112,4.066737175,4.063300610,1.643785715
2026-07-28T19:01:06.897024+00:00,1779.678563,open,rgb,-55.000,-85.000,6,700,,0.258863636,55.3237,4.066850662,4.063432693,1.643776894
2026-07-28T19:01:07.047355+00:00,1779.828894,open,rgb,-55.000,-85.000,7,700,,0.258835227,55.3489,4.066701889,4.063270569,1.644076705
2026-07-28T19:01:07.197666+00:00,1779.979206,open,rgb,-55.000,-85.000,8,700,,0.258892045,55.3615,4.066723824,4.063297749,1.643866301
2026-07-28T19:01:07.348192+00:00,1780.129727,open,rgb,-55.000,-85.000,9,700,,0.258863636,55.3835,4.066856384,4.063379288,1.643939972
2026-07-28T19:01:07.498502+00:00,1780.280041,open,rgb,-55.000,-85.000,10,700,,0.258920455,55.3992,4.066771030,4.063314915,1.643964171
2026-07-28T19:01:07.648652+00:00,1780.430192,open,rgb,-55.000,-85.000,11,700,,0.258892045,55.4181,4.067076683,4.063364029,1.643415093
2026-07-28T19:01:07.798944+00:00,1780.580483,open,rgb,-55.000,-85.000,12,700,,0.258863636,55.4307,4.066925526,4.063470364,1.643820882
2026-07-28T19:01:07.949132+00:00,1780.730673,open,rgb,-55.000,-85.000,13,700,,0.258835227,55.4433,4.066873074,4.063367367,1.643704414
2026-07-28T19:01:08.099327+00:00,1780.880867,open,rgb,-55.000,-85.000,14,700,,0.258892045,55.4591,4.066928864,4.063492298,1.643790603
2026-07-28T19:01:08.249491+00:00,1781.031029,open,rgb,-55.000,-85.000,15,700,,0.258835227,55.4717,4.066868782,4.063369751,1.643982530
2026-07-28T19:01:08.399836+00:00,1781.181376,open,rgb,-55.000,-85.000,16,700,,0.258863636,55.4906,4.066915989,4.063444614,1.643857718
2026-07-28T19:01:08.549979+00:00,1781.331520,open,rgb,-55.000,-85.000,17,700,,0.258863636,55.5032,4.066974640,4.063498497,1.643928528
2026-07-28T19:01:08.700164+00:00,1781.481705,open,rgb,-55.000,-85.000,18,700,,0.258806818,55.5032,4.066916466,4.063430786,1.643917322
2026-07-28T19:01:08.850477+00:00,1781.632016,open,rgb,-55.000,-85.000,19,700,,0.258920455,55.5127,4.066997051,4.063415527,1.643850684
2026-07-28T19:01:11.205515+00:00,1783.987050,open,rgb,-55.000,-80.000,0,700,,0.258948864,55.6423,4.067013741,4.063443184,1.643616557
2026-07-28T19:01:11.355970+00:00,1784.137505,open,rgb,-55.000,-80.000,1,700,,0.258920455,55.6549,4.067033768,4.063506603,1.643857479
2026-07-28T19:01:11.506296+00:00,1784.287835,open,rgb,-55.000,-80.000,2,700,,0.258835227,55.6707,4.067091465,4.063481808,1.643844604
2026-07-28T19:01:11.656763+00:00,1784.438296,open,rgb,-55.000,-80.000,3,700,,0.258920455,55.6897,4.067039013,4.063446045,1.643936157
2026-07-28T19:01:11.807119+00:00,1784.588658,open,rgb,-55.000,-80.000,4,700,,0.258892045,55.6993,4.066986561,4.063462734,1.643805981
2026-07-28T19:01:11.957378+00:00,1784.738916,open,rgb,-55.000,-80.000,5,700,,0.258892045,55.7151,4.067042828,4.063563824,1.643937349
2026-07-28T19:01:12.107735+00:00,1784.889274,open,rgb,-55.000,-80.000,6,700,,0.258835227,55.7214,4.067052364,4.063467026,1.644040346
2026-07-28T19:01:12.258202+00:00,1785.039741,open,rgb,-55.000,-80.000,7,700,,0.258920455,55.7341,4.067124367,4.063468933,1.643933892
2026-07-28T19:01:12.408582+00:00,1785.190121,open,rgb,-55.000,-80.000,8,700,,0.258892045,55.7500,4.067142963,4.063590050,1.643909931
2026-07-28T19:01:12.558902+00:00,1785.340442,open,rgb,-55.000,-80.000,9,700,,0.258892045,55.7563,4.067144871,4.063591480,1.643805265
2026-07-28T19:01:12.709199+00:00,1785.490739,open,rgb,-55.000,-80.000,10,700,,0.258863636,55.7627,4.067195892,4.063635826,1.643821120
2026-07-28T19:01:12.859596+00:00,1785.641135,open,rgb,-55.000,-80.000,11,700,,0.258920455,55.7722,4.067135811,4.063607216,1.644004226
2026-07-28T19:01:13.010000+00:00,1785.791539,open,rgb,-55.000,-80.000,12,700,,0.258863636,55.7754,4.067003727,4.063471794,1.643796206
2026-07-28T19:01:13.160359+00:00,1785.941898,open,rgb,-55.000,-80.000,13,700,,0.258920455,55.7912,4.067251682,4.063713074,1.644057393
2026-07-28T19:01:13.310649+00:00,1786.092186,open,rgb,-55.000,-80.000,14,700,,0.258892045,55.8007,4.067184448,4.063583374,1.643950224
2026-07-28T19:01:13.460947+00:00,1786.242487,open,rgb,-55.000,-80.000,15,700,,0.258863636,55.8071,4.067472458,4.063845158,1.643792510
2026-07-28T19:01:13.611141+00:00,1786.392682,open,rgb,-55.000,-80.000,16,700,,0.258892045,55.8071,4.067431450,4.063900948,1.643899441
2026-07-28T19:01:13.761460+00:00,1786.543000,open,rgb,-55.000,-80.000,17,700,,0.258806818,55.8134,4.067420006,4.063914776,1.643817663
2026-07-28T19:01:13.911578+00:00,1786.693119,open,rgb,-55.000,-80.000,18,700,,0.258835227,55.8198,4.067468166,4.063926697,1.643784285
2026-07-28T19:01:14.061785+00:00,1786.843325,open,rgb,-55.000,-80.000,19,700,,0.258835227,55.8293,4.067443371,4.063884258,1.644034505
2026-07-28T19:01:16.416861+00:00,1789.198395,open,rgb,-55.000,-75.000,0,700,,0.258835227,55.9502,4.067279816,4.063707352,1.643828154
2026-07-28T19:01:16.567712+00:00,1789.349249,open,rgb,-55.000,-75.000,1,700,,0.258863636,55.9661,4.067373276,4.063779354,1.643893361
2026-07-28T19:01:16.718252+00:00,1789.499791,open,rgb,-55.000,-75.000,2,700,,0.258863636,55.9789,4.067335606,4.063748360,1.643894553
2026-07-28T19:01:16.867953+00:00,1789.649486,open,rgb,-55.000,-75.000,3,700,,0.258892045,55.9885,4.066745281,4.063633919,1.643792748
2026-07-28T19:01:17.018601+00:00,1789.800138,open,rgb,-55.000,-75.000,4,700,,0.258920455,56.0044,4.067350864,4.063754082,1.643903375
2026-07-28T19:01:17.169049+00:00,1789.950588,open,rgb,-55.000,-75.000,5,700,,0.258920455,56.0044,4.067340374,4.063735008,1.643925071
2026-07-28T19:01:17.319471+00:00,1790.101008,open,rgb,-55.000,-75.000,6,700,,0.258863636,56.0203,4.067462921,4.063713551,1.643835545
2026-07-28T19:01:17.470269+00:00,1790.251803,open,rgb,-55.000,-75.000,7,700,,0.258835227,56.0331,4.067231178,4.063710213,1.644002557
2026-07-28T19:01:17.620821+00:00,1790.402360,open,rgb,-55.000,-75.000,8,700,,0.258892045,56.0427,4.067207336,4.063632488,1.643881202
2026-07-28T19:01:17.771167+00:00,1790.552706,open,rgb,-55.000,-75.000,9,700,,0.258920455,56.0618,4.067342758,4.063701153,1.644079208
2026-07-28T19:01:17.921649+00:00,1790.703186,open,rgb,-55.000,-75.000,10,700,,0.258863636,56.0682,4.067334652,4.063709259,1.644025922
2026-07-28T19:01:18.072122+00:00,1790.853662,open,rgb,-55.000,-75.000,11,700,,0.258892045,56.0746,4.067222595,4.063588142,1.643871665
2026-07-28T19:01:18.222469+00:00,1791.004010,open,rgb,-55.000,-75.000,12,700,,0.258948864,56.0842,4.067297459,4.063695431,1.644176364
2026-07-28T19:01:18.372859+00:00,1791.154399,open,rgb,-55.000,-75.000,13,700,,0.258920455,56.0746,4.067403793,4.063756466,1.643956184
2026-07-28T19:01:18.523170+00:00,1791.304710,open,rgb,-55.000,-75.000,14,700,,0.258920455,56.0778,4.067425251,4.063782692,1.643914104
2026-07-28T19:01:18.673493+00:00,1791.455034,open,rgb,-55.000,-75.000,15,700,,0.258948864,56.0874,4.067598820,4.063953876,1.644075990
2026-07-28T19:01:18.823814+00:00,1791.605355,open,rgb,-55.000,-75.000,16,700,,0.258806818,56.0746,4.067388058,4.063807487,1.643858433
2026-07-28T19:01:18.974158+00:00,1791.755697,open,rgb,-55.000,-75.000,17,700,,0.258948864,56.0938,4.067451477,4.063898563,1.643911481
2026-07-28T19:01:19.124649+00:00,1791.906188,open,rgb,-55.000,-75.000,18,700,,0.258835227,56.1002,4.067404747,4.063824654,1.644059658
2026-07-28T19:01:19.275289+00:00,1792.056824,open,rgb,-55.000,-75.000,19,700,,0.258948864,56.1066,4.067290306,4.063743591,1.643892646
2026-07-28T19:01:21.630341+00:00,1794.411875,open,rgb,-55.000,-70.000,0,700,,0.258892045,56.1961,4.068335056,4.064585209,1.643927813
2026-07-28T19:01:21.780965+00:00,1794.562503,open,rgb,-55.000,-70.000,1,700,,0.258778409,56.2025,4.068222523,4.064517498,1.644082069
2026-07-28T19:01:21.931399+00:00,1794.712939,open,rgb,-55.000,-70.000,2,700,,0.258892045,56.2025,4.068152905,4.064349174,1.643929482
2026-07-28T19:01:22.081644+00:00,1794.863180,open,rgb,-55.000,-70.000,3,700,,0.258892045,56.2217,4.068219662,4.064003944,1.644199729
2026-07-28T19:01:22.232114+00:00,1795.013649,open,rgb,-55.000,-70.000,4,700,,0.259005682,56.2282,4.068182945,4.064479828,1.644160748
2026-07-28T19:01:22.382680+00:00,1795.164219,open,rgb,-55.000,-70.000,5,700,,0.258892045,56.2346,4.068232059,4.064497471,1.644012570
2026-07-28T19:01:22.533028+00:00,1795.314569,open,rgb,-55.000,-70.000,6,700,,0.258948864,56.2474,4.068221569,4.064537048,1.644094348
2026-07-28T19:01:22.683438+00:00,1795.464978,open,rgb,-55.000,-70.000,7,700,,0.258863636,56.2538,4.068163872,4.064427376,1.643916845
2026-07-28T19:01:22.833796+00:00,1795.615337,open,rgb,-55.000,-70.000,8,700,,0.258977273,56.2698,4.068180084,4.064481258,1.644144654
2026-07-28T19:01:22.984174+00:00,1795.765714,open,rgb,-55.000,-70.000,9,700,,0.258920455,56.2730,4.068229198,4.064483643,1.644150972
2026-07-28T19:01:23.134512+00:00,1795.916050,open,rgb,-55.000,-70.000,10,700,,0.258863636,56.2827,4.068305016,4.064423084,1.643915176
2026-07-28T19:01:23.284901+00:00,1796.066441,open,rgb,-55.000,-70.000,11,700,,0.258948864,56.2955,4.068512917,4.064821243,1.644089460
2026-07-28T19:01:23.435411+00:00,1796.216950,open,rgb,-55.000,-70.000,12,700,,0.258750000,56.2891,4.068377495,4.064693451,1.644133329
2026-07-28T19:01:23.585812+00:00,1796.367353,open,rgb,-55.000,-70.000,13,700,,0.258863636,56.2987,4.068548203,4.064788818,1.644055486
2026-07-28T19:01:23.736201+00:00,1796.517742,open,rgb,-55.000,-70.000,14,700,,0.258863636,56.3051,4.068505287,4.064793110,1.644068718
2026-07-28T19:01:23.886693+00:00,1796.668233,open,rgb,-55.000,-70.000,15,700,,0.258778409,56.3051,4.068494797,4.064719200,1.643946409
2026-07-28T19:01:24.037022+00:00,1796.818562,open,rgb,-55.000,-70.000,16,700,,0.258892045,56.3147,4.068593979,4.064825058,1.644048214
2026-07-28T19:01:24.187424+00:00,1796.968962,open,rgb,-55.000,-70.000,17,700,,0.258806818,56.3147,4.068638802,4.065071106,1.644043803
2026-07-28T19:01:24.337806+00:00,1797.119345,open,rgb,-55.000,-70.000,18,700,,0.258750000,56.3115,4.068653107,4.064758301,1.643536448
2026-07-28T19:01:24.488186+00:00,1797.269727,open,rgb,-55.000,-70.000,19,700,,0.258863636,56.3276,4.068619728,4.064903736,1.644045472
2026-07-28T19:01:26.843196+00:00,1799.624732,open,rgb,-55.000,-65.000,0,700,,0.258863636,56.4401,4.068392277,4.064661980,1.644271612
2026-07-28T19:01:26.997173+00:00,1799.778710,open,rgb,-55.000,-65.000,1,700,,0.258920455,56.4530,4.068628788,4.064803600,1.644134641
2026-07-28T19:01:27.147724+00:00,1799.929261,open,rgb,-55.000,-65.000,2,700,,0.258863636,56.4594,4.068431377,4.064698696,1.644246936
2026-07-28T19:01:27.298196+00:00,1800.079736,open,rgb,-55.000,-65.000,3,700,,0.258863636,56.4594,4.068509102,4.064816475,1.644100904
2026-07-28T19:01:27.448946+00:00,1800.230480,open,rgb,-55.000,-65.000,4,700,,0.258863636,56.4787,4.068549156,4.064845562,1.643985868
2026-07-28T19:01:27.599421+00:00,1800.380961,open,rgb,-55.000,-65.000,5,700,,0.258892045,56.4787,4.068436146,4.064657211,1.644275904
2026-07-28T19:01:27.749666+00:00,1800.531203,open,rgb,-55.000,-65.000,6,700,,0.258977273,56.4691,4.068510056,4.064727306,1.644099474
2026-07-28T19:01:27.900046+00:00,1800.681585,open,rgb,-55.000,-65.000,7,700,,0.258892045,56.4691,4.068571091,4.064855576,1.644091129
2026-07-28T19:01:28.050298+00:00,1800.831837,open,rgb,-55.000,-65.000,8,700,,0.258892045,56.4723,4.068519592,4.064737797,1.644168496
2026-07-28T19:01:28.200495+00:00,1800.982035,open,rgb,-55.000,-65.000,9,700,,0.258920455,56.4755,4.068568230,4.064700127,1.644097209
2026-07-28T19:01:28.350751+00:00,1801.132291,open,rgb,-55.000,-65.000,10,700,,0.258920455,56.4723,4.068565845,4.064884663,1.644148469
2026-07-28T19:01:28.500943+00:00,1801.282484,open,rgb,-55.000,-65.000,11,700,,0.258806818,56.4723,4.068756580,4.065048695,1.643970728
2026-07-28T19:01:28.651094+00:00,1801.432634,open,rgb,-55.000,-65.000,12,700,,0.258778409,56.4755,4.068901539,4.065158367,1.644022584
2026-07-28T19:01:28.801282+00:00,1801.582823,open,rgb,-55.000,-65.000,13,700,,0.258750000,56.4820,4.068808079,4.065088272,1.644189477
2026-07-28T19:01:28.951480+00:00,1801.733020,open,rgb,-55.000,-65.000,14,700,,0.258863636,56.4820,4.068737507,4.065028191,1.644097209
2026-07-28T19:01:29.101682+00:00,1801.883222,open,rgb,-55.000,-65.000,15,700,,0.258835227,56.4884,4.068829536,4.065067291,1.644148231
2026-07-28T19:01:29.251878+00:00,1802.033417,open,rgb,-55.000,-65.000,16,700,,0.258835227,56.4916,4.068752289,4.065017223,1.644214630
2026-07-28T19:01:29.402113+00:00,1802.183651,open,rgb,-55.000,-65.000,17,700,,0.258892045,56.5013,4.068583965,4.064774990,1.644157290
2026-07-28T19:01:29.552279+00:00,1802.333819,open,rgb,-55.000,-65.000,18,700,,0.258920455,56.5110,4.068623543,4.064876556,1.644210815
2026-07-28T19:01:29.702466+00:00,1802.484006,open,rgb,-55.000,-65.000,19,700,,0.258863636,56.5078,4.068550110,4.064888477,1.643952727
2026-07-28T19:01:32.057676+00:00,1804.839211,open,rgb,-55.000,-60.000,0,700,,0.258948864,56.5594,4.068700314,4.064985275,1.644140720
2026-07-28T19:01:32.208408+00:00,1804.989945,open,rgb,-55.000,-60.000,1,700,,0.258750000,56.5626,4.068723202,4.065054893,1.643794775
2026-07-28T19:01:32.358831+00:00,1805.140369,open,rgb,-55.000,-60.000,2,700,,0.258920455,56.5723,4.068686485,4.065018654,1.643892169
2026-07-28T19:01:32.509260+00:00,1805.290798,open,rgb,-55.000,-60.000,3,700,,0.258920455,56.5819,4.068962097,4.065310478,1.643889189
2026-07-28T19:01:32.659559+00:00,1805.441093,open,rgb,-55.000,-60.000,4,700,,0.258806818,56.5787,4.068696976,4.065016747,1.644002080
2026-07-28T19:01:32.809966+00:00,1805.591505,open,rgb,-55.000,-60.000,5,700,,0.258806818,56.6013,4.068720818,4.064979553,1.643909216
2026-07-28T19:01:32.960280+00:00,1805.741820,open,rgb,-55.000,-60.000,6,700,,0.258863636,56.6046,4.068675995,4.065070152,1.643993020
2026-07-28T19:01:33.110513+00:00,1805.892051,open,rgb,-55.000,-60.000,7,700,,0.258835227,56.6078,4.068656921,4.064958572,1.644171000
2026-07-28T19:01:33.260783+00:00,1806.042323,open,rgb,-55.000,-60.000,8,700,,0.258863636,56.6142,4.068690777,4.065013409,1.644095063
2026-07-28T19:01:33.411008+00:00,1806.192547,open,rgb,-55.000,-60.000,9,700,,0.258835227,56.6272,4.068734169,4.065032959,1.644180298
2026-07-28T19:01:33.561140+00:00,1806.342680,open,rgb,-55.000,-60.000,10,700,,0.258863636,56.6272,4.068669319,4.065014362,1.643877745
2026-07-28T19:01:33.711304+00:00,1806.492844,open,rgb,-55.000,-60.000,11,700,,0.258892045,56.6401,4.068762779,4.065158844,1.644058704
2026-07-28T19:01:33.861480+00:00,1806.643021,open,rgb,-55.000,-60.000,12,700,,0.258835227,56.6369,4.068694592,4.065010071,1.644246697
2026-07-28T19:01:34.011730+00:00,1806.793270,open,rgb,-55.000,-60.000,13,700,,0.258892045,56.6498,4.068748474,4.065049171,1.644067764
2026-07-28T19:01:34.161892+00:00,1806.943430,open,rgb,-55.000,-60.000,14,700,,0.258892045,56.6563,4.068733692,4.065058708,1.644144893
2026-07-28T19:01:34.312185+00:00,1807.093720,open,rgb,-55.000,-60.000,15,700,,0.258835227,56.6530,4.068727016,4.065100193,1.644078016
2026-07-28T19:01:34.462699+00:00,1807.244236,open,rgb,-55.000,-60.000,16,700,,0.258920455,56.6530,4.068917751,4.065207481,1.643930554
2026-07-28T19:01:34.613147+00:00,1807.394687,open,rgb,-55.000,-60.000,17,700,,0.258863636,56.6563,4.068713665,4.065009594,1.644243956
2026-07-28T19:01:34.763698+00:00,1807.545237,open,rgb,-55.000,-60.000,18,700,,0.258863636,56.6433,4.068726540,4.065090179,1.644033790
2026-07-28T19:01:34.914031+00:00,1807.695572,open,rgb,-55.000,-60.000,19,700,,0.258892045,56.6369,4.068849564,4.065168381,1.643993020
2026-07-28T19:01:37.269392+00:00,1810.050926,open,rgb,-55.000,-55.000,0,700,,0.258892045,56.7113,4.068685055,4.064998150,1.644022107
2026-07-28T19:01:37.420176+00:00,1810.201713,open,rgb,-55.000,-55.000,1,700,,0.258863636,56.6918,4.068524361,4.064820290,1.643914104
2026-07-28T19:01:37.570612+00:00,1810.352152,open,rgb,-55.000,-55.000,2,700,,0.258948864,56.6886,4.068541050,4.064913750,1.644312143
2026-07-28T19:01:37.720994+00:00,1810.502535,open,rgb,-55.000,-55.000,3,700,,0.258948864,56.6983,4.068593979,4.064980984,1.644234896
2026-07-28T19:01:37.874192+00:00,1810.655724,open,rgb,-55.000,-55.000,4,700,,0.258892045,56.7113,4.068327904,4.064980507,1.644059658
2026-07-28T19:01:38.024605+00:00,1810.806144,open,rgb,-55.000,-55.000,5,700,,0.258977273,56.7210,4.068768501,4.065260410,1.644052267
2026-07-28T19:01:38.175065+00:00,1810.956604,open,rgb,-55.000,-55.000,6,700,,0.258750000,56.7113,4.068567753,4.064904690,1.643566728
2026-07-28T19:01:38.325329+00:00,1811.106867,open,rgb,-55.000,-55.000,7,700,,0.258920455,56.7437,4.068661690,4.065069675,1.644110680
2026-07-28T19:01:38.475683+00:00,1811.257220,open,rgb,-55.000,-55.000,8,700,,0.258892045,56.7534,4.068904877,4.065263748,1.644074559
2026-07-28T19:01:38.626074+00:00,1811.407613,open,rgb,-55.000,-55.000,9,700,,0.258778409,56.7469,4.068943024,4.065293789,1.643885851
2026-07-28T19:01:38.776303+00:00,1811.557844,open,rgb,-55.000,-55.000,10,700,,0.258778409,56.7534,4.069024086,4.065333366,1.643897772
2026-07-28T19:01:38.926578+00:00,1811.708118,open,rgb,-55.000,-55.000,11,700,,0.258778409,56.7566,4.069008350,4.065356255,1.643970966
2026-07-28T19:01:39.076778+00:00,1811.858317,open,rgb,-55.000,-55.000,12,700,,0.258750000,56.7663,4.069049358,4.065175533,1.643843055
2026-07-28T19:01:39.227081+00:00,1812.008621,open,rgb,-55.000,-55.000,13,700,,0.258806818,56.7761,4.068936825,4.065255642,1.644131660
2026-07-28T19:01:39.377340+00:00,1812.158880,open,rgb,-55.000,-55.000,14,700,,0.258835227,56.7793,4.068955421,4.065300465,1.644005895
2026-07-28T19:01:39.527501+00:00,1812.309040,open,rgb,-55.000,-55.000,15,700,,0.258778409,56.7858,4.069000721,4.065302849,1.643914342
2026-07-28T19:01:39.677635+00:00,1812.459175,open,rgb,-55.000,-55.000,16,700,,0.258778409,56.7955,4.068819046,4.065193653,1.644206882
2026-07-28T19:01:39.827896+00:00,1812.609437,open,rgb,-55.000,-55.000,17,700,,0.258721591,56.7988,4.068917274,4.065277100,1.644034982
2026-07-28T19:01:39.978058+00:00,1812.759598,open,rgb,-55.000,-55.000,18,700,,0.258863636,56.8020,4.069044113,4.065325737,1.643988848
2026-07-28T19:01:40.128350+00:00,1812.909891,open,rgb,-55.000,-55.000,19,700,,0.258778409,56.8020,4.069015026,4.065368652,1.644023538
2026-07-28T19:01:42.483286+00:00,1815.264822,open,rgb,-55.000,-50.000,0,700,,0.258920455,56.8799,4.068754196,4.065061092,1.643964171
2026-07-28T19:01:42.633677+00:00,1815.415214,open,rgb,-55.000,-50.000,1,700,,0.258835227,56.8832,4.068851948,4.065217018,1.643990993
2026-07-28T19:01:42.783958+00:00,1815.565498,open,rgb,-55.000,-50.000,2,700,,0.258835227,56.8799,4.068717480,4.065101624,1.643969536
2026-07-28T19:01:42.934157+00:00,1815.715697,open,rgb,-55.000,-50.000,3,700,,0.258892045,56.8897,4.068895817,4.065058708,1.643977642
2026-07-28T19:01:43.084287+00:00,1815.865821,open,rgb,-55.000,-50.000,4,700,,0.258892045,56.9059,4.068675995,4.064503193,1.644205689
2026-07-28T19:01:43.234819+00:00,1816.016354,open,rgb,-55.000,-50.000,5,700,,0.258892045,56.9027,4.068738461,4.065058708,1.644004703
2026-07-28T19:01:43.385495+00:00,1816.167033,open,rgb,-55.000,-50.000,6,700,,0.258835227,56.9027,4.068760395,4.065132618,1.644023299
2026-07-28T19:01:43.536050+00:00,1816.317590,open,rgb,-55.000,-50.000,7,700,,0.258835227,56.8897,4.069023132,4.065381050,1.644064784
2026-07-28T19:01:43.686485+00:00,1816.468023,open,rgb,-55.000,-50.000,8,700,,0.258721591,56.8767,4.068969250,4.065313816,1.643221021
2026-07-28T19:01:43.836889+00:00,1816.618430,open,rgb,-55.000,-50.000,9,700,,0.258778409,56.8929,4.069038868,4.065347672,1.644074798
2026-07-28T19:01:43.987336+00:00,1816.768876,open,rgb,-55.000,-50.000,10,700,,0.258806818,56.8864,4.069037437,4.065357685,1.644014716
2026-07-28T19:01:44.137574+00:00,1816.919113,open,rgb,-55.000,-50.000,11,700,,0.258778409,56.8897,4.069100380,4.065336704,1.643930554
2026-07-28T19:01:44.287828+00:00,1817.069368,open,rgb,-55.000,-50.000,12,700,,0.258863636,56.8929,4.069082737,4.065371990,1.644046664
2026-07-28T19:01:44.438039+00:00,1817.219580,open,rgb,-55.000,-50.000,13,700,,0.258750000,56.8897,4.068981171,4.065335751,1.643819213
2026-07-28T19:01:44.588268+00:00,1817.369809,open,rgb,-55.000,-50.000,14,700,,0.258778409,56.8962,4.069056988,4.065428734,1.644024491
2026-07-28T19:01:44.738484+00:00,1817.520021,open,rgb,-55.000,-50.000,15,700,,0.258806818,56.8929,4.069009781,4.065361500,1.644033551
2026-07-28T19:01:44.888702+00:00,1817.670242,open,rgb,-55.000,-50.000,16,700,,0.258778409,56.8994,4.069071293,4.065437794,1.643895626
2026-07-28T19:01:45.038954+00:00,1817.820494,open,rgb,-55.000,-50.000,17,700,,0.258806818,56.9059,4.069076061,4.065459251,1.643913865
2026-07-28T19:01:45.189134+00:00,1817.970674,open,rgb,-55.000,-50.000,18,700,,0.258750000,56.9092,4.069028854,4.065381527,1.643941283
2026-07-28T19:01:45.339335+00:00,1818.120875,open,rgb,-55.000,-50.000,19,700,,0.258750000,56.9157,4.069108963,4.065436840,1.643857479
2026-07-28T19:01:47.694798+00:00,1820.476331,open,rgb,-55.000,-45.000,0,700,,0.258806818,56.9580,4.069082260,4.065373421,1.643344760
2026-07-28T19:01:47.845377+00:00,1820.626914,open,rgb,-55.000,-45.000,1,700,,0.258835227,56.9547,4.068818569,4.065133095,1.643851399
2026-07-28T19:01:47.995703+00:00,1820.777243,open,rgb,-55.000,-45.000,2,700,,0.258892045,56.9710,4.068919182,4.065209389,1.644016981
2026-07-28T19:01:48.145998+00:00,1820.927537,open,rgb,-55.000,-45.000,3,700,,0.258920455,56.9775,4.068921089,4.065244198,1.644106507
2026-07-28T19:01:48.296400+00:00,1821.077939,open,rgb,-55.000,-45.000,4,700,,0.258778409,56.9743,4.068850994,4.065224171,1.643891692
2026-07-28T19:01:48.447103+00:00,1821.228636,open,rgb,-55.000,-45.000,5,700,,0.258863636,56.9873,4.068933487,4.065279007,1.643918991
2026-07-28T19:01:48.597537+00:00,1821.379075,open,rgb,-55.000,-45.000,6,700,,0.258863636,56.9710,4.068954468,4.065284252,1.643995881
2026-07-28T19:01:48.747826+00:00,1821.529362,open,rgb,-55.000,-45.000,7,700,,0.258863636,56.9775,4.068913937,4.065106869,1.643805504
2026-07-28T19:01:48.898137+00:00,1821.679676,open,rgb,-55.000,-45.000,8,700,,0.258863636,56.9905,4.068866730,4.065217972,1.644123316
2026-07-28T19:01:49.048402+00:00,1821.829941,open,rgb,-55.000,-45.000,9,700,,0.258835227,56.9905,4.068916321,4.065250397,1.643950462
2026-07-28T19:01:49.198619+00:00,1821.980158,open,rgb,-55.000,-45.000,10,700,,0.258806818,56.9938,4.069010735,4.065337658,1.643109441
2026-07-28T19:01:49.349023+00:00,1822.130558,open,rgb,-55.000,-45.000,11,700,,0.258863636,57.0068,4.069009304,4.065271378,1.643956900
2026-07-28T19:01:49.499565+00:00,1822.281104,open,rgb,-55.000,-45.000,12,700,,0.258835227,57.0068,4.068943024,4.065276623,1.643770337
2026-07-28T19:01:49.649801+00:00,1822.431341,open,rgb,-55.000,-45.000,13,700,,0.258920455,57.0133,4.068996429,4.065331459,1.643772244
2026-07-28T19:01:49.800047+00:00,1822.581586,open,rgb,-55.000,-45.000,14,700,,0.258863636,57.0133,4.068911552,4.065241337,1.643986940
2026-07-28T19:01:49.950267+00:00,1822.731807,open,rgb,-55.000,-45.000,15,700,,0.258863636,57.0231,4.068977833,4.065209389,1.643826246
2026-07-28T19:01:50.100458+00:00,1822.881998,open,rgb,-55.000,-45.000,16,700,,0.258863636,57.0296,4.068986416,4.065308571,1.643979073
2026-07-28T19:01:50.250691+00:00,1823.032231,open,rgb,-55.000,-45.000,17,700,,0.258863636,57.0231,4.068987846,4.065300941,1.643790364
2026-07-28T19:01:50.400884+00:00,1823.182425,open,rgb,-55.000,-45.000,18,700,,0.258835227,57.0264,4.069030762,4.065454483,1.643880248
2026-07-28T19:01:50.551057+00:00,1823.332598,open,rgb,-55.000,-45.000,19,700,,0.258835227,57.0394,4.069016457,4.065377235,1.643905401
2026-07-28T19:01:52.906135+00:00,1825.687671,open,rgb,-55.000,-40.000,0,700,,0.258806818,57.1014,4.067327499,4.063746929,1.643783092
2026-07-28T19:01:53.056633+00:00,1825.838169,open,rgb,-55.000,-40.000,1,700,,0.258806818,57.1177,4.067436218,4.063757896,1.644018650
2026-07-28T19:01:53.206894+00:00,1825.988434,open,rgb,-55.000,-40.000,2,700,,0.258892045,57.1210,4.067468643,4.063891411,1.643969059
2026-07-28T19:01:53.357140+00:00,1826.138679,open,rgb,-55.000,-40.000,3,700,,0.258863636,57.1177,4.067413330,4.063786983,1.643749595
2026-07-28T19:01:53.507337+00:00,1826.288878,open,rgb,-55.000,-40.000,4,700,,0.258892045,57.1275,4.067671776,4.064095497,1.643946409
2026-07-28T19:01:53.657545+00:00,1826.439078,open,rgb,-55.000,-40.000,5,700,,0.258778409,57.1112,4.067632675,4.064032555,1.643957376
2026-07-28T19:01:53.807994+00:00,1826.589533,open,rgb,-55.000,-40.000,6,700,,0.258806818,57.1177,4.067653656,4.063995838,1.643938303
2026-07-28T19:01:53.958168+00:00,1826.739709,open,rgb,-55.000,-40.000,7,700,,0.258892045,57.1210,4.067671776,4.064060211,1.643963456
2026-07-28T19:01:54.108434+00:00,1826.889973,open,rgb,-55.000,-40.000,8,700,,0.258835227,57.1177,4.067575932,4.063989639,1.643815041
2026-07-28T19:01:54.258664+00:00,1827.040205,open,rgb,-55.000,-40.000,9,700,,0.258835227,57.1243,4.067635059,4.064086914,1.643971801
2026-07-28T19:01:54.408941+00:00,1827.190480,open,rgb,-55.000,-40.000,10,700,,0.258806818,57.1308,4.067659855,4.063996792,1.644105554
2026-07-28T19:01:54.559096+00:00,1827.340637,open,rgb,-55.000,-40.000,11,700,,0.258863636,57.1308,4.067618370,4.064033508,1.644024253
2026-07-28T19:01:54.709354+00:00,1827.490895,open,rgb,-55.000,-40.000,12,700,,0.258806818,57.1308,4.067924976,4.064189911,1.643520832
2026-07-28T19:01:54.859569+00:00,1827.641107,open,rgb,-55.000,-40.000,13,700,,0.258835227,57.1308,4.067601681,4.064093113,1.643917561
2026-07-28T19:01:55.009948+00:00,1827.791487,open,rgb,-55.000,-40.000,14,700,,0.258806818,57.1373,4.067713261,4.064043045,1.643989563
2026-07-28T19:01:55.160261+00:00,1827.941800,open,rgb,-55.000,-40.000,15,700,,0.258892045,57.1439,4.067684174,4.064058781,1.643987656
2026-07-28T19:01:55.310757+00:00,1828.092292,open,rgb,-55.000,-40.000,16,700,,0.258806818,57.1406,4.067532539,4.063991547,1.643859267
2026-07-28T19:01:55.461106+00:00,1828.242647,open,rgb,-55.000,-40.000,17,700,,0.258863636,57.1504,4.067719936,4.064098835,1.644007206
2026-07-28T19:01:55.611342+00:00,1828.392882,open,rgb,-55.000,-40.000,18,700,,0.258835227,57.1471,4.067713737,4.064134121,1.643894315
2026-07-28T19:01:55.761640+00:00,1828.543180,open,rgb,-55.000,-40.000,19,700,,0.258778409,57.1471,4.067670822,4.063973904,1.643721461
2026-07-28T19:01:58.116797+00:00,1830.898333,open,rgb,-55.000,-35.000,0,700,,0.258948864,57.1864,4.067290306,4.063735008,1.643938541
2026-07-28T19:01:58.267338+00:00,1831.048876,open,rgb,-55.000,-35.000,1,700,,0.258863636,57.1864,4.067213535,4.063635826,1.644137740
2026-07-28T19:01:58.417693+00:00,1831.199234,open,rgb,-55.000,-35.000,2,700,,0.258863636,57.1962,4.067281246,4.063886642,1.644017935
2026-07-28T19:01:58.567946+00:00,1831.349486,open,rgb,-55.000,-35.000,3,700,,0.258835227,57.1896,4.067540169,4.064013481,1.643976927
2026-07-28T19:01:58.718127+00:00,1831.499668,open,rgb,-55.000,-35.000,4,700,,0.258863636,57.1929,4.067502499,4.063913822,1.643868446
2026-07-28T19:01:58.868899+00:00,1831.650432,open,rgb,-55.000,-35.000,5,700,,0.258863636,57.1962,4.067070961,4.064037323,1.643922210
2026-07-28T19:01:59.019574+00:00,1831.801110,open,rgb,-55.000,-35.000,6,700,,0.258920455,57.2093,4.067524910,4.063947678,1.644109011
2026-07-28T19:01:59.170093+00:00,1831.951632,open,rgb,-55.000,-35.000,7,700,,0.258806818,57.2093,4.067459583,4.063991070,1.643929720
2026-07-28T19:01:59.320519+00:00,1832.102057,open,rgb,-55.000,-35.000,8,700,,0.258892045,57.2125,4.067564964,4.064011097,1.644004703
2026-07-28T19:01:59.470884+00:00,1832.252425,open,rgb,-55.000,-35.000,9,700,,0.258778409,57.2191,4.067483425,4.063934803,1.644122601
2026-07-28T19:01:59.621180+00:00,1832.402721,open,rgb,-55.000,-35.000,10,700,,0.258835227,57.2256,4.067514420,4.063937187,1.643969536
2026-07-28T19:01:59.771557+00:00,1832.553096,open,rgb,-55.000,-35.000,11,700,,0.258835227,57.2256,4.067575455,4.064069271,1.643970013
2026-07-28T19:01:59.921924+00:00,1832.703465,open,rgb,-55.000,-35.000,12,700,,0.258863636,57.2224,4.067492962,4.063937664,1.643908262
2026-07-28T19:02:00.072303+00:00,1832.853843,open,rgb,-55.000,-35.000,13,700,,0.258863636,57.2322,4.067585468,4.063984871,1.644003510
2026-07-28T19:02:00.222682+00:00,1833.004223,open,rgb,-55.000,-35.000,14,700,,0.258863636,57.2420,4.067638397,4.064122677,1.644127250
2026-07-28T19:02:00.373080+00:00,1833.154620,open,rgb,-55.000,-35.000,15,700,,0.258892045,57.2420,4.067498684,4.063925743,1.644141197
2026-07-28T19:02:00.523432+00:00,1833.304973,open,rgb,-55.000,-35.000,16,700,,0.258863636,57.2453,4.067625046,4.064134598,1.644020319
2026-07-28T19:02:00.673733+00:00,1833.455274,open,rgb,-55.000,-35.000,17,700,,0.258835227,57.2420,4.067499161,4.063966751,1.644056439
2026-07-28T19:02:00.824032+00:00,1833.605573,open,rgb,-55.000,-35.000,18,700,,0.258835227,57.2420,4.067646503,4.063922405,1.643940449
2026-07-28T19:02:00.974380+00:00,1833.755920,open,rgb,-55.000,-35.000,19,700,,0.258863636,57.2420,4.067579269,4.063998699,1.644139051
2026-07-28T19:02:03.329306+00:00,1836.110842,open,rgb,-55.000,-30.000,0,700,,0.259005682,57.1995,4.067253590,4.063673973,1.644284725
2026-07-28T19:02:03.483469+00:00,1836.265008,open,rgb,-55.000,-30.000,1,700,,0.258920455,57.2093,4.067314625,4.063640118,1.644194365
2026-07-28T19:02:03.633950+00:00,1836.415489,open,rgb,-55.000,-30.000,2,700,,0.258920455,57.2224,4.067295551,4.063736439,1.644258380
2026-07-28T19:02:03.784415+00:00,1836.565955,open,rgb,-55.000,-30.000,3,700,,0.258863636,57.2224,4.067277431,4.063719273,1.644130707
2026-07-28T19:02:03.934829+00:00,1836.716370,open,rgb,-55.000,-30.000,4,700,,0.258948864,57.2322,4.067377090,4.063799381,1.644062877
2026-07-28T19:02:04.085196+00:00,1836.866731,open,rgb,-55.000,-30.000,5,700,,0.258920455,57.2420,4.067273140,4.063124180,1.644354105
2026-07-28T19:02:04.235730+00:00,1837.017266,open,rgb,-55.000,-30.000,6,700,,0.258920455,57.2486,4.067193031,4.063698769,1.644147754
2026-07-28T19:02:04.386312+00:00,1837.167849,open,rgb,-55.000,-30.000,7,700,,0.259005682,57.2584,4.067244053,4.063729286,1.644160509
2026-07-28T19:02:04.536821+00:00,1837.318362,open,rgb,-55.000,-30.000,8,700,,0.258863636,57.2617,4.067239761,4.063706875,1.644261837
2026-07-28T19:02:04.687257+00:00,1837.468796,open,rgb,-55.000,-30.000,9,700,,0.258977273,57.2715,4.067368984,4.063634396,1.644125819
2026-07-28T19:02:04.837671+00:00,1837.619211,open,rgb,-55.000,-30.000,10,700,,0.258920455,57.2813,4.067256451,4.063717842,1.644398808
2026-07-28T19:02:04.988168+00:00,1837.769707,open,rgb,-55.000,-30.000,11,700,,0.258977273,57.2813,4.067278385,4.063762665,1.644207597
2026-07-28T19:02:05.138691+00:00,1837.920225,open,rgb,-55.000,-30.000,12,700,,0.258920455,57.2879,4.067342758,4.063827038,1.644055009
2026-07-28T19:02:05.289162+00:00,1838.070703,open,rgb,-55.000,-30.000,13,700,,0.258863636,57.2912,4.067329407,4.063788891,1.644134641
2026-07-28T19:02:05.439544+00:00,1838.221084,open,rgb,-55.000,-30.000,14,700,,0.258892045,57.2912,4.067258358,4.063658714,1.644060850
2026-07-28T19:02:05.589923+00:00,1838.371464,open,rgb,-55.000,-30.000,15,700,,0.258920455,57.3010,4.067316532,4.063690186,1.644257665
2026-07-28T19:02:05.740230+00:00,1838.521771,open,rgb,-55.000,-30.000,16,700,,0.258977273,57.3010,4.067535400,4.063980103,1.644234657
2026-07-28T19:02:05.890610+00:00,1838.672151,open,rgb,-55.000,-30.000,17,700,,0.258863636,57.2912,4.067391872,4.063707829,1.644049644
2026-07-28T19:02:06.040974+00:00,1838.822515,open,rgb,-55.000,-30.000,18,700,,0.258977273,57.3141,4.067258358,4.063754082,1.644337535
2026-07-28T19:02:06.191338+00:00,1838.972877,open,rgb,-55.000,-30.000,19,700,,0.258977273,57.3141,4.067298889,4.063804626,1.644172192
2026-07-28T19:02:08.546637+00:00,1841.328171,open,rgb,-55.000,-25.000,0,700,,0.258948864,57.3568,4.067862511,4.064127922,1.643705845
2026-07-28T19:02:08.697162+00:00,1841.478701,open,rgb,-55.000,-25.000,1,700,,0.258948864,57.3568,4.067570210,4.064115524,1.644160986
2026-07-28T19:02:08.847644+00:00,1841.629185,open,rgb,-55.000,-25.000,2,700,,0.258892045,57.3568,4.067545891,4.064019203,1.644044757
2026-07-28T19:02:08.998025+00:00,1841.779566,open,rgb,-55.000,-25.000,3,700,,0.258920455,57.3633,4.067642212,4.064197063,1.644064069
2026-07-28T19:02:09.148433+00:00,1841.929973,open,rgb,-55.000,-25.000,4,700,,0.258721591,57.3633,4.067619324,4.064093590,1.644257903
2026-07-28T19:02:09.298836+00:00,1842.080375,open,rgb,-55.000,-25.000,5,700,,0.258863636,57.3666,4.067552567,4.064004898,1.644151211
2026-07-28T19:02:09.451014+00:00,1842.232548,open,rgb,-55.000,-25.000,6,700,,0.258920455,57.3830,4.067374229,4.063835621,1.644137979
2026-07-28T19:02:09.601613+00:00,1842.383151,open,rgb,-55.000,-25.000,7,700,,0.258920455,57.3568,4.067405701,4.063858509,1.644011855
2026-07-28T19:02:09.752056+00:00,1842.533595,open,rgb,-55.000,-25.000,8,700,,0.258948864,57.3239,4.067492962,4.063933849,1.643932223
2026-07-28T19:02:09.902507+00:00,1842.684046,open,rgb,-55.000,-25.000,9,700,,0.258920455,57.2846,4.067505360,4.063998699,1.643998623
2026-07-28T19:02:10.052895+00:00,1842.834436,open,rgb,-55.000,-25.000,10,700,,0.258948864,57.2780,4.067392826,4.063879967,1.643900037
2026-07-28T19:02:10.203284+00:00,1842.984823,open,rgb,-55.000,-25.000,11,700,,0.258948864,57.3043,4.067456245,4.063916683,1.644017220
2026-07-28T19:02:10.353648+00:00,1843.135188,open,rgb,-55.000,-25.000,12,700,,0.258892045,57.3174,4.067395210,4.063834667,1.644212723
2026-07-28T19:02:10.504020+00:00,1843.285561,open,rgb,-55.000,-25.000,13,700,,0.259005682,57.3305,4.067410946,4.063877583,1.644065261
2026-07-28T19:02:10.654305+00:00,1843.435845,open,rgb,-55.000,-25.000,14,700,,0.258892045,57.3436,4.067441940,4.063933372,1.644141436
2026-07-28T19:02:10.804725+00:00,1843.586265,open,rgb,-55.000,-25.000,15,700,,0.258835227,57.3469,4.067414284,4.063853264,1.644024730
2026-07-28T19:02:10.955110+00:00,1843.736648,open,rgb,-55.000,-25.000,16,700,,0.258948864,57.3600,4.067492008,4.063929558,1.644019842
2026-07-28T19:02:11.105513+00:00,1843.887051,open,rgb,-55.000,-25.000,17,700,,0.258948864,57.3666,4.067434311,4.063857555,1.644267201
2026-07-28T19:02:11.256013+00:00,1844.037551,open,rgb,-55.000,-25.000,18,700,,0.258920455,57.3666,4.067517281,4.064001083,1.644127250
2026-07-28T19:02:11.406608+00:00,1844.188142,open,rgb,-55.000,-25.000,19,700,,0.258892045,57.3666,4.067432404,4.063935280,1.643915892
2026-07-28T19:02:13.761787+00:00,1846.543323,open,rgb,-55.000,-20.000,0,700,,0.258920455,57.3896,4.069573879,4.065963745,1.644008160
2026-07-28T19:02:13.912455+00:00,1846.693993,open,rgb,-55.000,-20.000,1,700,,0.258892045,57.3371,4.069477558,4.065818787,1.643829226
2026-07-28T19:02:14.062849+00:00,1846.844389,open,rgb,-55.000,-20.000,2,700,,0.258977273,57.3305,4.069691658,4.066156387,1.644096017
2026-07-28T19:02:14.213299+00:00,1846.994838,open,rgb,-55.000,-20.000,3,700,,0.258948864,57.3404,4.069541931,4.065959454,1.644065261
2026-07-28T19:02:14.363754+00:00,1847.145292,open,rgb,-55.000,-20.000,4,700,,0.258892045,57.3535,4.069530487,4.065781116,1.643923640
2026-07-28T19:02:14.514148+00:00,1847.295689,open,rgb,-55.000,-20.000,5,700,,0.258977273,57.3765,4.069487095,4.065959454,1.644145608
2026-07-28T19:02:14.664753+00:00,1847.446287,open,rgb,-55.000,-20.000,6,700,,0.258948864,57.3830,4.069517136,4.065918446,1.644036889
2026-07-28T19:02:14.815307+00:00,1847.596846,open,rgb,-55.000,-20.000,7,700,,0.258920455,57.3929,4.069568634,4.065965176,1.644023299
2026-07-28T19:02:14.965697+00:00,1847.747239,open,rgb,-55.000,-20.000,8,700,,0.258920455,57.4028,4.069542885,4.065915108,1.644075990
2026-07-28T19:02:15.116204+00:00,1847.897742,open,rgb,-55.000,-20.000,9,700,,0.258977273,57.4060,4.069435120,4.065830708,1.643947124
2026-07-28T19:02:15.266705+00:00,1848.048241,open,rgb,-55.000,-20.000,10,700,,0.258977273,57.4192,4.069512367,4.065895081,1.644133329
2026-07-28T19:02:15.416979+00:00,1848.198517,open,rgb,-55.000,-20.000,11,700,,0.258977273,57.4192,4.069502831,4.065889835,1.644232750
2026-07-28T19:02:15.567468+00:00,1848.349005,open,rgb,-55.000,-20.000,12,700,,0.258948864,57.4258,4.069564819,4.065928936,1.643976450
2026-07-28T19:02:15.717936+00:00,1848.499475,open,rgb,-55.000,-20.000,13,700,,0.258892045,57.4323,4.069576740,4.065974236,1.644035459
2026-07-28T19:02:15.868313+00:00,1848.649853,open,rgb,-55.000,-20.000,14,700,,0.258892045,57.4356,4.069550514,4.065912724,1.643954158
2026-07-28T19:02:16.018673+00:00,1848.800213,open,rgb,-55.000,-20.000,15,700,,0.258920455,57.4422,4.069658279,4.066051483,1.643929958
2026-07-28T19:02:16.169010+00:00,1848.950550,open,rgb,-55.000,-20.000,16,700,,0.259005682,57.4521,4.069463730,4.065856457,1.644313574
2026-07-28T19:02:16.319464+00:00,1849.101001,open,rgb,-55.000,-20.000,17,700,,0.258948864,57.4422,4.069457531,4.065840721,1.644105315
2026-07-28T19:02:16.470119+00:00,1849.251655,open,rgb,-55.000,-20.000,18,700,,0.259034091,57.4323,4.069515705,4.065936089,1.644139051
2026-07-28T19:02:16.620593+00:00,1849.402134,open,rgb,-55.000,-20.000,19,700,,0.258948864,57.4290,4.069493294,4.065855980,1.644239545
2026-07-28T19:02:18.975585+00:00,1851.757117,open,rgb,-55.000,-15.000,0,700,,0.258920455,57.4784,4.069650173,4.066147327,1.643926859
2026-07-28T19:02:19.126357+00:00,1851.907891,open,rgb,-55.000,-15.000,1,700,,0.258920455,57.4751,4.069874287,4.066287041,1.643423438
2026-07-28T19:02:19.276785+00:00,1852.058321,open,rgb,-55.000,-15.000,2,700,,0.258920455,57.4718,4.069671631,4.066095829,1.643951058
2026-07-28T19:02:19.427245+00:00,1852.208781,open,rgb,-55.000,-15.000,3,700,,0.258977273,57.4981,4.069691181,4.065955162,1.643990993
2026-07-28T19:02:19.577527+00:00,1852.359066,open,rgb,-55.000,-15.000,4,700,,0.259005682,57.5080,4.069897175,4.066214561,1.644181013
2026-07-28T19:02:19.727911+00:00,1852.509450,open,rgb,-55.000,-15.000,5,700,,0.258892045,57.4949,4.069551468,4.065970898,1.644121647
2026-07-28T19:02:19.877948+00:00,1852.659481,open,rgb,-55.000,-15.000,6,700,,0.258977273,57.5113,4.069550037,4.066075325,1.644055486
2026-07-28T19:02:20.028652+00:00,1852.810191,open,rgb,-55.000,-15.000,7,700,,0.258977273,57.5113,4.069758415,4.066120625,1.644085526
2026-07-28T19:02:20.179127+00:00,1852.960666,open,rgb,-55.000,-15.000,8,700,,0.258920455,57.5113,4.069635391,4.066001415,1.643901229
2026-07-28T19:02:20.329585+00:00,1853.111123,open,rgb,-55.000,-15.000,9,700,,0.259005682,57.5179,4.069735050,4.066179276,1.644063354
2026-07-28T19:02:20.480111+00:00,1853.261651,open,rgb,-55.000,-15.000,10,700,,0.258948864,57.5146,4.069591045,4.066038609,1.644138455
2026-07-28T19:02:20.630506+00:00,1853.412046,open,rgb,-55.000,-15.000,11,700,,0.259005682,57.5179,4.069762230,4.066061974,1.644065261
2026-07-28T19:02:20.780930+00:00,1853.562470,open,rgb,-55.000,-15.000,12,700,,0.259005682,57.5212,4.069557667,4.066031456,1.644191265
2026-07-28T19:02:20.931272+00:00,1853.712812,open,rgb,-55.000,-15.000,13,700,,0.259005682,57.5179,4.069623947,4.066035748,1.644058943
2026-07-28T19:02:21.081647+00:00,1853.863187,open,rgb,-55.000,-15.000,14,700,,0.258977273,57.5212,4.069679260,4.066098213,1.644069672
2026-07-28T19:02:21.232031+00:00,1854.013572,open,rgb,-55.000,-15.000,15,700,,0.259005682,57.5245,4.069660664,4.066117287,1.644118428
2026-07-28T19:02:21.382426+00:00,1854.163961,open,rgb,-55.000,-15.000,16,700,,0.258920455,57.5212,4.069594383,4.065970421,1.644004464
2026-07-28T19:02:21.533026+00:00,1854.314563,open,rgb,-55.000,-15.000,17,700,,0.258948864,57.5278,4.069669724,4.066080570,1.644199729
2026-07-28T19:02:21.683547+00:00,1854.465087,open,rgb,-55.000,-15.000,18,700,,0.258920455,57.5245,4.069710255,4.066132545,1.644093394
2026-07-28T19:02:21.833961+00:00,1854.615502,open,rgb,-55.000,-15.000,19,700,,0.258920455,57.5245,4.069808960,4.066136360,1.643962026
2026-07-28T19:02:24.189196+00:00,1856.970732,open,rgb,-55.000,-10.000,0,700,,0.258892045,57.5904,4.070173264,4.066535950,1.643980026
2026-07-28T19:02:24.339735+00:00,1857.121273,open,rgb,-55.000,-10.000,1,700,,0.258835227,57.5871,4.070036888,4.066385746,1.643981814
2026-07-28T19:02:24.490144+00:00,1857.271683,open,rgb,-55.000,-10.000,2,700,,0.258977273,57.5937,4.070138454,4.066500187,1.643956423
2026-07-28T19:02:24.640539+00:00,1857.422078,open,rgb,-55.000,-10.000,3,700,,0.258835227,57.5871,4.070171833,4.066500187,1.643840909
2026-07-28T19:02:24.790869+00:00,1857.572409,open,rgb,-55.000,-10.000,4,700,,0.258863636,57.5871,4.070052624,4.066414356,1.643722057
2026-07-28T19:02:24.941182+00:00,1857.722722,open,rgb,-55.000,-10.000,5,700,,0.258863636,57.5970,4.070113182,4.066484451,1.644085526
2026-07-28T19:02:25.092732+00:00,1857.874267,open,rgb,-55.000,-10.000,6,700,,0.258835227,57.5970,4.070122719,4.066125870,1.644199491
2026-07-28T19:02:25.243114+00:00,1858.024651,open,rgb,-55.000,-10.000,7,700,,0.258835227,57.5871,4.070097446,4.066460133,1.643808961
2026-07-28T19:02:25.393785+00:00,1858.175321,open,rgb,-55.000,-10.000,8,700,,0.258892045,57.5970,4.070129871,4.066593170,1.644054770
2026-07-28T19:02:25.544419+00:00,1858.325956,open,rgb,-55.000,-10.000,9,700,,0.258892045,57.5970,4.070136070,4.066508770,1.644015431
2026-07-28T19:02:25.694988+00:00,1858.476526,open,rgb,-55.000,-10.000,10,700,,0.258892045,57.5970,4.070176125,4.066571712,1.643880725
2026-07-28T19:02:25.845457+00:00,1858.626997,open,rgb,-55.000,-10.000,11,700,,0.258920455,57.6036,4.070151806,4.066517353,1.644068718
2026-07-28T19:02:25.995885+00:00,1858.777425,open,rgb,-55.000,-10.000,12,700,,0.258835227,57.6069,4.070062637,4.066447735,1.643935919
2026-07-28T19:02:26.146279+00:00,1858.927814,open,rgb,-55.000,-10.000,13,700,,0.258863636,57.6135,4.070284367,4.066629887,1.643968344
2026-07-28T19:02:26.296408+00:00,1859.077943,open,rgb,-55.000,-10.000,14,700,,0.258806818,57.5871,4.070081234,4.066469193,1.643736601
2026-07-28T19:02:26.446812+00:00,1859.228347,open,rgb,-55.000,-10.000,15,700,,0.258863636,57.5772,4.069860935,4.066212177,1.643966436
2026-07-28T19:02:26.597486+00:00,1859.379025,open,rgb,-55.000,-10.000,16,700,,0.258977273,57.5904,4.069932938,4.066286564,1.644123077
2026-07-28T19:02:26.747903+00:00,1859.529442,open,rgb,-55.000,-10.000,17,700,,0.258948864,57.5871,4.069828510,4.066236973,1.644045472
2026-07-28T19:02:26.898253+00:00,1859.679793,open,rgb,-55.000,-10.000,18,700,,0.258948864,57.5937,4.069940090,4.066346645,1.644044280
2026-07-28T19:02:27.048605+00:00,1859.830147,open,rgb,-55.000,-10.000,19,700,,0.258977273,57.5970,4.069899559,4.066319942,1.644106984
2026-07-28T19:02:29.403763+00:00,1862.185299,open,rgb,-55.000,-5.000,0,700,,0.258806818,57.6036,4.070069313,4.066425323,1.643902183
2026-07-28T19:02:29.554291+00:00,1862.335827,open,rgb,-55.000,-5.000,1,700,,0.258892045,57.5212,4.069898605,4.066337585,1.643949986
2026-07-28T19:02:29.704820+00:00,1862.486358,open,rgb,-55.000,-5.000,2,700,,0.258920455,57.5113,4.069894791,4.066340923,1.644064784
2026-07-28T19:02:29.855278+00:00,1862.636818,open,rgb,-55.000,-5.000,3,700,,0.258948864,57.5146,4.069828033,4.066252232,1.643874049
2026-07-28T19:02:30.005639+00:00,1862.787179,open,rgb,-55.000,-5.000,4,700,,0.258920455,57.5344,4.069920540,4.066318989,1.644012570
2026-07-28T19:02:30.156115+00:00,1862.937655,open,rgb,-55.000,-5.000,5,700,,0.258948864,57.5443,4.069757938,4.066246986,1.644145846
2026-07-28T19:02:30.306481+00:00,1863.088020,open,rgb,-55.000,-5.000,6,700,,0.258948864,57.5641,4.069852352,4.066166401,1.644019842
2026-07-28T19:02:30.457262+00:00,1863.238795,open,rgb,-55.000,-5.000,7,700,,0.259005682,57.6102,4.069777966,4.066195488,1.644209743
2026-07-28T19:02:30.608092+00:00,1863.389627,open,rgb,-55.000,-5.000,8,700,,0.259005682,57.5838,4.069785118,4.066356659,1.644093871
2026-07-28T19:02:30.758756+00:00,1863.540294,open,rgb,-55.000,-5.000,9,700,,0.258920455,57.5871,4.069904327,4.066356659,1.643392920
2026-07-28T19:02:30.909165+00:00,1863.690704,open,rgb,-55.000,-5.000,10,700,,0.258977273,57.6168,4.069774628,4.066200733,1.644174933
2026-07-28T19:02:31.059608+00:00,1863.841147,open,rgb,-55.000,-5.000,11,700,,0.258977273,57.6202,4.069752216,4.066199303,1.644011855
2026-07-28T19:02:31.210030+00:00,1863.991569,open,rgb,-55.000,-5.000,12,700,,0.259005682,57.6334,4.069822311,4.066261292,1.644062042
2026-07-28T19:02:31.360640+00:00,1864.142177,open,rgb,-55.000,-5.000,13,700,,0.258920455,57.6400,4.069816589,4.066271782,1.644056916
2026-07-28T19:02:31.511264+00:00,1864.292799,open,rgb,-55.000,-5.000,14,700,,0.258948864,57.6433,4.069849968,4.066230774,1.643972278
2026-07-28T19:02:31.661803+00:00,1864.443339,open,rgb,-55.000,-5.000,15,700,,0.258977273,57.6499,4.069794178,4.066287994,1.644049406
2026-07-28T19:02:31.812324+00:00,1864.593864,open,rgb,-55.000,-5.000,16,700,,0.258920455,57.6499,4.069797516,4.066269875,1.643962026
2026-07-28T19:02:31.962748+00:00,1864.744287,open,rgb,-55.000,-5.000,17,700,,0.258977273,57.6532,4.069845200,4.066336155,1.643921733
2026-07-28T19:02:32.113215+00:00,1864.894755,open,rgb,-55.000,-5.000,18,700,,0.258948864,57.6598,4.069754601,4.066205025,1.644126773
2026-07-28T19:02:32.263616+00:00,1865.045155,open,rgb,-55.000,-5.000,19,700,,0.258948864,57.6565,4.069627762,4.066127777,1.643954396
2026-07-28T19:02:34.618646+00:00,1867.400183,open,rgb,-55.000,0.000,0,700,,0.259034091,57.6796,4.070303917,4.066727161,1.643962741
2026-07-28T19:02:34.768952+00:00,1867.550492,open,rgb,-55.000,0.000,1,700,,0.259034091,57.6829,4.070267677,4.066697121,1.644102097
2026-07-28T19:02:34.919182+00:00,1867.700720,open,rgb,-55.000,0.000,2,700,,0.259005682,57.6796,4.070185184,4.066586971,1.643843055
2026-07-28T19:02:35.069504+00:00,1867.851044,open,rgb,-55.000,0.000,3,700,,0.259034091,57.6829,4.070305347,4.066701412,1.644075513
2026-07-28T19:02:35.219734+00:00,1868.001273,open,rgb,-55.000,0.000,4,700,,0.259005682,57.6796,4.070310116,4.066746712,1.644004464
2026-07-28T19:02:35.369901+00:00,1868.151443,open,rgb,-55.000,0.000,5,700,,0.259005682,57.6796,4.070443630,4.066710949,1.643915653
2026-07-28T19:02:35.520311+00:00,1868.301850,open,rgb,-55.000,0.000,6,700,,0.259005682,57.6829,4.070266724,4.066688538,1.644103646
2026-07-28T19:02:35.670832+00:00,1868.452364,open,rgb,-55.000,0.000,7,700,,0.259005682,57.6895,4.070273876,4.066718102,1.643900037
2026-07-28T19:02:35.821270+00:00,1868.602809,open,rgb,-55.000,0.000,8,700,,0.259034091,57.6928,4.070360184,4.066761017,1.643953919
2026-07-28T19:02:35.971610+00:00,1868.753149,open,rgb,-55.000,0.000,9,700,,0.259005682,57.7028,4.070290565,4.066676617,1.644110203
2026-07-28T19:02:36.121910+00:00,1868.903447,open,rgb,-55.000,0.000,10,700,,0.259005682,57.6962,4.070285320,4.066687107,1.644025207
2026-07-28T19:02:36.272520+00:00,1869.054054,open,rgb,-55.000,0.000,11,700,,0.259090909,57.6829,4.070328712,4.066741943,1.643316031
2026-07-28T19:02:36.423014+00:00,1869.204549,open,rgb,-55.000,0.000,12,700,,0.259062500,57.6829,4.070250034,4.066683292,1.644076467
2026-07-28T19:02:36.573439+00:00,1869.354977,open,rgb,-55.000,0.000,13,700,,0.259062500,57.6895,4.070331097,4.066733837,1.644035697
2026-07-28T19:02:36.723699+00:00,1869.505239,open,rgb,-55.000,0.000,14,700,,0.259062500,57.6895,4.070336819,4.066778183,1.644061327
2026-07-28T19:02:36.873873+00:00,1869.655412,open,rgb,-55.000,0.000,15,700,,0.259090909,57.6862,4.070275784,4.066747189,1.643865585
2026-07-28T19:02:37.024122+00:00,1869.805662,open,rgb,-55.000,0.000,16,700,,0.259005682,57.6928,4.070384502,4.066802025,1.643969774
2026-07-28T19:02:37.174333+00:00,1869.955873,open,rgb,-55.000,0.000,17,700,,0.259005682,57.6995,4.070411205,4.066735268,1.644052625
2026-07-28T19:02:37.324614+00:00,1870.106150,open,rgb,-55.000,0.000,18,700,,0.259005682,57.7061,4.070317745,4.066694736,1.643950224
2026-07-28T19:02:37.474991+00:00,1870.256529,open,rgb,-55.000,0.000,19,700,,0.259034091,57.7094,4.070408821,4.066781044,1.644047976
2026-07-28T19:02:39.829943+00:00,1872.611478,open,rgb,-55.000,5.000,0,700,,0.259090909,57.7160,4.070548534,4.066888809,1.644089460
2026-07-28T19:02:39.980476+00:00,1872.762013,open,rgb,-55.000,5.000,1,700,,0.258977273,57.7193,4.070476055,4.066808701,1.643928051
2026-07-28T19:02:40.130808+00:00,1872.912348,open,rgb,-55.000,5.000,2,700,,0.258977273,57.7259,4.070516109,4.066897869,1.644122601
2026-07-28T19:02:40.280982+00:00,1873.062521,open,rgb,-55.000,5.000,3,700,,0.259034091,57.7226,4.070480824,4.066849709,1.644094825
2026-07-28T19:02:40.431236+00:00,1873.212773,open,rgb,-55.000,5.000,4,700,,0.259034091,57.7292,4.070513725,4.066913128,1.644046426
2026-07-28T19:02:40.581632+00:00,1873.363170,open,rgb,-55.000,5.000,5,700,,0.259062500,57.7425,4.070492268,4.066892624,1.644212008
2026-07-28T19:02:40.731872+00:00,1873.513411,open,rgb,-55.000,5.000,6,700,,0.259034091,57.7425,4.070434093,4.066833496,1.644038916
2026-07-28T19:02:40.881467+00:00,1873.662999,open,rgb,-55.000,5.000,7,700,,0.259062500,57.7524,4.070543289,4.066922188,1.644075274
2026-07-28T19:02:41.031959+00:00,1873.813496,open,rgb,-55.000,5.000,8,700,,0.259005682,57.7524,4.070493698,4.066847324,1.644222260
2026-07-28T19:02:41.182198+00:00,1873.963737,open,rgb,-55.000,5.000,9,700,,0.259062500,57.7590,4.070568085,4.066859722,1.644041061
2026-07-28T19:02:41.332482+00:00,1874.114020,open,rgb,-55.000,5.000,10,700,,0.259034091,57.7657,4.070604324,4.066978455,1.644053817
2026-07-28T19:02:41.482844+00:00,1874.264379,open,rgb,-55.000,5.000,11,700,,0.258977273,57.7623,4.070558071,4.066946983,1.643961072
2026-07-28T19:02:41.633104+00:00,1874.414644,open,rgb,-55.000,5.000,12,700,,0.259034091,57.7690,4.070633888,4.066954613,1.644028187
2026-07-28T19:02:41.783314+00:00,1874.564854,open,rgb,-55.000,5.000,13,700,,0.259034091,57.7723,4.070691586,4.066935539,1.643456101
2026-07-28T19:02:41.933468+00:00,1874.715008,open,rgb,-55.000,5.000,14,700,,0.259034091,57.7690,4.070547104,4.066916943,1.643918753
2026-07-28T19:02:42.083599+00:00,1874.865139,open,rgb,-55.000,5.000,15,700,,0.259034091,57.7723,4.070619106,4.067030907,1.644086003
2026-07-28T19:02:42.233955+00:00,1875.015493,open,rgb,-55.000,5.000,16,700,,0.258948864,57.7723,4.070567131,4.066924572,1.644106746
2026-07-28T19:02:42.384398+00:00,1875.165937,open,rgb,-55.000,5.000,17,700,,0.259034091,57.7756,4.070676804,4.066827297,1.643936396
2026-07-28T19:02:42.534885+00:00,1875.316425,open,rgb,-55.000,5.000,18,700,,0.259005682,57.7822,4.070583820,4.066917419,1.644211769
2026-07-28T19:02:42.685270+00:00,1875.466810,open,rgb,-55.000,5.000,19,700,,0.259005682,57.7822,4.070558071,4.066931725,1.644085288
2026-07-28T19:02:45.040566+00:00,1877.822102,open,rgb,-55.000,10.000,0,700,,0.258892045,57.7922,4.070538521,4.066855431,1.643902898
2026-07-28T19:02:45.191176+00:00,1877.972713,open,rgb,-55.000,10.000,1,700,,0.258863636,57.7922,4.070504189,4.066926003,1.643922925
2026-07-28T19:02:45.341649+00:00,1878.123188,open,rgb,-55.000,10.000,2,700,,0.258892045,57.7888,4.070400238,4.066789627,1.643876076
2026-07-28T19:02:45.492070+00:00,1878.273609,open,rgb,-55.000,10.000,3,700,,0.258948864,57.7955,4.070488930,4.066932678,1.643979549
2026-07-28T19:02:45.642725+00:00,1878.424262,open,rgb,-55.000,10.000,4,700,,0.258806818,57.7988,4.070456505,4.066864014,1.644073844
2026-07-28T19:02:45.793166+00:00,1878.574706,open,rgb,-55.000,10.000,5,700,,0.258920455,57.7955,4.070489883,4.066892624,1.643965125
2026-07-28T19:02:45.943565+00:00,1878.725105,open,rgb,-55.000,10.000,6,700,,0.258948864,57.7988,4.070582867,4.066967487,1.643902659
2026-07-28T19:02:46.094090+00:00,1878.875626,open,rgb,-55.000,10.000,7,700,,0.258892045,57.7888,4.070404530,4.066342354,1.643900275
2026-07-28T19:02:46.244604+00:00,1879.026140,open,rgb,-55.000,10.000,8,700,,0.258948864,57.7888,4.070627213,4.066847801,1.643807888
2026-07-28T19:02:46.395130+00:00,1879.176667,open,rgb,-55.000,10.000,9,700,,0.258977273,57.7888,4.070489883,4.066867828,1.643910527
2026-07-28T19:02:46.546002+00:00,1879.327536,open,rgb,-55.000,10.000,10,700,,0.258892045,57.8021,4.070291996,4.066652775,1.643824100
2026-07-28T19:02:46.696572+00:00,1879.478110,open,rgb,-55.000,10.000,11,700,,0.259062500,57.8054,4.070350647,4.066769600,1.643924594
2026-07-28T19:02:46.846994+00:00,1879.628534,open,rgb,-55.000,10.000,12,700,,0.258977273,57.8087,4.070300102,4.066690922,1.643962026
2026-07-28T19:02:46.997350+00:00,1879.778891,open,rgb,-55.000,10.000,13,700,,0.258920455,57.8054,4.070177555,4.066588402,1.643835306
2026-07-28T19:02:47.147763+00:00,1879.929301,open,rgb,-55.000,10.000,14,700,,0.259034091,57.8087,4.070258617,4.066740036,1.643911004
2026-07-28T19:02:47.298215+00:00,1880.079754,open,rgb,-55.000,10.000,15,700,,0.258920455,57.7955,4.070529461,4.066899300,1.643568873
2026-07-28T19:02:47.448652+00:00,1880.230192,open,rgb,-55.000,10.000,16,700,,0.258920455,57.7888,4.070446491,4.066675186,1.643702745
2026-07-28T19:02:47.599120+00:00,1880.380660,open,rgb,-55.000,10.000,17,700,,0.258977273,57.7988,4.070227146,4.066713333,1.643994212
2026-07-28T19:02:47.749500+00:00,1880.531040,open,rgb,-55.000,10.000,18,700,,0.258977273,57.7922,4.070234776,4.066671848,1.643870234
2026-07-28T19:02:47.899850+00:00,1880.681391,open,rgb,-55.000,10.000,19,700,,0.258948864,57.7988,4.070317745,4.066762447,1.643885612
2026-07-28T19:02:50.254916+00:00,1883.036452,open,rgb,-55.000,15.000,0,700,,0.258948864,57.8485,4.070334911,4.066727638,1.644067407
2026-07-28T19:02:50.405368+00:00,1883.186908,open,rgb,-55.000,15.000,1,700,,0.258920455,57.8452,4.070275307,4.066709518,1.643816471
2026-07-28T19:02:50.556256+00:00,1883.337791,open,rgb,-55.000,15.000,2,700,,0.258977273,57.8452,4.070499897,4.066864967,1.643315077
2026-07-28T19:02:50.707010+00:00,1883.488546,open,rgb,-55.000,15.000,3,700,,0.258835227,57.8386,4.070291996,4.066673279,1.643723249
2026-07-28T19:02:50.857512+00:00,1883.639051,open,rgb,-55.000,15.000,4,700,,0.259005682,57.8452,4.070241928,4.066629410,1.643956423
2026-07-28T19:02:51.007882+00:00,1883.789422,open,rgb,-55.000,15.000,5,700,,0.259005682,57.8552,4.070351601,4.066752434,1.644022822
2026-07-28T19:02:51.158238+00:00,1883.939777,open,rgb,-55.000,15.000,6,700,,0.259005682,57.8485,4.070213795,4.066656113,1.644032001
2026-07-28T19:02:51.308673+00:00,1884.090211,open,rgb,-55.000,15.000,7,700,,0.258977273,57.8552,4.070315838,4.066724300,1.643969297
2026-07-28T19:02:51.459597+00:00,1884.241131,open,rgb,-55.000,15.000,8,700,,0.259090909,57.9050,4.070312977,4.066692352,1.644065022
2026-07-28T19:02:51.610365+00:00,1884.391902,open,rgb,-55.000,15.000,9,700,,0.258948864,57.8552,4.070295334,4.066686153,1.643861890
2026-07-28T19:02:51.760913+00:00,1884.542451,open,rgb,-55.000,15.000,10,700,,0.259034091,57.8452,4.070438862,4.066843510,1.643862605
2026-07-28T19:02:51.911435+00:00,1884.692973,open,rgb,-55.000,15.000,11,700,,0.258977273,57.8319,4.070355415,4.066741943,1.644070864
2026-07-28T19:02:52.061819+00:00,1884.843360,open,rgb,-55.000,15.000,12,700,,0.258977273,57.8319,4.070314407,4.066691399,1.643907785
2026-07-28T19:02:52.212220+00:00,1884.993759,open,rgb,-55.000,15.000,13,700,,0.259005682,57.8419,4.070365906,4.066733837,1.643962502
2026-07-28T19:02:52.362672+00:00,1885.144210,open,rgb,-55.000,15.000,14,700,,0.258977273,57.8386,4.070348263,4.066750526,1.643997431
2026-07-28T19:02:52.513067+00:00,1885.294607,open,rgb,-55.000,15.000,15,700,,0.258948864,57.8419,4.070372105,4.066749096,1.644047499
2026-07-28T19:02:52.663428+00:00,1885.444969,open,rgb,-55.000,15.000,16,700,,0.258977273,57.8253,4.070378304,4.066775799,1.644032836
2026-07-28T19:02:52.813715+00:00,1885.595256,open,rgb,-55.000,15.000,17,700,,0.258948864,57.8121,4.070522785,4.066900253,1.643880010
2026-07-28T19:02:52.964078+00:00,1885.745619,open,rgb,-55.000,15.000,18,700,,0.258948864,57.8253,4.070424557,4.066796780,1.644051313
2026-07-28T19:02:53.114426+00:00,1885.895966,open,rgb,-55.000,15.000,19,700,,0.258977273,57.8286,4.070332527,4.066751003,1.644110918
2026-07-28T19:02:55.469548+00:00,1888.251084,open,rgb,-55.000,20.000,0,700,,0.258920455,57.8651,4.070668697,4.067077160,1.643677831
2026-07-28T19:02:55.620028+00:00,1888.401568,open,rgb,-55.000,20.000,1,700,,0.258892045,57.8651,4.070936203,4.067182064,1.643308640
2026-07-28T19:02:55.770682+00:00,1888.552219,open,rgb,-55.000,20.000,2,700,,0.258806818,57.8618,4.070630550,4.066969872,1.644061089
2026-07-28T19:02:55.921180+00:00,1888.702717,open,rgb,-55.000,20.000,3,700,,0.258948864,57.8651,4.070671558,4.066958904,1.643578649
2026-07-28T19:02:56.071623+00:00,1888.853162,open,rgb,-55.000,20.000,4,700,,0.258920455,57.8651,4.070676804,4.067067623,1.644010305
2026-07-28T19:02:56.222010+00:00,1889.003549,open,rgb,-55.000,20.000,5,700,,0.258892045,57.8585,4.070751667,4.067120552,1.643900275
2026-07-28T19:02:56.372532+00:00,1889.154070,open,rgb,-55.000,20.000,6,700,,0.258920455,57.8684,4.070804119,4.067158222,1.643773317
2026-07-28T19:02:56.523028+00:00,1889.304564,open,rgb,-55.000,20.000,7,700,,0.258920455,57.8718,4.070505142,4.066869736,1.643952250
2026-07-28T19:02:56.673735+00:00,1889.455269,open,rgb,-55.000,20.000,8,700,,0.258920455,57.8884,4.070397377,4.066867828,1.643789887
2026-07-28T19:02:56.824349+00:00,1889.605888,open,rgb,-55.000,20.000,9,700,,0.258948864,57.8950,4.070513248,4.066956997,1.643901944
2026-07-28T19:02:56.974753+00:00,1889.756290,open,rgb,-55.000,20.000,10,700,,0.258920455,57.8950,4.070468903,4.066879272,1.643961072
2026-07-28T19:02:57.125243+00:00,1889.906778,open,rgb,-55.000,20.000,11,700,,0.258977273,57.9017,4.070514679,4.066843033,1.643852830
2026-07-28T19:02:57.275633+00:00,1890.057172,open,rgb,-55.000,20.000,12,700,,0.258977273,57.9083,4.070466042,4.066823006,1.644005656
2026-07-28T19:02:57.425903+00:00,1890.207442,open,rgb,-55.000,20.000,13,700,,0.258948864,57.9050,4.070481777,4.066834450,1.643890262
2026-07-28T19:02:57.576125+00:00,1890.357665,open,rgb,-55.000,20.000,14,700,,0.258977273,57.9083,4.070604801,4.066965580,1.643925905
2026-07-28T19:02:57.726300+00:00,1890.507841,open,rgb,-55.000,20.000,15,700,,0.258948864,57.9149,4.070512295,4.066894531,1.644053578
2026-07-28T19:02:57.876488+00:00,1890.658027,open,rgb,-55.000,20.000,16,700,,0.258948864,57.9083,4.070477009,4.066847801,1.643924117
2026-07-28T19:02:58.026730+00:00,1890.808270,open,rgb,-55.000,20.000,17,700,,0.259005682,57.9116,4.070569038,4.066934109,1.643940210
2026-07-28T19:02:58.176983+00:00,1890.958523,open,rgb,-55.000,20.000,18,700,,0.258948864,57.9050,4.070491314,4.066861629,1.643968582
2026-07-28T19:02:58.327324+00:00,1891.108864,open,rgb,-55.000,20.000,19,700,,0.258977273,57.9050,4.070696831,4.066907883,1.643860698
2026-07-28T19:03:00.682192+00:00,1893.463728,open,rgb,-55.000,25.000,0,700,,0.258948864,57.8950,4.070635796,4.067120075,1.644155145
2026-07-28T19:03:00.836548+00:00,1893.618087,open,rgb,-55.000,25.000,1,700,,0.258863636,57.8618,4.070579529,4.067043304,1.644100428
2026-07-28T19:03:00.986738+00:00,1893.768279,open,rgb,-55.000,25.000,2,700,,0.258892045,57.8253,4.070654869,4.067090034,1.643923879
2026-07-28T19:03:01.137018+00:00,1893.918558,open,rgb,-55.000,25.000,3,700,,0.258948864,57.8087,4.070899487,4.067304611,1.643613100
2026-07-28T19:03:01.287230+00:00,1894.068765,open,rgb,-55.000,25.000,4,700,,0.258892045,57.8121,4.070558548,4.067075253,1.643736124
2026-07-28T19:03:01.437631+00:00,1894.219167,open,rgb,-55.000,25.000,5,700,,0.258892045,57.8253,4.070629597,4.066956997,1.643968105
2026-07-28T19:03:01.587950+00:00,1894.369489,open,rgb,-55.000,25.000,6,700,,0.259005682,57.8419,4.070415974,4.066895962,1.644016623
2026-07-28T19:03:01.738371+00:00,1894.519908,open,rgb,-55.000,25.000,7,700,,0.258948864,57.8386,4.070404053,4.066792011,1.643790364
2026-07-28T19:03:01.887992+00:00,1894.669524,open,rgb,-55.000,25.000,8,700,,0.258977273,57.8485,4.070428371,4.066900253,1.643997192
2026-07-28T19:03:02.038399+00:00,1894.819936,open,rgb,-55.000,25.000,9,700,,0.258948864,57.8519,4.070465088,4.066889763,1.643936872
2026-07-28T19:03:02.188627+00:00,1894.970166,open,rgb,-55.000,25.000,10,700,,0.258948864,57.8585,4.070541859,4.066850185,1.643839002
2026-07-28T19:03:02.339057+00:00,1895.120596,open,rgb,-55.000,25.000,11,700,,0.259005682,57.8684,4.070447445,4.066925049,1.643968821
2026-07-28T19:03:02.489329+00:00,1895.270867,open,rgb,-55.000,25.000,12,700,,0.258977273,57.8751,4.070359230,4.066789150,1.643888712
2026-07-28T19:03:02.639672+00:00,1895.421211,open,rgb,-55.000,25.000,13,700,,0.258977273,57.8851,4.070440769,4.066901684,1.643963695
2026-07-28T19:03:02.789807+00:00,1895.571347,open,rgb,-55.000,25.000,14,700,,0.258948864,57.8983,4.070376396,4.066833496,1.644104838
2026-07-28T19:03:02.939978+00:00,1895.721518,open,rgb,-55.000,25.000,15,700,,0.258977273,57.9050,4.070333481,4.066791058,1.644048691
2026-07-28T19:03:03.090131+00:00,1895.871671,open,rgb,-55.000,25.000,16,700,,0.258977273,57.9116,4.070346832,4.066848278,1.644112825
2026-07-28T19:03:03.240351+00:00,1896.021891,open,rgb,-55.000,25.000,17,700,,0.258977273,57.9116,4.070349693,4.066784859,1.644114375
2026-07-28T19:03:03.390494+00:00,1896.172035,open,rgb,-55.000,25.000,18,700,,0.259005682,57.9183,4.070461273,4.066825867,1.644080400
2026-07-28T19:03:03.540699+00:00,1896.322236,open,rgb,-55.000,25.000,19,700,,0.259034091,57.9282,4.070399761,4.066876888,1.644122362
2026-07-28T19:03:05.895621+00:00,1898.677157,open,rgb,-55.000,30.000,0,700,,0.258977273,57.9648,4.070315361,4.066734791,1.644071102
2026-07-28T19:03:06.046105+00:00,1898.827644,open,rgb,-55.000,30.000,1,700,,0.258948864,57.9648,4.070364952,4.066750526,1.643971801
2026-07-28T19:03:06.196411+00:00,1898.977950,open,rgb,-55.000,30.000,2,700,,0.259034091,57.9681,4.070409775,4.066786289,1.644142389
2026-07-28T19:03:06.346858+00:00,1899.128393,open,rgb,-55.000,30.000,3,700,,0.259034091,57.9681,4.070401192,4.066810608,1.643976927
2026-07-28T19:03:06.497493+00:00,1899.279028,open,rgb,-55.000,30.000,4,700,,0.259005682,57.9748,4.070415497,4.066877365,1.644056439
2026-07-28T19:03:06.647916+00:00,1899.429455,open,rgb,-55.000,30.000,5,700,,0.258977273,57.9715,4.070535660,4.066911221,1.644249797
2026-07-28T19:03:06.798140+00:00,1899.579679,open,rgb,-55.000,30.000,6,700,,0.258948864,57.9715,4.070411205,4.066821575,1.644034743
2026-07-28T19:03:06.948367+00:00,1899.729906,open,rgb,-55.000,30.000,7,700,,0.259062500,57.9781,4.070390701,4.066869736,1.644128799
2026-07-28T19:03:07.099682+00:00,1899.881212,open,rgb,-55.000,30.000,8,700,,0.259005682,57.9715,4.070240021,4.066477299,1.644072294
2026-07-28T19:03:07.250376+00:00,1900.031908,open,rgb,-55.000,30.000,9,700,,0.258977273,57.9715,4.070402145,4.066841125,1.644028425
2026-07-28T19:03:07.401030+00:00,1900.182568,open,rgb,-55.000,30.000,10,700,,0.259062500,57.9715,4.070388794,4.066857815,1.644095302
2026-07-28T19:03:07.551398+00:00,1900.332938,open,rgb,-55.000,30.000,11,700,,0.259005682,57.9648,4.070400715,4.066854477,1.643920541
2026-07-28T19:03:07.701692+00:00,1900.483232,open,rgb,-55.000,30.000,12,700,,0.259062500,57.9648,4.070459366,4.066962242,1.643867731
2026-07-28T19:03:07.851952+00:00,1900.633493,open,rgb,-55.000,30.000,13,700,,0.259034091,57.9515,4.070373058,4.066806316,1.644160271
2026-07-28T19:03:08.002135+00:00,1900.783676,open,rgb,-55.000,30.000,14,700,,0.258977273,57.9449,4.070385456,4.066783905,1.643989801
2026-07-28T19:03:08.152362+00:00,1900.933902,open,rgb,-55.000,30.000,15,700,,0.258977273,57.9482,4.070408821,4.066952705,1.644087911
2026-07-28T19:03:08.302595+00:00,1901.084136,open,rgb,-55.000,30.000,16,700,,0.258948864,57.9415,4.070294380,4.066756248,1.644039869
2026-07-28T19:03:08.452769+00:00,1901.234310,open,rgb,-55.000,30.000,17,700,,0.259062500,57.9482,4.070555687,4.067078590,1.644185901
2026-07-28T19:03:08.603122+00:00,1901.384659,open,rgb,-55.000,30.000,18,700,,0.258977273,57.9482,4.070605278,4.067183971,1.644105792
2026-07-28T19:03:08.753348+00:00,1901.534888,open,rgb,-55.000,30.000,19,700,,0.258948864,57.9382,4.070518970,4.067034721,1.643877745
2026-07-28T19:03:11.108165+00:00,1903.889701,open,rgb,-55.000,35.000,0,700,,0.259062500,57.9881,4.070341110,4.066928864,1.643955350
2026-07-28T19:03:11.258655+00:00,1904.040193,open,rgb,-55.000,35.000,1,700,,0.259005682,57.9881,4.070340633,4.066776276,1.644064546
2026-07-28T19:03:11.408959+00:00,1904.190498,open,rgb,-55.000,35.000,2,700,,0.259062500,57.9881,4.070292473,4.066780567,1.643932462
2026-07-28T19:03:11.559436+00:00,1904.340972,open,rgb,-55.000,35.000,3,700,,0.259005682,57.9881,4.070332527,4.066911221,1.643994689
2026-07-28T19:03:11.709798+00:00,1904.491337,open,rgb,-55.000,35.000,4,700,,0.258977273,57.9914,4.070251465,4.066820145,1.644141674
2026-07-28T19:03:11.860145+00:00,1904.641686,open,rgb,-55.000,35.000,5,700,,0.259005682,57.9981,4.070394516,4.066778183,1.643939495
2026-07-28T19:03:12.010373+00:00,1904.791912,open,rgb,-55.000,35.000,6,700,,0.259090909,58.0014,4.070308685,4.066818237,1.644146323
2026-07-28T19:03:12.160623+00:00,1904.942162,open,rgb,-55.000,35.000,7,700,,0.259034091,57.9981,4.070423126,4.067010403,1.644106507
2026-07-28T19:03:12.311121+00:00,1905.092660,open,rgb,-55.000,35.000,8,700,,0.258948864,57.9848,4.070418835,4.066889763,1.643772483
2026-07-28T19:03:12.463391+00:00,1905.244926,open,rgb,-55.000,35.000,9,700,,0.259119318,58.0414,4.070294380,4.066816330,1.644220352
2026-07-28T19:03:12.613976+00:00,1905.395513,open,rgb,-55.000,35.000,10,700,,0.258948864,58.0048,4.070316792,4.066767693,1.644070148
2026-07-28T19:03:12.764540+00:00,1905.546079,open,rgb,-55.000,35.000,11,700,,0.259034091,58.0081,4.070395947,4.066837311,1.644030571
2026-07-28T19:03:12.914997+00:00,1905.696536,open,rgb,-55.000,35.000,12,700,,0.259005682,58.0048,4.070342064,4.066826344,1.644102812
2026-07-28T19:03:13.065463+00:00,1905.847004,open,rgb,-55.000,35.000,13,700,,0.259062500,58.0081,4.070376396,4.066793919,1.644010544
2026-07-28T19:03:13.215874+00:00,1905.997414,open,rgb,-55.000,35.000,14,700,,0.259005682,58.0114,4.070351601,4.066849709,1.644109726
2026-07-28T19:03:13.366420+00:00,1906.147956,open,rgb,-55.000,35.000,15,700,,0.259005682,58.0048,4.070375919,4.066864967,1.643949986
2026-07-28T19:03:13.516972+00:00,1906.298511,open,rgb,-55.000,35.000,16,700,,0.259005682,58.0114,4.070460320,4.067100525,1.644017220
2026-07-28T19:03:13.667424+00:00,1906.448964,open,rgb,-55.000,35.000,17,700,,0.258948864,58.0048,4.070631981,4.067107201,1.644100904
2026-07-28T19:03:13.817811+00:00,1906.599350,open,rgb,-55.000,35.000,18,700,,0.259005682,58.0081,4.070538044,4.067013741,1.643884301
2026-07-28T19:03:13.968175+00:00,1906.749715,open,rgb,-55.000,35.000,19,700,,0.258977273,58.0014,4.070635796,4.067096233,1.644085050
2026-07-28T19:03:16.323244+00:00,1909.104780,open,rgb,-55.000,40.000,0,700,,0.258465909,57.9216,4.072362900,4.068844795,1.643963695
2026-07-28T19:03:16.473831+00:00,1909.255366,open,rgb,-55.000,40.000,1,700,,0.258494318,57.9183,4.072202206,4.068499565,1.643778205
2026-07-28T19:03:16.624147+00:00,1909.405686,open,rgb,-55.000,40.000,2,700,,0.258579545,57.9349,4.072139740,4.068563461,1.644019127
2026-07-28T19:03:16.774350+00:00,1909.555888,open,rgb,-55.000,40.000,3,700,,0.258579545,57.9316,4.072052002,4.068588257,1.643941045
2026-07-28T19:03:16.924912+00:00,1909.706445,open,rgb,-55.000,40.000,4,700,,0.258551136,57.9349,4.072156906,4.068553925,1.643897533
2026-07-28T19:03:17.075270+00:00,1909.856808,open,rgb,-55.000,40.000,5,700,,0.258579545,57.9282,4.072123051,4.068599224,1.644049644
2026-07-28T19:03:17.225614+00:00,1910.007152,open,rgb,-55.000,40.000,6,700,,0.258522727,57.9017,4.072069168,4.068543911,1.643902898
2026-07-28T19:03:17.375960+00:00,1910.157500,open,rgb,-55.000,40.000,7,700,,0.258551136,57.8917,4.072084904,4.068632603,1.644046187
2026-07-28T19:03:17.526203+00:00,1910.307741,open,rgb,-55.000,40.000,8,700,,0.258494318,57.8884,4.072092056,4.068608761,1.644047499
2026-07-28T19:03:17.676774+00:00,1910.458307,open,rgb,-55.000,40.000,9,700,,0.258494318,57.8983,4.072072983,4.068685055,1.643825769
2026-07-28T19:03:17.827126+00:00,1910.608665,open,rgb,-55.000,40.000,10,700,,0.258437500,57.8983,4.072154522,4.068689823,1.643678784
2026-07-28T19:03:17.977438+00:00,1910.758978,open,rgb,-55.000,40.000,11,700,,0.258522727,57.9083,4.072118759,4.068602562,1.643967867
2026-07-28T19:03:18.127654+00:00,1910.909194,open,rgb,-55.000,40.000,12,700,,0.258465909,57.9149,4.072179794,4.068626881,1.643818736
2026-07-28T19:03:18.277884+00:00,1911.059423,open,rgb,-55.000,40.000,13,700,,0.258551136,57.9249,4.072112560,4.068595409,1.644078493
2026-07-28T19:03:18.428124+00:00,1911.209664,open,rgb,-55.000,40.000,14,700,,0.258465909,57.9282,4.071972847,4.068497658,1.643904328
2026-07-28T19:03:18.578274+00:00,1911.359815,open,rgb,-55.000,40.000,15,700,,0.258579545,57.9415,4.072131634,4.068621635,1.644043088
2026-07-28T19:03:18.728447+00:00,1911.509988,open,rgb,-55.000,40.000,16,700,,0.258494318,57.9449,4.072004318,4.068537235,1.644170523
2026-07-28T19:03:18.878647+00:00,1911.660185,open,rgb,-55.000,40.000,17,700,,0.258607955,57.9482,4.072035313,4.068507671,1.644048452
2026-07-28T19:03:19.028905+00:00,1911.810445,open,rgb,-55.000,40.000,18,700,,0.258579545,57.9515,4.072057724,4.068536282,1.644028664
2026-07-28T19:03:19.179151+00:00,1911.960690,open,rgb,-55.000,40.000,19,700,,0.258551136,57.9482,4.071980000,4.068475246,1.643972754
2026-07-28T19:03:21.534197+00:00,1914.315731,open,rgb,-55.000,45.000,0,700,,0.258920455,57.9981,4.070511818,4.066913128,1.644001007
2026-07-28T19:03:21.690227+00:00,1914.471765,open,rgb,-55.000,45.000,1,700,,0.258977273,58.0181,4.070497036,4.066938877,1.644109488
2026-07-28T19:03:21.840644+00:00,1914.622184,open,rgb,-55.000,45.000,2,700,,0.258977273,58.0214,4.070457458,4.066904068,1.644131184
2026-07-28T19:03:21.991081+00:00,1914.772620,open,rgb,-55.000,45.000,3,700,,0.259034091,58.0281,4.070485115,4.067018986,1.644125581
2026-07-28T19:03:22.141498+00:00,1914.923038,open,rgb,-55.000,45.000,4,700,,0.258977273,58.0314,4.070550442,4.066996098,1.644169211
2026-07-28T19:03:22.292104+00:00,1915.073639,open,rgb,-55.000,45.000,5,700,,0.259034091,58.0314,4.070596695,4.067020893,1.643351674
2026-07-28T19:03:22.442784+00:00,1915.224319,open,rgb,-55.000,45.000,6,700,,0.258948864,58.0347,4.070537567,4.066958904,1.643636823
2026-07-28T19:03:22.593226+00:00,1915.374766,open,rgb,-55.000,45.000,7,700,,0.258892045,58.0414,4.070555687,4.067053318,1.644121885
2026-07-28T19:03:22.743537+00:00,1915.525076,open,rgb,-55.000,45.000,8,700,,0.259005682,58.0414,4.070587635,4.066948414,1.643945336
2026-07-28T19:03:22.893662+00:00,1915.675194,open,rgb,-55.000,45.000,9,700,,0.259034091,58.0481,4.070550442,4.067057610,1.644068718
2026-07-28T19:03:23.044268+00:00,1915.825804,open,rgb,-55.000,45.000,10,700,,0.259034091,58.0447,4.070536613,4.066995144,1.643985152
2026-07-28T19:03:23.194704+00:00,1915.976242,open,rgb,-55.000,45.000,11,700,,0.258977273,58.0481,4.070572376,4.067042828,1.643987417
2026-07-28T19:03:23.344965+00:00,1916.126504,open,rgb,-55.000,45.000,12,700,,0.258948864,58.0414,4.070500851,4.066938400,1.643526435
2026-07-28T19:03:23.495183+00:00,1916.276722,open,rgb,-55.000,45.000,13,700,,0.259005682,58.0514,4.070473671,4.066987038,1.644098520
2026-07-28T19:03:23.645380+00:00,1916.426920,open,rgb,-55.000,45.000,14,700,,0.258948864,58.0414,4.070765018,4.067309856,1.643940806
2026-07-28T19:03:23.795651+00:00,1916.577191,open,rgb,-55.000,45.000,15,700,,0.258948864,58.0314,4.070826054,4.067299843,1.644008398
2026-07-28T19:03:23.945803+00:00,1916.727344,open,rgb,-55.000,45.000,16,700,,0.258863636,58.0347,4.070915222,4.067141533,1.643869519
2026-07-28T19:03:24.095993+00:00,1916.877532,open,rgb,-55.000,45.000,17,700,,0.258977273,58.0414,4.070785522,4.067246914,1.644164920
2026-07-28T19:03:24.246167+00:00,1917.027707,open,rgb,-55.000,45.000,18,700,,0.258920455,58.0347,4.070755482,4.067186356,1.644015431
2026-07-28T19:03:24.396354+00:00,1917.177894,open,rgb,-55.000,45.000,19,700,,0.258948864,58.0281,4.070894241,4.067383766,1.643851161
2026-07-28T19:03:26.751461+00:00,1919.532997,open,rgb,-55.000,50.000,0,700,,0.259062500,58.0647,4.070458412,4.066977024,1.644079447
2026-07-28T19:03:26.905568+00:00,1919.687104,open,rgb,-55.000,50.000,1,700,,0.258977273,58.0681,4.070429802,4.066971302,1.643949509
2026-07-28T19:03:27.055937+00:00,1919.837475,open,rgb,-55.000,50.000,2,700,,0.259005682,58.0681,4.070434093,4.067007065,1.643975377
2026-07-28T19:03:27.206185+00:00,1919.987724,open,rgb,-55.000,50.000,3,700,,0.258977273,58.0714,4.070435524,4.066949844,1.644216895
2026-07-28T19:03:27.356600+00:00,1920.138135,open,rgb,-55.000,50.000,4,700,,0.258977273,58.0714,4.070432663,4.066918373,1.643581390
2026-07-28T19:03:27.506980+00:00,1920.288519,open,rgb,-55.000,50.000,5,700,,0.259062500,58.0714,4.070452690,4.066976547,1.644081354
2026-07-28T19:03:27.657279+00:00,1920.438817,open,rgb,-55.000,50.000,6,700,,0.259034091,58.0681,4.070482731,4.066987991,1.644008160
2026-07-28T19:03:27.807530+00:00,1920.589069,open,rgb,-55.000,50.000,7,700,,0.259005682,58.0647,4.070589066,4.066996098,1.643877983
2026-07-28T19:03:27.957718+00:00,1920.739258,open,rgb,-55.000,50.000,8,700,,0.259005682,58.0747,4.070515156,4.067033768,1.644092798
2026-07-28T19:03:28.107263+00:00,1920.888795,open,rgb,-55.000,50.000,9,700,,0.259005682,58.0714,4.069798946,4.066902161,1.643994927
2026-07-28T19:03:28.257947+00:00,1921.039484,open,rgb,-55.000,50.000,10,700,,0.259034091,58.0781,4.070591450,4.067123890,1.643997669
2026-07-28T19:03:28.408482+00:00,1921.190021,open,rgb,-55.000,50.000,11,700,,0.258977273,58.0814,4.070437431,4.066964149,1.644127250
2026-07-28T19:03:28.558898+00:00,1921.340438,open,rgb,-55.000,50.000,12,700,,0.259005682,58.0781,4.070605278,4.067218781,1.644044995
2026-07-28T19:03:28.709234+00:00,1921.490774,open,rgb,-55.000,50.000,13,700,,0.259005682,58.0681,4.070763588,4.067308426,1.643914819
2026-07-28T19:03:28.859617+00:00,1921.641158,open,rgb,-55.000,50.000,14,700,,0.258948864,58.0514,4.070695400,4.067191601,1.643406868
2026-07-28T19:03:29.009917+00:00,1921.791457,open,rgb,-55.000,50.000,15,700,,0.258977273,58.0614,4.070795059,4.067271709,1.643948078
2026-07-28T19:03:29.160126+00:00,1921.941665,open,rgb,-55.000,50.000,16,700,,0.258920455,58.0614,4.070775509,4.067257404,1.643882155
2026-07-28T19:03:29.310358+00:00,1922.091898,open,rgb,-55.000,50.000,17,700,,0.258948864,58.0614,4.070711613,4.067243576,1.643777132
2026-07-28T19:03:29.460563+00:00,1922.242100,open,rgb,-55.000,50.000,18,700,,0.258920455,58.0681,4.070726871,4.067117214,1.643970490
2026-07-28T19:03:29.610791+00:00,1922.392329,open,rgb,-55.000,50.000,19,700,,0.259005682,58.0814,4.070493698,4.066984177,1.644170284
2026-07-28T19:03:31.965950+00:00,1924.747485,open,rgb,-55.000,55.000,0,700,,0.259034091,58.0881,4.070505142,4.066966057,1.643833041
2026-07-28T19:03:32.116276+00:00,1924.897815,open,rgb,-55.000,55.000,1,700,,0.259005682,58.0981,4.070588112,4.067059040,1.644028664
2026-07-28T19:03:32.266631+00:00,1925.048169,open,rgb,-55.000,55.000,2,700,,0.259062500,58.0981,4.070490837,4.066961288,1.644010067
2026-07-28T19:03:32.416974+00:00,1925.198509,open,rgb,-55.000,55.000,3,700,,0.259034091,58.0947,4.070548534,4.067003250,1.643875122
2026-07-28T19:03:32.571341+00:00,1925.352877,open,rgb,-55.000,55.000,4,700,,0.258920455,58.0847,4.070588589,4.067067146,1.644001007
2026-07-28T19:03:32.721502+00:00,1925.503040,open,rgb,-55.000,55.000,5,700,,0.259062500,58.0747,4.070590019,4.067032337,1.643906116
2026-07-28T19:03:32.871767+00:00,1925.653307,open,rgb,-55.000,55.000,6,700,,0.259034091,58.0714,4.070646286,4.067049026,1.643796206
2026-07-28T19:03:33.021971+00:00,1925.803511,open,rgb,-55.000,55.000,7,700,,0.259005682,58.0814,4.070580482,4.067069054,1.644063354
2026-07-28T19:03:33.172346+00:00,1925.953885,open,rgb,-55.000,55.000,8,700,,0.258948864,58.0814,4.070466042,4.066934109,1.643868446
2026-07-28T19:03:33.322917+00:00,1926.104444,open,rgb,-55.000,55.000,9,700,,0.259062500,58.0914,4.070568562,4.066820621,1.644162178
2026-07-28T19:03:33.473485+00:00,1926.255020,open,rgb,-55.000,55.000,10,700,,0.259289773,58.0847,4.070492744,4.066948414,1.644171238
2026-07-28T19:03:33.623968+00:00,1926.405505,open,rgb,-55.000,55.000,11,700,,0.259034091,58.0814,4.070494652,4.067011356,1.644107699
2026-07-28T19:03:33.774237+00:00,1926.555777,open,rgb,-55.000,55.000,12,700,,0.259090909,58.0847,4.070565224,4.067056656,1.644043088
2026-07-28T19:03:33.924497+00:00,1926.706036,open,rgb,-55.000,55.000,13,700,,0.259034091,58.0814,4.070466042,4.066930771,1.643987656
2026-07-28T19:03:34.074715+00:00,1926.856255,open,rgb,-55.000,55.000,14,700,,0.259005682,58.0814,4.070522308,4.067056179,1.644003749
2026-07-28T19:03:34.224949+00:00,1927.006488,open,rgb,-55.000,55.000,15,700,,0.259034091,58.0847,4.070506573,4.067008972,1.644090652
2026-07-28T19:03:34.375243+00:00,1927.156784,open,rgb,-55.000,55.000,16,700,,0.259005682,58.0914,4.070581913,4.067018032,1.643385053
2026-07-28T19:03:34.525584+00:00,1927.307119,open,rgb,-55.000,55.000,17,700,,0.259062500,58.1014,4.070545673,4.067110538,1.643946409
2026-07-28T19:03:34.675963+00:00,1927.457502,open,rgb,-55.000,55.000,18,700,,0.259005682,58.1047,4.070444584,4.066964149,1.644233704
2026-07-28T19:03:34.826253+00:00,1927.607793,open,rgb,-55.000,55.000,19,700,,0.259034091,58.1148,4.070529461,4.066992760,1.644050837
2026-07-28T19:03:37.181168+00:00,1929.962704,open,rgb,-55.000,60.000,0,700,,0.259005682,58.1548,4.070545197,4.067054272,1.643432736
2026-07-28T19:03:37.331734+00:00,1930.113270,open,rgb,-55.000,60.000,1,700,,0.259062500,58.1582,4.070532799,4.067067146,1.644150496
2026-07-28T19:03:37.482133+00:00,1930.263672,open,rgb,-55.000,60.000,2,700,,0.259062500,58.1381,4.070621014,4.066980362,1.644092083
2026-07-28T19:03:37.632634+00:00,1930.414170,open,rgb,-55.000,60.000,3,700,,0.259005682,58.1381,4.070524693,4.067031384,1.644012094
2026-07-28T19:03:37.782952+00:00,1930.564492,open,rgb,-55.000,60.000,4,700,,0.259005682,58.1415,4.070553780,4.067026615,1.644049883
2026-07-28T19:03:37.933266+00:00,1930.714805,open,rgb,-55.000,60.000,5,700,,0.259034091,58.1448,4.070698261,4.067183495,1.643957376
2026-07-28T19:03:38.083506+00:00,1930.865047,open,rgb,-55.000,60.000,6,700,,0.258920455,58.1415,4.070668697,4.067191601,1.643880725
2026-07-28T19:03:38.233763+00:00,1931.015300,open,rgb,-55.000,60.000,7,700,,0.258920455,58.1415,4.070573330,4.067028999,1.643735170
2026-07-28T19:03:38.384238+00:00,1931.165777,open,rgb,-55.000,60.000,8,700,,0.259005682,58.1515,4.070669651,4.067131042,1.643949270
2026-07-28T19:03:38.534666+00:00,1931.316205,open,rgb,-55.000,60.000,9,700,,0.258977273,58.1515,4.070545673,4.067202568,1.644016147
2026-07-28T19:03:38.685286+00:00,1931.466820,open,rgb,-55.000,60.000,10,700,,0.258948864,58.1448,4.070874691,4.067259789,1.643930793
2026-07-28T19:03:38.835955+00:00,1931.617494,open,rgb,-55.000,60.000,11,700,,0.258977273,58.1481,4.070905685,4.067411423,1.643944860
2026-07-28T19:03:38.986284+00:00,1931.767823,open,rgb,-55.000,60.000,12,700,,0.258892045,58.1415,4.070772648,4.067285061,1.643783331
2026-07-28T19:03:39.136857+00:00,1931.918396,open,rgb,-55.000,60.000,13,700,,0.258920455,58.1481,4.070862293,4.067444324,1.643913627
2026-07-28T19:03:39.287267+00:00,1932.068805,open,rgb,-55.000,60.000,14,700,,0.258948864,58.1515,4.070900440,4.067403316,1.643923163
2026-07-28T19:03:39.437655+00:00,1932.219195,open,rgb,-55.000,60.000,15,700,,0.258920455,58.1515,4.070711613,4.067264557,1.643738627
2026-07-28T19:03:39.588119+00:00,1932.369658,open,rgb,-55.000,60.000,16,700,,0.258977273,58.1648,4.070825100,4.067359924,1.644146562
2026-07-28T19:03:39.738280+00:00,1932.519820,open,rgb,-55.000,60.000,17,700,,0.259005682,58.1582,4.070735455,4.067304611,1.644111633
2026-07-28T19:03:39.888436+00:00,1932.669976,open,rgb,-55.000,60.000,18,700,,0.259005682,58.1648,4.070986748,4.067457199,1.643844843
2026-07-28T19:03:40.038635+00:00,1932.820176,open,rgb,-55.000,60.000,19,700,,0.259005682,58.1615,4.070837021,4.067434311,1.643973470
2026-07-28T19:03:42.393877+00:00,1935.175412,open,rgb,-55.000,65.000,0,700,,0.259005682,58.1248,4.070669651,4.067132950,1.644098520
2026-07-28T19:03:42.544254+00:00,1935.325792,open,rgb,-55.000,65.000,1,700,,0.259034091,58.1248,4.070675373,4.067142010,1.643992066
2026-07-28T19:03:42.694616+00:00,1935.476153,open,rgb,-55.000,65.000,2,700,,0.258977273,58.1214,4.070662498,4.067204952,1.643395543
2026-07-28T19:03:42.844863+00:00,1935.626404,open,rgb,-55.000,65.000,3,700,,0.259005682,58.1214,4.070528030,4.067048550,1.643965602
2026-07-28T19:03:42.995046+00:00,1935.776585,open,rgb,-55.000,65.000,4,700,,0.259062500,58.1281,4.070592403,4.067116261,1.644146323
2026-07-28T19:03:43.145435+00:00,1935.926948,open,rgb,-55.000,65.000,5,700,,0.259090909,58.1315,4.070544720,4.067068577,1.644231796
2026-07-28T19:03:43.295642+00:00,1936.077178,open,rgb,-55.000,65.000,6,700,,0.259005682,58.1348,4.070553780,4.067019463,1.644022584
2026-07-28T19:03:43.446031+00:00,1936.227568,open,rgb,-55.000,65.000,7,700,,0.259090909,58.1481,4.070540428,4.067099571,1.644293785
2026-07-28T19:03:43.596253+00:00,1936.377792,open,rgb,-55.000,65.000,8,700,,0.258977273,58.1481,4.070572853,4.067281723,1.644214392
2026-07-28T19:03:43.746505+00:00,1936.528043,open,rgb,-55.000,65.000,9,700,,0.259034091,58.1448,4.070898056,4.067406178,1.644105554
2026-07-28T19:03:43.896680+00:00,1936.678213,open,rgb,-55.000,65.000,10,700,,0.258920455,58.1448,4.070884705,4.067392826,1.644055247
2026-07-28T19:03:44.047083+00:00,1936.828622,open,rgb,-55.000,65.000,11,700,,0.258948864,58.1448,4.070812702,4.067368984,1.643927574
2026-07-28T19:03:44.197310+00:00,1936.978847,open,rgb,-55.000,65.000,12,700,,0.258948864,58.1481,4.070905685,4.067398071,1.643997669
2026-07-28T19:03:44.347873+00:00,1937.129412,open,rgb,-55.000,65.000,13,700,,0.258948864,58.1448,4.070837021,4.067326069,1.644141197
2026-07-28T19:03:44.498132+00:00,1937.279671,open,rgb,-55.000,65.000,14,700,,0.258948864,58.1481,4.070862770,4.067220211,1.643939495
2026-07-28T19:03:44.648387+00:00,1937.429927,open,rgb,-55.000,65.000,15,700,,0.258948864,58.1615,4.070772648,4.067317486,1.644194603
2026-07-28T19:03:44.798628+00:00,1937.580168,open,rgb,-55.000,65.000,16,700,,0.259005682,58.1515,4.070903778,4.067441463,1.644099712
2026-07-28T19:03:44.948857+00:00,1937.730397,open,rgb,-55.000,65.000,17,700,,0.258977273,58.1415,4.070911884,4.067461014,1.643982530
2026-07-28T19:03:45.099050+00:00,1937.880590,open,rgb,-55.000,65.000,18,700,,0.258977273,58.1281,4.070841789,4.067383766,1.644191027
2026-07-28T19:03:45.249210+00:00,1938.030746,open,rgb,-55.000,65.000,19,700,,0.258977273,58.1281,4.070583344,4.067108154,1.644006133
2026-07-28T19:03:47.604460+00:00,1940.385996,open,rgb,-55.000,70.000,0,700,,0.259090909,58.0381,4.070697308,4.067206383,1.643965125
2026-07-28T19:03:47.754913+00:00,1940.536453,open,rgb,-55.000,70.000,1,700,,0.258977273,58.0447,4.070698261,4.067209244,1.643998146
2026-07-28T19:03:47.905516+00:00,1940.687052,open,rgb,-55.000,70.000,2,700,,0.258892045,58.0347,4.070643425,4.067062378,1.643823028
2026-07-28T19:03:48.056060+00:00,1940.837600,open,rgb,-55.000,70.000,3,700,,0.259090909,58.0581,4.070669651,4.067174435,1.644082308
2026-07-28T19:03:48.206457+00:00,1940.987995,open,rgb,-55.000,70.000,4,700,,0.259005682,58.0647,4.070753574,4.067120075,1.643775940
2026-07-28T19:03:48.356805+00:00,1941.138344,open,rgb,-55.000,70.000,5,700,,0.258977273,58.0747,4.070700645,4.067022324,1.643939734
2026-07-28T19:03:48.507177+00:00,1941.288716,open,rgb,-55.000,70.000,6,700,,0.259062500,58.0914,4.070583344,4.067128181,1.644165397
2026-07-28T19:03:48.657692+00:00,1941.439229,open,rgb,-55.000,70.000,7,700,,0.259005682,58.0947,4.070677280,4.067188740,1.643929958
2026-07-28T19:03:48.808204+00:00,1941.589744,open,rgb,-55.000,70.000,8,700,,0.259005682,58.1014,4.070766449,4.067309856,1.643854856
2026-07-28T19:03:48.958663+00:00,1941.740203,open,rgb,-55.000,70.000,9,700,,0.259034091,58.1148,4.070609093,4.067159653,1.644096017
2026-07-28T19:03:49.108444+00:00,1941.889976,open,rgb,-55.000,70.000,10,700,,0.259062500,58.1148,4.070018291,4.066985130,1.643931270
2026-07-28T19:03:49.259112+00:00,1942.040645,open,rgb,-55.000,70.000,11,700,,0.259005682,58.1181,4.070624828,4.067086697,1.644030333
2026-07-28T19:03:49.409620+00:00,1942.191158,open,rgb,-55.000,70.000,12,700,,0.259034091,58.1181,4.070479393,4.067017078,1.644201279
2026-07-28T19:03:49.560142+00:00,1942.341679,open,rgb,-55.000,70.000,13,700,,0.259005682,58.1248,4.070633888,4.067103386,1.644088507
2026-07-28T19:03:49.710677+00:00,1942.492216,open,rgb,-55.000,70.000,14,700,,0.259034091,58.1281,4.070656776,4.067111969,1.644002557
2026-07-28T19:03:49.861098+00:00,1942.642638,open,rgb,-55.000,70.000,15,700,,0.258977273,58.1315,4.070609570,4.067094803,1.644014239
2026-07-28T19:03:50.011533+00:00,1942.793072,open,rgb,-55.000,70.000,16,700,,0.259062500,58.1315,4.070682526,4.067155838,1.644051313
2026-07-28T19:03:50.161937+00:00,1942.943477,open,rgb,-55.000,70.000,17,700,,0.259005682,58.1348,4.070570469,4.067117691,1.644190311
2026-07-28T19:03:50.312333+00:00,1943.093873,open,rgb,-55.000,70.000,18,700,,0.259062500,58.1315,4.070606232,4.067152977,1.644050121
2026-07-28T19:03:50.462847+00:00,1943.244384,open,rgb,-55.000,70.000,19,700,,0.259034091,58.1281,4.070707321,4.067198753,1.643975616
2026-07-28T19:03:52.817983+00:00,1945.599520,open,rgb,-55.000,75.000,0,700,,0.258948864,58.1615,4.070679665,4.067186356,1.644099474
2026-07-28T19:03:52.968546+00:00,1945.750084,open,rgb,-55.000,75.000,1,700,,0.258977273,58.1481,4.070668221,4.067127228,1.643894076
2026-07-28T19:03:53.118987+00:00,1945.900528,open,rgb,-55.000,75.000,2,700,,0.259005682,58.1615,4.070706844,4.067193508,1.644040585
2026-07-28T19:03:53.269340+00:00,1946.050880,open,rgb,-55.000,75.000,3,700,,0.259005682,58.1548,4.070683002,4.067153931,1.644092560
2026-07-28T19:03:53.419714+00:00,1946.201255,open,rgb,-55.000,75.000,4,700,,0.258977273,58.1582,4.070780754,4.067188263,1.644027233
2026-07-28T19:03:53.570040+00:00,1946.351579,open,rgb,-55.000,75.000,5,700,,0.258977273,58.1582,4.070833206,4.067453861,1.643979311
2026-07-28T19:03:53.720574+00:00,1946.502109,open,rgb,-55.000,75.000,6,700,,0.258920455,58.1415,4.071307659,4.067771912,1.643724680
2026-07-28T19:03:53.871370+00:00,1946.652905,open,rgb,-55.000,75.000,7,700,,0.258806818,58.1415,4.071100235,4.067656517,1.643377781
2026-07-28T19:03:54.021942+00:00,1946.803479,open,rgb,-55.000,75.000,8,700,,0.258920455,58.1548,4.070869446,4.067355156,1.644096732
2026-07-28T19:03:54.172317+00:00,1946.953854,open,rgb,-55.000,75.000,9,700,,0.258977273,58.1548,4.070876598,4.067367554,1.643993258
2026-07-28T19:03:54.322914+00:00,1947.104443,open,rgb,-55.000,75.000,10,700,,0.258920455,58.1615,4.070946693,4.067278385,1.643976212
2026-07-28T19:03:54.473352+00:00,1947.254887,open,rgb,-55.000,75.000,11,700,,0.259176136,58.1682,4.070819855,4.067306519,1.644099712
2026-07-28T19:03:54.623755+00:00,1947.405295,open,rgb,-55.000,75.000,12,700,,0.259005682,58.1682,4.070940495,4.067388535,1.644076943
2026-07-28T19:03:54.774002+00:00,1947.555540,open,rgb,-55.000,75.000,13,700,,0.258948864,58.1782,4.070929050,4.067430019,1.644043088
2026-07-28T19:03:54.924422+00:00,1947.705961,open,rgb,-55.000,75.000,14,700,,0.258892045,58.1715,4.070867538,4.067310333,1.643828392
2026-07-28T19:03:55.074641+00:00,1947.856183,open,rgb,-55.000,75.000,15,700,,0.259005682,58.1782,4.070945263,4.067395210,1.644057751
2026-07-28T19:03:55.225035+00:00,1948.006574,open,rgb,-55.000,75.000,16,700,,0.258892045,58.1715,4.070937634,4.067430973,1.644080162
2026-07-28T19:03:55.375645+00:00,1948.157182,open,rgb,-55.000,75.000,17,700,,0.258948864,58.1749,4.070886612,4.067321301,1.643948555
2026-07-28T19:03:55.526152+00:00,1948.307692,open,rgb,-55.000,75.000,18,700,,0.258920455,58.1782,4.070880890,4.067400932,1.644153595
2026-07-28T19:03:55.676427+00:00,1948.457967,open,rgb,-55.000,75.000,19,700,,0.258948864,58.1682,4.070829868,4.067275524,1.644061565
2026-07-28T19:03:58.031511+00:00,1950.813046,open,rgb,-55.000,80.000,0,700,,0.259034091,58.1782,4.070677757,4.067135334,1.644152641
2026-07-28T19:03:58.185907+00:00,1950.967444,open,rgb,-55.000,80.000,1,700,,0.259005682,58.1749,4.070708275,4.067189693,1.644080877
2026-07-28T19:03:58.336415+00:00,1951.117954,open,rgb,-55.000,80.000,2,700,,0.258977273,58.1715,4.070576668,4.067049503,1.644133091
2026-07-28T19:03:58.486755+00:00,1951.268296,open,rgb,-55.000,80.000,3,700,,0.259062500,58.1782,4.070648670,4.067125320,1.644191504
2026-07-28T19:03:58.637062+00:00,1951.418602,open,rgb,-55.000,80.000,4,700,,0.259062500,58.1749,4.070867538,4.067316055,1.644171953
2026-07-28T19:03:58.787196+00:00,1951.568736,open,rgb,-55.000,80.000,5,700,,0.259005682,58.1582,4.070827484,4.067297935,1.643935323
2026-07-28T19:03:58.937360+00:00,1951.718901,open,rgb,-55.000,80.000,6,700,,0.258977273,58.1615,4.070931911,4.067378521,1.644069910
2026-07-28T19:03:59.087716+00:00,1951.869254,open,rgb,-55.000,80.000,7,700,,0.258948864,58.1582,4.070941925,4.067375660,1.644114852
2026-07-28T19:03:59.237967+00:00,1952.019506,open,rgb,-55.000,80.000,8,700,,0.258977273,58.1582,4.071152210,4.067488670,1.643985152
2026-07-28T19:03:59.388156+00:00,1952.169695,open,rgb,-55.000,80.000,9,700,,0.258920455,58.1548,4.070890427,4.067420959,1.644112110
2026-07-28T19:03:59.538467+00:00,1952.320006,open,rgb,-55.000,80.000,10,700,,0.258892045,58.1582,4.070887566,4.067398071,1.643987656
2026-07-28T19:03:59.688969+00:00,1952.470504,open,rgb,-55.000,80.000,11,700,,0.258948864,58.1648,4.070897579,4.067398071,1.644053578
2026-07-28T19:03:59.839512+00:00,1952.621050,open,rgb,-55.000,80.000,12,700,,0.258977273,58.1648,4.070826530,4.067352772,1.644256234
2026-07-28T19:03:59.989898+00:00,1952.771437,open,rgb,-55.000,80.000,13,700,,0.259034091,58.1615,4.070785522,4.067302704,1.644119024
2026-07-28T19:04:00.140389+00:00,1952.921927,open,rgb,-55.000,80.000,14,700,,0.259005682,58.1615,4.070866585,4.067387104,1.644146085
2026-07-28T19:04:00.290832+00:00,1953.072371,open,rgb,-55.000,80.000,15,700,,0.258892045,58.1615,4.070808411,4.067291260,1.644191265
2026-07-28T19:04:00.441187+00:00,1953.222727,open,rgb,-55.000,80.000,16,700,,0.258948864,58.1682,4.070939064,4.067425728,1.643988132
2026-07-28T19:04:00.591617+00:00,1953.373158,open,rgb,-55.000,80.000,17,700,,0.259005682,58.1648,4.070957184,4.067489147,1.644021273
2026-07-28T19:04:00.741960+00:00,1953.523500,open,rgb,-55.000,80.000,18,700,,0.258948864,58.1648,4.070818901,4.067258835,1.644020796
2026-07-28T19:04:00.892300+00:00,1953.673841,open,rgb,-55.000,80.000,19,700,,0.259005682,58.1749,4.070876598,4.067315102,1.644197583
2026-07-28T19:04:03.247338+00:00,1956.028873,open,rgb,-55.000,85.000,0,700,,0.259062500,58.1749,4.070716858,4.067185402,1.644232988
2026-07-28T19:04:03.398014+00:00,1956.179553,open,rgb,-55.000,85.000,1,700,,0.259062500,58.1749,4.070657730,4.067202091,1.644127727
2026-07-28T19:04:03.548411+00:00,1956.329950,open,rgb,-55.000,85.000,2,700,,0.258977273,58.1782,4.070749283,4.067272186,1.644098520
2026-07-28T19:04:03.698836+00:00,1956.480374,open,rgb,-55.000,85.000,3,700,,0.259062500,58.1849,4.070678711,4.067231178,1.644245148
2026-07-28T19:04:03.849223+00:00,1956.630763,open,rgb,-55.000,85.000,4,700,,0.259005682,58.1816,4.070695877,4.067157745,1.643970490
2026-07-28T19:04:03.999715+00:00,1956.781254,open,rgb,-55.000,85.000,5,700,,0.259062500,58.1849,4.070764542,4.067291737,1.644100189
2026-07-28T19:04:04.150075+00:00,1956.931615,open,rgb,-55.000,85.000,6,700,,0.259005682,58.1816,4.070661545,4.067163467,1.644078732
2026-07-28T19:04:04.300503+00:00,1957.082040,open,rgb,-55.000,85.000,7,700,,0.259005682,58.1882,4.070738316,4.067223549,1.644065976
2026-07-28T19:04:04.450953+00:00,1957.232493,open,rgb,-55.000,85.000,8,700,,0.259034091,58.1949,4.070715904,4.067230701,1.644009829
2026-07-28T19:04:04.601342+00:00,1957.382880,open,rgb,-55.000,85.000,9,700,,0.259034091,58.1882,4.070644855,4.067176342,1.643956900
2026-07-28T19:04:04.751684+00:00,1957.533222,open,rgb,-55.000,85.000,10,700,,0.259090909,58.1949,4.070763111,4.067338467,1.644160032
2026-07-28T19:04:04.902179+00:00,1957.683713,open,rgb,-55.000,85.000,11,700,,0.258977273,58.1782,4.070795536,4.067309380,1.643869162
2026-07-28T19:04:05.052598+00:00,1957.834137,open,rgb,-55.000,85.000,12,700,,0.258977273,58.1849,4.070675373,4.067221165,1.643904090
2026-07-28T19:04:05.203167+00:00,1957.984703,open,rgb,-55.000,85.000,13,700,,0.259034091,58.1916,4.070751190,4.067296028,1.644046664
2026-07-28T19:04:05.353518+00:00,1958.135057,open,rgb,-55.000,85.000,14,700,,0.259062500,58.1916,4.070675850,4.067191601,1.644075990
2026-07-28T19:04:05.503824+00:00,1958.285363,open,rgb,-55.000,85.000,15,700,,0.259090909,58.1916,4.070816517,4.067216396,1.643954635
2026-07-28T19:04:05.654068+00:00,1958.435608,open,rgb,-55.000,85.000,16,700,,0.259034091,58.1983,4.070682049,4.067190647,1.644291878
2026-07-28T19:04:05.804334+00:00,1958.585872,open,rgb,-55.000,85.000,17,700,,0.259034091,58.1949,4.070740223,4.067261696,1.644051552
2026-07-28T19:04:05.954596+00:00,1958.736135,open,rgb,-55.000,85.000,18,700,,0.259005682,58.1882,4.070796967,4.067287445,1.643971562
2026-07-28T19:04:06.104915+00:00,1958.886455,open,rgb,-55.000,85.000,19,700,,0.259005682,58.1849,4.070722580,4.067262173,1.644181013
2026-07-28T19:04:08.460275+00:00,1961.241810,open,rgb,-55.000,90.000,0,700,,0.259005682,58.2083,4.070784092,4.067294121,1.644005656
2026-07-28T19:04:08.610908+00:00,1961.392445,open,rgb,-55.000,90.000,1,700,,0.258977273,58.2116,4.070850372,4.067398071,1.644038916
2026-07-28T19:04:08.761333+00:00,1961.542873,open,rgb,-55.000,90.000,2,700,,0.259005682,58.2050,4.070745945,4.067306995,1.644181490
2026-07-28T19:04:08.911713+00:00,1961.693254,open,rgb,-55.000,90.000,3,700,,0.259034091,58.2116,4.070793152,4.067271233,1.643940210
2026-07-28T19:04:09.062131+00:00,1961.843671,open,rgb,-55.000,90.000,4,700,,0.259005682,58.2150,4.070755959,4.067269802,1.644169807
2026-07-28T19:04:09.212545+00:00,1961.994085,open,rgb,-55.000,90.000,5,700,,0.258977273,58.2116,4.070826054,4.067358971,1.644056678
2026-07-28T19:04:09.362876+00:00,1962.144417,open,rgb,-55.000,90.000,6,700,,0.258977273,58.2116,4.070851326,4.067372799,1.644045711
2026-07-28T19:04:09.513181+00:00,1962.294721,open,rgb,-55.000,90.000,7,700,,0.259005682,58.2116,4.070807457,4.067370892,1.644088507
2026-07-28T19:04:09.663579+00:00,1962.445118,open,rgb,-55.000,90.000,8,700,,0.258977273,58.1983,4.070791721,4.067372799,1.643954396
2026-07-28T19:04:09.813979+00:00,1962.595519,open,rgb,-55.000,90.000,9,700,,0.259005682,58.2016,4.070903778,4.067429543,1.643990517
2026-07-28T19:04:09.964415+00:00,1962.745955,open,rgb,-55.000,90.000,10,700,,0.258920455,58.1983,4.070793152,4.067269325,1.644317985
2026-07-28T19:04:10.115226+00:00,1962.896759,open,rgb,-55.000,90.000,11,700,,0.258948864,58.2083,4.070418835,4.067343712,1.644126773
2026-07-28T19:04:10.265631+00:00,1963.047168,open,rgb,-55.000,90.000,12,700,,0.258977273,58.2016,4.070933342,4.067617416,1.643970251
2026-07-28T19:04:10.415932+00:00,1963.197473,open,rgb,-55.000,90.000,13,700,,0.258920455,58.1816,4.070849895,4.067390442,1.643352866
2026-07-28T19:04:10.566153+00:00,1963.347691,open,rgb,-55.000,90.000,14,700,,0.259005682,58.1949,4.070937157,4.067453384,1.643900752
2026-07-28T19:04:10.716476+00:00,1963.498017,open,rgb,-55.000,90.000,15,700,,0.258948864,58.1983,4.070908070,4.067405701,1.644067407
2026-07-28T19:04:10.866617+00:00,1963.648159,open,rgb,-55.000,90.000,16,700,,0.258977273,58.1916,4.070806026,4.067340851,1.643929482
2026-07-28T19:04:11.016766+00:00,1963.798306,open,rgb,-55.000,90.000,17,700,,0.259062500,58.1983,4.070792198,4.067309380,1.644053817
2026-07-28T19:04:11.166983+00:00,1963.948524,open,rgb,-55.000,90.000,18,700,,0.258977273,58.1983,4.070845127,4.067369938,1.644029856
2026-07-28T19:04:11.317274+00:00,1964.098814,open,rgb,-55.000,90.000,19,700,,0.259005682,58.2016,4.070811272,4.067238808,1.643983245
2026-07-28T19:04:21.770259+00:00,1974.551794,open,dark,-50.000,-90.000,0,0,,0.000681818,58.0014,4.896975517,4.903569221,1.649659753
2026-07-28T19:04:21.920604+00:00,1974.702143,open,dark,-50.000,-90.000,1,0,,0.000681818,57.9382,4.896973610,4.903579235,1.649667263
2026-07-28T19:04:22.070840+00:00,1974.852380,open,dark,-50.000,-90.000,2,0,,0.000681818,57.8552,4.896968842,4.903575897,1.649696350
2026-07-28T19:04:22.220945+00:00,1975.002484,open,dark,-50.000,-90.000,3,0,,0.000681818,57.7723,4.896981716,4.903583050,1.649551153
2026-07-28T19:04:22.371109+00:00,1975.152648,open,dark,-50.000,-90.000,4,0,,0.000681818,57.6928,4.896977425,4.903603077,1.649849415
2026-07-28T19:04:22.521288+00:00,1975.302828,open,dark,-50.000,-90.000,5,0,,0.000681818,57.6003,4.896983147,4.903579235,1.649896860
2026-07-28T19:04:22.671494+00:00,1975.453035,open,dark,-50.000,-90.000,6,0,,0.000681818,57.5212,4.896971703,4.903580666,1.649895549
2026-07-28T19:04:22.821648+00:00,1975.603185,open,dark,-50.000,-90.000,7,0,,0.000710227,57.4455,4.896979809,4.903597355,1.649894834
2026-07-28T19:04:22.971976+00:00,1975.753514,open,dark,-50.000,-90.000,8,0,,0.000710227,57.3666,4.896967888,4.903571129,1.649760842
2026-07-28T19:04:23.122403+00:00,1975.903943,open,dark,-50.000,-90.000,9,0,,0.000681818,57.2944,4.896968365,4.903599262,1.649813771
2026-07-28T19:04:23.272815+00:00,1976.054354,open,dark,-50.000,-90.000,10,0,,0.000681818,57.2224,4.896966934,4.903601646,1.649788141
2026-07-28T19:04:23.423246+00:00,1976.204786,open,dark,-50.000,-90.000,11,0,,0.000710227,57.1439,4.896955967,4.903574944,1.649682164
2026-07-28T19:04:23.573631+00:00,1976.355171,open,dark,-50.000,-90.000,12,0,,0.000681818,57.0720,4.896954536,4.903594971,1.649829865
2026-07-28T19:04:23.723979+00:00,1976.505519,open,dark,-50.000,-90.000,13,0,,0.000710227,56.9873,4.896955490,4.903585911,1.649632931
2026-07-28T19:04:23.874242+00:00,1976.655783,open,dark,-50.000,-90.000,14,0,,0.000681818,56.9027,4.896965027,4.903585434,1.649542809
2026-07-28T19:04:24.024515+00:00,1976.806056,open,dark,-50.000,-90.000,15,0,,0.000681818,56.8280,4.896956444,4.903599262,1.649653196
2026-07-28T19:04:24.174901+00:00,1976.956440,open,dark,-50.000,-90.000,16,0,,0.000681818,56.7469,4.896946907,4.903576851,1.649347544
2026-07-28T19:04:24.325231+00:00,1977.106771,open,dark,-50.000,-90.000,17,0,,0.000681818,56.6724,4.896965981,4.903587818,1.649741769
2026-07-28T19:04:24.475699+00:00,1977.257239,open,dark,-50.000,-90.000,18,0,,0.000681818,56.5884,4.896949768,4.903589249,1.649801612
2026-07-28T19:04:24.626016+00:00,1977.407557,open,dark,-50.000,-90.000,19,0,,0.000681818,56.5078,4.896957874,4.903586388,1.649605513
2026-07-28T19:04:28.819687+00:00,1981.601223,open,rgb,-50.000,-90.000,0,700,,0.258920455,55.6138,4.070066452,4.066888809,1.642977595
2026-07-28T19:04:28.969939+00:00,1981.751479,open,rgb,-50.000,-90.000,1,700,,0.258920455,55.6264,4.070139408,4.066824913,1.642789125
2026-07-28T19:04:29.120203+00:00,1981.901743,open,rgb,-50.000,-90.000,2,700,,0.258863636,55.6423,4.070095062,4.066932201,1.643008351
2026-07-28T19:04:29.270578+00:00,1982.052117,open,rgb,-50.000,-90.000,3,700,,0.258948864,55.6612,4.070057392,4.066821575,1.642922401
2026-07-28T19:04:29.420773+00:00,1982.202313,open,rgb,-50.000,-90.000,4,700,,0.258920455,55.6866,4.070240498,4.067055702,1.642851114
2026-07-28T19:04:29.571135+00:00,1982.352671,open,rgb,-50.000,-90.000,5,700,,0.259005682,55.7119,4.070219994,4.066874504,1.642853379
2026-07-28T19:04:29.721810+00:00,1982.503349,open,rgb,-50.000,-90.000,6,700,,0.259005682,55.7436,4.070128918,4.066822052,1.642470837
2026-07-28T19:04:29.872295+00:00,1982.653834,open,rgb,-50.000,-90.000,7,700,,0.259034091,55.7754,4.070057392,4.066900253,1.642887473
2026-07-28T19:04:30.022760+00:00,1982.804299,open,rgb,-50.000,-90.000,8,700,,0.259005682,55.7944,4.069997787,4.066798210,1.642909765
2026-07-28T19:04:30.173051+00:00,1982.954592,open,rgb,-50.000,-90.000,9,700,,0.259090909,55.8230,4.070044041,4.066680908,1.642843604
2026-07-28T19:04:30.323332+00:00,1983.104872,open,rgb,-50.000,-90.000,10,700,,0.259062500,55.8484,4.069953442,4.066819191,1.642998099
2026-07-28T19:04:30.473625+00:00,1983.255164,open,rgb,-50.000,-90.000,11,700,,0.259005682,55.8643,4.070001125,4.066776752,1.642943740
2026-07-28T19:04:30.624008+00:00,1983.405549,open,rgb,-50.000,-90.000,12,700,,0.258977273,55.8866,4.070073128,4.066831589,1.642933369
2026-07-28T19:04:30.774347+00:00,1983.555887,open,rgb,-50.000,-90.000,13,700,,0.258977273,55.9088,4.070112705,4.066887856,1.642996430
2026-07-28T19:04:30.924656+00:00,1983.706197,open,rgb,-50.000,-90.000,14,700,,0.259034091,55.9216,4.070089817,4.066864967,1.642845511
2026-07-28T19:04:31.076271+00:00,1983.857801,open,rgb,-50.000,-90.000,15,700,,0.258977273,55.9343,4.070223808,4.066772938,1.642818928
2026-07-28T19:04:31.226918+00:00,1984.008452,open,rgb,-50.000,-90.000,16,700,,0.259232955,55.9502,4.070056438,4.066862106,1.643012285
2026-07-28T19:04:31.377617+00:00,1984.159153,open,rgb,-50.000,-90.000,17,700,,0.259005682,55.9725,4.070233822,4.066946983,1.642827511
2026-07-28T19:04:31.528157+00:00,1984.309696,open,rgb,-50.000,-90.000,18,700,,0.258920455,55.9789,4.070261002,4.067098618,1.642804742
2026-07-28T19:04:31.678823+00:00,1984.460359,open,rgb,-50.000,-90.000,19,700,,0.258977273,55.9948,4.070149422,4.066952229,1.642711520
2026-07-28T19:04:34.033807+00:00,1986.815343,open,rgb,-50.000,-85.000,0,700,,0.259005682,56.1865,4.070393085,4.067045212,1.642825723
2026-07-28T19:04:34.184417+00:00,1986.965956,open,rgb,-50.000,-85.000,1,700,,0.259090909,56.2025,4.070330620,4.067059517,1.643018842
2026-07-28T19:04:34.334836+00:00,1987.116375,open,rgb,-50.000,-85.000,2,700,,0.259005682,56.2153,4.070203781,4.067056656,1.642897010
2026-07-28T19:04:34.485191+00:00,1987.266731,open,rgb,-50.000,-85.000,3,700,,0.258977273,56.2346,4.070382595,4.067170143,1.643014193
2026-07-28T19:04:34.635660+00:00,1987.417197,open,rgb,-50.000,-85.000,4,700,,0.259005682,56.2506,4.070281029,4.067096710,1.643061161
2026-07-28T19:04:34.786143+00:00,1987.567683,open,rgb,-50.000,-85.000,5,700,,0.259062500,56.2634,4.070281029,4.067115307,1.642917514
2026-07-28T19:04:34.936516+00:00,1987.718057,open,rgb,-50.000,-85.000,6,700,,0.259034091,56.2730,4.070409775,4.067190647,1.642920494
2026-07-28T19:04:35.086855+00:00,1987.868395,open,rgb,-50.000,-85.000,7,700,,0.259005682,56.2859,4.070403099,4.067109585,1.642959356
2026-07-28T19:04:35.237228+00:00,1988.018768,open,rgb,-50.000,-85.000,8,700,,0.259005682,56.3051,4.070626259,4.067327499,1.642923474
2026-07-28T19:04:35.387546+00:00,1988.169087,open,rgb,-50.000,-85.000,9,700,,0.258863636,56.3180,4.070374012,4.067120075,1.643093586
2026-07-28T19:04:35.537903+00:00,1988.319444,open,rgb,-50.000,-85.000,10,700,,0.259062500,56.3308,4.070355415,4.067124367,1.642894864
2026-07-28T19:04:35.688221+00:00,1988.469762,open,rgb,-50.000,-85.000,11,700,,0.259090909,56.3436,4.070464611,4.067254066,1.642967820
2026-07-28T19:04:35.838700+00:00,1988.620241,open,rgb,-50.000,-85.000,12,700,,0.259005682,56.3533,4.070429325,4.067193031,1.643081188
2026-07-28T19:04:35.989025+00:00,1988.770566,open,rgb,-50.000,-85.000,13,700,,0.258977273,56.3629,4.070434570,4.067204475,1.642935395
2026-07-28T19:04:36.139713+00:00,1988.921250,open,rgb,-50.000,-85.000,14,700,,0.259034091,56.3758,4.070525169,4.067240715,1.642954230
2026-07-28T19:04:36.290439+00:00,1989.071972,open,rgb,-50.000,-85.000,15,700,,0.258948864,56.3758,4.070569992,4.067274094,1.642382622
2026-07-28T19:04:36.442307+00:00,1989.223840,open,rgb,-50.000,-85.000,16,700,,0.259034091,56.3983,4.070518494,4.067218781,1.642969370
2026-07-28T19:04:36.593149+00:00,1989.374683,open,rgb,-50.000,-85.000,17,700,,0.259062500,56.4111,4.070512772,4.067291260,1.643064737
2026-07-28T19:04:36.743735+00:00,1989.525274,open,rgb,-50.000,-85.000,18,700,,0.259005682,56.4208,4.070518494,4.067248821,1.642819881
2026-07-28T19:04:36.894209+00:00,1989.675750,open,rgb,-50.000,-85.000,19,700,,0.259062500,56.4337,4.070610523,4.067320347,1.642968774
2026-07-28T19:04:39.249290+00:00,1992.030824,open,rgb,-50.000,-80.000,0,700,,0.258948864,56.5755,4.070980072,4.067700863,1.643111706
2026-07-28T19:04:39.399880+00:00,1992.181419,open,rgb,-50.000,-80.000,1,700,,0.258920455,56.5819,4.071074009,4.067708015,1.642943978
2026-07-28T19:04:39.550234+00:00,1992.331774,open,rgb,-50.000,-80.000,2,700,,0.258920455,56.5884,4.071084976,4.067739964,1.642911434
2026-07-28T19:04:39.700575+00:00,1992.482114,open,rgb,-50.000,-80.000,3,700,,0.258920455,56.5884,4.070890427,4.067590237,1.643284559
2026-07-28T19:04:39.850960+00:00,1992.632499,open,rgb,-50.000,-80.000,4,700,,0.258948864,56.6078,4.070928097,4.067592621,1.643155575
2026-07-28T19:04:40.001294+00:00,1992.782833,open,rgb,-50.000,-80.000,5,700,,0.258977273,56.6175,4.070978642,4.067689419,1.643216610
2026-07-28T19:04:40.151513+00:00,1992.933054,open,rgb,-50.000,-80.000,6,700,,0.258920455,56.6272,4.070999146,4.067737103,1.643098235
2026-07-28T19:04:40.301665+00:00,1993.083204,open,rgb,-50.000,-80.000,7,700,,0.258920455,56.6304,4.071082115,4.067830086,1.642983437
2026-07-28T19:04:40.451901+00:00,1993.233442,open,rgb,-50.000,-80.000,8,700,,0.258948864,56.6369,4.071113586,4.067853451,1.642985940
2026-07-28T19:04:40.602164+00:00,1993.383703,open,rgb,-50.000,-80.000,9,700,,0.258920455,56.6433,4.071062088,4.067729950,1.642831564
2026-07-28T19:04:40.752379+00:00,1993.533918,open,rgb,-50.000,-80.000,10,700,,0.258920455,56.6595,4.071265697,4.068056583,1.643022060
2026-07-28T19:04:40.902614+00:00,1993.684154,open,rgb,-50.000,-80.000,11,700,,0.258863636,56.6530,4.071077347,4.067786694,1.643006444
2026-07-28T19:04:41.052858+00:00,1993.834396,open,rgb,-50.000,-80.000,12,700,,0.258920455,56.6789,4.071153641,4.067712784,1.643033028
2026-07-28T19:04:41.207843+00:00,1993.989381,open,rgb,-50.000,-80.000,13,700,,0.258806818,56.6789,4.071114063,4.067845821,1.643115759
2026-07-28T19:04:41.358185+00:00,1994.139725,open,rgb,-50.000,-80.000,14,700,,0.258977273,56.6886,4.071086884,4.067725658,1.643060923
2026-07-28T19:04:41.508387+00:00,1994.289927,open,rgb,-50.000,-80.000,15,700,,0.258892045,56.6918,4.071168900,4.067893028,1.643064737
2026-07-28T19:04:41.659037+00:00,1994.440570,open,rgb,-50.000,-80.000,16,700,,0.258977273,56.7048,4.070961952,4.067545891,1.642666578
2026-07-28T19:04:41.809442+00:00,1994.590980,open,rgb,-50.000,-80.000,17,700,,0.259005682,56.7242,4.070789337,4.067508698,1.643170238
2026-07-28T19:04:41.959696+00:00,1994.741236,open,rgb,-50.000,-80.000,18,700,,0.258977273,56.7372,4.070887566,4.067634106,1.643141389
2026-07-28T19:04:42.109982+00:00,1994.891519,open,rgb,-50.000,-80.000,19,700,,0.259005682,56.7437,4.070887089,4.067606449,1.643109679
2026-07-28T19:04:44.465123+00:00,1997.246659,open,rgb,-50.000,-75.000,0,700,,0.258920455,56.8539,4.071211338,4.067829609,1.642863631
2026-07-28T19:04:44.615485+00:00,1997.397024,open,rgb,-50.000,-75.000,1,700,,0.258920455,56.8572,4.071269512,4.067909718,1.643100381
2026-07-28T19:04:44.765741+00:00,1997.547279,open,rgb,-50.000,-75.000,2,700,,0.258892045,56.8572,4.071201324,4.067823410,1.643208623
2026-07-28T19:04:44.916019+00:00,1997.697560,open,rgb,-50.000,-75.000,3,700,,0.259005682,56.8702,4.071275711,4.067820549,1.643080115
2026-07-28T19:04:45.066153+00:00,1997.847693,open,rgb,-50.000,-75.000,4,700,,0.258948864,56.8799,4.071252823,4.067905903,1.643120170
2026-07-28T19:04:45.216432+00:00,1997.997971,open,rgb,-50.000,-75.000,5,700,,0.258920455,56.8864,4.071163654,4.067811489,1.643073320
2026-07-28T19:04:45.366652+00:00,1998.148192,open,rgb,-50.000,-75.000,6,700,,0.258948864,56.8994,4.071215630,4.067839146,1.643284798
2026-07-28T19:04:45.516913+00:00,1998.298452,open,rgb,-50.000,-75.000,7,700,,0.259005682,56.9059,4.071290016,4.067906857,1.643271804
2026-07-28T19:04:45.667109+00:00,1998.448649,open,rgb,-50.000,-75.000,8,700,,0.259005682,56.9092,4.071224213,4.067937374,1.643040419
2026-07-28T19:04:45.817284+00:00,1998.598825,open,rgb,-50.000,-75.000,9,700,,0.258948864,56.9124,4.071352959,4.067957878,1.643122196
2026-07-28T19:04:45.967524+00:00,1998.749065,open,rgb,-50.000,-75.000,10,700,,0.258920455,56.9092,4.071256161,4.067873478,1.643140197
2026-07-28T19:04:46.117658+00:00,1998.899198,open,rgb,-50.000,-75.000,11,700,,0.258948864,56.9157,4.071335793,4.067785740,1.643120170
2026-07-28T19:04:46.268262+00:00,1999.049796,open,rgb,-50.000,-75.000,12,700,,0.258977273,56.9254,4.071246624,4.067865849,1.643419743
2026-07-28T19:04:46.418608+00:00,1999.200147,open,rgb,-50.000,-75.000,13,700,,0.258920455,56.9092,4.071186543,4.067845821,1.643011570
2026-07-28T19:04:46.568858+00:00,1999.350394,open,rgb,-50.000,-75.000,14,700,,0.259034091,56.9124,4.071319580,4.067743778,1.643250108
2026-07-28T19:04:46.719747+00:00,1999.501280,open,rgb,-50.000,-75.000,15,700,,0.259090909,56.9352,4.071238995,4.067860603,1.643157005
2026-07-28T19:04:46.870845+00:00,1999.652377,open,rgb,-50.000,-75.000,16,700,,0.258977273,56.9385,4.070483685,4.067665100,1.643045545
2026-07-28T19:04:47.021502+00:00,1999.803040,open,rgb,-50.000,-75.000,17,700,,0.259062500,56.9515,4.071092606,4.067747116,1.643162489
2026-07-28T19:04:47.172000+00:00,1999.953540,open,rgb,-50.000,-75.000,18,700,,0.259034091,56.9580,4.071012497,4.067576408,1.643252969
2026-07-28T19:04:47.322407+00:00,2000.103945,open,rgb,-50.000,-75.000,19,700,,0.259062500,56.9710,4.071073055,4.067654610,1.643293262
2026-07-28T19:04:49.677669+00:00,2002.459204,open,rgb,-50.000,-70.000,0,700,,0.259005682,57.0362,4.071036339,4.067660332,1.643160462
2026-07-28T19:04:49.828191+00:00,2002.609730,open,rgb,-50.000,-70.000,1,700,,0.259034091,57.0492,4.071029186,4.067675591,1.643186569
2026-07-28T19:04:49.978478+00:00,2002.760018,open,rgb,-50.000,-70.000,2,700,,0.259034091,57.0590,4.071120262,4.067693710,1.643218875
2026-07-28T19:04:50.128643+00:00,2002.910184,open,rgb,-50.000,-70.000,3,700,,0.259090909,57.0655,4.071173191,4.067729950,1.643155098
2026-07-28T19:04:50.279014+00:00,2003.060553,open,rgb,-50.000,-70.000,4,700,,0.259062500,57.0688,4.071156025,4.067743301,1.642956614
2026-07-28T19:04:50.429451+00:00,2003.210991,open,rgb,-50.000,-70.000,5,700,,0.259005682,57.0720,4.071206093,4.067800045,1.643051386
2026-07-28T19:04:50.579758+00:00,2003.361298,open,rgb,-50.000,-70.000,6,700,,0.259005682,57.0688,4.071035385,4.067646027,1.643471718
2026-07-28T19:04:50.730145+00:00,2003.511685,open,rgb,-50.000,-70.000,7,700,,0.259062500,57.0818,4.071101665,4.067687988,1.643276453
2026-07-28T19:04:50.880452+00:00,2003.661993,open,rgb,-50.000,-70.000,8,700,,0.259090909,57.0818,4.071130276,4.067757607,1.643165827
2026-07-28T19:04:51.030763+00:00,2003.812302,open,rgb,-50.000,-70.000,9,700,,0.259062500,57.0818,4.071115017,4.067759037,1.643102646
2026-07-28T19:04:51.181095+00:00,2003.962636,open,rgb,-50.000,-70.000,10,700,,0.259062500,57.0916,4.071155071,4.067754745,1.643190742
2026-07-28T19:04:51.331719+00:00,2004.113257,open,rgb,-50.000,-70.000,11,700,,0.259090909,57.0981,4.071046829,4.067682266,1.643256664
2026-07-28T19:04:51.482133+00:00,2004.263673,open,rgb,-50.000,-70.000,12,700,,0.259062500,57.0981,4.071119308,4.067738056,1.643155098
2026-07-28T19:04:51.632696+00:00,2004.414232,open,rgb,-50.000,-70.000,13,700,,0.259062500,57.1014,4.071266174,4.067849159,1.643053055
2026-07-28T19:04:51.783067+00:00,2004.564605,open,rgb,-50.000,-70.000,14,700,,0.259034091,57.1014,4.071154594,4.067871094,1.643201232
2026-07-28T19:04:51.933310+00:00,2004.714850,open,rgb,-50.000,-70.000,15,700,,0.258920455,57.1014,4.071257591,4.067802429,1.642337203
2026-07-28T19:04:52.083463+00:00,2004.864997,open,rgb,-50.000,-70.000,16,700,,0.259034091,57.1177,4.071330070,4.067543507,1.643070579
2026-07-28T19:04:52.234013+00:00,2005.015547,open,rgb,-50.000,-70.000,17,700,,0.259062500,57.1112,4.071063042,4.067739487,1.642651439
2026-07-28T19:04:52.384462+00:00,2005.166001,open,rgb,-50.000,-70.000,18,700,,0.259090909,57.1210,4.071192265,4.067843437,1.643154621
2026-07-28T19:04:52.534754+00:00,2005.316293,open,rgb,-50.000,-70.000,19,700,,0.259119318,57.1177,4.071140766,4.067826271,1.643189788
2026-07-28T19:04:54.889954+00:00,2007.671489,open,rgb,-50.000,-65.000,0,700,,0.258977273,57.1831,4.071383476,4.068043709,1.642970800
2026-07-28T19:04:55.040522+00:00,2007.822061,open,rgb,-50.000,-65.000,1,700,,0.259005682,57.1798,4.071511269,4.068173885,1.642957091
2026-07-28T19:04:55.190984+00:00,2007.972524,open,rgb,-50.000,-65.000,2,700,,0.259005682,57.1864,4.071479797,4.068087101,1.643097997
2026-07-28T19:04:55.341489+00:00,2008.123026,open,rgb,-50.000,-65.000,3,700,,0.258977273,57.1864,4.071387291,4.068053246,1.642853856
2026-07-28T19:04:55.492004+00:00,2008.273544,open,rgb,-50.000,-65.000,4,700,,0.259005682,57.1962,4.071480274,4.068120956,1.643018603
2026-07-28T19:04:55.642360+00:00,2008.423901,open,rgb,-50.000,-65.000,5,700,,0.259062500,57.2060,4.071420670,4.068103790,1.643062115
2026-07-28T19:04:55.792788+00:00,2008.574328,open,rgb,-50.000,-65.000,6,700,,0.259034091,57.2125,4.071540356,4.068038464,1.642959595
2026-07-28T19:04:55.943212+00:00,2008.724753,open,rgb,-50.000,-65.000,7,700,,0.259005682,57.2224,4.071453094,4.068077087,1.643107772
2026-07-28T19:04:56.093546+00:00,2008.875087,open,rgb,-50.000,-65.000,8,700,,0.259034091,57.2256,4.071490288,4.068094730,1.643027663
2026-07-28T19:04:56.244052+00:00,2009.025589,open,rgb,-50.000,-65.000,9,700,,0.259090909,57.2289,4.071507454,4.068147659,1.642977834
2026-07-28T19:04:56.398961+00:00,2009.180496,open,rgb,-50.000,-65.000,10,700,,0.259034091,57.2355,4.071466446,4.068149567,1.643131375
2026-07-28T19:04:56.549510+00:00,2009.331050,open,rgb,-50.000,-65.000,11,700,,0.259090909,57.2387,4.071654797,4.068308830,1.642953992
2026-07-28T19:04:56.700094+00:00,2009.481630,open,rgb,-50.000,-65.000,12,700,,0.258977273,57.2355,4.071461678,4.068084240,1.643074036
2026-07-28T19:04:56.850617+00:00,2009.632158,open,rgb,-50.000,-65.000,13,700,,0.259034091,57.2387,4.071498394,4.068086624,1.643138766
2026-07-28T19:04:57.001005+00:00,2009.782545,open,rgb,-50.000,-65.000,14,700,,0.259034091,57.2486,4.071539879,4.068130493,1.642982483
2026-07-28T19:04:57.151486+00:00,2009.933020,open,rgb,-50.000,-65.000,15,700,,0.259005682,57.2518,4.071488857,4.068146706,1.643049598
2026-07-28T19:04:57.302079+00:00,2010.083617,open,rgb,-50.000,-65.000,16,700,,0.259005682,57.2453,4.071415424,4.068065643,1.642318726
2026-07-28T19:04:57.452816+00:00,2010.234349,open,rgb,-50.000,-65.000,17,700,,0.259005682,57.2780,4.071475029,4.068083763,1.642489791
2026-07-28T19:04:57.603178+00:00,2010.384717,open,rgb,-50.000,-65.000,18,700,,0.259062500,57.2715,4.071413040,4.068058968,1.643102407
2026-07-28T19:04:57.753505+00:00,2010.535044,open,rgb,-50.000,-65.000,19,700,,0.259034091,57.2715,4.071364880,4.068036556,1.643051386
2026-07-28T19:05:00.108673+00:00,2012.890209,open,rgb,-50.000,-60.000,0,700,,0.259034091,57.3239,4.071319580,4.068206787,1.643100858
2026-07-28T19:05:00.259143+00:00,2013.040680,open,rgb,-50.000,-60.000,1,700,,0.258892045,57.3141,4.071338654,4.067971230,1.642839909
2026-07-28T19:05:00.409395+00:00,2013.190936,open,rgb,-50.000,-60.000,2,700,,0.258948864,57.3239,4.071358681,4.068051815,1.643097043
2026-07-28T19:05:00.559593+00:00,2013.341133,open,rgb,-50.000,-60.000,3,700,,0.258948864,57.3272,4.071504116,4.068163395,1.642970324
2026-07-28T19:05:00.709939+00:00,2013.491480,open,rgb,-50.000,-60.000,4,700,,0.258920455,57.3272,4.071374893,4.068061352,1.643088460
2026-07-28T19:05:00.860465+00:00,2013.642006,open,rgb,-50.000,-60.000,5,700,,0.258948864,57.3371,4.071450710,4.068050385,1.643039584
2026-07-28T19:05:01.010660+00:00,2013.792200,open,rgb,-50.000,-60.000,6,700,,0.259034091,57.3436,4.071379662,4.068048954,1.643188834
2026-07-28T19:05:01.160968+00:00,2013.942507,open,rgb,-50.000,-60.000,7,700,,0.258948864,57.3469,4.071278095,4.068007946,1.643080831
2026-07-28T19:05:01.311514+00:00,2014.093050,open,rgb,-50.000,-60.000,8,700,,0.258948864,57.3568,4.071436882,4.068070889,1.643235683
2026-07-28T19:05:01.465572+00:00,2014.247110,open,rgb,-50.000,-60.000,9,700,,0.258892045,57.3600,4.071401119,4.068114281,1.643282294
2026-07-28T19:05:01.615817+00:00,2014.397351,open,rgb,-50.000,-60.000,10,700,,0.258920455,57.3600,4.071204185,4.067832947,1.643012762
2026-07-28T19:05:01.766154+00:00,2014.547693,open,rgb,-50.000,-60.000,11,700,,0.259062500,57.3699,4.071243286,4.067884445,1.643085957
2026-07-28T19:05:01.916435+00:00,2014.697975,open,rgb,-50.000,-60.000,12,700,,0.258977273,57.3699,4.071164608,4.067851543,1.643115282
2026-07-28T19:05:02.066635+00:00,2014.848173,open,rgb,-50.000,-60.000,13,700,,0.259062500,57.3699,4.071263313,4.067872524,1.643132925
2026-07-28T19:05:02.216942+00:00,2014.998481,open,rgb,-50.000,-60.000,14,700,,0.259034091,57.3732,4.071221352,4.067889214,1.643128037
2026-07-28T19:05:02.367237+00:00,2015.148777,open,rgb,-50.000,-60.000,15,700,,0.258977273,57.3699,4.071109772,4.067765236,1.642986178
2026-07-28T19:05:02.517462+00:00,2015.298999,open,rgb,-50.000,-60.000,16,700,,0.259034091,57.3830,4.071187019,4.067863464,1.643201232
2026-07-28T19:05:02.668082+00:00,2015.449615,open,rgb,-50.000,-60.000,17,700,,0.259034091,57.3732,4.071208000,4.067784309,1.642853618
2026-07-28T19:05:02.818650+00:00,2015.600189,open,rgb,-50.000,-60.000,18,700,,0.259034091,57.3962,4.071120262,4.067824364,1.643290639
2026-07-28T19:05:02.968937+00:00,2015.750477,open,rgb,-50.000,-60.000,19,700,,0.259034091,57.3896,4.071284771,4.067889690,1.642393351
2026-07-28T19:05:05.323994+00:00,2018.105530,open,rgb,-50.000,-55.000,0,700,,0.259005682,57.4586,4.071309090,4.067885399,1.643227100
2026-07-28T19:05:05.474283+00:00,2018.255822,open,rgb,-50.000,-55.000,1,700,,0.259005682,57.4685,4.071284294,4.067903996,1.643113613
2026-07-28T19:05:05.624574+00:00,2018.406114,open,rgb,-50.000,-55.000,2,700,,0.259005682,57.4718,4.071337223,4.068101883,1.643105984
2026-07-28T19:05:05.774723+00:00,2018.556263,open,rgb,-50.000,-55.000,3,700,,0.258920455,57.4586,4.071239471,4.067875385,1.642390966
2026-07-28T19:05:05.924965+00:00,2018.706505,open,rgb,-50.000,-55.000,4,700,,0.258948864,57.4817,4.071347713,4.067925930,1.643173933
2026-07-28T19:05:06.075332+00:00,2018.856873,open,rgb,-50.000,-55.000,5,700,,0.259062500,57.4850,4.071379662,4.067968369,1.643114567
2026-07-28T19:05:06.225639+00:00,2019.007181,open,rgb,-50.000,-55.000,6,700,,0.259090909,57.4850,4.071301460,4.067954063,1.642986417
2026-07-28T19:05:06.375916+00:00,2019.157454,open,rgb,-50.000,-55.000,7,700,,0.258977273,57.4916,4.071392059,4.067986012,1.643138051
2026-07-28T19:05:06.526509+00:00,2019.308042,open,rgb,-50.000,-55.000,8,700,,0.258948864,57.4883,4.071354389,4.067942142,1.643226624
2026-07-28T19:05:06.677112+00:00,2019.458649,open,rgb,-50.000,-55.000,9,700,,0.259005682,57.4850,4.071443558,4.067998409,1.643043756
2026-07-28T19:05:06.827704+00:00,2019.609244,open,rgb,-50.000,-55.000,10,700,,0.258977273,57.4883,4.071423531,4.068054199,1.642942429
2026-07-28T19:05:06.978032+00:00,2019.759573,open,rgb,-50.000,-55.000,11,700,,0.259005682,57.4817,4.071248055,4.067894936,1.643051863
2026-07-28T19:05:07.128445+00:00,2019.909986,open,rgb,-50.000,-55.000,12,700,,0.259062500,57.4916,4.071363926,4.067969799,1.643202186
2026-07-28T19:05:07.278774+00:00,2020.060309,open,rgb,-50.000,-55.000,13,700,,0.259062500,57.5014,4.071279049,4.067964077,1.643265724
2026-07-28T19:05:07.429223+00:00,2020.210762,open,rgb,-50.000,-55.000,14,700,,0.259005682,57.4981,4.071352959,4.067972183,1.643081188
2026-07-28T19:05:07.579596+00:00,2020.361136,open,rgb,-50.000,-55.000,15,700,,0.259005682,57.5014,4.071350098,4.068046093,1.643138528
2026-07-28T19:05:07.730093+00:00,2020.511627,open,rgb,-50.000,-55.000,16,700,,0.259005682,57.4916,4.071500778,4.068093777,1.642883897
2026-07-28T19:05:07.880086+00:00,2020.661619,open,rgb,-50.000,-55.000,17,700,,0.258920455,57.4817,4.071412563,4.067952156,1.642853856
2026-07-28T19:05:08.030762+00:00,2020.812299,open,rgb,-50.000,-55.000,18,700,,0.259090909,57.4981,4.071367264,4.067996025,1.643248916
2026-07-28T19:05:08.181188+00:00,2020.962728,open,rgb,-50.000,-55.000,19,700,,0.259005682,57.4949,4.071319580,4.068140030,1.643144131
2026-07-28T19:05:10.536327+00:00,2023.317863,open,rgb,-50.000,-50.000,0,700,,0.258892045,57.5014,4.068765163,4.065462112,1.643063068
2026-07-28T19:05:10.686829+00:00,2023.468368,open,rgb,-50.000,-50.000,1,700,,0.258948864,57.4949,4.068772793,4.065537930,1.643111706
2026-07-28T19:05:10.837182+00:00,2023.618722,open,rgb,-50.000,-50.000,2,700,,0.258920455,57.4916,4.068683624,4.065385818,1.642991543
2026-07-28T19:05:10.987631+00:00,2023.769171,open,rgb,-50.000,-50.000,3,700,,0.258892045,57.5014,4.068718433,4.065497875,1.643132925
2026-07-28T19:05:11.137943+00:00,2023.919485,open,rgb,-50.000,-50.000,4,700,,0.258920455,57.5080,4.068729401,4.065475941,1.643166780
2026-07-28T19:05:11.288314+00:00,2024.069853,open,rgb,-50.000,-50.000,5,700,,0.258948864,57.4949,4.068671227,4.065474510,1.642355800
2026-07-28T19:05:11.438672+00:00,2024.220211,open,rgb,-50.000,-50.000,6,700,,0.258977273,57.5080,4.068805695,4.065582752,1.643011332
2026-07-28T19:05:11.593430+00:00,2024.374934,open,rgb,-50.000,-50.000,7,700,,0.258863636,57.5080,4.068723679,4.065407753,1.643014431
2026-07-28T19:05:11.744006+00:00,2024.525543,open,rgb,-50.000,-50.000,8,700,,0.258977273,57.5278,4.068565845,4.065248489,1.643049121
2026-07-28T19:05:11.894374+00:00,2024.675914,open,rgb,-50.000,-50.000,9,700,,0.259034091,57.5344,4.068592072,4.065371513,1.643087506
2026-07-28T19:05:12.044732+00:00,2024.826272,open,rgb,-50.000,-50.000,10,700,,0.258920455,57.5344,4.068475723,4.065289974,1.642927527
2026-07-28T19:05:12.195123+00:00,2024.976663,open,rgb,-50.000,-50.000,11,700,,0.259005682,57.5443,4.068523884,4.065364838,1.643054247
2026-07-28T19:05:12.345491+00:00,2025.127030,open,rgb,-50.000,-50.000,12,700,,0.258977273,57.5443,4.068663597,4.065455914,1.642964959
2026-07-28T19:05:12.495892+00:00,2025.277432,open,rgb,-50.000,-50.000,13,700,,0.258977273,57.5410,4.068508625,4.065284729,1.642796993
2026-07-28T19:05:12.646326+00:00,2025.427867,open,rgb,-50.000,-50.000,14,700,,0.259062500,57.5509,4.068567753,4.065351009,1.643108487
2026-07-28T19:05:12.796672+00:00,2025.578213,open,rgb,-50.000,-50.000,15,700,,0.258977273,57.5476,4.068537235,4.065231800,1.643181920
2026-07-28T19:05:12.946993+00:00,2025.728534,open,rgb,-50.000,-50.000,16,700,,0.259005682,57.5542,4.068525314,4.065315247,1.643140197
2026-07-28T19:05:13.097588+00:00,2025.879119,open,rgb,-50.000,-50.000,17,700,,0.259062500,57.5575,4.068340778,4.065023899,1.643130898
2026-07-28T19:05:13.248316+00:00,2026.029848,open,rgb,-50.000,-50.000,18,700,,0.259062500,57.5575,4.068483353,4.065204144,1.643015265
2026-07-28T19:05:13.399027+00:00,2026.180566,open,rgb,-50.000,-50.000,19,700,,0.259005682,57.5641,4.068604946,4.065364838,1.643222928
2026-07-28T19:05:15.754256+00:00,2028.535792,open,rgb,-50.000,-45.000,0,700,,0.258977273,57.5014,4.068785191,4.065557480,1.643154383
2026-07-28T19:05:15.904761+00:00,2028.686300,open,rgb,-50.000,-45.000,1,700,,0.258863636,57.5047,4.068767548,4.065591812,1.642957091
2026-07-28T19:05:16.055179+00:00,2028.836719,open,rgb,-50.000,-45.000,2,700,,0.258920455,57.5047,4.068851471,4.065656185,1.642921448
2026-07-28T19:05:16.205536+00:00,2028.987076,open,rgb,-50.000,-45.000,3,700,,0.258835227,57.5047,4.068724632,4.065510750,1.643376589
2026-07-28T19:05:16.356024+00:00,2029.137561,open,rgb,-50.000,-45.000,4,700,,0.259005682,57.5179,4.068768501,4.065580368,1.643087029
2026-07-28T19:05:16.506511+00:00,2029.288050,open,rgb,-50.000,-45.000,5,700,,0.258920455,57.5278,4.068815231,4.065622807,1.643095255
2026-07-28T19:05:16.656852+00:00,2029.438386,open,rgb,-50.000,-45.000,6,700,,0.258863636,57.5311,4.068602562,4.065392494,1.642988801
2026-07-28T19:05:16.807353+00:00,2029.588892,open,rgb,-50.000,-45.000,7,700,,0.258920455,57.5476,4.068718910,4.065344334,1.642391205
2026-07-28T19:05:16.957716+00:00,2029.739256,open,rgb,-50.000,-45.000,8,700,,0.259034091,57.5542,4.068551064,4.065357685,1.643296480
2026-07-28T19:05:17.108213+00:00,2029.889753,open,rgb,-50.000,-45.000,9,700,,0.259034091,57.5542,4.068553448,4.065391541,1.643073559
2026-07-28T19:05:17.258662+00:00,2030.040203,open,rgb,-50.000,-45.000,10,700,,0.259005682,57.5575,4.068583012,4.065402031,1.643043280
2026-07-28T19:05:17.409037+00:00,2030.190576,open,rgb,-50.000,-45.000,11,700,,0.258920455,57.5542,4.068634033,4.065443993,1.643010139
2026-07-28T19:05:17.559583+00:00,2030.341120,open,rgb,-50.000,-45.000,12,700,,0.258977273,57.5608,4.068551064,4.065275669,1.642948508
2026-07-28T19:05:17.710022+00:00,2030.491561,open,rgb,-50.000,-45.000,13,700,,0.259005682,57.5707,4.068510056,4.065357685,1.643239856
2026-07-28T19:05:17.860422+00:00,2030.641963,open,rgb,-50.000,-45.000,14,700,,0.259005682,57.5740,4.068524837,4.065340996,1.643131971
2026-07-28T19:05:18.010825+00:00,2030.792366,open,rgb,-50.000,-45.000,15,700,,0.259005682,57.5707,4.068634033,4.065453053,1.643057466
2026-07-28T19:05:18.161061+00:00,2030.942599,open,rgb,-50.000,-45.000,16,700,,0.259005682,57.5740,4.068532944,4.065368652,1.643155813
2026-07-28T19:05:18.311655+00:00,2031.093194,open,rgb,-50.000,-45.000,17,700,,0.259005682,57.5575,4.068465710,4.065348625,1.642989635
2026-07-28T19:05:18.462767+00:00,2031.244301,open,rgb,-50.000,-45.000,18,700,,0.259119318,57.5838,4.068588257,4.065431595,1.643115759
2026-07-28T19:05:18.613104+00:00,2031.394643,open,rgb,-50.000,-45.000,19,700,,0.258977273,57.5344,4.068576813,4.065413952,1.643154621
2026-07-28T19:05:20.967953+00:00,2033.749489,open,rgb,-50.000,-40.000,0,700,,0.259034091,57.6598,4.068674564,4.065485954,1.642768145
2026-07-28T19:05:21.118304+00:00,2033.899844,open,rgb,-50.000,-40.000,1,700,,0.259034091,57.6631,4.068753242,4.065571785,1.642876983
2026-07-28T19:05:21.268510+00:00,2034.050049,open,rgb,-50.000,-40.000,2,700,,0.258892045,57.6631,4.068615437,4.065372944,1.643119216
2026-07-28T19:05:21.418718+00:00,2034.200258,open,rgb,-50.000,-40.000,3,700,,0.258977273,57.6763,4.068642616,4.065391541,1.643085241
2026-07-28T19:05:21.568947+00:00,2034.350486,open,rgb,-50.000,-40.000,4,700,,0.259005682,57.6829,4.068928719,4.065723419,1.642972469
2026-07-28T19:05:21.719442+00:00,2034.500977,open,rgb,-50.000,-40.000,5,700,,0.258920455,57.6697,4.068594933,4.065415382,1.642933130
2026-07-28T19:05:21.869778+00:00,2034.651316,open,rgb,-50.000,-40.000,6,700,,0.258920455,57.6862,4.068665028,4.065486908,1.642979026
2026-07-28T19:05:22.020148+00:00,2034.801688,open,rgb,-50.000,-40.000,7,700,,0.258977273,57.6928,4.068565845,4.065423489,1.643063068
2026-07-28T19:05:22.170369+00:00,2034.951909,open,rgb,-50.000,-40.000,8,700,,0.258977273,57.6862,4.068625450,4.065433025,1.642875314
2026-07-28T19:05:22.320696+00:00,2035.102236,open,rgb,-50.000,-40.000,9,700,,0.258948864,57.6862,4.068943501,4.065634727,1.642621398
2026-07-28T19:05:22.470894+00:00,2035.252435,open,rgb,-50.000,-40.000,10,700,,0.259005682,57.6862,4.068629265,4.065433025,1.642973423
2026-07-28T19:05:22.621006+00:00,2035.402547,open,rgb,-50.000,-40.000,11,700,,0.259005682,57.6928,4.068675041,4.065394402,1.643057704
2026-07-28T19:05:22.771140+00:00,2035.552681,open,rgb,-50.000,-40.000,12,700,,0.259034091,57.6962,4.068649292,4.065451145,1.643120646
2026-07-28T19:05:22.921251+00:00,2035.702791,open,rgb,-50.000,-40.000,13,700,,0.258977273,57.6928,4.068633556,4.065393448,1.642974257
2026-07-28T19:05:23.071466+00:00,2035.853007,open,rgb,-50.000,-40.000,14,700,,0.259034091,57.7028,4.068663597,4.065418720,1.643126011
2026-07-28T19:05:23.221682+00:00,2036.003223,open,rgb,-50.000,-40.000,15,700,,0.258948864,57.7061,4.068541527,4.065399647,1.643295765
2026-07-28T19:05:23.371946+00:00,2036.153485,open,rgb,-50.000,-40.000,16,700,,0.258948864,57.6928,4.068598747,4.065370083,1.643039584
2026-07-28T19:05:23.522202+00:00,2036.303738,open,rgb,-50.000,-40.000,17,700,,0.258977273,57.6862,4.068680286,4.065482616,1.643111944
2026-07-28T19:05:23.672709+00:00,2036.454244,open,rgb,-50.000,-40.000,18,700,,0.259005682,57.6763,4.068645477,4.065445900,1.643093348
2026-07-28T19:05:23.823176+00:00,2036.604714,open,rgb,-50.000,-40.000,19,700,,0.258948864,57.6862,4.068969250,4.065715790,1.642908812
2026-07-28T19:05:26.178259+00:00,2038.959795,open,rgb,-50.000,-35.000,0,700,,0.258920455,57.7160,4.068950176,4.065797806,1.642969131
2026-07-28T19:05:26.328837+00:00,2039.110375,open,rgb,-50.000,-35.000,1,700,,0.258892045,57.7127,4.068899632,4.065692902,1.642981529
2026-07-28T19:05:26.479280+00:00,2039.260821,open,rgb,-50.000,-35.000,2,700,,0.258977273,57.7193,4.068980694,4.065765381,1.643003702
2026-07-28T19:05:26.629696+00:00,2039.411228,open,rgb,-50.000,-35.000,3,700,,0.258920455,57.7292,4.068871498,4.065253735,1.643220782
2026-07-28T19:05:26.780313+00:00,2039.561850,open,rgb,-50.000,-35.000,4,700,,0.258977273,57.7392,4.068602085,4.065417290,1.643108964
2026-07-28T19:05:26.930605+00:00,2039.712145,open,rgb,-50.000,-35.000,5,700,,0.259034091,57.7491,4.068680286,4.065472126,1.643174887
2026-07-28T19:05:27.080781+00:00,2039.862321,open,rgb,-50.000,-35.000,6,700,,0.259034091,57.7458,4.068637371,4.065414906,1.643247604
2026-07-28T19:05:27.231115+00:00,2040.012652,open,rgb,-50.000,-35.000,7,700,,0.259062500,57.7524,4.068624496,4.065361977,1.643213511
2026-07-28T19:05:27.381316+00:00,2040.162855,open,rgb,-50.000,-35.000,8,700,,0.259034091,57.7557,4.068637848,4.065461159,1.643171191
2026-07-28T19:05:27.531520+00:00,2040.313060,open,rgb,-50.000,-35.000,9,700,,0.259005682,57.7524,4.068611622,4.065423965,1.643162131
2026-07-28T19:05:27.681888+00:00,2040.463428,open,rgb,-50.000,-35.000,10,700,,0.259034091,57.7557,4.068689823,4.065536976,1.643094063
2026-07-28T19:05:27.832335+00:00,2040.613874,open,rgb,-50.000,-35.000,11,700,,0.258948864,57.7657,4.068813801,4.065644264,1.643204927
2026-07-28T19:05:27.982733+00:00,2040.764273,open,rgb,-50.000,-35.000,12,700,,0.258863636,57.7623,4.068667412,4.065430164,1.642971754
2026-07-28T19:05:28.132984+00:00,2040.914524,open,rgb,-50.000,-35.000,13,700,,0.259005682,57.7723,4.068694115,4.065504551,1.643169522
2026-07-28T19:05:28.283350+00:00,2041.064888,open,rgb,-50.000,-35.000,14,700,,0.258977273,57.7723,4.068626881,4.065480709,1.643163443
2026-07-28T19:05:28.433544+00:00,2041.215084,open,rgb,-50.000,-35.000,15,700,,0.259034091,57.7822,4.068702698,4.065388203,1.643052578
2026-07-28T19:05:28.583728+00:00,2041.365268,open,rgb,-50.000,-35.000,16,700,,0.259062500,57.7922,4.068626881,4.065397263,1.643262744
2026-07-28T19:05:28.733816+00:00,2041.515356,open,rgb,-50.000,-35.000,17,700,,0.259090909,57.7888,4.068801880,4.065633774,1.643085241
2026-07-28T19:05:28.883458+00:00,2041.664993,open,rgb,-50.000,-35.000,18,700,,0.258948864,57.7822,4.068864346,4.065795422,1.643026471
2026-07-28T19:05:29.033843+00:00,2041.815381,open,rgb,-50.000,-35.000,19,700,,0.258920455,57.7822,4.068874359,4.065640450,1.643222928
2026-07-28T19:05:31.388778+00:00,2044.170314,open,rgb,-50.000,-30.000,0,700,,0.259062500,57.8021,4.068648815,4.065449715,1.643006682
2026-07-28T19:05:31.539088+00:00,2044.320627,open,rgb,-50.000,-30.000,1,700,,0.258977273,57.8021,4.068706989,4.065442562,1.643017650
2026-07-28T19:05:31.689486+00:00,2044.471022,open,rgb,-50.000,-30.000,2,700,,0.259005682,57.8054,4.068622112,4.065381050,1.643255949
2026-07-28T19:05:31.839993+00:00,2044.621530,open,rgb,-50.000,-30.000,3,700,,0.259034091,57.8021,4.068493366,4.065259933,1.643023968
2026-07-28T19:05:31.990298+00:00,2044.771837,open,rgb,-50.000,-30.000,4,700,,0.259034091,57.8187,4.068565845,4.065322399,1.643399954
2026-07-28T19:05:32.140736+00:00,2044.922275,open,rgb,-50.000,-30.000,5,700,,0.259062500,57.8187,4.068642139,4.065445423,1.643324256
2026-07-28T19:05:32.291206+00:00,2045.072745,open,rgb,-50.000,-30.000,6,700,,0.258977273,57.8087,4.068891525,4.065585136,1.643115759
2026-07-28T19:05:32.441639+00:00,2045.223179,open,rgb,-50.000,-30.000,7,700,,0.258977273,57.8121,4.068829536,4.065679550,1.643199086
2026-07-28T19:05:32.591962+00:00,2045.373500,open,rgb,-50.000,-30.000,8,700,,0.258977273,57.8087,4.068649769,4.065412045,1.643081427
2026-07-28T19:05:32.742353+00:00,2045.523890,open,rgb,-50.000,-30.000,9,700,,0.259005682,57.8253,4.068650246,4.065445423,1.643178821
2026-07-28T19:05:32.892711+00:00,2045.674250,open,rgb,-50.000,-30.000,10,700,,0.258948864,57.8353,4.068646908,4.065482616,1.643178344
2026-07-28T19:05:33.042883+00:00,2045.824423,open,rgb,-50.000,-30.000,11,700,,0.259034091,57.8319,4.068563461,4.065350533,1.643011570
2026-07-28T19:05:33.193138+00:00,2045.974677,open,rgb,-50.000,-30.000,12,700,,0.259090909,57.8419,4.068663120,4.065433502,1.643193483
2026-07-28T19:05:33.343485+00:00,2046.125024,open,rgb,-50.000,-30.000,13,700,,0.259034091,57.8353,4.068944454,4.065713406,1.643162489
2026-07-28T19:05:33.493650+00:00,2046.275190,open,rgb,-50.000,-30.000,14,700,,0.258892045,57.8253,4.068778515,4.065550327,1.642828465
2026-07-28T19:05:33.643974+00:00,2046.425511,open,rgb,-50.000,-30.000,15,700,,0.259062500,57.8419,4.068707943,4.065501213,1.643123865
2026-07-28T19:05:33.794191+00:00,2046.575730,open,rgb,-50.000,-30.000,16,700,,0.259005682,57.8353,4.068654060,4.065448284,1.642911673
2026-07-28T19:05:33.944448+00:00,2046.725987,open,rgb,-50.000,-30.000,17,700,,0.259034091,57.8353,4.068750381,4.065557003,1.643053532
2026-07-28T19:05:34.094912+00:00,2046.876442,open,rgb,-50.000,-30.000,18,700,,0.259090909,57.8353,4.068558693,4.065000057,1.643224716
2026-07-28T19:05:34.245504+00:00,2047.027039,open,rgb,-50.000,-30.000,19,700,,0.259062500,57.8386,4.068643570,4.065390587,1.643057704
2026-07-28T19:05:36.600658+00:00,2049.382193,open,rgb,-50.000,-25.000,0,700,,0.259005682,57.8585,4.068746090,4.065617561,1.643023252
2026-07-28T19:05:36.751202+00:00,2049.532738,open,rgb,-50.000,-25.000,1,700,,0.259005682,57.8552,4.068661690,4.065528870,1.643136024
2026-07-28T19:05:36.901670+00:00,2049.683209,open,rgb,-50.000,-25.000,2,700,,0.259005682,57.8585,4.068717957,4.065464497,1.642984986
2026-07-28T19:05:37.051949+00:00,2049.833489,open,rgb,-50.000,-25.000,3,700,,0.259034091,57.8651,4.068770885,4.065611362,1.643099666
2026-07-28T19:05:37.202247+00:00,2049.983785,open,rgb,-50.000,-25.000,4,700,,0.258977273,57.8618,4.068642616,4.065509319,1.643117785
2026-07-28T19:05:37.352762+00:00,2050.134297,open,rgb,-50.000,-25.000,5,700,,0.258977273,57.8751,4.068748474,4.065573215,1.643206596
2026-07-28T19:05:37.503066+00:00,2050.284606,open,rgb,-50.000,-25.000,6,700,,0.259005682,57.8751,4.068593025,4.065445900,1.643322825
2026-07-28T19:05:37.653288+00:00,2050.434828,open,rgb,-50.000,-25.000,7,700,,0.259062500,57.8718,4.068618774,4.065484047,1.643128037
2026-07-28T19:05:37.803525+00:00,2050.585066,open,rgb,-50.000,-25.000,8,700,,0.259034091,57.8718,4.068712234,4.065584660,1.643087745
2026-07-28T19:05:37.953633+00:00,2050.735174,open,rgb,-50.000,-25.000,9,700,,0.259034091,57.8651,4.068669319,4.065548897,1.643210530
2026-07-28T19:05:38.103870+00:00,2050.885409,open,rgb,-50.000,-25.000,10,700,,0.259034091,57.8585,4.068726540,4.065470219,1.643052340
2026-07-28T19:05:38.254101+00:00,2051.035641,open,rgb,-50.000,-25.000,11,700,,0.259062500,57.8452,4.068702698,4.065494537,1.643204212
2026-07-28T19:05:38.404308+00:00,2051.185848,open,rgb,-50.000,-25.000,12,700,,0.259034091,57.8253,4.068691254,4.065558434,1.643063784
2026-07-28T19:05:38.554469+00:00,2051.336009,open,rgb,-50.000,-25.000,13,700,,0.259034091,57.8154,4.068717480,4.065591812,1.643060088
2026-07-28T19:05:38.704798+00:00,2051.486332,open,rgb,-50.000,-25.000,14,700,,0.258948864,57.8319,4.068768501,4.065587997,1.643074989
2026-07-28T19:05:38.855394+00:00,2051.636929,open,rgb,-50.000,-25.000,15,700,,0.258977273,57.8286,4.068711758,4.065642834,1.642473221
2026-07-28T19:05:39.005902+00:00,2051.787441,open,rgb,-50.000,-25.000,16,700,,0.259062500,57.8353,4.068713665,4.065577984,1.642604113
2026-07-28T19:05:39.156318+00:00,2051.937858,open,rgb,-50.000,-25.000,17,700,,0.259034091,57.8519,4.068750381,4.065622330,1.643038869
2026-07-28T19:05:39.306719+00:00,2052.088258,open,rgb,-50.000,-25.000,18,700,,0.259005682,57.8585,4.068856716,4.065563679,1.642916799
2026-07-28T19:05:39.457271+00:00,2052.238806,open,rgb,-50.000,-25.000,19,700,,0.259090909,57.9116,4.068826199,4.065666676,1.642935872
2026-07-28T19:05:41.812581+00:00,2054.594117,open,rgb,-50.000,-20.000,0,700,,0.258920455,57.8884,4.068726540,4.065561295,1.643160701
2026-07-28T19:05:41.963403+00:00,2054.744939,open,rgb,-50.000,-20.000,1,700,,0.259034091,57.9050,4.068869114,4.065590858,1.643102169
2026-07-28T19:05:42.113940+00:00,2054.895477,open,rgb,-50.000,-20.000,2,700,,0.259005682,57.9116,4.068870068,4.065649509,1.643194437
2026-07-28T19:05:42.264420+00:00,2055.045960,open,rgb,-50.000,-20.000,3,700,,0.258948864,57.9116,4.068781376,4.065604687,1.643031359
2026-07-28T19:05:42.414823+00:00,2055.196362,open,rgb,-50.000,-20.000,4,700,,0.258977273,57.9183,4.068892479,4.065742970,1.643051386
2026-07-28T19:05:42.565024+00:00,2055.346564,open,rgb,-50.000,-20.000,5,700,,0.258948864,57.9216,4.068838120,4.065661907,1.643090367
2026-07-28T19:05:42.715224+00:00,2055.496764,open,rgb,-50.000,-20.000,6,700,,0.258977273,57.9249,4.068785191,4.065571308,1.642981052
2026-07-28T19:05:42.865032+00:00,2055.646565,open,rgb,-50.000,-20.000,7,700,,0.259034091,57.9316,4.068855762,4.065703392,1.643128991
2026-07-28T19:05:43.015426+00:00,2055.796966,open,rgb,-50.000,-20.000,8,700,,0.258920455,57.9316,4.068791866,4.065643787,1.643175364
2026-07-28T19:05:43.165683+00:00,2055.947222,open,rgb,-50.000,-20.000,9,700,,0.259034091,57.9382,4.068821430,4.065632343,1.643064022
2026-07-28T19:05:43.316171+00:00,2056.097706,open,rgb,-50.000,-20.000,10,700,,0.259034091,57.9415,4.068811417,4.065645218,1.643148065
2026-07-28T19:05:43.466477+00:00,2056.248017,open,rgb,-50.000,-20.000,11,700,,0.259062500,57.9382,4.068744659,4.065552235,1.642977357
2026-07-28T19:05:43.616695+00:00,2056.398234,open,rgb,-50.000,-20.000,12,700,,0.259062500,57.9415,4.068816662,4.065670967,1.643102407
2026-07-28T19:05:43.766891+00:00,2056.548431,open,rgb,-50.000,-20.000,13,700,,0.259005682,57.9382,4.068933010,4.065747261,1.643007159
2026-07-28T19:05:43.917048+00:00,2056.698588,open,rgb,-50.000,-20.000,14,700,,0.258977273,57.9382,4.068812370,4.065604687,1.642839670
2026-07-28T19:05:44.067255+00:00,2056.848793,open,rgb,-50.000,-20.000,15,700,,0.259062500,57.9482,4.068830967,4.065650940,1.643105507
2026-07-28T19:05:44.217829+00:00,2056.999367,open,rgb,-50.000,-20.000,16,700,,0.258977273,57.9515,4.068876266,4.065712929,1.643051386
2026-07-28T19:05:44.368333+00:00,2057.149872,open,rgb,-50.000,-20.000,17,700,,0.258977273,57.9515,4.068895340,4.065713406,1.643041849
2026-07-28T19:05:44.518733+00:00,2057.300273,open,rgb,-50.000,-20.000,18,700,,0.258977273,57.9415,4.068911552,4.065673828,1.642429233
2026-07-28T19:05:44.669308+00:00,2057.450842,open,rgb,-50.000,-20.000,19,700,,0.259034091,57.9482,4.068824768,4.065631866,1.643006206
2026-07-28T19:05:47.024554+00:00,2059.806090,open,rgb,-50.000,-15.000,0,700,,0.259034091,57.8851,4.068991661,4.065812588,1.642913938
2026-07-28T19:05:47.175285+00:00,2059.956822,open,rgb,-50.000,-15.000,1,700,,0.259034091,57.9050,4.068992615,4.065924644,1.643080354
2026-07-28T19:05:47.325733+00:00,2060.107272,open,rgb,-50.000,-15.000,2,700,,0.258920455,57.9017,4.068795681,4.065613747,1.642609239
2026-07-28T19:05:47.476223+00:00,2060.257764,open,rgb,-50.000,-15.000,3,700,,0.259005682,57.9282,4.068880081,4.065733910,1.643159986
2026-07-28T19:05:47.626684+00:00,2060.408222,open,rgb,-50.000,-15.000,4,700,,0.259034091,57.9282,4.068817139,4.065665722,1.643152952
2026-07-28T19:05:47.777099+00:00,2060.558639,open,rgb,-50.000,-15.000,5,700,,0.258948864,57.9282,4.068862915,4.065637589,1.643010139
2026-07-28T19:05:47.927569+00:00,2060.709109,open,rgb,-50.000,-15.000,6,700,,0.258977273,57.9349,4.068888664,4.065768242,1.643189073
2026-07-28T19:05:48.078002+00:00,2060.859542,open,rgb,-50.000,-15.000,7,700,,0.258977273,57.9282,4.068746090,4.065611839,1.643077731
2026-07-28T19:05:48.228405+00:00,2061.009946,open,rgb,-50.000,-15.000,8,700,,0.259005682,57.9349,4.068891048,4.065714836,1.643155098
2026-07-28T19:05:48.378931+00:00,2061.160468,open,rgb,-50.000,-15.000,9,700,,0.259090909,57.9382,4.068837643,4.065658569,1.643260837
2026-07-28T19:05:48.529473+00:00,2061.311013,open,rgb,-50.000,-15.000,10,700,,0.259005682,57.9415,4.068756580,4.065620422,1.643069148
2026-07-28T19:05:48.679922+00:00,2061.461462,open,rgb,-50.000,-15.000,11,700,,0.259090909,57.9515,4.068832397,4.065672874,1.643150210
2026-07-28T19:05:48.830280+00:00,2061.611820,open,rgb,-50.000,-15.000,12,700,,0.259005682,57.9582,4.068776131,4.065633774,1.643366098
2026-07-28T19:05:48.980605+00:00,2061.762145,open,rgb,-50.000,-15.000,13,700,,0.259034091,57.9715,4.068862915,4.065723896,1.643179059
2026-07-28T19:05:49.131022+00:00,2061.912560,open,rgb,-50.000,-15.000,14,700,,0.259005682,57.9748,4.068899632,4.065703392,1.643137813
2026-07-28T19:05:49.281454+00:00,2062.062989,open,rgb,-50.000,-15.000,15,700,,0.258977273,57.9748,4.068751335,4.065647602,1.643097043
2026-07-28T19:05:49.432099+00:00,2062.213637,open,rgb,-50.000,-15.000,16,700,,0.259062500,57.9815,4.068869114,4.065663338,1.643165827
2026-07-28T19:05:49.582538+00:00,2062.364076,open,rgb,-50.000,-15.000,17,700,,0.259005682,57.9881,4.069084167,4.065907955,1.643228650
2026-07-28T19:05:49.733048+00:00,2062.514585,open,rgb,-50.000,-15.000,18,700,,0.258977273,57.9715,4.068793774,4.065620422,1.643047929
2026-07-28T19:05:49.883055+00:00,2062.664588,open,rgb,-50.000,-15.000,19,700,,0.259034091,57.9948,4.068850994,4.065769196,1.643151164
2026-07-28T19:05:52.238372+00:00,2065.019907,open,rgb,-50.000,-10.000,0,700,,0.258948864,57.9981,4.068868160,4.065703869,1.643254995
2026-07-28T19:05:52.388870+00:00,2065.170407,open,rgb,-50.000,-10.000,1,700,,0.258920455,57.9948,4.068852901,4.065674782,1.643171906
2026-07-28T19:05:52.539344+00:00,2065.320884,open,rgb,-50.000,-10.000,2,700,,0.259034091,57.9914,4.068889618,4.065705299,1.643271804
2026-07-28T19:05:52.689700+00:00,2065.471241,open,rgb,-50.000,-10.000,3,700,,0.258977273,57.9815,4.068793774,4.065691948,1.643268347
2026-07-28T19:05:52.840138+00:00,2065.621678,open,rgb,-50.000,-10.000,4,700,,0.258977273,57.9681,4.068910122,4.065721512,1.642545700
2026-07-28T19:05:52.990515+00:00,2065.772055,open,rgb,-50.000,-10.000,5,700,,0.258977273,57.9781,4.068927288,4.065805912,1.643022537
2026-07-28T19:05:53.140839+00:00,2065.922379,open,rgb,-50.000,-10.000,6,700,,0.258977273,57.9748,4.068822861,4.065682411,1.642903447
2026-07-28T19:05:53.291266+00:00,2066.072806,open,rgb,-50.000,-10.000,7,700,,0.259005682,57.9815,4.068936348,4.065763950,1.643079638
2026-07-28T19:05:53.441636+00:00,2066.223176,open,rgb,-50.000,-10.000,8,700,,0.258948864,57.9914,4.068761826,4.065587521,1.643422484
2026-07-28T19:05:53.592063+00:00,2066.373604,open,rgb,-50.000,-10.000,9,700,,0.259005682,57.9914,4.068834305,4.065633774,1.643251538
2026-07-28T19:05:53.742391+00:00,2066.523932,open,rgb,-50.000,-10.000,10,700,,0.259062500,57.9981,4.069183350,4.065968990,1.643150926
2026-07-28T19:05:53.892733+00:00,2066.674274,open,rgb,-50.000,-10.000,11,700,,0.258920455,57.9815,4.069105625,4.065968990,1.643165588
2026-07-28T19:05:54.043109+00:00,2066.824649,open,rgb,-50.000,-10.000,12,700,,0.258920455,57.9848,4.069203854,4.065977097,1.643082142
2026-07-28T19:05:54.193485+00:00,2066.975025,open,rgb,-50.000,-10.000,13,700,,0.258920455,57.9848,4.069229603,4.066045761,1.642972231
2026-07-28T19:05:54.343990+00:00,2067.125528,open,rgb,-50.000,-10.000,14,700,,0.258920455,57.9815,4.069100380,4.065886021,1.642767668
2026-07-28T19:05:54.494397+00:00,2067.275936,open,rgb,-50.000,-10.000,15,700,,0.259005682,57.9914,4.069133759,4.066017151,1.643041849
2026-07-28T19:05:54.644757+00:00,2067.426296,open,rgb,-50.000,-10.000,16,700,,0.258920455,57.9948,4.069111824,4.065948486,1.643227816
2026-07-28T19:05:54.795113+00:00,2067.576653,open,rgb,-50.000,-10.000,17,700,,0.258977273,57.9948,4.069112778,4.065924168,1.643006444
2026-07-28T19:05:54.945479+00:00,2067.727020,open,rgb,-50.000,-10.000,18,700,,0.258948864,57.9914,4.069172859,4.066000938,1.643087983
2026-07-28T19:05:55.097586+00:00,2067.879120,open,rgb,-50.000,-10.000,19,700,,0.258892045,57.9748,4.068948746,4.065618038,1.643016934
2026-07-28T19:05:57.452632+00:00,2070.234168,open,rgb,-50.000,-5.000,0,700,,0.258948864,58.0681,4.068873405,4.065727234,1.643210530
2026-07-28T19:05:57.607270+00:00,2070.388807,open,rgb,-50.000,-5.000,1,700,,0.258977273,58.0614,4.069005966,4.065790653,1.643127561
2026-07-28T19:05:57.757709+00:00,2070.539248,open,rgb,-50.000,-5.000,2,700,,0.259005682,58.0647,4.068924427,4.065735340,1.643169761
2026-07-28T19:05:57.908134+00:00,2070.689674,open,rgb,-50.000,-5.000,3,700,,0.259034091,58.0714,4.069055080,4.065686703,1.643071651
2026-07-28T19:05:58.058508+00:00,2070.840047,open,rgb,-50.000,-5.000,4,700,,0.259034091,58.0814,4.068947315,4.065751076,1.643330693
2026-07-28T19:05:58.208839+00:00,2070.990380,open,rgb,-50.000,-5.000,5,700,,0.258977273,58.0781,4.068970680,4.065764427,1.643115997
2026-07-28T19:05:58.359244+00:00,2071.140783,open,rgb,-50.000,-5.000,6,700,,0.258977273,58.0647,4.069035053,4.065801620,1.642426610
2026-07-28T19:05:58.509648+00:00,2071.291187,open,rgb,-50.000,-5.000,7,700,,0.258977273,58.0747,4.068983078,4.065796375,1.643242002
2026-07-28T19:05:58.659927+00:00,2071.441467,open,rgb,-50.000,-5.000,8,700,,0.259005682,58.0781,4.069009304,4.065734386,1.643076301
2026-07-28T19:05:58.810154+00:00,2071.591692,open,rgb,-50.000,-5.000,9,700,,0.259034091,58.0781,4.069244385,4.066040993,1.643055797
2026-07-28T19:05:58.960378+00:00,2071.741920,open,rgb,-50.000,-5.000,10,700,,0.258892045,58.0647,4.069154263,4.065950394,1.643110394
2026-07-28T19:05:59.110512+00:00,2071.892052,open,rgb,-50.000,-5.000,11,700,,0.258892045,58.0614,4.069264412,4.066068649,1.643158555
2026-07-28T19:05:59.260719+00:00,2072.042259,open,rgb,-50.000,-5.000,12,700,,0.258948864,58.0581,4.069284439,4.066089630,1.643023491
2026-07-28T19:05:59.410882+00:00,2072.192423,open,rgb,-50.000,-5.000,13,700,,0.258948864,58.0581,4.069214821,4.066002846,1.642929792
2026-07-28T19:05:59.561071+00:00,2072.342611,open,rgb,-50.000,-5.000,14,700,,0.258892045,58.0681,4.069306850,4.066058636,1.642948866
2026-07-28T19:05:59.711306+00:00,2072.492845,open,rgb,-50.000,-5.000,15,700,,0.258863636,58.0681,4.069148540,4.065932274,1.643147588
2026-07-28T19:05:59.861503+00:00,2072.643043,open,rgb,-50.000,-5.000,16,700,,0.258920455,58.0781,4.069232941,4.065938950,1.643023491
2026-07-28T19:06:00.011664+00:00,2072.793205,open,rgb,-50.000,-5.000,17,700,,0.258948864,58.0881,4.069221020,4.066058159,1.643049836
2026-07-28T19:06:00.161805+00:00,2072.943346,open,rgb,-50.000,-5.000,18,700,,0.258977273,58.0847,4.069218159,4.066036224,1.643057704
2026-07-28T19:06:00.311967+00:00,2073.093507,open,rgb,-50.000,-5.000,19,700,,0.258920455,58.0914,4.069246769,4.066098213,1.643011808
2026-07-28T19:06:02.668095+00:00,2075.449631,open,rgb,-50.000,0.000,0,700,,0.259005682,58.1181,4.069163799,4.065972328,1.643022537
2026-07-28T19:06:02.818710+00:00,2075.600246,open,rgb,-50.000,0.000,1,700,,0.258920455,58.1114,4.069011688,4.065814018,1.642930984
2026-07-28T19:06:02.969196+00:00,2075.750736,open,rgb,-50.000,0.000,2,700,,0.259062500,58.1315,4.069109440,4.065885067,1.643105030
2026-07-28T19:06:03.119567+00:00,2075.901107,open,rgb,-50.000,0.000,3,700,,0.258977273,58.1381,4.069091797,4.065825462,1.643077254
2026-07-28T19:06:03.269947+00:00,2076.051487,open,rgb,-50.000,0.000,4,700,,0.259005682,58.1448,4.069069386,4.065923214,1.642991543
2026-07-28T19:06:03.420301+00:00,2076.201842,open,rgb,-50.000,0.000,5,700,,0.258977273,58.1515,4.069211006,4.065986156,1.642989635
2026-07-28T19:06:03.570646+00:00,2076.352186,open,rgb,-50.000,0.000,6,700,,0.258948864,58.1481,4.069107056,4.065881729,1.643115282
2026-07-28T19:06:03.721012+00:00,2076.502552,open,rgb,-50.000,0.000,7,700,,0.259005682,58.1515,4.069107056,4.065835953,1.642952204
2026-07-28T19:06:03.871334+00:00,2076.652875,open,rgb,-50.000,0.000,8,700,,0.258977273,58.1582,4.069152355,4.065895557,1.642436624
2026-07-28T19:06:04.021626+00:00,2076.803167,open,rgb,-50.000,0.000,9,700,,0.259034091,58.1582,4.068985939,4.065807343,1.642955899
2026-07-28T19:06:04.171941+00:00,2076.953481,open,rgb,-50.000,0.000,10,700,,0.259062500,58.1648,4.069143295,4.065897942,1.643083096
2026-07-28T19:06:04.322241+00:00,2077.103781,open,rgb,-50.000,0.000,11,700,,0.258977273,58.1715,4.069077492,4.065865517,1.643225908
2026-07-28T19:06:04.472679+00:00,2077.254220,open,rgb,-50.000,0.000,12,700,,0.259005682,58.1648,4.069136620,4.065912247,1.642962933
2026-07-28T19:06:04.623006+00:00,2077.404547,open,rgb,-50.000,0.000,13,700,,0.259034091,58.1648,4.069424629,4.066226959,1.642999887
2026-07-28T19:06:04.773353+00:00,2077.554890,open,rgb,-50.000,0.000,14,700,,0.258835227,58.1515,4.069140434,4.065928936,1.643051147
2026-07-28T19:06:04.923880+00:00,2077.705418,open,rgb,-50.000,0.000,15,700,,0.258977273,58.1715,4.069179535,4.065837383,1.643057704
2026-07-28T19:06:05.074247+00:00,2077.855783,open,rgb,-50.000,0.000,16,700,,0.259005682,58.1782,4.069093704,4.065886021,1.643285751
2026-07-28T19:06:05.224706+00:00,2078.006245,open,rgb,-50.000,0.000,17,700,,0.259005682,58.1782,4.069048882,4.065903664,1.643062592
2026-07-28T19:06:05.375118+00:00,2078.156657,open,rgb,-50.000,0.000,18,700,,0.258977273,58.1816,4.069117546,4.065901756,1.643071651
2026-07-28T19:06:05.525532+00:00,2078.307067,open,rgb,-50.000,0.000,19,700,,0.259005682,58.1816,4.069105148,4.065889359,1.643210530
2026-07-28T19:06:07.881266+00:00,2080.662802,open,rgb,-50.000,5.000,0,700,,0.259005682,58.1014,4.069015026,4.065831184,1.643067002
2026-07-28T19:06:08.031907+00:00,2080.813446,open,rgb,-50.000,5.000,1,700,,0.259034091,58.1081,4.069117546,4.065919876,1.643157840
2026-07-28T19:06:08.182316+00:00,2080.963857,open,rgb,-50.000,5.000,2,700,,0.259034091,58.1014,4.069138527,4.065941811,1.643125534
2026-07-28T19:06:08.332762+00:00,2081.114301,open,rgb,-50.000,5.000,3,700,,0.259034091,58.1014,4.069045544,4.065812111,1.642995238
2026-07-28T19:06:08.483263+00:00,2081.264803,open,rgb,-50.000,5.000,4,700,,0.259034091,58.1081,4.069096088,4.065905094,1.643172979
2026-07-28T19:06:08.633716+00:00,2081.415256,open,rgb,-50.000,5.000,5,700,,0.258948864,58.1047,4.069138527,4.065879345,1.643096566
2026-07-28T19:06:08.784062+00:00,2081.565602,open,rgb,-50.000,5.000,6,700,,0.259062500,58.1081,4.069472313,4.066209316,1.643008113
2026-07-28T19:06:08.934412+00:00,2081.715952,open,rgb,-50.000,5.000,7,700,,0.258977273,58.1047,4.069419384,4.066228390,1.642970324
2026-07-28T19:06:09.084704+00:00,2081.866246,open,rgb,-50.000,5.000,8,700,,0.258863636,58.1081,4.069252014,4.066071987,1.642865539
2026-07-28T19:06:09.235111+00:00,2082.016652,open,rgb,-50.000,5.000,9,700,,0.258977273,58.1315,4.069319248,4.066110134,1.643120885
2026-07-28T19:06:09.385468+00:00,2082.167008,open,rgb,-50.000,5.000,10,700,,0.258977273,58.1381,4.069516659,4.066152096,1.642811894
2026-07-28T19:06:09.535759+00:00,2082.317300,open,rgb,-50.000,5.000,11,700,,0.258920455,58.1582,4.069300175,4.066018105,1.643057466
2026-07-28T19:06:09.686146+00:00,2082.467685,open,rgb,-50.000,5.000,12,700,,0.258977273,58.1682,4.069355488,4.066162586,1.643208027
2026-07-28T19:06:09.836549+00:00,2082.618090,open,rgb,-50.000,5.000,13,700,,0.258977273,58.1682,4.069481850,4.066273212,1.643047690
2026-07-28T19:06:09.986868+00:00,2082.768408,open,rgb,-50.000,5.000,14,700,,0.258920455,58.1582,4.069598198,4.066359520,1.642726421
2026-07-28T19:06:10.137547+00:00,2082.919083,open,rgb,-50.000,5.000,15,700,,0.258977273,58.1582,4.069459915,4.066318989,1.642941475
2026-07-28T19:06:10.288038+00:00,2083.069572,open,rgb,-50.000,5.000,16,700,,0.258892045,58.1481,4.069467545,4.066218376,1.642294049
2026-07-28T19:06:10.438735+00:00,2083.220271,open,rgb,-50.000,5.000,17,700,,0.258920455,58.1648,4.069331169,4.066090584,1.642807007
2026-07-28T19:06:10.589169+00:00,2083.370708,open,rgb,-50.000,5.000,18,700,,0.258920455,58.1715,4.069328785,4.066100597,1.643255234
2026-07-28T19:06:10.739549+00:00,2083.521089,open,rgb,-50.000,5.000,19,700,,0.258920455,58.1782,4.069355965,4.065969467,1.643087745
2026-07-28T19:06:13.095063+00:00,2085.876598,open,rgb,-50.000,10.000,0,700,,0.259005682,58.2384,4.069221497,4.066047668,1.643024206
2026-07-28T19:06:13.245779+00:00,2086.027312,open,rgb,-50.000,10.000,1,700,,0.258892045,58.2317,4.069209576,4.066020489,1.643094778
2026-07-28T19:06:13.396331+00:00,2086.177870,open,rgb,-50.000,10.000,2,700,,0.258977273,58.2284,4.069203854,4.065842152,1.643017888
2026-07-28T19:06:13.546870+00:00,2086.328409,open,rgb,-50.000,10.000,3,700,,0.259034091,58.2217,4.069180965,4.065896034,1.643221498
2026-07-28T19:06:13.697230+00:00,2086.478769,open,rgb,-50.000,10.000,4,700,,0.259005682,58.2217,4.069118977,4.065938950,1.643154860
2026-07-28T19:06:13.847593+00:00,2086.629132,open,rgb,-50.000,10.000,5,700,,0.259034091,58.2183,4.069317818,4.066122055,1.643207312
2026-07-28T19:06:13.998005+00:00,2086.779544,open,rgb,-50.000,10.000,6,700,,0.259034091,58.2150,4.069307327,4.066142082,1.643229365
2026-07-28T19:06:14.148489+00:00,2086.930029,open,rgb,-50.000,10.000,7,700,,0.258977273,58.2183,4.069314003,4.066037178,1.643013716
2026-07-28T19:06:14.298824+00:00,2087.080365,open,rgb,-50.000,10.000,8,700,,0.258920455,58.2217,4.069355488,4.066167831,1.643196106
2026-07-28T19:06:14.449206+00:00,2087.230745,open,rgb,-50.000,10.000,9,700,,0.258977273,58.2250,4.069381237,4.066217899,1.643093348
2026-07-28T19:06:14.599572+00:00,2087.381113,open,rgb,-50.000,10.000,10,700,,0.258948864,58.2116,4.069504738,4.066100597,1.642966866
2026-07-28T19:06:14.749942+00:00,2087.531483,open,rgb,-50.000,10.000,11,700,,0.258948864,58.2150,4.069400787,4.066215515,1.643101931
2026-07-28T19:06:14.900254+00:00,2087.681795,open,rgb,-50.000,10.000,12,700,,0.258948864,58.2116,4.069461823,4.066299438,1.642967343
2026-07-28T19:06:15.050579+00:00,2087.832120,open,rgb,-50.000,10.000,13,700,,0.258920455,58.2183,4.069449425,4.066157341,1.643127799
2026-07-28T19:06:15.200897+00:00,2087.982438,open,rgb,-50.000,10.000,14,700,,0.258920455,58.2250,4.069409370,4.066168785,1.643125534
2026-07-28T19:06:15.351192+00:00,2088.132733,open,rgb,-50.000,10.000,15,700,,0.258948864,58.2217,4.069314480,4.066069126,1.642992020
2026-07-28T19:06:15.501629+00:00,2088.283169,open,rgb,-50.000,10.000,16,700,,0.259005682,58.2250,4.069381714,4.066127300,1.643084288
2026-07-28T19:06:15.652058+00:00,2088.433598,open,rgb,-50.000,10.000,17,700,,0.258948864,58.2250,4.069423676,4.066142559,1.643137097
2026-07-28T19:06:15.802294+00:00,2088.583834,open,rgb,-50.000,10.000,18,700,,0.258948864,58.2284,4.069524765,4.066118240,1.642983437
2026-07-28T19:06:15.952485+00:00,2088.734024,open,rgb,-50.000,10.000,19,700,,0.258977273,58.2384,4.069411755,4.066156864,1.643177271
2026-07-28T19:06:18.307899+00:00,2091.089431,open,rgb,-50.000,15.000,0,700,,0.258977273,58.2317,4.069207191,4.065982819,1.643068910
2026-07-28T19:06:18.458488+00:00,2091.240027,open,rgb,-50.000,15.000,1,700,,0.258977273,58.2317,4.069328785,4.066022873,1.642955899
2026-07-28T19:06:18.608946+00:00,2091.390484,open,rgb,-50.000,15.000,2,700,,0.259005682,58.2317,4.069302559,4.066049099,1.643065453
2026-07-28T19:06:18.759352+00:00,2091.540892,open,rgb,-50.000,15.000,3,700,,0.258977273,58.2284,4.069201469,4.065951347,1.642950535
2026-07-28T19:06:18.909670+00:00,2091.691211,open,rgb,-50.000,15.000,4,700,,0.259062500,58.2351,4.069275379,4.066037178,1.643123388
2026-07-28T19:06:19.060049+00:00,2091.841590,open,rgb,-50.000,15.000,5,700,,0.258977273,58.2284,4.069246769,4.066004753,1.643115520
2026-07-28T19:06:19.210381+00:00,2091.991921,open,rgb,-50.000,15.000,6,700,,0.259005682,58.2284,4.069220543,4.065960884,1.642954230
2026-07-28T19:06:19.360827+00:00,2092.142364,open,rgb,-50.000,15.000,7,700,,0.258977273,58.2317,4.069252968,4.066044807,1.642952442
2026-07-28T19:06:19.511344+00:00,2092.292883,open,rgb,-50.000,15.000,8,700,,0.258948864,58.2284,4.069164276,4.065991402,1.643004417
2026-07-28T19:06:19.661719+00:00,2092.443256,open,rgb,-50.000,15.000,9,700,,0.258948864,58.2317,4.069250107,4.065978050,1.642923713
2026-07-28T19:06:19.812267+00:00,2092.593806,open,rgb,-50.000,15.000,10,700,,0.259034091,58.2384,4.069150448,4.065911293,1.643223524
2026-07-28T19:06:19.962660+00:00,2092.744200,open,rgb,-50.000,15.000,11,700,,0.259062500,58.2418,4.069196224,4.065929890,1.643099904
2026-07-28T19:06:20.113063+00:00,2092.894602,open,rgb,-50.000,15.000,12,700,,0.259005682,58.2351,4.069243908,4.066043854,1.643031597
2026-07-28T19:06:20.263709+00:00,2093.045248,open,rgb,-50.000,15.000,13,700,,0.259034091,58.2351,4.069226265,4.065995693,1.643203259
2026-07-28T19:06:20.414037+00:00,2093.195577,open,rgb,-50.000,15.000,14,700,,0.258977273,58.2384,4.069354057,4.066048145,1.643047690
2026-07-28T19:06:20.564501+00:00,2093.346041,open,rgb,-50.000,15.000,15,700,,0.258977273,58.2317,4.069146156,4.065926075,1.643103123
2026-07-28T19:06:20.714831+00:00,2093.496370,open,rgb,-50.000,15.000,16,700,,0.259034091,58.2384,4.069096565,4.065928936,1.643107295
2026-07-28T19:06:20.865163+00:00,2093.646704,open,rgb,-50.000,15.000,17,700,,0.259062500,58.2384,4.069292068,4.066080570,1.643046498
2026-07-28T19:06:21.015554+00:00,2093.797095,open,rgb,-50.000,15.000,18,700,,0.259005682,58.2451,4.069190979,4.065987587,1.643130898
2026-07-28T19:06:21.165911+00:00,2093.947451,open,rgb,-50.000,15.000,19,700,,0.259005682,58.2418,4.069196224,4.065956116,1.643046021
2026-07-28T19:06:23.521307+00:00,2096.302842,open,rgb,-50.000,20.000,0,700,,0.259034091,58.2853,4.069315910,4.066025734,1.642627716
2026-07-28T19:06:23.672010+00:00,2096.453549,open,rgb,-50.000,20.000,1,700,,0.259005682,58.2886,4.069273949,4.065956116,1.643151164
2026-07-28T19:06:23.822395+00:00,2096.603935,open,rgb,-50.000,20.000,2,700,,0.259034091,58.2886,4.069281101,4.065983772,1.642971992
2026-07-28T19:06:23.972717+00:00,2096.754257,open,rgb,-50.000,20.000,3,700,,0.259005682,58.2920,4.069361210,4.066092491,1.643043756
2026-07-28T19:06:24.123256+00:00,2096.904794,open,rgb,-50.000,20.000,4,700,,0.259005682,58.2819,4.069269657,4.066044807,1.643076062
2026-07-28T19:06:24.273644+00:00,2097.055183,open,rgb,-50.000,20.000,5,700,,0.258948864,58.2920,4.069408894,4.066097736,1.642895341
2026-07-28T19:06:24.424089+00:00,2097.205628,open,rgb,-50.000,20.000,6,700,,0.259062500,58.2920,4.069356441,4.066139698,1.642884374
2026-07-28T19:06:24.574455+00:00,2097.355995,open,rgb,-50.000,20.000,7,700,,0.259034091,58.2920,4.069276810,4.066035271,1.642835975
2026-07-28T19:06:24.724838+00:00,2097.506378,open,rgb,-50.000,20.000,8,700,,0.258977273,58.2920,4.069373131,4.066142559,1.642903924
2026-07-28T19:06:24.875160+00:00,2097.656700,open,rgb,-50.000,20.000,9,700,,0.258920455,58.2819,4.069574356,4.066285610,1.642899752
2026-07-28T19:06:25.025476+00:00,2097.807017,open,rgb,-50.000,20.000,10,700,,0.258892045,58.2752,4.069455147,4.066211700,1.642867804
2026-07-28T19:06:25.175914+00:00,2097.957454,open,rgb,-50.000,20.000,11,700,,0.258977273,58.2685,4.069531918,4.066294670,1.643050671
2026-07-28T19:06:25.326419+00:00,2098.107955,open,rgb,-50.000,20.000,12,700,,0.258920455,58.2652,4.069358349,4.066177368,1.643183231
2026-07-28T19:06:25.476957+00:00,2098.258496,open,rgb,-50.000,20.000,13,700,,0.258948864,58.2719,4.069514751,4.066218853,1.643115997
2026-07-28T19:06:25.627357+00:00,2098.408896,open,rgb,-50.000,20.000,14,700,,0.258948864,58.2618,4.069486618,4.066296577,1.643037200
2026-07-28T19:06:25.777810+00:00,2098.559347,open,rgb,-50.000,20.000,15,700,,0.258863636,58.2451,4.069516659,4.066287518,1.642967105
2026-07-28T19:06:25.928232+00:00,2098.709771,open,rgb,-50.000,20.000,16,700,,0.258977273,58.2485,4.069674492,4.066566944,1.642870188
2026-07-28T19:06:26.078591+00:00,2098.860131,open,rgb,-50.000,20.000,17,700,,0.258835227,58.2551,4.069427013,4.066178799,1.642988801
2026-07-28T19:06:26.229035+00:00,2099.010574,open,rgb,-50.000,20.000,18,700,,0.259005682,58.2685,4.069408894,4.066159725,1.643171906
2026-07-28T19:06:26.379327+00:00,2099.160864,open,rgb,-50.000,20.000,19,700,,0.258977273,58.2685,4.069513798,4.066265106,1.643078685
2026-07-28T19:06:28.734575+00:00,2101.516111,open,rgb,-50.000,25.000,0,700,,0.259034091,58.2585,4.069429874,4.066205502,1.643167615
2026-07-28T19:06:28.885161+00:00,2101.666699,open,rgb,-50.000,25.000,1,700,,0.258806818,58.2384,4.069365978,4.066146374,1.643005013
2026-07-28T19:06:29.035574+00:00,2101.817115,open,rgb,-50.000,25.000,2,700,,0.258977273,58.2485,4.069426537,4.066207886,1.643207788
2026-07-28T19:06:29.185988+00:00,2101.967529,open,rgb,-50.000,25.000,3,700,,0.259005682,58.2518,4.069499493,4.066233158,1.643162131
2026-07-28T19:06:29.336472+00:00,2102.118011,open,rgb,-50.000,25.000,4,700,,0.258948864,58.2551,4.069600582,4.066237450,1.642966151
2026-07-28T19:06:29.486825+00:00,2102.268364,open,rgb,-50.000,25.000,5,700,,0.258948864,58.2585,4.069485664,4.066223145,1.643061161
2026-07-28T19:06:29.637260+00:00,2102.418799,open,rgb,-50.000,25.000,6,700,,0.258920455,58.2551,4.069466114,4.066185951,1.642944932
2026-07-28T19:06:29.787712+00:00,2102.569251,open,rgb,-50.000,25.000,7,700,,0.258948864,58.2652,4.069285393,4.066062927,1.643124104
2026-07-28T19:06:29.938165+00:00,2102.719704,open,rgb,-50.000,25.000,8,700,,0.259062500,58.2819,4.069236279,4.065954685,1.643197536
2026-07-28T19:06:30.088445+00:00,2102.869986,open,rgb,-50.000,25.000,9,700,,0.259034091,58.2853,4.069242001,4.065994740,1.643145800
2026-07-28T19:06:30.238615+00:00,2103.020155,open,rgb,-50.000,25.000,10,700,,0.259062500,58.2886,4.069341660,4.066057205,1.643087983
2026-07-28T19:06:30.388939+00:00,2103.170477,open,rgb,-50.000,25.000,11,700,,0.259034091,58.2652,4.069188118,4.065909386,1.643181205
2026-07-28T19:06:30.539169+00:00,2103.320709,open,rgb,-50.000,25.000,12,700,,0.259034091,58.2485,4.069225311,4.066007614,1.643179297
2026-07-28T19:06:30.689362+00:00,2103.470902,open,rgb,-50.000,25.000,13,700,,0.259005682,58.2418,4.069335461,4.066024780,1.643096566
2026-07-28T19:06:30.839523+00:00,2103.621064,open,rgb,-50.000,25.000,14,700,,0.259034091,58.2317,4.069198608,4.065893650,1.642930508
2026-07-28T19:06:30.989644+00:00,2103.771185,open,rgb,-50.000,25.000,15,700,,0.259034091,58.2351,4.069336414,4.066037655,1.643038392
2026-07-28T19:06:31.139835+00:00,2103.921376,open,rgb,-50.000,25.000,16,700,,0.259034091,58.2250,4.069249153,4.065957069,1.643251300
2026-07-28T19:06:31.290369+00:00,2104.071903,open,rgb,-50.000,25.000,17,700,,0.259034091,58.2317,4.069210052,4.065935135,1.643139958
2026-07-28T19:06:31.440920+00:00,2104.222457,open,rgb,-50.000,25.000,18,700,,0.259005682,58.2284,4.069290638,4.066032410,1.643067479
2026-07-28T19:06:31.591304+00:00,2104.372844,open,rgb,-50.000,25.000,19,700,,0.258948864,58.2150,4.069273949,4.066005230,1.642455101
2026-07-28T19:06:33.946774+00:00,2106.728308,open,rgb,-50.000,30.000,0,700,,0.258948864,58.1983,4.069423199,4.066130638,1.642898321
2026-07-28T19:06:34.097372+00:00,2106.878911,open,rgb,-50.000,30.000,1,700,,0.259090909,58.2050,4.069364548,4.066053391,1.643115520
2026-07-28T19:06:34.247869+00:00,2107.029407,open,rgb,-50.000,30.000,2,700,,0.259005682,58.1983,4.069533348,4.066214561,1.643043280
2026-07-28T19:06:34.398299+00:00,2107.179836,open,rgb,-50.000,30.000,3,700,,0.258920455,58.1916,4.069347382,4.066082954,1.642945647
2026-07-28T19:06:34.548703+00:00,2107.330243,open,rgb,-50.000,30.000,4,700,,0.259062500,58.2150,4.069283962,4.066231728,1.643077493
2026-07-28T19:06:34.699083+00:00,2107.480623,open,rgb,-50.000,30.000,5,700,,0.258920455,58.2016,4.069445133,4.066158295,1.642898560
2026-07-28T19:06:34.849624+00:00,2107.631162,open,rgb,-50.000,30.000,6,700,,0.259090909,58.2217,4.069262505,4.066006184,1.643159032
2026-07-28T19:06:35.000028+00:00,2107.781568,open,rgb,-50.000,30.000,7,700,,0.259062500,58.2217,4.069219589,4.066022873,1.643203974
2026-07-28T19:06:35.150420+00:00,2107.931959,open,rgb,-50.000,30.000,8,700,,0.259034091,58.2250,4.069287300,4.065965652,1.643115520
2026-07-28T19:06:35.300841+00:00,2108.082382,open,rgb,-50.000,30.000,9,700,,0.258977273,58.2317,4.069348812,4.066073418,1.643090129
2026-07-28T19:06:35.451271+00:00,2108.232811,open,rgb,-50.000,30.000,10,700,,0.259005682,58.2217,4.069216251,4.065961361,1.642936587
2026-07-28T19:06:35.601634+00:00,2108.383174,open,rgb,-50.000,30.000,11,700,,0.259034091,58.2183,4.069335938,4.066077232,1.643076777
2026-07-28T19:06:35.752036+00:00,2108.533576,open,rgb,-50.000,30.000,12,700,,0.258977273,58.2083,4.069304466,4.066065788,1.643051624
2026-07-28T19:06:35.902366+00:00,2108.683907,open,rgb,-50.000,30.000,13,700,,0.259062500,58.2083,4.069258690,4.065961361,1.642912388
2026-07-28T19:06:36.052686+00:00,2108.834227,open,rgb,-50.000,30.000,14,700,,0.258977273,58.2183,4.069361210,4.066094875,1.643054485
2026-07-28T19:06:36.203147+00:00,2108.984687,open,rgb,-50.000,30.000,15,700,,0.258948864,58.2250,4.069242001,4.065996647,1.643164873
2026-07-28T19:06:36.353571+00:00,2109.135107,open,rgb,-50.000,30.000,16,700,,0.259034091,58.2418,4.069323063,4.065948486,1.643038630
2026-07-28T19:06:36.504068+00:00,2109.285608,open,rgb,-50.000,30.000,17,700,,0.259005682,58.2518,4.069308758,4.066020012,1.643127561
2026-07-28T19:06:36.654517+00:00,2109.436052,open,rgb,-50.000,30.000,18,700,,0.259034091,58.2551,4.069253922,4.065962791,1.643029809
2026-07-28T19:06:36.805096+00:00,2109.586631,open,rgb,-50.000,30.000,19,700,,0.259034091,58.2585,4.069414139,4.066158772,1.642988324
2026-07-28T19:06:39.160498+00:00,2111.942034,open,rgb,-50.000,35.000,0,700,,0.259005682,58.2116,4.069586754,4.066296577,1.643071413
2026-07-28T19:06:39.311211+00:00,2112.092751,open,rgb,-50.000,35.000,1,700,,0.258948864,58.1916,4.069528580,4.066192627,1.643021107
2026-07-28T19:06:39.461645+00:00,2112.243185,open,rgb,-50.000,35.000,2,700,,0.258920455,58.1949,4.069574356,4.066257477,1.643154383
2026-07-28T19:06:39.612064+00:00,2112.393606,open,rgb,-50.000,35.000,3,700,,0.258977273,58.1949,4.069607735,4.066295147,1.643133163
2026-07-28T19:06:39.762420+00:00,2112.543960,open,rgb,-50.000,35.000,4,700,,0.258977273,58.1882,4.069527626,4.066426277,1.643028617
2026-07-28T19:06:39.912807+00:00,2112.694347,open,rgb,-50.000,35.000,5,700,,0.258835227,58.1916,4.069627285,4.066337585,1.642686844
2026-07-28T19:06:40.063186+00:00,2112.844725,open,rgb,-50.000,35.000,6,700,,0.258948864,58.2050,4.069492340,4.066263199,1.643137336
2026-07-28T19:06:40.213600+00:00,2112.995141,open,rgb,-50.000,35.000,7,700,,0.258892045,58.2183,4.069591999,4.066241264,1.643141150
2026-07-28T19:06:40.364003+00:00,2113.145544,open,rgb,-50.000,35.000,8,700,,0.258977273,58.2250,4.069568157,4.066271305,1.643110394
2026-07-28T19:06:40.514370+00:00,2113.295911,open,rgb,-50.000,35.000,9,700,,0.258948864,58.2284,4.069622040,4.066364288,1.642947555
2026-07-28T19:06:40.664832+00:00,2113.446372,open,rgb,-50.000,35.000,10,700,,0.258920455,58.2384,4.069685459,4.066440582,1.642836690
2026-07-28T19:06:40.815197+00:00,2113.596736,open,rgb,-50.000,35.000,11,700,,0.258863636,58.2418,4.069613457,4.066313267,1.643047929
2026-07-28T19:06:40.965620+00:00,2113.747159,open,rgb,-50.000,35.000,12,700,,0.258920455,58.2518,4.069622993,4.066255569,1.642900705
2026-07-28T19:06:41.116025+00:00,2113.897566,open,rgb,-50.000,35.000,13,700,,0.258948864,58.2585,4.069613457,4.066332817,1.643098235
2026-07-28T19:06:41.266368+00:00,2114.047909,open,rgb,-50.000,35.000,14,700,,0.258892045,58.2585,4.069615841,4.066275120,1.643039584
2026-07-28T19:06:41.416730+00:00,2114.198269,open,rgb,-50.000,35.000,15,700,,0.258920455,58.2618,4.069697380,4.066355705,1.642950058
2026-07-28T19:06:41.567123+00:00,2114.348664,open,rgb,-50.000,35.000,16,700,,0.258977273,58.2685,4.069591522,4.066290379,1.643096328
2026-07-28T19:06:41.717847+00:00,2114.499379,open,rgb,-50.000,35.000,17,700,,0.258863636,58.2618,4.069782257,4.066224575,1.642332554
2026-07-28T19:06:41.868700+00:00,2114.650235,open,rgb,-50.000,35.000,18,700,,0.258892045,58.2618,4.069587231,4.066216469,1.642212510
2026-07-28T19:06:42.019290+00:00,2114.800830,open,rgb,-50.000,35.000,19,700,,0.258920455,58.2551,4.069363594,4.066047192,1.643128514
2026-07-28T19:06:44.374497+00:00,2117.156033,open,rgb,-50.000,40.000,0,700,,0.258948864,58.2250,4.070229530,4.066853046,1.643014669
2026-07-28T19:06:44.525258+00:00,2117.306794,open,rgb,-50.000,40.000,1,700,,0.258948864,58.2250,4.070325375,4.066963196,1.642998576
2026-07-28T19:06:44.675778+00:00,2117.457317,open,rgb,-50.000,40.000,2,700,,0.258920455,58.2317,4.070316315,4.067015171,1.643037677
2026-07-28T19:06:44.826227+00:00,2117.607768,open,rgb,-50.000,40.000,3,700,,0.258892045,58.2351,4.070364475,4.066905499,1.642823339
2026-07-28T19:06:44.976651+00:00,2117.758191,open,rgb,-50.000,40.000,4,700,,0.258977273,58.2451,4.070366383,4.067028046,1.643071175
2026-07-28T19:06:45.127250+00:00,2117.908790,open,rgb,-50.000,40.000,5,700,,0.258948864,58.2451,4.070375443,4.067037106,1.642916799
2026-07-28T19:06:45.277644+00:00,2118.059184,open,rgb,-50.000,40.000,6,700,,0.258892045,58.2518,4.070404053,4.067073822,1.642881155
2026-07-28T19:06:45.428131+00:00,2118.209671,open,rgb,-50.000,40.000,7,700,,0.258920455,58.2485,4.070390701,4.066995621,1.642312288
2026-07-28T19:06:45.578471+00:00,2118.360012,open,rgb,-50.000,40.000,8,700,,0.258920455,58.2685,4.070254803,4.066971302,1.642809391
2026-07-28T19:06:45.728830+00:00,2118.510370,open,rgb,-50.000,40.000,9,700,,0.258892045,58.2685,4.070394516,4.066993713,1.642962217
2026-07-28T19:06:45.879265+00:00,2118.660806,open,rgb,-50.000,40.000,10,700,,0.258920455,58.2618,4.070251465,4.066886425,1.643154860
2026-07-28T19:06:46.029624+00:00,2118.811165,open,rgb,-50.000,40.000,11,700,,0.258948864,58.2652,4.070322037,4.066892147,1.642966390
2026-07-28T19:06:46.179975+00:00,2118.961515,open,rgb,-50.000,40.000,12,700,,0.258920455,58.2652,4.070267200,4.066934109,1.643023491
2026-07-28T19:06:46.330394+00:00,2119.111932,open,rgb,-50.000,40.000,13,700,,0.259005682,58.2652,4.070198536,4.066836357,1.643051386
2026-07-28T19:06:46.480833+00:00,2119.262373,open,rgb,-50.000,40.000,14,700,,0.258977273,58.2752,4.070303917,4.066937447,1.643042088
2026-07-28T19:06:46.631267+00:00,2119.412807,open,rgb,-50.000,40.000,15,700,,0.258977273,58.2752,4.070195675,4.066894531,1.643140674
2026-07-28T19:06:46.781129+00:00,2119.562661,open,rgb,-50.000,40.000,16,700,,0.258948864,58.2652,4.069745064,4.066705227,1.643080115
2026-07-28T19:06:46.931717+00:00,2119.713256,open,rgb,-50.000,40.000,17,700,,0.259090909,58.2786,4.070065498,4.066703796,1.643123388
2026-07-28T19:06:47.082186+00:00,2119.863724,open,rgb,-50.000,40.000,18,700,,0.259005682,58.2752,4.070017815,4.066728115,1.643200278
2026-07-28T19:06:47.232660+00:00,2120.014196,open,rgb,-50.000,40.000,19,700,,0.259034091,58.2786,4.070014000,4.066560745,1.643073559
2026-07-28T19:06:49.587708+00:00,2122.369243,open,rgb,-50.000,45.000,0,700,,0.259034091,58.2652,4.070210457,4.066927910,1.643215418
2026-07-28T19:06:49.738112+00:00,2122.519649,open,rgb,-50.000,45.000,1,700,,0.258948864,58.2317,4.070196629,4.066841602,1.643276453
2026-07-28T19:06:49.888604+00:00,2122.670142,open,rgb,-50.000,45.000,2,700,,0.259005682,58.2551,4.070019722,4.066698074,1.643226147
2026-07-28T19:06:50.038877+00:00,2122.820416,open,rgb,-50.000,45.000,3,700,,0.259005682,58.2418,4.070043087,4.066698074,1.643086791
2026-07-28T19:06:50.189156+00:00,2122.970697,open,rgb,-50.000,45.000,4,700,,0.259062500,58.2384,4.070005894,4.066667557,1.642973900
2026-07-28T19:06:50.339447+00:00,2123.120987,open,rgb,-50.000,45.000,5,700,,0.259034091,58.2485,4.070057392,4.066722870,1.643105507
2026-07-28T19:06:50.489633+00:00,2123.271173,open,rgb,-50.000,45.000,6,700,,0.258948864,58.2585,4.070036888,4.066701412,1.643117785
2026-07-28T19:06:50.639810+00:00,2123.421352,open,rgb,-50.000,45.000,7,700,,0.258948864,58.2618,4.069939137,4.066568375,1.642952919
2026-07-28T19:06:50.789980+00:00,2123.571520,open,rgb,-50.000,45.000,8,700,,0.259034091,58.2719,4.070001602,4.066661835,1.643235207
2026-07-28T19:06:50.940152+00:00,2123.721693,open,rgb,-50.000,45.000,9,700,,0.259034091,58.2752,4.070023537,4.066700459,1.642449260
2026-07-28T19:06:51.090273+00:00,2123.871814,open,rgb,-50.000,45.000,10,700,,0.259034091,58.2786,4.070075989,4.066736221,1.643022776
2026-07-28T19:06:51.240500+00:00,2124.022041,open,rgb,-50.000,45.000,11,700,,0.259034091,58.2853,4.070077896,4.066789627,1.642999291
2026-07-28T19:06:51.390690+00:00,2124.172228,open,rgb,-50.000,45.000,12,700,,0.258977273,58.2819,4.070030689,4.066626549,1.642834544
2026-07-28T19:06:51.540912+00:00,2124.322453,open,rgb,-50.000,45.000,13,700,,0.259034091,58.2853,4.070063114,4.066730499,1.643158317
2026-07-28T19:06:51.691089+00:00,2124.472629,open,rgb,-50.000,45.000,14,700,,0.259005682,58.2719,4.070057392,4.066672325,1.643231034
2026-07-28T19:06:51.841484+00:00,2124.623019,open,rgb,-50.000,45.000,15,700,,0.259062500,58.2719,4.070066929,4.066673756,1.643001318
2026-07-28T19:06:51.991948+00:00,2124.773488,open,rgb,-50.000,45.000,16,700,,0.259034091,58.2652,4.070051193,4.066712856,1.643034697
2026-07-28T19:06:52.142116+00:00,2124.923655,open,rgb,-50.000,45.000,17,700,,0.259005682,58.2618,4.070006371,4.066650867,1.642938852
2026-07-28T19:06:52.292385+00:00,2125.073924,open,rgb,-50.000,45.000,18,700,,0.259090909,58.2685,4.070084095,4.066672802,1.643108249
2026-07-28T19:06:52.442627+00:00,2125.224167,open,rgb,-50.000,45.000,19,700,,0.259062500,58.2652,4.070058346,4.066687107,1.643198609
2026-07-28T19:06:54.797794+00:00,2127.579328,open,rgb,-50.000,50.000,0,700,,0.258892045,58.1983,4.070298672,4.067033768,1.642904401
2026-07-28T19:06:54.948286+00:00,2127.729825,open,rgb,-50.000,50.000,1,700,,0.258920455,58.2016,4.070364475,4.067083836,1.642757416
2026-07-28T19:06:55.098565+00:00,2127.880106,open,rgb,-50.000,50.000,2,700,,0.258920455,58.2116,4.070328712,4.067020893,1.643031120
2026-07-28T19:06:55.248958+00:00,2128.030489,open,rgb,-50.000,50.000,3,700,,0.258863636,58.2083,4.070226669,4.066861153,1.642825961
2026-07-28T19:06:55.399464+00:00,2128.181001,open,rgb,-50.000,50.000,4,700,,0.258977273,58.2083,4.070313454,4.066997528,1.642942429
2026-07-28T19:06:55.549656+00:00,2128.331195,open,rgb,-50.000,50.000,5,700,,0.258892045,58.2150,4.070258141,4.067023277,1.643102884
2026-07-28T19:06:55.699925+00:00,2128.481464,open,rgb,-50.000,50.000,6,700,,0.258977273,58.2284,4.070311069,4.066973686,1.642900944
2026-07-28T19:06:55.850110+00:00,2128.631650,open,rgb,-50.000,50.000,7,700,,0.258948864,58.2384,4.070281029,4.066991806,1.643005490
2026-07-28T19:06:56.000265+00:00,2128.781806,open,rgb,-50.000,50.000,8,700,,0.258920455,58.2384,4.070163250,4.066885471,1.642928600
2026-07-28T19:06:56.150490+00:00,2128.932029,open,rgb,-50.000,50.000,9,700,,0.258920455,58.2518,4.070248604,4.066982269,1.643089652
2026-07-28T19:06:56.300529+00:00,2129.082065,open,rgb,-50.000,50.000,10,700,,0.258948864,58.2518,4.070206642,4.066937447,1.643140435
2026-07-28T19:06:56.450807+00:00,2129.232347,open,rgb,-50.000,50.000,11,700,,0.258948864,58.2451,4.070324421,4.066889763,1.642568469
2026-07-28T19:06:56.600974+00:00,2129.382513,open,rgb,-50.000,50.000,12,700,,0.258977273,58.2485,4.070247173,4.066946983,1.643053770
2026-07-28T19:06:56.751038+00:00,2129.532572,open,rgb,-50.000,50.000,13,700,,0.258977273,58.2485,4.070111275,4.066753864,1.643053770
2026-07-28T19:06:56.901371+00:00,2129.682910,open,rgb,-50.000,50.000,14,700,,0.258977273,58.2652,4.070043087,4.066644669,1.643018603
2026-07-28T19:06:57.051754+00:00,2129.833292,open,rgb,-50.000,50.000,15,700,,0.259090909,58.2786,4.070007801,4.066705704,1.643151879
2026-07-28T19:06:57.202023+00:00,2129.983563,open,rgb,-50.000,50.000,16,700,,0.259062500,58.2752,4.069921970,4.066614151,1.643142462
2026-07-28T19:06:57.352271+00:00,2130.133810,open,rgb,-50.000,50.000,17,700,,0.259062500,58.2853,4.069967747,4.066711426,1.643142223
2026-07-28T19:06:57.502484+00:00,2130.284024,open,rgb,-50.000,50.000,18,700,,0.259034091,58.2987,4.069961548,4.066688538,1.643277407
2026-07-28T19:06:57.652642+00:00,2130.434183,open,rgb,-50.000,50.000,19,700,,0.259005682,58.2987,4.069946289,4.066707134,1.643079638
2026-07-28T19:07:00.007745+00:00,2132.789281,open,rgb,-50.000,55.000,0,700,,0.258948864,58.2585,4.070395947,4.067109108,1.643045545
2026-07-28T19:07:00.158320+00:00,2132.939858,open,rgb,-50.000,55.000,1,700,,0.258892045,58.2551,4.070347786,4.067052364,1.643221736
2026-07-28T19:07:00.308632+00:00,2133.090171,open,rgb,-50.000,55.000,2,700,,0.258892045,58.2485,4.070377827,4.067087650,1.643065810
2026-07-28T19:07:00.458958+00:00,2133.240498,open,rgb,-50.000,55.000,3,700,,0.258920455,58.2418,4.070411205,4.067190170,1.643044233
2026-07-28T19:07:00.609131+00:00,2133.390672,open,rgb,-50.000,55.000,4,700,,0.258863636,58.2384,4.070336819,4.067016602,1.643050671
2026-07-28T19:07:00.759348+00:00,2133.540888,open,rgb,-50.000,55.000,5,700,,0.258892045,58.2518,4.070419788,4.067064285,1.643044949
2026-07-28T19:07:00.909476+00:00,2133.691017,open,rgb,-50.000,55.000,6,700,,0.258977273,58.2585,4.070348263,4.067057610,1.643215656
2026-07-28T19:07:01.059787+00:00,2133.841328,open,rgb,-50.000,55.000,7,700,,0.258948864,58.2551,4.070305347,4.067007542,1.642991066
2026-07-28T19:07:01.210009+00:00,2133.991549,open,rgb,-50.000,55.000,8,700,,0.258920455,58.2652,4.070372581,4.067083836,1.643172741
2026-07-28T19:07:01.360365+00:00,2134.141902,open,rgb,-50.000,55.000,9,700,,0.258920455,58.2685,4.070422649,4.067224979,1.642965674
2026-07-28T19:07:01.510653+00:00,2134.292191,open,rgb,-50.000,55.000,10,700,,0.258835227,58.2685,4.070440292,4.067083359,1.642773032
2026-07-28T19:07:01.660882+00:00,2134.442422,open,rgb,-50.000,55.000,11,700,,0.258920455,58.2886,4.070347309,4.067141533,1.643022537
2026-07-28T19:07:01.811229+00:00,2134.592765,open,rgb,-50.000,55.000,12,700,,0.258920455,58.2786,4.070139408,4.066881657,1.643037200
2026-07-28T19:07:01.961514+00:00,2134.743055,open,rgb,-50.000,55.000,13,700,,0.259005682,58.2987,4.070425034,4.067057610,1.642966151
2026-07-28T19:07:02.111757+00:00,2134.893295,open,rgb,-50.000,55.000,14,700,,0.258892045,58.3054,4.070134640,4.066879272,1.643145323
2026-07-28T19:07:02.262006+00:00,2135.043546,open,rgb,-50.000,55.000,15,700,,0.259034091,58.2987,4.070120811,4.066841125,1.643027425
2026-07-28T19:07:02.412264+00:00,2135.193804,open,rgb,-50.000,55.000,16,700,,0.259034091,58.3020,4.070183754,4.066918850,1.643048406
2026-07-28T19:07:02.562472+00:00,2135.344011,open,rgb,-50.000,55.000,17,700,,0.258977273,58.3020,4.070148945,4.066928864,1.643205643
2026-07-28T19:07:02.712717+00:00,2135.494258,open,rgb,-50.000,55.000,18,700,,0.258948864,58.3121,4.070249557,4.066939831,1.642980337
2026-07-28T19:07:02.862895+00:00,2135.644436,open,rgb,-50.000,55.000,19,700,,0.259005682,58.3188,4.070297718,4.066998482,1.642872930
2026-07-28T19:07:05.218101+00:00,2137.999636,open,rgb,-50.000,60.000,0,700,,0.258948864,58.3356,4.070195198,4.066871643,1.643140197
2026-07-28T19:07:05.368604+00:00,2138.150143,open,rgb,-50.000,60.000,1,700,,0.259005682,58.3322,4.070215225,4.066781998,1.643094301
2026-07-28T19:07:05.519118+00:00,2138.300654,open,rgb,-50.000,60.000,2,700,,0.259062500,58.3356,4.070180893,4.066907406,1.643212199
2026-07-28T19:07:05.669650+00:00,2138.451188,open,rgb,-50.000,60.000,3,700,,0.259005682,58.3289,4.070173264,4.066793442,1.643180013
2026-07-28T19:07:05.820160+00:00,2138.601700,open,rgb,-50.000,60.000,4,700,,0.258948864,58.3389,4.070167065,4.066861153,1.643205881
2026-07-28T19:07:05.970639+00:00,2138.752179,open,rgb,-50.000,60.000,5,700,,0.259005682,58.3356,4.070248127,4.066906452,1.643203974
2026-07-28T19:07:06.120986+00:00,2138.902526,open,rgb,-50.000,60.000,6,700,,0.258977273,58.3289,4.070070267,4.066788197,1.643039823
2026-07-28T19:07:06.271452+00:00,2139.052989,open,rgb,-50.000,60.000,7,700,,0.258977273,58.3389,4.070168018,4.066818237,1.643342376
2026-07-28T19:07:06.422054+00:00,2139.203592,open,rgb,-50.000,60.000,8,700,,0.259034091,58.3356,4.070186138,4.066857338,1.643207550
2026-07-28T19:07:06.572459+00:00,2139.353999,open,rgb,-50.000,60.000,9,700,,0.259005682,58.3356,4.070248604,4.066757202,1.643153191
2026-07-28T19:07:06.722896+00:00,2139.504433,open,rgb,-50.000,60.000,10,700,,0.259034091,58.3423,4.070101261,4.066853046,1.643366814
2026-07-28T19:07:06.873493+00:00,2139.655030,open,rgb,-50.000,60.000,11,700,,0.259005682,58.3356,4.070147991,4.066840649,1.643231034
2026-07-28T19:07:07.024035+00:00,2139.805574,open,rgb,-50.000,60.000,12,700,,0.259034091,58.3356,4.070173264,4.066919804,1.643225670
2026-07-28T19:07:07.174372+00:00,2139.955912,open,rgb,-50.000,60.000,13,700,,0.259034091,58.3322,4.070234776,4.066913605,1.643161178
2026-07-28T19:07:07.324800+00:00,2140.106335,open,rgb,-50.000,60.000,14,700,,0.258948864,58.3356,4.070149422,4.066903591,1.642966390
2026-07-28T19:07:07.475125+00:00,2140.256664,open,rgb,-50.000,60.000,15,700,,0.258977273,58.3389,4.070384026,4.067106724,1.643124580
2026-07-28T19:07:07.625284+00:00,2140.406824,open,rgb,-50.000,60.000,16,700,,0.258948864,58.3289,4.070158482,4.066815376,1.643266678
2026-07-28T19:07:07.775711+00:00,2140.557249,open,rgb,-50.000,60.000,17,700,,0.259090909,58.3490,4.070167065,4.066793919,1.643158317
2026-07-28T19:07:07.925917+00:00,2140.707457,open,rgb,-50.000,60.000,18,700,,0.259062500,58.3523,4.070180416,4.066872120,1.643197298
2026-07-28T19:07:08.076114+00:00,2140.857655,open,rgb,-50.000,60.000,19,700,,0.259005682,58.3490,4.070133209,4.066833973,1.643032551
2026-07-28T19:07:10.431354+00:00,2143.212891,open,rgb,-50.000,65.000,0,700,,0.259090909,58.4027,4.070334911,4.066931248,1.643172145
2026-07-28T19:07:10.585992+00:00,2143.367528,open,rgb,-50.000,65.000,1,700,,0.258920455,58.3926,4.070373058,4.067045212,1.643116832
2026-07-28T19:07:10.736306+00:00,2143.517845,open,rgb,-50.000,65.000,2,700,,0.258948864,58.3960,4.070256233,4.066954136,1.643031359
2026-07-28T19:07:10.886576+00:00,2143.668117,open,rgb,-50.000,65.000,3,700,,0.258977273,58.3993,4.070348263,4.067039013,1.643150210
2026-07-28T19:07:11.036760+00:00,2143.818300,open,rgb,-50.000,65.000,4,700,,0.259005682,58.4027,4.070318222,4.066992283,1.643251061
2026-07-28T19:07:11.186912+00:00,2143.968453,open,rgb,-50.000,65.000,5,700,,0.259034091,58.4027,4.070276260,4.066916466,1.643174171
2026-07-28T19:07:11.337232+00:00,2144.118772,open,rgb,-50.000,65.000,6,700,,0.259034091,58.4027,4.070368767,4.067006111,1.643156767
2026-07-28T19:07:11.487744+00:00,2144.269284,open,rgb,-50.000,65.000,7,700,,0.259005682,58.4027,4.070403099,4.067069054,1.643054485
2026-07-28T19:07:11.637921+00:00,2144.419462,open,rgb,-50.000,65.000,8,700,,0.259034091,58.3993,4.070496559,4.067028522,1.642911911
2026-07-28T19:07:11.788377+00:00,2144.569912,open,rgb,-50.000,65.000,9,700,,0.258977273,58.4094,4.070363998,4.067099571,1.643093824
2026-07-28T19:07:11.938719+00:00,2144.720259,open,rgb,-50.000,65.000,10,700,,0.259034091,58.4060,4.070229053,4.066911221,1.643014193
2026-07-28T19:07:12.088997+00:00,2144.870538,open,rgb,-50.000,65.000,11,700,,0.259062500,58.4161,4.070353985,4.067048073,1.643147588
2026-07-28T19:07:12.239264+00:00,2145.020802,open,rgb,-50.000,65.000,12,700,,0.259005682,58.4094,4.070372105,4.067086697,1.643067718
2026-07-28T19:07:12.389709+00:00,2145.171248,open,rgb,-50.000,65.000,13,700,,0.259034091,58.4094,4.070363998,4.067036629,1.642908812
2026-07-28T19:07:12.540172+00:00,2145.321711,open,rgb,-50.000,65.000,14,700,,0.258977273,58.4128,4.070411205,4.067111969,1.643008590
2026-07-28T19:07:12.690631+00:00,2145.472171,open,rgb,-50.000,65.000,15,700,,0.258977273,58.4094,4.070330620,4.067064285,1.643050671
2026-07-28T19:07:12.840995+00:00,2145.622535,open,rgb,-50.000,65.000,16,700,,0.259005682,58.4195,4.070349216,4.067071915,1.643036485
2026-07-28T19:07:12.991318+00:00,2145.772860,open,rgb,-50.000,65.000,17,700,,0.259034091,58.4228,4.070426464,4.067264557,1.643149734
2026-07-28T19:07:13.141691+00:00,2145.923232,open,rgb,-50.000,65.000,18,700,,0.258892045,58.4060,4.070269585,4.067002773,1.642710805
2026-07-28T19:07:13.292310+00:00,2146.073845,open,rgb,-50.000,65.000,19,700,,0.259005682,58.4262,4.070370674,4.067131042,1.643213511
2026-07-28T19:07:15.647502+00:00,2148.429035,open,rgb,-50.000,70.000,0,700,,0.259005682,58.4329,4.070616245,4.067465305,1.643172383
2026-07-28T19:07:15.798206+00:00,2148.579743,open,rgb,-50.000,70.000,1,700,,0.258920455,58.4228,4.070652962,4.067524433,1.642831087
2026-07-28T19:07:15.948654+00:00,2148.730193,open,rgb,-50.000,70.000,2,700,,0.258977273,58.4363,4.071015358,4.067690849,1.643245459
2026-07-28T19:07:16.099171+00:00,2148.880711,open,rgb,-50.000,70.000,3,700,,0.258948864,58.4228,4.071163177,4.068110466,1.643023014
2026-07-28T19:07:16.249506+00:00,2149.031045,open,rgb,-50.000,70.000,4,700,,0.258892045,58.4195,4.071385860,4.067999840,1.643126488
2026-07-28T19:07:16.399986+00:00,2149.181525,open,rgb,-50.000,70.000,5,700,,0.258948864,58.4228,4.071159363,4.067961693,1.643123150
2026-07-28T19:07:16.550414+00:00,2149.331954,open,rgb,-50.000,70.000,6,700,,0.258863636,58.3993,4.071050644,4.067803860,1.642929077
2026-07-28T19:07:16.700814+00:00,2149.482353,open,rgb,-50.000,70.000,7,700,,0.258863636,58.3825,4.071147919,4.067954540,1.642974734
2026-07-28T19:07:16.851391+00:00,2149.632927,open,rgb,-50.000,70.000,8,700,,0.258835227,58.3792,4.071148872,4.067814827,1.642964721
2026-07-28T19:07:17.001954+00:00,2149.783494,open,rgb,-50.000,70.000,9,700,,0.258920455,58.3893,4.070888519,4.067719460,1.642929792
2026-07-28T19:07:17.152339+00:00,2149.933879,open,rgb,-50.000,70.000,10,700,,0.258920455,58.3960,4.071074486,4.067770958,1.643101692
2026-07-28T19:07:17.302731+00:00,2150.084270,open,rgb,-50.000,70.000,11,700,,0.258948864,58.3960,4.071011543,4.067786694,1.643268347
2026-07-28T19:07:17.453036+00:00,2150.234573,open,rgb,-50.000,70.000,12,700,,0.258948864,58.3926,4.073960304,4.070730209,1.643051863
2026-07-28T19:07:17.603561+00:00,2150.385101,open,rgb,-50.000,70.000,13,700,,0.258977273,58.4060,4.073558807,4.070171356,1.643077731
2026-07-28T19:07:17.754021+00:00,2150.535561,open,rgb,-50.000,70.000,14,700,,0.258920455,58.3960,4.073619366,4.070302486,1.642993927
2026-07-28T19:07:17.904426+00:00,2150.685966,open,rgb,-50.000,70.000,15,700,,0.258977273,58.4094,4.073650837,4.070277691,1.643221021
2026-07-28T19:07:18.054810+00:00,2150.836351,open,rgb,-50.000,70.000,16,700,,0.259005682,58.4128,4.073586941,4.070221901,1.643330097
2026-07-28T19:07:18.205105+00:00,2150.986644,open,rgb,-50.000,70.000,17,700,,0.258920455,58.4195,4.073548317,4.070186615,1.643122673
2026-07-28T19:07:18.355509+00:00,2151.137049,open,rgb,-50.000,70.000,18,700,,0.258948864,58.4262,4.073563576,4.070250511,1.643272042
2026-07-28T19:07:18.505879+00:00,2151.287419,open,rgb,-50.000,70.000,19,700,,0.258977273,58.4296,4.073631287,4.070311546,1.643206835
2026-07-28T19:07:20.860874+00:00,2153.642408,open,rgb,-50.000,75.000,0,700,,0.258948864,58.4531,4.073420525,4.070077419,1.642796755
2026-07-28T19:07:21.011328+00:00,2153.792866,open,rgb,-50.000,75.000,1,700,,0.259062500,58.4598,4.073552132,4.070205212,1.643274784
2026-07-28T19:07:21.161686+00:00,2153.943226,open,rgb,-50.000,75.000,2,700,,0.258977273,58.4565,4.073613167,4.070322514,1.643108726
2026-07-28T19:07:21.312046+00:00,2154.093587,open,rgb,-50.000,75.000,3,700,,0.258948864,58.4497,4.073850632,4.070451736,1.642986178
2026-07-28T19:07:21.462403+00:00,2154.243943,open,rgb,-50.000,75.000,4,700,,0.258892045,58.4464,4.073643684,4.070324421,1.643008828
2026-07-28T19:07:21.612740+00:00,2154.394280,open,rgb,-50.000,75.000,5,700,,0.258920455,58.4497,4.073543072,4.070226669,1.642946601
2026-07-28T19:07:21.763097+00:00,2154.544631,open,rgb,-50.000,75.000,6,700,,0.258948864,58.4531,4.073682308,4.070322990,1.643024206
2026-07-28T19:07:21.913571+00:00,2154.695110,open,rgb,-50.000,75.000,7,700,,0.258920455,58.4531,4.073682785,4.070311069,1.643074751
2026-07-28T19:07:22.064013+00:00,2154.845552,open,rgb,-50.000,75.000,8,700,,0.258948864,58.4497,4.073523521,4.070174217,1.642932415
2026-07-28T19:07:22.214364+00:00,2154.995904,open,rgb,-50.000,75.000,9,700,,0.258977273,58.4598,4.073600769,4.070259571,1.643175602
2026-07-28T19:07:22.364721+00:00,2155.146262,open,rgb,-50.000,75.000,10,700,,0.258977273,58.4531,4.073587418,4.070227623,1.643205404
2026-07-28T19:07:22.515101+00:00,2155.296641,open,rgb,-50.000,75.000,11,700,,0.258977273,58.4632,4.073647499,4.070237160,1.643132448
2026-07-28T19:07:22.665472+00:00,2155.447013,open,rgb,-50.000,75.000,12,700,,0.258977273,58.4733,4.073672295,4.070310593,1.643129706
2026-07-28T19:07:22.815756+00:00,2155.597297,open,rgb,-50.000,75.000,13,700,,0.258948864,58.4699,4.073586941,4.070261002,1.642889738
2026-07-28T19:07:22.966044+00:00,2155.747585,open,rgb,-50.000,75.000,14,700,,0.258948864,58.4766,4.073738575,4.070357323,1.643015027
2026-07-28T19:07:23.116381+00:00,2155.897923,open,rgb,-50.000,75.000,15,700,,0.258920455,58.4665,4.073628426,4.070275307,1.643095016
2026-07-28T19:07:23.266661+00:00,2156.048201,open,rgb,-50.000,75.000,16,700,,0.258948864,58.4733,4.073774338,4.070566654,1.642976165
2026-07-28T19:07:23.417008+00:00,2156.198549,open,rgb,-50.000,75.000,17,700,,0.258892045,58.4665,4.074035168,4.070611477,1.643009543
2026-07-28T19:07:23.567292+00:00,2156.348833,open,rgb,-50.000,75.000,18,700,,0.258863636,58.4699,4.073888302,4.070530415,1.643030167
2026-07-28T19:07:23.718035+00:00,2156.499572,open,rgb,-50.000,75.000,19,700,,0.258863636,58.4834,4.073752880,4.070245743,1.643012047
2026-07-28T19:07:26.073511+00:00,2158.855047,open,rgb,-50.000,80.000,0,700,,0.258920455,58.5069,4.073846817,4.070386410,1.643146753
2026-07-28T19:07:26.224072+00:00,2159.005611,open,rgb,-50.000,80.000,1,700,,0.258892045,58.5002,4.073755741,4.070301056,1.642993212
2026-07-28T19:07:26.374645+00:00,2159.156181,open,rgb,-50.000,80.000,2,700,,0.258948864,58.5069,4.073876858,4.070415020,1.643012285
2026-07-28T19:07:26.525104+00:00,2159.306644,open,rgb,-50.000,80.000,3,700,,0.258948864,58.5170,4.073796749,4.070338249,1.643131971
2026-07-28T19:07:26.675586+00:00,2159.457126,open,rgb,-50.000,80.000,4,700,,0.258948864,58.5137,4.073665142,4.070188046,1.642943978
2026-07-28T19:07:26.825825+00:00,2159.607360,open,rgb,-50.000,80.000,5,700,,0.258977273,58.5271,4.073770523,4.070455551,1.643264532
2026-07-28T19:07:26.976402+00:00,2159.757941,open,rgb,-50.000,80.000,6,700,,0.258863636,58.5170,4.073730469,4.070322037,1.642896295
2026-07-28T19:07:27.126742+00:00,2159.908281,open,rgb,-50.000,80.000,7,700,,0.258948864,58.5339,4.073747635,4.070198059,1.643065810
2026-07-28T19:07:27.277081+00:00,2160.058621,open,rgb,-50.000,80.000,8,700,,0.259034091,58.5440,4.073746681,4.070276737,1.643254757
2026-07-28T19:07:27.427512+00:00,2160.209051,open,rgb,-50.000,80.000,9,700,,0.258948864,58.5372,4.073843479,4.070364475,1.643140435
2026-07-28T19:07:27.577978+00:00,2160.359518,open,rgb,-50.000,80.000,10,700,,0.258835227,58.5305,4.073877811,4.070430756,1.642954707
2026-07-28T19:07:27.728379+00:00,2160.509919,open,rgb,-50.000,80.000,11,700,,0.258977273,58.5406,4.073759079,4.070284843,1.643172979
2026-07-28T19:07:27.878727+00:00,2160.660268,open,rgb,-50.000,80.000,12,700,,0.258920455,58.5372,4.073786259,4.070352077,1.643031120
2026-07-28T19:07:28.029048+00:00,2160.810589,open,rgb,-50.000,80.000,13,700,,0.258977273,58.5372,4.073894501,4.070380211,1.643042803
2026-07-28T19:07:28.179324+00:00,2160.960865,open,rgb,-50.000,80.000,14,700,,0.258920455,58.5339,4.073763371,4.070292950,1.643163443
2026-07-28T19:07:28.329657+00:00,2161.111195,open,rgb,-50.000,80.000,15,700,,0.258948864,58.5473,4.073865891,4.070219040,1.643049121
2026-07-28T19:07:28.480049+00:00,2161.261589,open,rgb,-50.000,80.000,16,700,,0.259005682,58.5507,4.073744297,4.070314407,1.643230557
2026-07-28T19:07:28.630371+00:00,2161.411911,open,rgb,-50.000,80.000,17,700,,0.258948864,58.5473,4.073714256,4.070268154,1.643130660
2026-07-28T19:07:28.780757+00:00,2161.562293,open,rgb,-50.000,80.000,18,700,,0.258977273,58.5473,4.073792934,4.070345879,1.643091917
2026-07-28T19:07:28.931156+00:00,2161.712695,open,rgb,-50.000,80.000,19,700,,0.258977273,58.5507,4.073665142,4.070206642,1.643447042
2026-07-28T19:07:31.286426+00:00,2164.067959,open,rgb,-50.000,85.000,0,700,,0.258977273,58.5642,4.073608398,4.070319176,1.643115997
2026-07-28T19:07:31.437123+00:00,2164.218659,open,rgb,-50.000,85.000,1,700,,0.258948864,58.5709,4.073745728,4.070396900,1.643249869
2026-07-28T19:07:31.587609+00:00,2164.369148,open,rgb,-50.000,85.000,2,700,,0.258948864,58.5676,4.073832512,4.070466042,1.643175364
2026-07-28T19:07:31.738026+00:00,2164.519565,open,rgb,-50.000,85.000,3,700,,0.258948864,58.5642,4.073702812,4.070354939,1.642956138
2026-07-28T19:07:31.888685+00:00,2164.670220,open,rgb,-50.000,85.000,4,700,,0.259005682,58.5676,4.073680878,4.070312023,1.643193007
2026-07-28T19:07:32.039267+00:00,2164.820806,open,rgb,-50.000,85.000,5,700,,0.258948864,58.5574,4.073798180,4.070410252,1.643116474
