timestamp_utc,elapsed_s,mode,led,polar_deg,azimuth_deg,sample_index,dac_code,target_current_a,led_current_a,bridge_temperature_c,sgt_tia_v,sol_tia_v,external_pd_v
2026-07-29T21:13:51.552362+00:00,70.276784,current,dark,-90.000,-90.000,0,0,,0.000738636,25.2812,4.896521091,4.903313637,1.649354577
2026-07-29T21:13:51.702967+00:00,70.427395,current,dark,-90.000,-90.000,1,0,,0.000738636,25.0399,4.896510124,4.903320312,1.649201751
2026-07-29T21:13:51.853374+00:00,70.577806,current,dark,-90.000,-90.000,2,0,,0.000710227,25.0399,4.896531582,4.903357506,1.649405122
2026-07-29T21:13:52.003785+00:00,70.728218,current,dark,-90.000,-90.000,3,0,,0.000738636,25.0000,4.896567345,4.903391838,1.649192691
2026-07-29T21:13:52.154129+00:00,70.878561,current,dark,-90.000,-90.000,4,0,,0.000710227,25.0000,4.896615505,4.903426647,1.649196863
2026-07-29T21:13:52.304532+00:00,71.028966,current,dark,-90.000,-90.000,5,0,,0.000710227,25.0000,4.896660805,4.903481960,1.649394631
2026-07-29T21:13:52.454876+00:00,71.179310,current,dark,-90.000,-90.000,6,0,,0.000738636,25.0000,4.896716595,4.903531551,1.649212718
2026-07-29T21:13:52.605169+00:00,71.329603,current,dark,-90.000,-90.000,7,0,,0.000710227,25.0000,4.896748543,4.903585911,1.649219275
2026-07-29T21:13:52.755463+00:00,71.479898,current,dark,-90.000,-90.000,8,0,,0.000738636,25.0000,4.896790028,4.903623581,1.648461461
2026-07-29T21:13:52.905851+00:00,71.630284,current,dark,-90.000,-90.000,9,0,,0.000738636,25.0000,4.896814823,4.903639793,1.649184704
2026-07-29T21:13:53.056202+00:00,71.780636,current,dark,-90.000,-90.000,10,0,,0.000710227,25.0000,4.896820545,4.903673649,1.649461508
2026-07-29T21:13:53.206511+00:00,71.930944,current,dark,-90.000,-90.000,11,0,,0.000710227,25.0000,4.896856308,4.903683186,1.649282098
2026-07-29T21:13:53.356866+00:00,72.081299,current,dark,-90.000,-90.000,12,0,,0.000738636,25.0000,4.896854877,4.903716564,1.649335742
2026-07-29T21:13:53.507236+00:00,72.231671,current,dark,-90.000,-90.000,13,0,,0.000710227,25.0000,4.896874428,4.903724670,1.649556756
2026-07-29T21:13:53.657819+00:00,72.382248,current,dark,-90.000,-90.000,14,0,,0.000738636,25.0000,4.896877289,4.903712749,1.649296165
2026-07-29T21:13:53.808362+00:00,72.532794,current,dark,-90.000,-90.000,15,0,,0.000710227,25.0000,4.896872997,4.903719902,1.649268627
2026-07-29T21:13:53.958870+00:00,72.683299,current,dark,-90.000,-90.000,16,0,,0.000738636,25.0000,4.896863461,4.903697491,1.649173856
2026-07-29T21:13:54.109630+00:00,72.834058,current,dark,-90.000,-90.000,17,0,,0.000710227,25.0000,4.896852493,4.903717518,1.648566246
2026-07-29T21:13:54.259184+00:00,72.983610,current,dark,-90.000,-90.000,18,0,,0.000710227,25.0000,4.896850109,4.903670311,1.649522305
2026-07-29T21:13:54.409752+00:00,73.134181,current,dark,-90.000,-90.000,19,0,,0.000738636,25.0000,4.896821976,4.903664112,1.649345994
2026-07-29T21:13:58.604046+00:00,77.328475,current,rgb,-90.000,-90.000,0,700,0.258700,0.259062500,25.0000,3.691041946,3.730001450,1.649334788
2026-07-29T21:13:58.754553+00:00,77.478986,current,rgb,-90.000,-90.000,1,700,0.258700,0.259005682,25.0000,3.691053629,3.730020285,1.648976445
2026-07-29T21:13:58.904908+00:00,77.629341,current,rgb,-90.000,-90.000,2,700,0.258700,0.258977273,25.0000,3.691282749,3.730254650,1.649144888
2026-07-29T21:13:59.055303+00:00,77.779736,current,rgb,-90.000,-90.000,3,700,0.258700,0.258977273,25.0000,3.691300392,3.730261564,1.649284720
2026-07-29T21:13:59.205817+00:00,77.930250,current,rgb,-90.000,-90.000,4,700,0.258700,0.258977273,25.0000,3.691495895,3.730289459,1.649079204
2026-07-29T21:13:59.356265+00:00,78.080693,current,rgb,-90.000,-90.000,5,700,0.258700,0.259147727,25.0000,3.691853046,3.730636597,1.649131656
2026-07-29T21:13:59.506310+00:00,78.230736,current,rgb,-90.000,-90.000,6,700,0.258700,0.258948864,25.0000,3.691428661,3.730461597,1.648687601
2026-07-29T21:13:59.657166+00:00,78.381594,current,rgb,-90.000,-90.000,7,700,0.258700,0.259062500,25.0000,3.691740274,3.730676413,1.649038911
2026-07-29T21:13:59.807884+00:00,78.532315,current,rgb,-90.000,-90.000,8,700,0.258700,0.259147727,25.0000,3.691665649,3.730589867,1.649269342
2026-07-29T21:13:59.958456+00:00,78.682887,current,rgb,-90.000,-90.000,9,700,0.258700,0.259062500,25.0000,3.691836596,3.730640888,1.649097204
2026-07-29T21:14:00.108942+00:00,78.833372,current,rgb,-90.000,-90.000,10,700,0.258700,0.259034091,25.0000,3.691990614,3.730913162,1.649090409
2026-07-29T21:14:00.259370+00:00,78.983803,current,rgb,-90.000,-90.000,11,700,0.258700,0.258948864,25.0000,3.691884995,3.730802774,1.649260879
2026-07-29T21:14:00.409726+00:00,79.134158,current,rgb,-90.000,-90.000,12,700,0.258700,0.259005682,25.0000,3.692081213,3.730709553,1.648981333
2026-07-29T21:14:00.560120+00:00,79.284553,current,rgb,-90.000,-90.000,13,700,0.258700,0.259062500,25.0000,3.692121029,3.731038332,1.649274945
2026-07-29T21:14:00.710450+00:00,79.434884,current,rgb,-90.000,-90.000,14,700,0.258700,0.259034091,25.0000,3.692119360,3.731017113,1.649126291
2026-07-29T21:14:00.860753+00:00,79.585188,current,rgb,-90.000,-90.000,15,700,0.258700,0.259005682,25.0000,3.692318201,3.731261492,1.649121642
2026-07-29T21:14:01.011110+00:00,79.735544,current,rgb,-90.000,-90.000,16,700,0.258700,0.258977273,25.0000,3.692550421,3.731317520,1.648785710
2026-07-29T21:14:01.161438+00:00,79.885871,current,rgb,-90.000,-90.000,17,700,0.258700,0.259005682,25.0000,3.692430019,3.731324673,1.648974419
2026-07-29T21:14:01.311915+00:00,80.036348,current,rgb,-90.000,-90.000,18,700,0.258700,0.259005682,25.0000,3.692591190,3.731430769,1.649078488
2026-07-29T21:14:01.462235+00:00,80.186669,current,rgb,-90.000,-90.000,19,700,0.258700,0.258977273,25.0000,3.692427635,3.731406689,1.649144173
2026-07-29T21:14:05.163381+00:00,83.887809,current,rgb,-90.000,-45.000,0,700,0.258700,0.259034091,25.0000,3.693339348,3.732520580,1.648961782
2026-07-29T21:14:05.313919+00:00,84.038351,current,rgb,-90.000,-45.000,1,700,0.258700,0.259034091,25.0000,3.693392754,3.732510090,1.649060607
2026-07-29T21:14:05.464399+00:00,84.188830,current,rgb,-90.000,-45.000,2,700,0.258700,0.258948864,25.0000,3.693546295,3.732334137,1.648962259
2026-07-29T21:14:05.614806+00:00,84.339235,current,rgb,-90.000,-45.000,3,700,0.258700,0.259005682,25.0000,3.693414211,3.732555389,1.649279118
2026-07-29T21:14:05.765307+00:00,84.489740,current,rgb,-90.000,-45.000,4,700,0.258700,0.259034091,25.0000,3.693483353,3.732567310,1.649144888
2026-07-29T21:14:05.915691+00:00,84.640125,current,rgb,-90.000,-45.000,5,700,0.258700,0.259034091,25.0000,3.693722725,3.732838392,1.649014711
2026-07-29T21:14:06.066056+00:00,84.790489,current,rgb,-90.000,-45.000,6,700,0.258700,0.258920455,25.0000,3.693649769,3.732717991,1.649147272
2026-07-29T21:14:06.216441+00:00,84.940873,current,rgb,-90.000,-45.000,7,700,0.258700,0.259034091,25.0000,3.693577290,3.732657909,1.648899198
2026-07-29T21:14:06.366797+00:00,85.091230,current,rgb,-90.000,-45.000,8,700,0.258700,0.259034091,25.0000,3.693813086,3.732858896,1.649063826
2026-07-29T21:14:06.517149+00:00,85.241583,current,rgb,-90.000,-45.000,9,700,0.258700,0.259062500,25.0000,3.693934679,3.732924461,1.649208546
2026-07-29T21:14:06.667455+00:00,85.391889,current,rgb,-90.000,-45.000,10,700,0.258700,0.259034091,25.0000,3.693845510,3.732787132,1.649084330
2026-07-29T21:14:06.817773+00:00,85.542207,current,rgb,-90.000,-45.000,11,700,0.258700,0.259005682,25.0000,3.694162607,3.733257055,1.649162889
2026-07-29T21:14:06.968125+00:00,85.692559,current,rgb,-90.000,-45.000,12,700,0.258700,0.258948864,25.0000,3.694189548,3.733334064,1.648935437
2026-07-29T21:14:07.118448+00:00,85.842882,current,rgb,-90.000,-45.000,13,700,0.258700,0.258948864,25.0000,3.694423437,3.733579636,1.648972034
2026-07-29T21:14:07.268787+00:00,85.993220,current,rgb,-90.000,-45.000,14,700,0.258700,0.258948864,25.0000,3.694408178,3.733418226,1.649168491
2026-07-29T21:14:07.419143+00:00,86.143576,current,rgb,-90.000,-45.000,15,700,0.258700,0.258920455,25.0000,3.694390774,3.733422518,1.648917794
2026-07-29T21:14:07.569472+00:00,86.293906,current,rgb,-90.000,-45.000,16,700,0.258700,0.258977273,25.0000,3.694545984,3.733553886,1.649059176
2026-07-29T21:14:07.720096+00:00,86.444526,current,rgb,-90.000,-45.000,17,700,0.258700,0.258920455,25.0000,3.694375515,3.733477116,1.649078965
2026-07-29T21:14:07.870625+00:00,86.595059,current,rgb,-90.000,-45.000,18,700,0.258700,0.258948864,25.0000,3.694611549,3.733543396,1.649000525
2026-07-29T21:14:08.021082+00:00,86.745514,current,rgb,-90.000,-45.000,19,700,0.258700,0.259005682,25.0000,3.694269180,3.733358622,1.649157286
2026-07-29T21:14:11.721813+00:00,90.446244,current,rgb,-90.000,0.000,0,700,0.258700,0.259090909,25.0000,3.694760799,3.733820438,1.649025679
2026-07-29T21:14:11.872338+00:00,90.596771,current,rgb,-90.000,0.000,1,700,0.258700,0.259005682,25.0000,3.694707870,3.733806372,1.649109244
2026-07-29T21:14:12.022807+00:00,90.747241,current,rgb,-90.000,0.000,2,700,0.258700,0.258920455,25.0000,3.694759846,3.733961344,1.648800135
2026-07-29T21:14:12.173117+00:00,90.897552,current,rgb,-90.000,0.000,3,700,0.258700,0.258892045,25.0000,3.694794416,3.733851910,1.648825765
2026-07-29T21:14:12.323430+00:00,91.047861,current,rgb,-90.000,0.000,4,700,0.258700,0.258948864,25.0000,3.694874763,3.733925343,1.649137735
2026-07-29T21:14:12.473762+00:00,91.198195,current,rgb,-90.000,0.000,5,700,0.258700,0.258948864,25.0000,3.694826365,3.733799219,1.648956418
2026-07-29T21:14:12.624271+00:00,91.348703,current,rgb,-90.000,0.000,6,700,0.258700,0.259034091,25.0000,3.694895744,3.733925581,1.649098754
2026-07-29T21:14:12.774729+00:00,91.499161,current,rgb,-90.000,0.000,7,700,0.258700,0.258920455,25.0000,3.694827318,3.733889818,1.649033546
2026-07-29T21:14:12.925122+00:00,91.649556,current,rgb,-90.000,0.000,8,700,0.258700,0.259034091,25.0000,3.694957256,3.734140396,1.649059415
2026-07-29T21:14:13.075459+00:00,91.799893,current,rgb,-90.000,0.000,9,700,0.258700,0.259005682,25.0000,3.694955349,3.734047413,1.649162889
2026-07-29T21:14:13.225779+00:00,91.950213,current,rgb,-90.000,0.000,10,700,0.258700,0.258977273,25.0000,3.694863081,3.734016418,1.648836493
2026-07-29T21:14:13.376184+00:00,92.100616,current,rgb,-90.000,0.000,11,700,0.258700,0.258920455,25.0000,3.695100307,3.734167099,1.649146318
2026-07-29T21:14:13.526532+00:00,92.250967,current,rgb,-90.000,0.000,12,700,0.258700,0.258948864,25.0000,3.695059299,3.734213352,1.649152160
2026-07-29T21:14:13.676755+00:00,92.401187,current,rgb,-90.000,0.000,13,700,0.258700,0.258977273,25.0000,3.695256472,3.734201908,1.648887753
2026-07-29T21:14:13.827144+00:00,92.551578,current,rgb,-90.000,0.000,14,700,0.258700,0.258920455,25.0000,3.695341110,3.734342098,1.648951769
2026-07-29T21:14:13.977447+00:00,92.701882,current,rgb,-90.000,0.000,15,700,0.258700,0.258920455,25.0000,3.695179462,3.734237194,1.648877501
2026-07-29T21:14:14.127766+00:00,92.852200,current,rgb,-90.000,0.000,16,700,0.258700,0.258948864,25.0000,3.695267677,3.734325886,1.649120688
2026-07-29T21:14:14.278143+00:00,93.002577,current,rgb,-90.000,0.000,17,700,0.258700,0.258920455,25.0000,3.695297718,3.734369040,1.649121404
2026-07-29T21:14:14.428507+00:00,93.152941,current,rgb,-90.000,0.000,18,700,0.258700,0.259005682,25.0000,3.695247173,3.734306335,1.648941994
2026-07-29T21:14:14.578819+00:00,93.303252,current,rgb,-90.000,0.000,19,700,0.258700,0.259005682,25.0000,3.695402145,3.734530926,1.649063110
2026-07-29T21:14:18.279756+00:00,97.004186,current,rgb,-90.000,45.000,0,700,0.258700,0.259062500,25.0000,3.696552277,3.735546589,1.649166822
2026-07-29T21:14:18.430242+00:00,97.154673,current,rgb,-90.000,45.000,1,700,0.258700,0.259090909,25.0000,3.696797132,3.735680580,1.649269819
2026-07-29T21:14:18.580651+00:00,97.305084,current,rgb,-90.000,45.000,2,700,0.258700,0.259062500,25.0000,3.696709156,3.735641003,1.649336696
2026-07-29T21:14:18.730965+00:00,97.455398,current,rgb,-90.000,45.000,3,700,0.258700,0.259090909,25.0000,3.696889639,3.735619068,1.649258852
2026-07-29T21:14:18.881303+00:00,97.605736,current,rgb,-90.000,45.000,4,700,0.258700,0.259034091,25.0000,3.696881294,3.735695124,1.649409533
2026-07-29T21:14:19.031725+00:00,97.756157,current,rgb,-90.000,45.000,5,700,0.258700,0.259034091,25.0000,3.696763039,3.735640526,1.649079204
2026-07-29T21:14:19.182112+00:00,97.906545,current,rgb,-90.000,45.000,6,700,0.258700,0.259090909,25.0000,3.696735859,3.735701561,1.649330854
2026-07-29T21:14:19.332625+00:00,98.057057,current,rgb,-90.000,45.000,7,700,0.258700,0.259090909,25.0000,3.696666241,3.735694885,1.649396539
2026-07-29T21:14:19.482948+00:00,98.207382,current,rgb,-90.000,45.000,8,700,0.258700,0.259062500,25.0000,3.696791649,3.735750675,1.649243236
2026-07-29T21:14:19.633362+00:00,98.357791,current,rgb,-90.000,45.000,9,700,0.258700,0.259147727,25.0000,3.696936131,3.735855818,1.649247885
2026-07-29T21:14:19.783905+00:00,98.508336,current,rgb,-90.000,45.000,10,700,0.258700,0.259062500,25.0000,3.696877480,3.735821486,1.649343610
2026-07-29T21:14:19.934407+00:00,98.658837,current,rgb,-90.000,45.000,11,700,0.258700,0.258977273,25.0000,3.697121382,3.735846519,1.649217367
2026-07-29T21:14:20.084902+00:00,98.809332,current,rgb,-90.000,45.000,12,700,0.258700,0.259090909,25.0000,3.697032690,3.735899687,1.649405837
2026-07-29T21:14:20.235389+00:00,98.959823,current,rgb,-90.000,45.000,13,700,0.258700,0.259119318,25.0000,3.696958780,3.735856533,1.649133682
2026-07-29T21:14:20.385828+00:00,99.110260,current,rgb,-90.000,45.000,14,700,0.258700,0.259090909,25.0399,3.697375298,3.736155510,1.648999572
2026-07-29T21:14:20.536541+00:00,99.260968,current,rgb,-90.000,45.000,15,700,0.258700,0.259062500,25.0399,3.697091579,3.735999107,1.649441719
2026-07-29T21:14:20.687120+00:00,99.411552,current,rgb,-90.000,45.000,16,700,0.258700,0.259090909,25.0000,3.697030544,3.735692739,1.649271131
2026-07-29T21:14:20.837502+00:00,99.561936,current,rgb,-90.000,45.000,17,700,0.258700,0.259176136,25.0000,3.697237015,3.736044884,1.649571896
2026-07-29T21:14:20.988010+00:00,99.712441,current,rgb,-90.000,45.000,18,700,0.258700,0.259090909,25.0000,3.697154284,3.735971928,1.649432659
2026-07-29T21:14:21.138439+00:00,99.862870,current,rgb,-90.000,45.000,19,700,0.258700,0.259147727,25.0000,3.697488546,3.736103058,1.649291396
2026-07-29T21:14:24.839008+00:00,103.563437,current,rgb,-90.000,90.000,0,700,0.258700,0.259090909,25.0000,3.697852135,3.736695290,1.649379969
2026-07-29T21:14:24.989452+00:00,103.713884,current,rgb,-90.000,90.000,1,700,0.258700,0.259147727,25.0000,3.698056936,3.736797810,1.649421930
2026-07-29T21:14:25.139838+00:00,103.864270,current,rgb,-90.000,90.000,2,700,0.258700,0.259119318,25.0000,3.697947979,3.736777782,1.649539351
2026-07-29T21:14:25.290142+00:00,104.014575,current,rgb,-90.000,90.000,3,700,0.258700,0.259062500,25.0000,3.698037148,3.736831188,1.649225712
2026-07-29T21:14:25.440482+00:00,104.164915,current,rgb,-90.000,90.000,4,700,0.258700,0.259062500,25.0000,3.698130846,3.736900806,1.649324775
2026-07-29T21:14:25.590980+00:00,104.315411,current,rgb,-90.000,90.000,5,700,0.258700,0.259062500,25.0000,3.698095322,3.736857891,1.649432421
2026-07-29T21:14:25.742074+00:00,104.466501,current,rgb,-90.000,90.000,6,700,0.258700,0.259090909,25.0000,3.697370291,3.736762047,1.649228096
2026-07-29T21:14:25.892704+00:00,104.617135,current,rgb,-90.000,90.000,7,700,0.258700,0.259090909,25.0000,3.698417664,3.737219810,1.649359226
2026-07-29T21:14:26.043235+00:00,104.767668,current,rgb,-90.000,90.000,8,700,0.258700,0.259034091,25.0000,3.698085785,3.736945391,1.649186611
2026-07-29T21:14:26.193638+00:00,104.918071,current,rgb,-90.000,90.000,9,700,0.258700,0.259090909,25.0000,3.698249340,3.737006187,1.649268627
2026-07-29T21:14:26.344004+00:00,105.068438,current,rgb,-90.000,90.000,10,700,0.258700,0.259119318,25.0000,3.698172331,3.737006426,1.649506211
2026-07-29T21:14:26.494369+00:00,105.218803,current,rgb,-90.000,90.000,11,700,0.258700,0.259062500,25.0000,3.698239565,3.736942768,1.649233699
2026-07-29T21:14:26.644689+00:00,105.369120,current,rgb,-90.000,90.000,12,700,0.258700,0.259119318,25.0000,3.698347807,3.737156868,1.649327040
2026-07-29T21:14:26.795125+00:00,105.519560,current,rgb,-90.000,90.000,13,700,0.258700,0.259034091,25.0000,3.698358059,3.737090588,1.649354815
2026-07-29T21:14:26.945439+00:00,105.669873,current,rgb,-90.000,90.000,14,700,0.258700,0.259090909,25.0000,3.698545456,3.737005949,1.649220347
2026-07-29T21:14:27.095856+00:00,105.820289,current,rgb,-90.000,90.000,15,700,0.258700,0.259119318,25.0000,3.698753357,3.737545252,1.649388313
2026-07-29T21:14:27.246295+00:00,105.970727,current,rgb,-90.000,90.000,16,700,0.258700,0.258977273,25.0000,3.698695183,3.737526178,1.649182677
2026-07-29T21:14:27.396716+00:00,106.121150,current,rgb,-90.000,90.000,17,700,0.258700,0.258948864,25.0000,3.698988914,3.737727404,1.649125814
2026-07-29T21:14:27.547016+00:00,106.271450,current,rgb,-90.000,90.000,18,700,0.258700,0.258977273,25.0000,3.698804379,3.737559557,1.649376988
2026-07-29T21:14:27.697230+00:00,106.421660,current,rgb,-90.000,90.000,19,700,0.258700,0.259005682,25.0000,3.698678493,3.737503290,1.649234653
2026-07-29T21:14:38.152829+00:00,116.877256,current,dark,-85.000,-90.000,0,0,,0.000738636,25.0000,4.896468163,4.903306484,1.649494171
2026-07-29T21:14:38.303340+00:00,117.027772,current,dark,-85.000,-90.000,1,0,,0.000738636,25.0000,4.896473408,4.903316975,1.649199843
2026-07-29T21:14:38.453677+00:00,117.178110,current,dark,-85.000,-90.000,2,0,,0.000738636,25.0000,4.896474361,4.903296947,1.649543762
2026-07-29T21:14:38.604139+00:00,117.328574,current,dark,-85.000,-90.000,3,0,,0.000710227,25.0000,4.896470070,4.903305531,1.649414897
2026-07-29T21:14:38.754605+00:00,117.479036,current,dark,-85.000,-90.000,4,0,,0.000710227,25.0000,4.896477699,4.903303146,1.649341583
2026-07-29T21:14:38.905054+00:00,117.629486,current,dark,-85.000,-90.000,5,0,,0.000710227,25.0000,4.896477222,4.903315544,1.649355054
2026-07-29T21:14:39.055409+00:00,117.779842,current,dark,-85.000,-90.000,6,0,,0.000710227,25.0000,4.896454334,4.903299332,1.649120927
2026-07-29T21:14:39.205742+00:00,117.930176,current,dark,-85.000,-90.000,7,0,,0.000710227,25.0000,4.896477699,4.903282642,1.649379253
2026-07-29T21:14:39.356112+00:00,118.080546,current,dark,-85.000,-90.000,8,0,,0.000710227,25.0000,4.896480560,4.903291702,1.649573088
2026-07-29T21:14:39.506398+00:00,118.230832,current,dark,-85.000,-90.000,9,0,,0.000710227,25.0000,4.896480560,4.903295517,1.649341106
2026-07-29T21:14:39.656903+00:00,118.381331,current,dark,-85.000,-90.000,10,0,,0.000738636,25.0000,4.896477699,4.903301716,1.649599910
2026-07-29T21:14:39.807443+00:00,118.531874,current,dark,-85.000,-90.000,11,0,,0.000710227,25.0000,4.896478653,4.903291225,1.648766398
2026-07-29T21:14:39.957825+00:00,118.682258,current,dark,-85.000,-90.000,12,0,,0.000738636,25.0000,4.896471977,4.903291225,1.649398565
2026-07-29T21:14:40.108172+00:00,118.832606,current,dark,-85.000,-90.000,13,0,,0.000710227,25.0000,4.896470070,4.903295517,1.649386048
2026-07-29T21:14:40.258477+00:00,118.982912,current,dark,-85.000,-90.000,14,0,,0.000710227,25.0000,4.896471500,4.903276443,1.649202228
2026-07-29T21:14:40.408783+00:00,119.133216,current,dark,-85.000,-90.000,15,0,,0.000710227,25.0000,4.896476269,4.903284073,1.649387002
2026-07-29T21:14:40.559225+00:00,119.283660,current,dark,-85.000,-90.000,16,0,,0.000710227,25.0000,4.896470070,4.903263092,1.649642467
2026-07-29T21:14:40.709614+00:00,119.434047,current,dark,-85.000,-90.000,17,0,,0.000710227,25.0000,4.896471024,4.903270721,1.649430752
2026-07-29T21:14:40.860097+00:00,119.584528,current,dark,-85.000,-90.000,18,0,,0.000710227,25.0000,4.896452904,4.903280258,1.649487376
2026-07-29T21:14:41.010489+00:00,119.734923,current,dark,-85.000,-90.000,19,0,,0.000710227,25.0000,4.896469593,4.903270721,1.649482250
2026-07-29T21:14:45.204730+00:00,123.929159,current,rgb,-85.000,-90.000,0,700,0.258700,0.259090909,25.0000,3.696620464,3.735135078,1.649268866
2026-07-29T21:14:45.355235+00:00,124.079668,current,rgb,-85.000,-90.000,1,700,0.258700,0.258920455,25.0000,3.696549177,3.735155582,1.648539901
2026-07-29T21:14:45.505654+00:00,124.230086,current,rgb,-85.000,-90.000,2,700,0.258700,0.259034091,25.0000,3.696781397,3.735129595,1.649181485
2026-07-29T21:14:45.656014+00:00,124.380446,current,rgb,-85.000,-90.000,3,700,0.258700,0.259062500,25.0000,3.696713209,3.735222578,1.649426579
2026-07-29T21:14:45.806426+00:00,124.530860,current,rgb,-85.000,-90.000,4,700,0.258700,0.259119318,25.0000,3.696658611,3.735221863,1.649104357
2026-07-29T21:14:45.956889+00:00,124.681323,current,rgb,-85.000,-90.000,5,700,0.258700,0.259090909,25.0000,3.696871281,3.735429287,1.649388790
2026-07-29T21:14:46.107217+00:00,124.831651,current,rgb,-85.000,-90.000,6,700,0.258700,0.258977273,25.0000,3.696963787,3.735550642,1.649466634
2026-07-29T21:14:46.257605+00:00,124.982040,current,rgb,-85.000,-90.000,7,700,0.258700,0.258977273,25.0000,3.697095871,3.735595226,1.649143100
2026-07-29T21:14:46.407857+00:00,125.132292,current,rgb,-85.000,-90.000,8,700,0.258700,0.259090909,25.0000,3.697210312,3.735790014,1.649182200
2026-07-29T21:14:46.558160+00:00,125.282593,current,rgb,-85.000,-90.000,9,700,0.258700,0.259005682,25.0000,3.697114229,3.735625505,1.649202466
2026-07-29T21:14:46.708698+00:00,125.433127,current,rgb,-85.000,-90.000,10,700,0.258700,0.259090909,25.0000,3.697488308,3.735181332,1.649271846
2026-07-29T21:14:46.859099+00:00,125.583529,current,rgb,-85.000,-90.000,11,700,0.258700,0.259204545,25.0000,3.697276354,3.735854864,1.649571180
2026-07-29T21:14:47.009613+00:00,125.734045,current,rgb,-85.000,-90.000,12,700,0.258700,0.259147727,25.0000,3.697643280,3.736281633,1.649255157
2026-07-29T21:14:47.160027+00:00,125.884459,current,rgb,-85.000,-90.000,13,700,0.258700,0.258920455,25.0000,3.697871923,3.736385822,1.649321556
2026-07-29T21:14:47.310388+00:00,126.034820,current,rgb,-85.000,-90.000,14,700,0.258700,0.259005682,25.0000,3.697705030,3.736265659,1.649450064
2026-07-29T21:14:47.460831+00:00,126.185265,current,rgb,-85.000,-90.000,15,700,0.258700,0.259034091,25.0000,3.697883606,3.736263275,1.649260044
2026-07-29T21:14:47.611182+00:00,126.335611,current,rgb,-85.000,-90.000,16,700,0.258700,0.259090909,25.0000,3.697824240,3.736563683,1.649387479
2026-07-29T21:14:47.761667+00:00,126.486099,current,rgb,-85.000,-90.000,17,700,0.258700,0.259005682,25.0000,3.697977543,3.736566544,1.649299383
2026-07-29T21:14:47.912124+00:00,126.636556,current,rgb,-85.000,-90.000,18,700,0.258700,0.258948864,25.0000,3.698258877,3.736689091,1.649158001
2026-07-29T21:14:48.062526+00:00,126.786960,current,rgb,-85.000,-90.000,19,700,0.258700,0.258977273,25.0000,3.698431492,3.736883402,1.649141192
2026-07-29T21:14:51.763132+00:00,130.487562,current,rgb,-85.000,-45.000,0,700,0.258700,0.259062500,25.0000,3.699259520,3.737912416,1.649058700
2026-07-29T21:14:51.913749+00:00,130.638181,current,rgb,-85.000,-45.000,1,700,0.258700,0.258977273,25.0000,3.699254990,3.737905264,1.649106741
2026-07-29T21:14:52.064529+00:00,130.788957,current,rgb,-85.000,-45.000,2,700,0.258700,0.258948864,25.0000,3.699157715,3.737813950,1.648805261
2026-07-29T21:14:52.215045+00:00,130.939478,current,rgb,-85.000,-45.000,3,700,0.258700,0.259005682,25.0000,3.699301481,3.737925053,1.649131179
2026-07-29T21:14:52.365475+00:00,131.089907,current,rgb,-85.000,-45.000,4,700,0.258700,0.258977273,25.0000,3.699287891,3.737981558,1.649213195
2026-07-29T21:14:52.515887+00:00,131.240320,current,rgb,-85.000,-45.000,5,700,0.258700,0.259005682,25.0000,3.699502468,3.737889528,1.648979306
2026-07-29T21:14:52.666284+00:00,131.390717,current,rgb,-85.000,-45.000,6,700,0.258700,0.259062500,25.0000,3.699567080,3.738112688,1.649133325
2026-07-29T21:14:52.816682+00:00,131.541116,current,rgb,-85.000,-45.000,7,700,0.258700,0.258977273,25.0000,3.699480057,3.738068581,1.648959994
2026-07-29T21:14:52.966971+00:00,131.691405,current,rgb,-85.000,-45.000,8,700,0.258700,0.258977273,25.0000,3.699697971,3.738371134,1.648912668
2026-07-29T21:14:53.117346+00:00,131.841780,current,rgb,-85.000,-45.000,9,700,0.258700,0.258948864,25.0000,3.699635267,3.738254547,1.649100661
2026-07-29T21:14:53.267696+00:00,131.992130,current,rgb,-85.000,-45.000,10,700,0.258700,0.258863636,25.0000,3.699496984,3.738115072,1.648928285
2026-07-29T21:14:53.418077+00:00,132.142510,current,rgb,-85.000,-45.000,11,700,0.258700,0.259005682,25.0000,3.699718714,3.738314629,1.649096727
2026-07-29T21:14:53.568469+00:00,132.292900,current,rgb,-85.000,-45.000,12,700,0.258700,0.258977273,25.0000,3.699539185,3.738183975,1.649176121
2026-07-29T21:14:53.719055+00:00,132.443485,current,rgb,-85.000,-45.000,13,700,0.258700,0.259062500,25.0000,3.699505568,3.737979889,1.648971319
2026-07-29T21:14:53.869491+00:00,132.593924,current,rgb,-85.000,-45.000,14,700,0.258700,0.259090909,25.0000,3.699419498,3.738077641,1.649099708
2026-07-29T21:14:54.019854+00:00,132.744289,current,rgb,-85.000,-45.000,15,700,0.258700,0.258977273,25.0000,3.699309587,3.738051891,1.648948789
2026-07-29T21:14:54.170179+00:00,132.894611,current,rgb,-85.000,-45.000,16,700,0.258700,0.259090909,25.0000,3.699466228,3.738136053,1.649187803
2026-07-29T21:14:54.320604+00:00,133.045036,current,rgb,-85.000,-45.000,17,700,0.258700,0.259062500,25.0000,3.699430227,3.738094330,1.649238348
2026-07-29T21:14:54.471033+00:00,133.195466,current,rgb,-85.000,-45.000,18,700,0.258700,0.259147727,25.0000,3.699477673,3.738113880,1.649029374
2026-07-29T21:14:54.621327+00:00,133.345761,current,rgb,-85.000,-45.000,19,700,0.258700,0.259062500,25.0000,3.699666977,3.738311768,1.649097443
2026-07-29T21:14:58.321847+00:00,137.046276,current,rgb,-85.000,0.000,0,700,0.258700,0.259147727,25.0000,3.700097799,3.738665819,1.648997664
2026-07-29T21:14:58.472332+00:00,137.196762,current,rgb,-85.000,0.000,1,700,0.258700,0.259090909,25.0000,3.700233936,3.738934040,1.649236679
2026-07-29T21:14:58.622915+00:00,137.347346,current,rgb,-85.000,0.000,2,700,0.258700,0.259090909,25.0000,3.700175524,3.738820076,1.649162412
2026-07-29T21:14:58.773287+00:00,137.497720,current,rgb,-85.000,0.000,3,700,0.258700,0.259090909,25.0000,3.700283051,3.738836050,1.649170518
2026-07-29T21:14:58.923680+00:00,137.648113,current,rgb,-85.000,0.000,4,700,0.258700,0.259147727,25.0000,3.700335264,3.738963366,1.649187326
2026-07-29T21:14:59.074081+00:00,137.798516,current,rgb,-85.000,0.000,5,700,0.258700,0.259062500,25.0000,3.700211287,3.739001513,1.648800135
2026-07-29T21:14:59.224476+00:00,137.948909,current,rgb,-85.000,0.000,6,700,0.258700,0.259005682,25.0000,3.700042725,3.738624573,1.648428798
2026-07-29T21:14:59.374827+00:00,138.099259,current,rgb,-85.000,0.000,7,700,0.258700,0.259034091,25.0000,3.700124741,3.738890886,1.649143338
2026-07-29T21:14:59.525138+00:00,138.249572,current,rgb,-85.000,0.000,8,700,0.258700,0.259119318,25.0000,3.700789928,3.739182949,1.649075985
2026-07-29T21:14:59.675624+00:00,138.400052,current,rgb,-85.000,0.000,9,700,0.258700,0.259090909,25.0000,3.700957298,3.739451408,1.649183154
2026-07-29T21:14:59.826197+00:00,138.550629,current,rgb,-85.000,0.000,10,700,0.258700,0.259062500,25.0000,3.700808048,3.739263058,1.649186134
2026-07-29T21:14:59.976610+00:00,138.701043,current,rgb,-85.000,0.000,11,700,0.258700,0.259119318,25.0000,3.701074600,3.739476442,1.649298668
2026-07-29T21:15:00.126978+00:00,138.851411,current,rgb,-85.000,0.000,12,700,0.258700,0.259119318,25.0000,3.701384544,3.739712715,1.649226665
2026-07-29T21:15:00.277332+00:00,139.001764,current,rgb,-85.000,0.000,13,700,0.258700,0.258977273,25.0000,3.706043243,3.739704847,1.648922205
2026-07-29T21:15:00.427738+00:00,139.152172,current,rgb,-85.000,0.000,14,700,0.258700,0.259062500,25.0000,3.701199532,3.739625216,1.649295211
2026-07-29T21:15:00.578094+00:00,139.302529,current,rgb,-85.000,0.000,15,700,0.258700,0.259062500,25.2413,3.701116562,3.739577293,1.649401188
2026-07-29T21:15:00.728580+00:00,139.453013,current,rgb,-85.000,0.000,16,700,0.258700,0.259090909,24.9562,3.701195240,3.739526272,1.649125099
2026-07-29T21:15:00.878942+00:00,139.603374,current,rgb,-85.000,0.000,17,700,0.258700,0.259062500,24.7193,3.700965643,3.739397764,1.649252772
2026-07-29T21:15:01.029365+00:00,139.753799,current,rgb,-85.000,0.000,18,700,0.258700,0.259062500,25.0000,3.700919390,3.739447355,1.649184942
2026-07-29T21:15:01.179693+00:00,139.904126,current,rgb,-85.000,0.000,19,700,0.258700,0.259119318,25.0000,3.700852871,3.739663601,1.649251580
2026-07-29T21:15:04.881477+00:00,143.605906,current,rgb,-85.000,45.000,0,700,0.258700,0.259090909,25.0000,3.701547623,3.743180275,1.649173379
2026-07-29T21:15:05.032007+00:00,143.756441,current,rgb,-85.000,45.000,1,700,0.258700,0.259090909,25.0000,3.701781273,3.743391275,1.649174690
2026-07-29T21:15:05.182478+00:00,143.906912,current,rgb,-85.000,45.000,2,700,0.258700,0.259005682,25.0000,3.701729298,3.743366718,1.649315715
2026-07-29T21:15:05.332818+00:00,144.057251,current,rgb,-85.000,45.000,3,700,0.258700,0.259034091,25.0000,3.701593637,3.743213415,1.649070382
2026-07-29T21:15:05.483248+00:00,144.207679,current,rgb,-85.000,45.000,4,700,0.258700,0.259119318,25.0000,3.701816082,3.743387461,1.649271846
2026-07-29T21:15:05.633784+00:00,144.358214,current,rgb,-85.000,45.000,5,700,0.258700,0.259034091,25.0000,3.701678753,3.743317604,1.649416804
2026-07-29T21:15:05.784277+00:00,144.508712,current,rgb,-85.000,45.000,6,700,0.258700,0.259147727,25.0000,3.701945782,3.743178368,1.649114847
2026-07-29T21:15:05.934645+00:00,144.659079,current,rgb,-85.000,45.000,7,700,0.258700,0.259147727,25.0000,3.701805592,3.743320704,1.649391890
2026-07-29T21:15:06.085020+00:00,144.809454,current,rgb,-85.000,45.000,8,700,0.258700,0.259090909,25.0000,3.701703310,3.743312120,1.649295211
2026-07-29T21:15:06.235435+00:00,144.959867,current,rgb,-85.000,45.000,9,700,0.258700,0.259090909,25.0000,3.701891899,3.743519306,1.649317741
2026-07-29T21:15:06.385788+00:00,145.110221,current,rgb,-85.000,45.000,10,700,0.258700,0.259062500,25.0000,3.701924086,3.743555069,1.649357557
2026-07-29T21:15:06.536159+00:00,145.260594,current,rgb,-85.000,45.000,11,700,0.258700,0.259062500,25.0000,3.701786757,3.743416309,1.649148703
2026-07-29T21:15:06.686596+00:00,145.411030,current,rgb,-85.000,45.000,12,700,0.258700,0.259090909,25.0000,3.702049732,3.743632793,1.649245143
2026-07-29T21:15:06.836889+00:00,145.561323,current,rgb,-85.000,45.000,13,700,0.258700,0.259062500,25.0000,3.702247143,3.743785620,1.649338961
2026-07-29T21:15:06.987494+00:00,145.711926,current,rgb,-85.000,45.000,14,700,0.258700,0.259034091,25.0000,3.702393770,3.743858576,1.649262786
2026-07-29T21:15:07.138044+00:00,145.862475,current,rgb,-85.000,45.000,15,700,0.258700,0.258977273,25.0000,3.702480316,3.743987560,1.649166822
2026-07-29T21:15:07.288546+00:00,146.012980,current,rgb,-85.000,45.000,16,700,0.258700,0.259034091,25.0000,3.702270985,3.743922710,1.649058223
2026-07-29T21:15:07.438945+00:00,146.163377,current,rgb,-85.000,45.000,17,700,0.258700,0.259062500,25.0000,3.702774048,3.744286299,1.648955107
2026-07-29T21:15:07.589353+00:00,146.313781,current,rgb,-85.000,45.000,18,700,0.258700,0.258977273,25.0000,3.702289820,3.743850946,1.649526715
2026-07-29T21:15:07.740603+00:00,146.465029,current,rgb,-85.000,45.000,19,700,0.258700,0.259062500,25.0000,3.701481342,3.743801355,1.649212480
2026-07-29T21:15:11.441758+00:00,150.166187,current,rgb,-85.000,90.000,0,700,0.258700,0.259119318,25.0000,3.702521563,3.744096756,1.649383187
2026-07-29T21:15:11.592470+00:00,150.316895,current,rgb,-85.000,90.000,1,700,0.258700,0.259147727,25.0000,3.702579737,3.743977308,1.649059176
2026-07-29T21:15:11.743126+00:00,150.467557,current,rgb,-85.000,90.000,2,700,0.258700,0.259147727,25.0000,3.702642918,3.744535923,1.649350166
2026-07-29T21:15:11.893605+00:00,150.618038,current,rgb,-85.000,90.000,3,700,0.258700,0.259090909,25.0000,3.703056812,3.744510412,1.649240017
2026-07-29T21:15:12.044012+00:00,150.768444,current,rgb,-85.000,90.000,4,700,0.258700,0.259062500,25.0000,3.703245878,3.744437695,1.649099946
2026-07-29T21:15:12.194602+00:00,150.919034,current,rgb,-85.000,90.000,5,700,0.258700,0.259119318,25.0000,3.702894688,3.744349241,1.649511576
2026-07-29T21:15:12.345117+00:00,151.069549,current,rgb,-85.000,90.000,6,700,0.258700,0.259119318,25.0000,3.702931404,3.744422197,1.649282813
2026-07-29T21:15:12.495545+00:00,151.219978,current,rgb,-85.000,90.000,7,700,0.258700,0.259062500,25.0000,3.703169823,3.744619846,1.649277449
2026-07-29T21:15:12.645892+00:00,151.370325,current,rgb,-85.000,90.000,8,700,0.258700,0.259062500,25.0000,3.702972174,3.744471073,1.649538159
2026-07-29T21:15:12.796297+00:00,151.520729,current,rgb,-85.000,90.000,9,700,0.258700,0.259090909,25.0000,3.703042984,3.744492054,1.649312615
2026-07-29T21:15:12.946966+00:00,151.671389,current,rgb,-85.000,90.000,10,700,0.258700,0.259034091,25.0000,3.703416824,3.744789124,1.649365067
2026-07-29T21:15:13.097251+00:00,151.821679,current,rgb,-85.000,90.000,11,700,0.258700,0.259232955,25.0000,3.702756166,3.744279385,1.649359465
2026-07-29T21:15:13.247731+00:00,151.972164,current,rgb,-85.000,90.000,12,700,0.258700,0.259176136,25.0000,3.702900171,3.744330406,1.649329901
2026-07-29T21:15:13.398290+00:00,152.122722,current,rgb,-85.000,90.000,13,700,0.258700,0.259176136,25.0000,3.702928782,3.744404316,1.649468303
2026-07-29T21:15:13.548685+00:00,152.273119,current,rgb,-85.000,90.000,14,700,0.258700,0.259176136,25.0000,3.702831030,3.744282722,1.649224877
2026-07-29T21:15:13.699025+00:00,152.423458,current,rgb,-85.000,90.000,15,700,0.258700,0.259119318,25.0000,3.703009605,3.744434118,1.649303317
2026-07-29T21:15:13.849446+00:00,152.573877,current,rgb,-85.000,90.000,16,700,0.258700,0.259090909,25.0000,3.702866077,3.744423389,1.649518132
2026-07-29T21:15:13.999830+00:00,152.724264,current,rgb,-85.000,90.000,17,700,0.258700,0.259204545,25.0000,3.702847719,3.744235039,1.649260879
2026-07-29T21:15:14.150141+00:00,152.874575,current,rgb,-85.000,90.000,18,700,0.258700,0.259204545,25.0000,3.703013659,3.744557858,1.649458766
2026-07-29T21:15:14.300478+00:00,153.024913,current,rgb,-85.000,90.000,19,700,0.258700,0.259062500,25.0000,3.702927113,3.744384050,1.649359465
2026-07-29T21:15:24.754813+00:00,163.479241,current,dark,-80.000,-90.000,0,0,,0.000738636,25.0000,4.896411419,4.903267860,1.649477601
2026-07-29T21:15:24.905475+00:00,163.629905,current,dark,-80.000,-90.000,1,0,,0.000738636,25.0000,4.896411419,4.903262615,1.649360180
2026-07-29T21:15:25.055996+00:00,163.780430,current,dark,-80.000,-90.000,2,0,,0.000710227,25.0000,4.896403790,4.903270721,1.649429083
2026-07-29T21:15:25.206311+00:00,163.930744,current,dark,-80.000,-90.000,3,0,,0.000738636,25.0000,4.896403790,4.903256416,1.649487376
2026-07-29T21:15:25.356658+00:00,164.081092,current,dark,-80.000,-90.000,4,0,,0.000738636,25.0000,4.896385670,4.903256893,1.649304271
2026-07-29T21:15:25.507125+00:00,164.231559,current,dark,-80.000,-90.000,5,0,,0.000738636,25.0000,4.896400452,4.903267860,1.649459839
2026-07-29T21:15:25.657438+00:00,164.381872,current,dark,-80.000,-90.000,6,0,,0.000710227,25.0000,4.896406651,4.903278828,1.649588704
2026-07-29T21:15:25.807764+00:00,164.532197,current,dark,-80.000,-90.000,7,0,,0.000738636,25.0000,4.896393776,4.903242588,1.649426579
2026-07-29T21:15:25.958077+00:00,164.682511,current,dark,-80.000,-90.000,8,0,,0.000710227,25.0000,4.896396637,4.903241634,1.649466634
2026-07-29T21:15:26.108350+00:00,164.832784,current,dark,-80.000,-90.000,9,0,,0.000710227,25.0000,4.896395683,4.903264046,1.649343848
2026-07-29T21:15:26.258758+00:00,164.983192,current,dark,-80.000,-90.000,10,0,,0.000710227,25.0000,4.896398544,4.903238773,1.649489522
2026-07-29T21:15:26.409105+00:00,165.133539,current,dark,-80.000,-90.000,11,0,,0.000710227,25.0000,4.896401405,4.903250694,1.649473667
2026-07-29T21:15:26.559392+00:00,165.283827,current,dark,-80.000,-90.000,12,0,,0.000710227,25.0000,4.896393299,4.903253555,1.649248362
2026-07-29T21:15:26.709748+00:00,165.434182,current,dark,-80.000,-90.000,13,0,,0.000738636,25.0000,4.896387100,4.903256893,1.649427295
2026-07-29T21:15:26.860105+00:00,165.584539,current,dark,-80.000,-90.000,14,0,,0.000738636,25.0000,4.896389008,4.903268337,1.649023294
2026-07-29T21:15:27.010375+00:00,165.734810,current,dark,-80.000,-90.000,15,0,,0.000710227,25.0000,4.896416187,4.903285027,1.649500370
2026-07-29T21:15:27.160739+00:00,165.885171,current,dark,-80.000,-90.000,16,0,,0.000710227,25.0000,4.896418571,4.903277397,1.649394631
2026-07-29T21:15:27.311117+00:00,166.035552,current,dark,-80.000,-90.000,17,0,,0.000710227,25.0000,4.896424770,4.903270721,1.649393916
2026-07-29T21:15:27.461444+00:00,166.185878,current,dark,-80.000,-90.000,18,0,,0.000710227,25.0000,4.896421432,4.903279781,1.649526954
2026-07-29T21:15:27.611481+00:00,166.335912,current,dark,-80.000,-90.000,19,0,,0.000710227,25.0000,4.896416187,4.903274536,1.649759650
2026-07-29T21:15:31.805758+00:00,170.530188,current,rgb,-80.000,-90.000,0,700,0.258700,0.259062500,25.0000,3.700905800,3.742201328,1.649013281
2026-07-29T21:15:31.956272+00:00,170.680705,current,rgb,-80.000,-90.000,1,700,0.258700,0.259034091,25.0000,3.700762987,3.742074013,1.649318933
2026-07-29T21:15:32.106622+00:00,170.831057,current,rgb,-80.000,-90.000,2,700,0.258700,0.259005682,25.0000,3.700752497,3.741991282,1.649074554
2026-07-29T21:15:32.256939+00:00,170.981373,current,rgb,-80.000,-90.000,3,700,0.258700,0.259090909,25.0000,3.700908422,3.742187977,1.649292827
2026-07-29T21:15:32.407254+00:00,171.131687,current,rgb,-80.000,-90.000,4,700,0.258700,0.259005682,25.0000,3.700922728,3.742305994,1.648725390
2026-07-29T21:15:32.557633+00:00,171.282066,current,rgb,-80.000,-90.000,5,700,0.258700,0.258977273,25.0000,3.701138020,3.742147684,1.649162412
2026-07-29T21:15:32.708178+00:00,171.432611,current,rgb,-80.000,-90.000,6,700,0.258700,0.259062500,25.0000,3.701193333,3.742472887,1.649284720
2026-07-29T21:15:32.858491+00:00,171.582925,current,rgb,-80.000,-90.000,7,700,0.258700,0.259034091,25.0000,3.701152325,3.742376804,1.649200320
2026-07-29T21:15:33.008850+00:00,171.733282,current,rgb,-80.000,-90.000,8,700,0.258700,0.259119318,25.0000,3.700955153,3.742258787,1.649265170
2026-07-29T21:15:33.159257+00:00,171.883691,current,rgb,-80.000,-90.000,9,700,0.258700,0.259119318,25.0000,3.700959921,3.742309809,1.649438262
2026-07-29T21:15:33.309560+00:00,172.033967,current,rgb,-80.000,-90.000,10,700,0.258700,0.259090909,25.0000,3.700996637,3.742347717,1.649087191
2026-07-29T21:15:33.459851+00:00,172.184286,current,rgb,-80.000,-90.000,11,700,0.258700,0.259090909,25.0000,3.701306343,3.742547035,1.649198294
2026-07-29T21:15:33.610150+00:00,172.334584,current,rgb,-80.000,-90.000,12,700,0.258700,0.259062500,25.0000,3.701274157,3.742516518,1.649272323
2026-07-29T21:15:33.760505+00:00,172.484939,current,rgb,-80.000,-90.000,13,700,0.258700,0.259119318,25.0000,3.701485634,3.742518187,1.649096489
2026-07-29T21:15:33.910875+00:00,172.635307,current,rgb,-80.000,-90.000,14,700,0.258700,0.259119318,25.0000,3.701412439,3.742707968,1.649314046
2026-07-29T21:15:34.061593+00:00,172.786021,current,rgb,-80.000,-90.000,15,700,0.258700,0.259090909,25.0000,3.701296091,3.742582560,1.648993731
2026-07-29T21:15:34.212164+00:00,172.936596,current,rgb,-80.000,-90.000,16,700,0.258700,0.259147727,25.0000,3.701473236,3.742762566,1.649357200
2026-07-29T21:15:34.362632+00:00,173.087065,current,rgb,-80.000,-90.000,17,700,0.258700,0.259062500,25.0000,3.701485634,3.742767811,1.649465203
2026-07-29T21:15:34.513140+00:00,173.237573,current,rgb,-80.000,-90.000,18,700,0.258700,0.259119318,25.0000,3.701653004,3.742876530,1.649120450
2026-07-29T21:15:34.663577+00:00,173.388007,current,rgb,-80.000,-90.000,19,700,0.258700,0.259176136,25.0000,3.701803923,3.743041515,1.649044037
2026-07-29T21:15:38.364705+00:00,177.089134,current,rgb,-80.000,-45.000,0,700,0.258700,0.259034091,25.0000,3.702775478,3.744118452,1.649204969
2026-07-29T21:15:38.515240+00:00,177.239673,current,rgb,-80.000,-45.000,1,700,0.258700,0.259034091,25.0000,3.703005791,3.744366169,1.649292111
2026-07-29T21:15:38.665667+00:00,177.390097,current,rgb,-80.000,-45.000,2,700,0.258700,0.259005682,25.0000,3.702941179,3.744260073,1.649339914
2026-07-29T21:15:38.816131+00:00,177.540563,current,rgb,-80.000,-45.000,3,700,0.258700,0.259090909,25.0000,3.703171968,3.744393587,1.649212956
2026-07-29T21:15:38.966475+00:00,177.690909,current,rgb,-80.000,-45.000,4,700,0.258700,0.259062500,25.0000,3.703225136,3.744487524,1.649186611
2026-07-29T21:15:39.117064+00:00,177.841496,current,rgb,-80.000,-45.000,5,700,0.258700,0.259034091,25.0000,3.703081608,3.744362593,1.648993254
2026-07-29T21:15:39.267477+00:00,177.991905,current,rgb,-80.000,-45.000,6,700,0.258700,0.259034091,25.0000,3.703294992,3.744639874,1.649030566
2026-07-29T21:15:39.418090+00:00,178.142522,current,rgb,-80.000,-45.000,7,700,0.258700,0.258977273,25.0000,3.703237534,3.744440317,1.649394393
2026-07-29T21:15:39.568609+00:00,178.293042,current,rgb,-80.000,-45.000,8,700,0.258700,0.259062500,25.0000,3.703232288,3.744460106,1.649171233
2026-07-29T21:15:39.719072+00:00,178.443498,current,rgb,-80.000,-45.000,9,700,0.258700,0.259062500,25.0000,3.703280926,3.744436741,1.649335504
2026-07-29T21:15:39.869610+00:00,178.594042,current,rgb,-80.000,-45.000,10,700,0.258700,0.259147727,25.0000,3.702931404,3.744311094,1.649341345
2026-07-29T21:15:40.020134+00:00,178.744566,current,rgb,-80.000,-45.000,11,700,0.258700,0.259090909,25.0000,3.703122377,3.744310856,1.649191499
2026-07-29T21:15:40.170569+00:00,178.895002,current,rgb,-80.000,-45.000,12,700,0.258700,0.259119318,25.0000,3.703190088,3.744371176,1.649334311
2026-07-29T21:15:40.320960+00:00,179.045394,current,rgb,-80.000,-45.000,13,700,0.258700,0.259119318,25.0000,3.703058720,3.744274378,1.649127722
2026-07-29T21:15:40.471425+00:00,179.195858,current,rgb,-80.000,-45.000,14,700,0.258700,0.259062500,25.0000,3.703209877,3.744496346,1.649264693
2026-07-29T21:15:40.621778+00:00,179.346210,current,rgb,-80.000,-45.000,15,700,0.258700,0.259062500,25.0000,3.703515768,3.744789124,1.649322867
2026-07-29T21:15:40.772191+00:00,179.496623,current,rgb,-80.000,-45.000,16,700,0.258700,0.259034091,25.0000,3.703221083,3.744434357,1.648971081
2026-07-29T21:15:40.922512+00:00,179.646946,current,rgb,-80.000,-45.000,17,700,0.258700,0.259119318,25.0000,3.703374863,3.744625568,1.649294019
2026-07-29T21:15:41.072847+00:00,179.797282,current,rgb,-80.000,-45.000,18,700,0.258700,0.259062500,25.0000,3.703329086,3.744642496,1.649187088
2026-07-29T21:15:41.222929+00:00,179.947361,current,rgb,-80.000,-45.000,19,700,0.258700,0.259062500,25.0000,3.703489065,3.744673967,1.649204373
2026-07-29T21:15:44.923666+00:00,183.648095,current,rgb,-80.000,0.000,0,700,0.258700,0.259147727,25.0000,3.703927040,3.745303392,1.649210095
2026-07-29T21:15:45.074263+00:00,183.798695,current,rgb,-80.000,0.000,1,700,0.258700,0.259176136,25.0000,3.704180717,3.745454550,1.649258375
2026-07-29T21:15:45.224686+00:00,183.949120,current,rgb,-80.000,0.000,2,700,0.258700,0.259176136,25.0000,3.704167604,3.745438814,1.649323106
2026-07-29T21:15:45.375065+00:00,184.099497,current,rgb,-80.000,0.000,3,700,0.258700,0.259090909,25.0000,3.704010487,3.745366335,1.649079204
2026-07-29T21:15:45.525454+00:00,184.249887,current,rgb,-80.000,0.000,4,700,0.258700,0.259176136,25.0000,3.704214096,3.745525122,1.649286985
2026-07-29T21:15:45.675856+00:00,184.400290,current,rgb,-80.000,0.000,5,700,0.258700,0.259090909,25.0000,3.704098225,3.745417833,1.649364114
2026-07-29T21:15:45.826392+00:00,184.550823,current,rgb,-80.000,0.000,6,700,0.258700,0.259119318,25.0000,3.704272747,3.745363235,1.649240851
2026-07-29T21:15:45.976852+00:00,184.701283,current,rgb,-80.000,0.000,7,700,0.258700,0.259147727,25.0000,3.704250336,3.745500565,1.649268150
2026-07-29T21:15:46.127243+00:00,184.851678,current,rgb,-80.000,0.000,8,700,0.258700,0.259119318,25.0000,3.704246283,3.745761871,1.649278641
2026-07-29T21:15:46.277620+00:00,185.002054,current,rgb,-80.000,0.000,9,700,0.258700,0.259147727,25.0000,3.704421043,3.745718479,1.648692966
2026-07-29T21:15:46.428294+00:00,185.152723,current,rgb,-80.000,0.000,10,700,0.258700,0.259119318,25.0000,3.704421759,3.745681047,1.649193883
2026-07-29T21:15:46.578828+00:00,185.303259,current,rgb,-80.000,0.000,11,700,0.258700,0.259090909,25.0000,3.704262257,3.745552540,1.648910761
2026-07-29T21:15:46.729269+00:00,185.453701,current,rgb,-80.000,0.000,12,700,0.258700,0.259176136,25.0000,3.704410791,3.745664597,1.649266481
2026-07-29T21:15:46.879477+00:00,185.603909,current,rgb,-80.000,0.000,13,700,0.258700,0.259062500,25.0000,3.704312325,3.745485306,1.649479866
2026-07-29T21:15:47.029859+00:00,185.754291,current,rgb,-80.000,0.000,14,700,0.258700,0.259176136,25.0000,3.704479218,3.745572090,1.649283528
2026-07-29T21:15:47.180203+00:00,185.904636,current,rgb,-80.000,0.000,15,700,0.258700,0.259119318,25.0000,3.704492807,3.745728493,1.649263024
2026-07-29T21:15:47.330504+00:00,186.054939,current,rgb,-80.000,0.000,16,700,0.258700,0.259090909,25.0000,3.704353571,3.745648861,1.649154663
2026-07-29T21:15:47.481096+00:00,186.205527,current,rgb,-80.000,0.000,17,700,0.258700,0.259147727,25.0000,3.704636574,3.745844126,1.649184942
2026-07-29T21:15:47.631238+00:00,186.355666,current,rgb,-80.000,0.000,18,700,0.258700,0.259147727,25.0000,3.704396725,3.745647907,1.649416566
2026-07-29T21:15:47.781761+00:00,186.506194,current,rgb,-80.000,0.000,19,700,0.258700,0.259147727,25.0000,3.704283714,3.745502234,1.649221778
2026-07-29T21:15:51.482866+00:00,190.207295,current,rgb,-80.000,45.000,0,700,0.258700,0.259090909,25.0000,3.706097603,3.746406555,1.649495482
2026-07-29T21:15:51.633363+00:00,190.357794,current,rgb,-80.000,45.000,1,700,0.258700,0.259147727,25.0000,3.706071854,3.746348381,1.649275899
2026-07-29T21:15:51.783875+00:00,190.508308,current,rgb,-80.000,45.000,2,700,0.258700,0.259147727,25.0000,3.705963850,3.746484280,1.648745179
2026-07-29T21:15:51.934203+00:00,190.658637,current,rgb,-80.000,45.000,3,700,0.258700,0.259119318,25.0000,3.705686569,3.746448994,1.649356246
2026-07-29T21:15:52.084560+00:00,190.808995,current,rgb,-80.000,45.000,4,700,0.258700,0.259176136,25.0000,3.705833912,3.746355534,1.649255157
2026-07-29T21:15:52.234823+00:00,190.959258,current,rgb,-80.000,45.000,5,700,0.258700,0.259232955,25.0000,3.705661058,3.746483803,1.649488091
2026-07-29T21:15:52.385135+00:00,191.109570,current,rgb,-80.000,45.000,6,700,0.258700,0.259176136,25.0000,3.705584049,3.746371508,1.649210095
2026-07-29T21:15:52.535419+00:00,191.259855,current,rgb,-80.000,45.000,7,700,0.258700,0.259147727,25.0000,3.705807924,3.746614933,1.649383426
2026-07-29T21:15:52.685761+00:00,191.410193,current,rgb,-80.000,45.000,8,700,0.258700,0.259119318,25.0000,3.705912828,3.746621609,1.649523020
2026-07-29T21:15:52.836135+00:00,191.560570,current,rgb,-80.000,45.000,9,700,0.258700,0.259090909,25.0000,3.705806732,3.746499538,1.649251342
2026-07-29T21:15:52.986450+00:00,191.710880,current,rgb,-80.000,45.000,10,700,0.258700,0.259176136,25.0000,3.706011534,3.746667385,1.649324536
2026-07-29T21:15:53.136837+00:00,191.861271,current,rgb,-80.000,45.000,11,700,0.258700,0.259147727,25.0000,3.706014395,3.746762514,1.649280548
2026-07-29T21:15:53.287217+00:00,192.011651,current,rgb,-80.000,45.000,12,700,0.258700,0.259062500,25.0000,3.706146240,3.746677637,1.649181008
2026-07-29T21:15:53.437606+00:00,192.162038,current,rgb,-80.000,45.000,13,700,0.258700,0.259119318,25.0000,3.705963135,3.746763468,1.649399996
2026-07-29T21:15:53.588136+00:00,192.312565,current,rgb,-80.000,45.000,14,700,0.258700,0.259176136,25.0000,3.705975771,3.746692181,1.649164438
2026-07-29T21:15:53.738603+00:00,192.463036,current,rgb,-80.000,45.000,15,700,0.258700,0.259176136,25.0000,3.706361055,3.746973515,1.649364829
2026-07-29T21:15:53.888989+00:00,192.613421,current,rgb,-80.000,45.000,16,700,0.258700,0.259147727,25.0000,3.706391096,3.746930599,1.649441004
2026-07-29T21:15:54.039374+00:00,192.763808,current,rgb,-80.000,45.000,17,700,0.258700,0.259147727,25.0000,3.706316948,3.746750593,1.649256706
2026-07-29T21:15:54.189776+00:00,192.914209,current,rgb,-80.000,45.000,18,700,0.258700,0.259119318,25.0000,3.706577301,3.746903419,1.649441481
2026-07-29T21:15:54.340197+00:00,193.064628,current,rgb,-80.000,45.000,19,700,0.258700,0.259119318,25.0000,3.706450939,3.746737957,1.649360657
2026-07-29T21:15:58.042071+00:00,196.766500,current,rgb,-80.000,90.000,0,700,0.258700,0.259147727,25.0000,3.706306934,3.747317314,1.649333358
2026-07-29T21:15:58.192623+00:00,196.917054,current,rgb,-80.000,90.000,1,700,0.258700,0.259147727,25.0000,3.706529617,3.747472286,1.649219751
2026-07-29T21:15:58.342998+00:00,197.067432,current,rgb,-80.000,90.000,2,700,0.258700,0.259062500,25.0000,3.706700802,3.747585773,1.649216652
2026-07-29T21:15:58.493324+00:00,197.217757,current,rgb,-80.000,90.000,3,700,0.258700,0.259147727,25.0000,3.706571817,3.747527599,1.649451733
2026-07-29T21:15:58.643664+00:00,197.368098,current,rgb,-80.000,90.000,4,700,0.258700,0.259119318,25.0000,3.706588268,3.747506142,1.649228096
2026-07-29T21:15:58.794097+00:00,197.518531,current,rgb,-80.000,90.000,5,700,0.258700,0.259090909,25.0000,3.706673384,3.747665644,1.649340630
2026-07-29T21:15:58.944671+00:00,197.669105,current,rgb,-80.000,90.000,6,700,0.258700,0.259090909,25.0000,3.706556797,3.747526407,1.649558902
2026-07-29T21:15:59.094985+00:00,197.819420,current,rgb,-80.000,90.000,7,700,0.258700,0.259119318,25.0000,3.706707716,3.747468948,1.649340391
2026-07-29T21:15:59.245278+00:00,197.969712,current,rgb,-80.000,90.000,8,700,0.258700,0.259119318,25.0000,3.706777573,3.747741222,1.649382353
2026-07-29T21:15:59.395669+00:00,198.120103,current,rgb,-80.000,90.000,9,700,0.258700,0.259062500,25.0000,3.706687927,3.747517824,1.649276495
2026-07-29T21:15:59.546048+00:00,198.270483,current,rgb,-80.000,90.000,10,700,0.258700,0.259090909,25.0000,3.706903696,3.747757673,1.649253726
2026-07-29T21:15:59.696604+00:00,198.421034,current,rgb,-80.000,90.000,11,700,0.258700,0.259062500,25.0000,3.706915617,3.747839928,1.649276733
2026-07-29T21:15:59.847210+00:00,198.571639,current,rgb,-80.000,90.000,12,700,0.258700,0.259090909,25.0000,3.706416607,3.747320652,1.649004459
2026-07-29T21:15:59.997658+00:00,198.722091,current,rgb,-80.000,90.000,13,700,0.258700,0.259176136,25.0000,3.706800938,3.747727633,1.649377227
2026-07-29T21:16:00.148187+00:00,198.872616,current,rgb,-80.000,90.000,14,700,0.258700,0.259005682,25.0000,3.706397533,3.747379303,1.649395823
2026-07-29T21:16:00.298828+00:00,199.023256,current,rgb,-80.000,90.000,15,700,0.258700,0.259176136,25.0000,3.706576347,3.747330904,1.649217844
2026-07-29T21:16:00.449464+00:00,199.173895,current,rgb,-80.000,90.000,16,700,0.258700,0.259176136,25.0000,3.706559896,3.747518539,1.649441957
2026-07-29T21:16:00.600002+00:00,199.324433,current,rgb,-80.000,90.000,17,700,0.258700,0.259176136,25.0000,3.706493378,3.747405052,1.649261594
2026-07-29T21:16:00.750333+00:00,199.474765,current,rgb,-80.000,90.000,18,700,0.258700,0.259204545,25.0000,3.706694126,3.747577190,1.649256468
2026-07-29T21:16:00.900741+00:00,199.625174,current,rgb,-80.000,90.000,19,700,0.258700,0.259204545,25.0000,3.706636667,3.747582912,1.649399996
2026-07-29T21:16:11.355869+00:00,210.080299,current,dark,-75.000,-90.000,0,0,,0.000738636,25.0000,4.896406651,4.903288841,1.649510145
2026-07-29T21:16:11.506451+00:00,210.230881,current,dark,-75.000,-90.000,1,0,,0.000710227,25.0000,4.896409988,4.903269768,1.649617314
2026-07-29T21:16:11.657097+00:00,210.381526,current,dark,-75.000,-90.000,2,0,,0.000710227,25.0000,4.896415710,4.903271675,1.649310350
2026-07-29T21:16:11.807647+00:00,210.532079,current,dark,-75.000,-90.000,3,0,,0.000710227,25.0000,4.896414757,4.903283119,1.649636269
2026-07-29T21:16:11.958097+00:00,210.682529,current,dark,-75.000,-90.000,4,0,,0.000710227,25.0000,4.896444798,4.903295517,1.649576545
2026-07-29T21:16:12.108535+00:00,210.832969,current,dark,-75.000,-90.000,5,0,,0.000710227,25.0000,4.896431446,4.903287411,1.649361372
2026-07-29T21:16:12.258838+00:00,210.983272,current,dark,-75.000,-90.000,6,0,,0.000710227,25.0000,4.896442413,4.903280258,1.649582148
2026-07-29T21:16:12.409186+00:00,211.133620,current,dark,-75.000,-90.000,7,0,,0.000710227,25.0000,4.896447182,4.903299332,1.649382353
2026-07-29T21:16:12.559617+00:00,211.284050,current,dark,-75.000,-90.000,8,0,,0.000710227,25.0000,4.896449566,4.903297424,1.649574757
2026-07-29T21:16:12.709920+00:00,211.434352,current,dark,-75.000,-90.000,9,0,,0.000710227,25.0000,4.896459103,4.903318405,1.649719834
2026-07-29T21:16:12.860260+00:00,211.584695,current,dark,-75.000,-90.000,10,0,,0.000710227,25.0000,4.896458626,4.903292179,1.649482250
2026-07-29T21:16:13.010597+00:00,211.735031,current,dark,-75.000,-90.000,11,0,,0.000710227,25.0000,4.896438599,4.903311253,1.649518371
2026-07-29T21:16:13.160935+00:00,211.885370,current,dark,-75.000,-90.000,12,0,,0.000738636,25.0000,4.896441936,4.903296471,1.649492264
2026-07-29T21:16:13.311238+00:00,212.035672,current,dark,-75.000,-90.000,13,0,,0.000710227,25.0000,4.896445751,4.903294563,1.649371386
2026-07-29T21:16:13.461603+00:00,212.186036,current,dark,-75.000,-90.000,14,0,,0.000738636,25.0000,4.896437645,4.903284073,1.649411917
2026-07-29T21:16:13.612113+00:00,212.336545,current,dark,-75.000,-90.000,15,0,,0.000738636,25.0000,4.896430016,4.903292656,1.649300575
2026-07-29T21:16:13.762493+00:00,212.486927,current,dark,-75.000,-90.000,16,0,,0.000710227,25.0000,4.896429062,4.903297424,1.649521112
2026-07-29T21:16:13.912894+00:00,212.637328,current,dark,-75.000,-90.000,17,0,,0.000710227,25.0000,4.896424294,4.903305531,1.648962975
2026-07-29T21:16:14.063230+00:00,212.787665,current,dark,-75.000,-90.000,18,0,,0.000710227,25.0000,4.896423340,4.903302670,1.649447083
2026-07-29T21:16:14.213521+00:00,212.937955,current,dark,-75.000,-90.000,19,0,,0.000710227,25.0000,4.896424294,4.903304100,1.649345040
2026-07-29T21:16:18.407688+00:00,217.132117,current,rgb,-75.000,-90.000,0,700,0.258700,0.259005682,25.0000,3.704270124,3.744799852,1.647454619
2026-07-29T21:16:18.558146+00:00,217.282580,current,rgb,-75.000,-90.000,1,700,0.258700,0.259062500,25.0000,3.704622030,3.745120049,1.647539377
2026-07-29T21:16:18.708524+00:00,217.432957,current,rgb,-75.000,-90.000,2,700,0.258700,0.259005682,25.0000,3.704655170,3.745150328,1.647543311
2026-07-29T21:16:18.858377+00:00,217.582809,current,rgb,-75.000,-90.000,3,700,0.258700,0.259005682,25.0000,3.704610348,3.744696140,1.647452712
2026-07-29T21:16:19.008821+00:00,217.733255,current,rgb,-75.000,-90.000,4,700,0.258700,0.259176136,25.0000,3.704373837,3.744879246,1.647666574
2026-07-29T21:16:19.159120+00:00,217.883555,current,rgb,-75.000,-90.000,5,700,0.258700,0.259062500,25.0000,3.704457760,3.745001316,1.647465467
2026-07-29T21:16:19.309427+00:00,218.033860,current,rgb,-75.000,-90.000,6,700,0.258700,0.259090909,25.0000,3.704693556,3.745159149,1.647464395
2026-07-29T21:16:19.459819+00:00,218.184252,current,rgb,-75.000,-90.000,7,700,0.258700,0.259062500,25.0000,3.704635143,3.745176315,1.647053599
2026-07-29T21:16:19.610133+00:00,218.334568,current,rgb,-75.000,-90.000,8,700,0.258700,0.259034091,25.0000,3.704623938,3.745139599,1.647349000
2026-07-29T21:16:19.760508+00:00,218.484939,current,rgb,-75.000,-90.000,9,700,0.258700,0.259090909,25.0000,3.704865217,3.745345831,1.647606969
2026-07-29T21:16:19.910797+00:00,218.635228,current,rgb,-75.000,-90.000,10,700,0.258700,0.259147727,25.0000,3.704729319,3.745367289,1.647538662
2026-07-29T21:16:20.061189+00:00,218.785623,current,rgb,-75.000,-90.000,11,700,0.258700,0.259090909,25.0000,3.705040932,3.745385647,1.647418499
2026-07-29T21:16:20.211567+00:00,218.936000,current,rgb,-75.000,-90.000,12,700,0.258700,0.259119318,25.0000,3.705036163,3.745601654,1.647498369
2026-07-29T21:16:20.361936+00:00,219.086368,current,rgb,-75.000,-90.000,13,700,0.258700,0.259090909,25.0000,3.704986811,3.745489120,1.647356272
2026-07-29T21:16:20.512376+00:00,219.236809,current,rgb,-75.000,-90.000,14,700,0.258700,0.259090909,25.0000,3.705247641,3.745762348,1.647428989
2026-07-29T21:16:20.662694+00:00,219.387129,current,rgb,-75.000,-90.000,15,700,0.258700,0.259090909,25.0000,3.705205679,3.745697498,1.647687554
2026-07-29T21:16:20.813134+00:00,219.537567,current,rgb,-75.000,-90.000,16,700,0.258700,0.259090909,25.0000,3.705137014,3.745623827,1.647456169
2026-07-29T21:16:20.963415+00:00,219.687849,current,rgb,-75.000,-90.000,17,700,0.258700,0.259119318,25.0000,3.705443144,3.745834827,1.647577763
2026-07-29T21:16:21.113922+00:00,219.838355,current,rgb,-75.000,-90.000,18,700,0.258700,0.259090909,25.0000,3.705427885,3.745934963,1.647512078
2026-07-29T21:16:21.263750+00:00,219.988179,current,rgb,-75.000,-90.000,19,700,0.258700,0.259034091,25.0000,3.705517292,3.745862007,1.647222281
2026-07-29T21:16:24.964924+00:00,223.689353,current,rgb,-75.000,-45.000,0,700,0.258700,0.259090909,25.0000,3.706482887,3.747009039,1.647282839
2026-07-29T21:16:25.115448+00:00,223.839880,current,rgb,-75.000,-45.000,1,700,0.258700,0.259090909,25.0000,3.706429005,3.746993780,1.647635341
2026-07-29T21:16:25.265851+00:00,223.990284,current,rgb,-75.000,-45.000,2,700,0.258700,0.259147727,25.0000,3.706479549,3.747123718,1.647654891
2026-07-29T21:16:25.416298+00:00,224.140730,current,rgb,-75.000,-45.000,3,700,0.258700,0.259062500,25.0000,3.706195593,3.746900558,1.647471309
2026-07-29T21:16:25.566783+00:00,224.291217,current,rgb,-75.000,-45.000,4,700,0.258700,0.259147727,25.0000,3.706394672,3.747030258,1.647863865
2026-07-29T21:16:25.717135+00:00,224.441569,current,rgb,-75.000,-45.000,5,700,0.258700,0.259119318,25.0000,3.706438065,3.747064829,1.647859216
2026-07-29T21:16:25.867469+00:00,224.591904,current,rgb,-75.000,-45.000,6,700,0.258700,0.259062500,25.0000,3.706470728,3.747030497,1.647606254
2026-07-29T21:16:26.017858+00:00,224.742290,current,rgb,-75.000,-45.000,7,700,0.258700,0.259062500,25.0000,3.706636190,3.747223377,1.647688031
2026-07-29T21:16:26.168550+00:00,224.892982,current,rgb,-75.000,-45.000,8,700,0.258700,0.259090909,25.0000,3.706572056,3.747159481,1.647672176
2026-07-29T21:16:26.318938+00:00,225.043373,current,rgb,-75.000,-45.000,9,700,0.258700,0.259119318,25.0000,3.706728458,3.747318745,1.647668242
2026-07-29T21:16:26.469594+00:00,225.194024,current,rgb,-75.000,-45.000,10,700,0.258700,0.259119318,25.0000,3.706574440,3.746552229,1.647718549
2026-07-29T21:16:26.620174+00:00,225.344605,current,rgb,-75.000,-45.000,11,700,0.258700,0.259090909,25.0000,3.706641436,3.747147322,1.647549152
2026-07-29T21:16:26.770630+00:00,225.495063,current,rgb,-75.000,-45.000,12,700,0.258700,0.259147727,25.0000,3.706761599,3.747343779,1.647724152
2026-07-29T21:16:26.921046+00:00,225.645479,current,rgb,-75.000,-45.000,13,700,0.258700,0.259034091,25.0000,3.706735611,3.747358799,1.647797465
2026-07-29T21:16:27.071438+00:00,225.795870,current,rgb,-75.000,-45.000,14,700,0.258700,0.259090909,25.0000,3.707181215,3.747597218,1.647532582
2026-07-29T21:16:27.221771+00:00,225.946204,current,rgb,-75.000,-45.000,15,700,0.258700,0.259090909,25.0000,3.707201719,3.747841835,1.647738814
2026-07-29T21:16:27.372161+00:00,226.096595,current,rgb,-75.000,-45.000,16,700,0.258700,0.259005682,25.0000,3.707143784,3.747758865,1.647568703
2026-07-29T21:16:27.522528+00:00,226.246961,current,rgb,-75.000,-45.000,17,700,0.258700,0.259062500,25.0000,3.707217216,3.747986317,1.647558451
2026-07-29T21:16:27.672998+00:00,226.397429,current,rgb,-75.000,-45.000,18,700,0.258700,0.259062500,25.0000,3.707379341,3.748088360,1.647747636
2026-07-29T21:16:27.823424+00:00,226.547857,current,rgb,-75.000,-45.000,19,700,0.258700,0.258977273,25.0000,3.707272768,3.747851849,1.647325754
2026-07-29T21:16:31.524297+00:00,230.248727,current,rgb,-75.000,0.000,0,700,0.258700,0.259062500,25.0000,3.707458735,3.748147488,1.647644401
2026-07-29T21:16:31.674797+00:00,230.399229,current,rgb,-75.000,0.000,1,700,0.258700,0.259119318,25.0000,3.707333565,3.748004436,1.647381663
2026-07-29T21:16:31.826319+00:00,230.550747,current,rgb,-75.000,0.000,2,700,0.258700,0.259090909,25.0000,3.707493782,3.748257637,1.647716641
2026-07-29T21:16:31.976871+00:00,230.701304,current,rgb,-75.000,0.000,3,700,0.258700,0.258977273,25.0000,3.707874775,3.748570442,1.647659063
2026-07-29T21:16:32.127249+00:00,230.851682,current,rgb,-75.000,0.000,4,700,0.258700,0.259005682,25.0000,3.708088398,3.748524189,1.647415638
2026-07-29T21:16:32.277664+00:00,231.002097,current,rgb,-75.000,0.000,5,700,0.258700,0.259090909,25.0000,3.707987070,3.748629570,1.647568941
2026-07-29T21:16:32.428101+00:00,231.152535,current,rgb,-75.000,0.000,6,700,0.258700,0.259005682,25.0000,3.707975149,3.748608828,1.647432685
2026-07-29T21:16:32.578466+00:00,231.302900,current,rgb,-75.000,0.000,7,700,0.258700,0.259005682,25.0000,3.708120584,3.748806000,1.647452474
2026-07-29T21:16:32.728975+00:00,231.453406,current,rgb,-75.000,0.000,8,700,0.258700,0.259005682,25.0000,3.708057880,3.748690844,1.647640944
2026-07-29T21:16:32.879398+00:00,231.603832,current,rgb,-75.000,0.000,9,700,0.258700,0.259005682,25.0000,3.707903862,3.748548508,1.647436619
2026-07-29T21:16:33.029740+00:00,231.754175,current,rgb,-75.000,0.000,10,700,0.258700,0.259034091,25.0000,3.708117008,3.748763800,1.647607446
2026-07-29T21:16:33.180153+00:00,231.904587,current,rgb,-75.000,0.000,11,700,0.258700,0.259005682,25.0000,3.708074093,3.748834133,1.647631407
2026-07-29T21:16:33.330546+00:00,232.054980,current,rgb,-75.000,0.000,12,700,0.258700,0.258948864,25.0000,3.708181381,3.748463631,1.646868229
2026-07-29T21:16:33.480844+00:00,232.205277,current,rgb,-75.000,0.000,13,700,0.258700,0.259062500,25.0000,3.708084106,3.748730659,1.647744179
2026-07-29T21:16:33.631198+00:00,232.355632,current,rgb,-75.000,0.000,14,700,0.258700,0.259034091,25.0000,3.708034515,3.748648405,1.647486448
2026-07-29T21:16:33.781457+00:00,232.505891,current,rgb,-75.000,0.000,15,700,0.258700,0.259062500,25.0000,3.708262682,3.748921156,1.647490263
2026-07-29T21:16:33.931841+00:00,232.656275,current,rgb,-75.000,0.000,16,700,0.258700,0.258977273,25.0000,3.708112717,3.748823166,1.647616982
2026-07-29T21:16:34.082147+00:00,232.806580,current,rgb,-75.000,0.000,17,700,0.258700,0.259034091,25.0000,3.708054066,3.748702526,1.647378683
2026-07-29T21:16:34.232561+00:00,232.956995,current,rgb,-75.000,0.000,18,700,0.258700,0.259034091,25.0000,3.708197117,3.748852015,1.647606015
2026-07-29T21:16:34.382840+00:00,233.107275,current,rgb,-75.000,0.000,19,700,0.258700,0.259034091,25.0000,3.708160162,3.748819590,1.647704482
2026-07-29T21:16:38.083895+00:00,236.808324,current,rgb,-75.000,45.000,0,700,0.258700,0.259005682,25.0000,3.708673000,3.749518394,1.647730589
2026-07-29T21:16:38.234392+00:00,236.958820,current,rgb,-75.000,45.000,1,700,0.258700,0.259005682,25.0000,3.708213329,3.749016285,1.647688985
2026-07-29T21:16:38.384833+00:00,237.109266,current,rgb,-75.000,45.000,2,700,0.258700,0.259119318,25.0000,3.708382607,3.749076128,1.647665381
2026-07-29T21:16:38.535237+00:00,237.259671,current,rgb,-75.000,45.000,3,700,0.258700,0.259119318,25.0000,3.708230972,3.749125957,1.647819877
2026-07-29T21:16:38.685578+00:00,237.410012,current,rgb,-75.000,45.000,4,700,0.258700,0.259176136,25.0000,3.708333969,3.749178648,1.647596240
2026-07-29T21:16:38.836041+00:00,237.560475,current,rgb,-75.000,45.000,5,700,0.258700,0.259147727,25.0000,3.708434105,3.749271870,1.646864295
2026-07-29T21:16:38.986368+00:00,237.710802,current,rgb,-75.000,45.000,6,700,0.258700,0.259119318,25.0000,3.708486319,3.749286175,1.647716880
2026-07-29T21:16:39.136792+00:00,237.861224,current,rgb,-75.000,45.000,7,700,0.258700,0.259062500,25.0000,3.708413839,3.749251127,1.647442698
2026-07-29T21:16:39.287211+00:00,238.011645,current,rgb,-75.000,45.000,8,700,0.258700,0.259062500,25.0000,3.708502054,3.749322414,1.647632837
2026-07-29T21:16:39.437585+00:00,238.162017,current,rgb,-75.000,45.000,9,700,0.258700,0.259062500,25.0000,3.708521843,3.749344110,1.647561789
2026-07-29T21:16:39.588016+00:00,238.312445,current,rgb,-75.000,45.000,10,700,0.258700,0.259062500,25.0000,3.708666325,3.749371529,1.647492766
2026-07-29T21:16:39.738427+00:00,238.462860,current,rgb,-75.000,45.000,11,700,0.258700,0.259147727,25.0000,3.708543301,3.749380589,1.647695899
2026-07-29T21:16:39.888869+00:00,238.613300,current,rgb,-75.000,45.000,12,700,0.258700,0.259119318,25.0000,3.708474398,3.749274969,1.647437334
2026-07-29T21:16:40.039290+00:00,238.763724,current,rgb,-75.000,45.000,13,700,0.258700,0.259090909,25.0000,3.708684206,3.749473572,1.647618294
2026-07-29T21:16:40.189698+00:00,238.914131,current,rgb,-75.000,45.000,14,700,0.258700,0.259062500,25.0000,3.708583117,3.749372959,1.647760391
2026-07-29T21:16:40.340152+00:00,239.064585,current,rgb,-75.000,45.000,15,700,0.258700,0.259090909,25.0000,3.708633423,3.749362946,1.647502780
2026-07-29T21:16:40.490530+00:00,239.214964,current,rgb,-75.000,45.000,16,700,0.258700,0.259119318,25.0000,3.708650827,3.749469757,1.647623897
2026-07-29T21:16:40.640806+00:00,239.365241,current,rgb,-75.000,45.000,17,700,0.258700,0.259090909,25.0000,3.708715200,3.749445915,1.647593617
2026-07-29T21:16:40.791191+00:00,239.515624,current,rgb,-75.000,45.000,18,700,0.258700,0.259147727,25.0000,3.708811998,3.749628067,1.647487879
2026-07-29T21:16:40.941620+00:00,239.666054,current,rgb,-75.000,45.000,19,700,0.258700,0.259090909,25.0000,3.708760977,3.749580145,1.647697806
2026-07-29T21:16:44.642637+00:00,243.367066,current,rgb,-75.000,90.000,0,700,0.258700,0.259176136,25.0000,3.709222317,3.749905586,1.647577763
2026-07-29T21:16:44.793208+00:00,243.517636,current,rgb,-75.000,90.000,1,700,0.258700,0.259176136,25.0000,3.709280729,3.749804974,1.647714734
2026-07-29T21:16:44.943703+00:00,243.668135,current,rgb,-75.000,90.000,2,700,0.258700,0.259147727,25.0000,3.709074974,3.749719143,1.647499800
2026-07-29T21:16:45.094151+00:00,243.818587,current,rgb,-75.000,90.000,3,700,0.258700,0.259204545,25.0000,3.709182501,3.749819994,1.647668004
2026-07-29T21:16:45.244579+00:00,243.969011,current,rgb,-75.000,90.000,4,700,0.258700,0.259176136,25.0000,3.709100246,3.749783993,1.647863388
2026-07-29T21:16:45.394958+00:00,244.119391,current,rgb,-75.000,90.000,5,700,0.258700,0.259176136,25.0000,3.709285498,3.749699354,1.647654891
2026-07-29T21:16:45.545281+00:00,244.269713,current,rgb,-75.000,90.000,6,700,0.258700,0.259176136,25.0000,3.709273577,3.749916792,1.647682428
2026-07-29T21:16:45.695657+00:00,244.420092,current,rgb,-75.000,90.000,7,700,0.258700,0.259090909,25.0000,3.709090710,3.749676228,1.647596240
2026-07-29T21:16:45.846016+00:00,244.570450,current,rgb,-75.000,90.000,8,700,0.258700,0.259176136,25.0000,3.709292889,3.749956608,1.647650242
2026-07-29T21:16:45.996365+00:00,244.720798,current,rgb,-75.000,90.000,9,700,0.258700,0.259090909,25.0000,3.709358215,3.749924660,1.647841930
2026-07-29T21:16:46.146730+00:00,244.871165,current,rgb,-75.000,90.000,10,700,0.258700,0.259090909,25.0000,3.709255695,3.749846220,1.647519350
2026-07-29T21:16:46.296962+00:00,245.021396,current,rgb,-75.000,90.000,11,700,0.258700,0.259119318,25.0000,3.709421635,3.749962807,1.647659302
2026-07-29T21:16:46.447450+00:00,245.171883,current,rgb,-75.000,90.000,12,700,0.258700,0.259119318,25.0000,3.709331989,3.749899626,1.647799611
2026-07-29T21:16:46.597791+00:00,245.322226,current,rgb,-75.000,90.000,13,700,0.258700,0.259090909,25.0000,3.709912062,3.750140190,1.647469521
2026-07-29T21:16:46.748189+00:00,245.472616,current,rgb,-75.000,90.000,14,700,0.258700,0.259090909,25.0000,3.709540606,3.750200510,1.647611856
2026-07-29T21:16:46.898711+00:00,245.623144,current,rgb,-75.000,90.000,15,700,0.258700,0.259147727,25.0000,3.709465265,3.750035286,1.647414088
2026-07-29T21:16:47.049116+00:00,245.773549,current,rgb,-75.000,90.000,16,700,0.258700,0.259119318,25.0000,3.709828377,3.750517607,1.647282839
2026-07-29T21:16:47.199482+00:00,245.923917,current,rgb,-75.000,90.000,17,700,0.258700,0.259005682,25.0000,3.709472179,3.750036955,1.647386312
2026-07-29T21:16:47.349938+00:00,246.074367,current,rgb,-75.000,90.000,18,700,0.258700,0.259119318,25.0000,3.709380627,3.749909401,1.647271276
2026-07-29T21:16:47.499614+00:00,246.224046,current,rgb,-75.000,90.000,19,700,0.258700,0.259176136,25.0000,3.707684278,3.748842716,1.647628784
2026-07-29T21:16:57.956595+00:00,256.681023,current,dark,-70.000,-90.000,0,0,,0.000710227,25.0000,4.896418095,4.903209686,1.649430990
2026-07-29T21:16:58.107113+00:00,256.831542,current,dark,-70.000,-90.000,1,0,,0.000710227,25.0000,4.896402359,4.903239727,1.649578691
2026-07-29T21:16:58.257659+00:00,256.982090,current,dark,-70.000,-90.000,2,0,,0.000710227,25.0000,4.896423340,4.903252602,1.649127007
2026-07-29T21:16:58.408146+00:00,257.132578,current,dark,-70.000,-90.000,3,0,,0.000710227,25.0000,4.896416664,4.903247356,1.649359941
2026-07-29T21:16:58.558667+00:00,257.283099,current,dark,-70.000,-90.000,4,0,,0.000710227,25.0000,4.896410942,4.903254509,1.649566770
2026-07-29T21:16:58.709041+00:00,257.433475,current,dark,-70.000,-90.000,5,0,,0.000710227,25.0000,4.896412849,4.903252125,1.649314284
2026-07-29T21:16:58.859396+00:00,257.583830,current,dark,-70.000,-90.000,6,0,,0.000710227,25.0000,4.896409988,4.903244019,1.649382353
2026-07-29T21:16:59.009757+00:00,257.734190,current,dark,-70.000,-90.000,7,0,,0.000710227,25.0000,4.896418095,4.903242588,1.649541140
2026-07-29T21:16:59.160104+00:00,257.884539,current,dark,-70.000,-90.000,8,0,,0.000710227,25.0000,4.896410942,4.903247833,1.649244189
2026-07-29T21:16:59.310455+00:00,258.034889,current,dark,-70.000,-90.000,9,0,,0.000710227,25.0000,4.896422386,4.903249741,1.649384856
2026-07-29T21:16:59.460946+00:00,258.185379,current,dark,-70.000,-90.000,10,0,,0.000710227,25.0000,4.896411896,4.903238297,1.649408817
2026-07-29T21:16:59.611124+00:00,258.335551,current,dark,-70.000,-90.000,11,0,,0.000710227,25.0000,4.896427631,4.903270721,1.649355531
2026-07-29T21:16:59.761621+00:00,258.486052,current,dark,-70.000,-90.000,12,0,,0.000710227,25.0000,4.896436691,4.903275967,1.649447799
2026-07-29T21:16:59.912197+00:00,258.636625,current,dark,-70.000,-90.000,13,0,,0.000738636,25.0000,4.896418571,4.903229237,1.649274707
2026-07-29T21:17:00.062800+00:00,258.787234,current,dark,-70.000,-90.000,14,0,,0.000710227,25.0000,4.896399021,4.903244019,1.649358749
2026-07-29T21:17:00.213131+00:00,258.937565,current,dark,-70.000,-90.000,15,0,,0.000738636,25.0000,4.896404266,4.903256893,1.649765730
2026-07-29T21:17:00.363436+00:00,259.087869,current,dark,-70.000,-90.000,16,0,,0.000710227,25.0000,4.896410942,4.903250217,1.649533510
2026-07-29T21:17:00.513928+00:00,259.238359,current,dark,-70.000,-90.000,17,0,,0.000710227,25.0000,4.896405220,4.903249264,1.649518132
2026-07-29T21:17:00.664332+00:00,259.388765,current,dark,-70.000,-90.000,18,0,,0.000710227,25.0000,4.896402836,4.903256893,1.649396539
2026-07-29T21:17:00.814784+00:00,259.539218,current,dark,-70.000,-90.000,19,0,,0.000710227,25.0000,4.896400452,4.903236389,1.649179816
2026-07-29T21:17:05.009096+00:00,263.733524,current,rgb,-70.000,-90.000,0,700,0.258700,0.259090909,25.0000,3.706229687,3.746631384,1.646377087
2026-07-29T21:17:05.159680+00:00,263.884114,current,rgb,-70.000,-90.000,1,700,0.258700,0.259147727,25.0000,3.706552505,3.746764183,1.646269321
2026-07-29T21:17:05.310099+00:00,264.034530,current,rgb,-70.000,-90.000,2,700,0.258700,0.259176136,25.0000,3.706462383,3.746860981,1.646406054
2026-07-29T21:17:05.460600+00:00,264.185031,current,rgb,-70.000,-90.000,3,700,0.258700,0.259147727,25.0000,3.706613541,3.746989965,1.646203995
2026-07-29T21:17:05.611283+00:00,264.335710,current,rgb,-70.000,-90.000,4,700,0.258700,0.259176136,25.0000,3.706663132,3.747172356,1.646186590
2026-07-29T21:17:05.761779+00:00,264.486210,current,rgb,-70.000,-90.000,5,700,0.258700,0.259119318,25.0000,3.706746578,3.747178316,1.646251559
2026-07-29T21:17:05.912263+00:00,264.636695,current,rgb,-70.000,-90.000,6,700,0.258700,0.259176136,25.0000,3.706834078,3.747237682,1.646050811
2026-07-29T21:17:06.062684+00:00,264.787118,current,rgb,-70.000,-90.000,7,700,0.258700,0.259147727,25.0000,3.706976414,3.747424841,1.646177053
2026-07-29T21:17:06.212996+00:00,264.937430,current,rgb,-70.000,-90.000,8,700,0.258700,0.259090909,25.0000,3.707037210,3.747453928,1.646246910
2026-07-29T21:17:06.363276+00:00,265.087709,current,rgb,-70.000,-90.000,9,700,0.258700,0.259090909,25.0000,3.707202911,3.747431040,1.646046519
2026-07-29T21:17:06.513691+00:00,265.238122,current,rgb,-70.000,-90.000,10,700,0.258700,0.259204545,25.0000,3.707154751,3.747556210,1.645627260
2026-07-29T21:17:06.664120+00:00,265.388555,current,rgb,-70.000,-90.000,11,700,0.258700,0.259119318,25.0000,3.706999779,3.747410536,1.646116972
2026-07-29T21:17:06.814416+00:00,265.538850,current,rgb,-70.000,-90.000,12,700,0.258700,0.259176136,25.0000,3.707187176,3.747596979,1.646340847
2026-07-29T21:17:06.964670+00:00,265.689104,current,rgb,-70.000,-90.000,13,700,0.258700,0.259119318,25.0000,3.707300186,3.747783661,1.646306276
2026-07-29T21:17:07.114942+00:00,265.839376,current,rgb,-70.000,-90.000,14,700,0.258700,0.259090909,25.0000,3.707700253,3.748115063,1.645987868
2026-07-29T21:17:07.265192+00:00,265.989627,current,rgb,-70.000,-90.000,15,700,0.258700,0.259005682,25.0000,3.707831383,3.748201370,1.646254659
2026-07-29T21:17:07.415602+00:00,266.140034,current,rgb,-70.000,-90.000,16,700,0.258700,0.259062500,25.0000,3.707756758,3.748285294,1.646190763
2026-07-29T21:17:07.565911+00:00,266.290344,current,rgb,-70.000,-90.000,17,700,0.258700,0.259034091,25.0000,3.708056927,3.748335600,1.646044731
2026-07-29T21:17:07.716262+00:00,266.440694,current,rgb,-70.000,-90.000,18,700,0.258700,0.259119318,25.0000,3.707982063,3.748469114,1.646186829
2026-07-29T21:17:07.866710+00:00,266.591140,current,rgb,-70.000,-90.000,19,700,0.258700,0.259005682,25.0000,3.707957268,3.748383284,1.645318627
2026-07-29T21:17:11.568640+00:00,270.293068,current,rgb,-70.000,-45.000,0,700,0.258700,0.259147727,25.0000,3.708631516,3.749139071,1.646487117
2026-07-29T21:17:11.719277+00:00,270.443706,current,rgb,-70.000,-45.000,1,700,0.258700,0.259176136,25.0000,3.708658457,3.749114990,1.646167517
2026-07-29T21:17:11.869753+00:00,270.594186,current,rgb,-70.000,-45.000,2,700,0.258700,0.259147727,25.0000,3.708834648,3.749336720,1.646226645
2026-07-29T21:17:12.020168+00:00,270.744601,current,rgb,-70.000,-45.000,3,700,0.258700,0.259090909,25.0000,3.709169626,3.749643803,1.646180987
2026-07-29T21:17:12.170468+00:00,270.894902,current,rgb,-70.000,-45.000,4,700,0.258700,0.259034091,25.0000,3.709132433,3.749568462,1.646293998
2026-07-29T21:17:12.320762+00:00,271.045197,current,rgb,-70.000,-45.000,5,700,0.258700,0.259062500,25.0000,3.709127665,3.749635458,1.646308422
2026-07-29T21:17:12.471128+00:00,271.195561,current,rgb,-70.000,-45.000,6,700,0.258700,0.259005682,25.0000,3.709159136,3.749695778,1.646198034
2026-07-29T21:17:12.621591+00:00,271.346022,current,rgb,-70.000,-45.000,7,700,0.258700,0.259034091,25.0000,3.709302187,3.749806881,1.646178842
2026-07-29T21:17:12.772053+00:00,271.496486,current,rgb,-70.000,-45.000,8,700,0.258700,0.259062500,25.0000,3.709314346,3.749863148,1.646273732
2026-07-29T21:17:12.922370+00:00,271.646805,current,rgb,-70.000,-45.000,9,700,0.258700,0.259005682,25.0000,3.709165096,3.749598980,1.645938039
2026-07-29T21:17:13.072703+00:00,271.797137,current,rgb,-70.000,-45.000,10,700,0.258700,0.259034091,25.0000,3.709414244,3.749926090,1.646225452
2026-07-29T21:17:13.223070+00:00,271.947502,current,rgb,-70.000,-45.000,11,700,0.258700,0.258977273,25.0000,3.709268808,3.749528170,1.646457076
2026-07-29T21:17:13.372810+00:00,272.097241,current,rgb,-70.000,-45.000,12,700,0.258700,0.259232955,25.0000,3.709053040,3.749405146,1.646304250
2026-07-29T21:17:13.523308+00:00,272.247739,current,rgb,-70.000,-45.000,13,700,0.258700,0.259119318,25.0000,3.709012985,3.749505520,1.646303296
2026-07-29T21:17:13.673806+00:00,272.398237,current,rgb,-70.000,-45.000,14,700,0.258700,0.259119318,25.0000,3.709020138,3.749539852,1.646281838
2026-07-29T21:17:13.826446+00:00,272.550874,current,rgb,-70.000,-45.000,15,700,0.258700,0.259119318,25.0000,3.709261417,3.749751806,1.646212697
2026-07-29T21:17:13.977066+00:00,272.701497,current,rgb,-70.000,-45.000,16,700,0.258700,0.259204545,25.0000,3.709100485,3.749557734,1.646491528
2026-07-29T21:17:14.127463+00:00,272.851897,current,rgb,-70.000,-45.000,17,700,0.258700,0.259119318,25.0000,3.709112167,3.749604225,1.646243930
2026-07-29T21:17:14.277813+00:00,273.002245,current,rgb,-70.000,-45.000,18,700,0.258700,0.259090909,25.0000,3.709293365,3.749846935,1.646255493
2026-07-29T21:17:14.428313+00:00,273.152746,current,rgb,-70.000,-45.000,19,700,0.258700,0.259090909,25.0000,3.709316015,3.749797821,1.646296024
2026-07-29T21:17:18.129377+00:00,276.853807,current,rgb,-70.000,0.000,0,700,0.258700,0.259119318,25.0000,3.709617615,3.750292778,1.646353602
2026-07-29T21:17:18.280075+00:00,277.004504,current,rgb,-70.000,0.000,1,700,0.258700,0.259062500,25.0000,3.709738016,3.750266075,1.646480799
2026-07-29T21:17:18.430535+00:00,277.154968,current,rgb,-70.000,0.000,2,700,0.258700,0.259176136,25.0000,3.709886074,3.750139713,1.646247387
2026-07-29T21:17:18.581147+00:00,277.305579,current,rgb,-70.000,0.000,3,700,0.258700,0.259147727,25.0000,3.709701538,3.750329971,1.646420717
2026-07-29T21:17:18.731568+00:00,277.456001,current,rgb,-70.000,0.000,4,700,0.258700,0.259119318,25.0000,3.709694386,3.750295401,1.646296501
2026-07-29T21:17:18.881934+00:00,277.606366,current,rgb,-70.000,0.000,5,700,0.258700,0.259119318,25.0000,3.709824085,3.750418186,1.646337032
2026-07-29T21:17:19.032705+00:00,277.757131,current,rgb,-70.000,0.000,6,700,0.258700,0.259034091,25.0000,3.709798098,3.750400066,1.646406770
2026-07-29T21:17:19.183422+00:00,277.907853,current,rgb,-70.000,0.000,7,700,0.258700,0.259147727,25.0000,3.709717035,3.750344753,1.646200538
2026-07-29T21:17:19.333791+00:00,278.058224,current,rgb,-70.000,0.000,8,700,0.258700,0.259119318,25.0000,3.709967136,3.750574589,1.646302581
2026-07-29T21:17:19.484272+00:00,278.208704,current,rgb,-70.000,0.000,9,700,0.258700,0.259090909,25.0000,3.709774256,3.750370979,1.646303535
2026-07-29T21:17:19.634803+00:00,278.359237,current,rgb,-70.000,0.000,10,700,0.258700,0.259147727,25.0000,3.710022211,3.750388622,1.646252751
2026-07-29T21:17:19.785147+00:00,278.509578,current,rgb,-70.000,0.000,11,700,0.258700,0.259147727,25.0000,3.709944248,3.750587940,1.646322370
2026-07-29T21:17:19.935690+00:00,278.660119,current,rgb,-70.000,0.000,12,700,0.258700,0.259062500,25.0000,3.709898949,3.750531197,1.646118522
2026-07-29T21:17:20.086129+00:00,278.810562,current,rgb,-70.000,0.000,13,700,0.258700,0.259147727,25.0000,3.710056305,3.750685692,1.646129966
2026-07-29T21:17:20.236518+00:00,278.960952,current,rgb,-70.000,0.000,14,700,0.258700,0.259062500,25.0000,3.710083008,3.750792980,1.646224141
2026-07-29T21:17:20.386798+00:00,279.111231,current,rgb,-70.000,0.000,15,700,0.258700,0.259034091,25.0000,3.709865570,3.750416994,1.645281315
2026-07-29T21:17:20.537239+00:00,279.261674,current,rgb,-70.000,0.000,16,700,0.258700,0.259176136,25.0000,3.710054398,3.750725269,1.646312833
2026-07-29T21:17:20.687659+00:00,279.412093,current,rgb,-70.000,0.000,17,700,0.258700,0.259176136,25.0000,3.710073233,3.750628948,1.646277189
2026-07-29T21:17:20.838037+00:00,279.562471,current,rgb,-70.000,0.000,18,700,0.258700,0.259147727,25.0000,3.710178137,3.750524521,1.646134853
2026-07-29T21:17:20.988406+00:00,279.712839,current,rgb,-70.000,0.000,19,700,0.258700,0.259176136,25.0000,3.709992409,3.750657797,1.646432161
2026-07-29T21:17:24.689161+00:00,283.413591,current,rgb,-70.000,45.000,0,700,0.258700,0.259062500,25.0000,3.710629463,3.751243353,1.646182656
2026-07-29T21:17:24.839730+00:00,283.564161,current,rgb,-70.000,45.000,1,700,0.258700,0.259147727,25.0000,3.710555553,3.751342297,1.646441936
2026-07-29T21:17:24.990311+00:00,283.714741,current,rgb,-70.000,45.000,2,700,0.258700,0.259090909,25.0000,3.710504532,3.751213074,1.646107554
2026-07-29T21:17:25.140865+00:00,283.865298,current,rgb,-70.000,45.000,3,700,0.258700,0.259147727,25.0000,3.710680962,3.751462936,1.646352887
2026-07-29T21:17:25.291237+00:00,284.015671,current,rgb,-70.000,45.000,4,700,0.258700,0.259090909,25.0000,3.710549355,3.751231432,1.646576524
2026-07-29T21:17:25.441646+00:00,284.166077,current,rgb,-70.000,45.000,5,700,0.258700,0.259119318,25.0000,3.710547924,3.751294374,1.646377563
2026-07-29T21:17:25.592207+00:00,284.316641,current,rgb,-70.000,45.000,6,700,0.258700,0.259119318,25.0000,3.710804462,3.751528263,1.646245003
2026-07-29T21:17:25.742522+00:00,284.466957,current,rgb,-70.000,45.000,7,700,0.258700,0.259119318,25.0000,3.710635662,3.751312256,1.646251798
2026-07-29T21:17:25.892822+00:00,284.617256,current,rgb,-70.000,45.000,8,700,0.258700,0.259062500,25.0000,3.710817099,3.751376152,1.645523787
2026-07-29T21:17:26.043185+00:00,284.767619,current,rgb,-70.000,45.000,9,700,0.258700,0.259147727,25.0000,3.710763216,3.751457930,1.646348715
2026-07-29T21:17:26.193458+00:00,284.917893,current,rgb,-70.000,45.000,10,700,0.258700,0.259062500,25.0000,3.710536957,3.751333952,1.646130919
2026-07-29T21:17:26.343750+00:00,285.068184,current,rgb,-70.000,45.000,11,700,0.258700,0.259119318,25.0000,3.710801601,3.751530409,1.646320105
2026-07-29T21:17:26.494096+00:00,285.218528,current,rgb,-70.000,45.000,12,700,0.258700,0.259034091,25.0000,3.710688114,3.751406908,1.646437287
2026-07-29T21:17:26.644525+00:00,285.368960,current,rgb,-70.000,45.000,13,700,0.258700,0.259062500,25.0000,3.710676193,3.751311064,1.646208048
2026-07-29T21:17:26.794807+00:00,285.519242,current,rgb,-70.000,45.000,14,700,0.258700,0.259176136,25.0000,3.710819483,3.751522064,1.646418095
2026-07-29T21:17:26.945163+00:00,285.669597,current,rgb,-70.000,45.000,15,700,0.258700,0.259090909,25.0000,3.710753918,3.751542091,1.646274686
2026-07-29T21:17:27.095659+00:00,285.820094,current,rgb,-70.000,45.000,16,700,0.258700,0.259119318,25.0000,3.710981607,3.751631975,1.646228552
2026-07-29T21:17:27.246076+00:00,285.970509,current,rgb,-70.000,45.000,17,700,0.258700,0.259119318,25.0000,3.710817814,3.751518250,1.646366239
2026-07-29T21:17:27.396474+00:00,286.120906,current,rgb,-70.000,45.000,18,700,0.258700,0.259090909,25.0000,3.710774899,3.751524925,1.646198750
2026-07-29T21:17:27.546869+00:00,286.271302,current,rgb,-70.000,45.000,19,700,0.258700,0.259147727,25.0000,3.710954189,3.751650333,1.646255970
2026-07-29T21:17:31.247286+00:00,289.971716,current,rgb,-70.000,90.000,0,700,0.258700,0.259034091,25.0000,3.711689949,3.752124071,1.646201253
2026-07-29T21:17:31.397782+00:00,290.122215,current,rgb,-70.000,90.000,1,700,0.258700,0.259062500,25.0000,3.712105989,3.752442598,1.645830870
2026-07-29T21:17:31.548301+00:00,290.272732,current,rgb,-70.000,90.000,2,700,0.258700,0.259005682,25.0000,3.711613178,3.752068043,1.646486640
2026-07-29T21:17:31.698756+00:00,290.423189,current,rgb,-70.000,90.000,3,700,0.258700,0.259119318,25.0000,3.711697817,3.752093315,1.646371365
2026-07-29T21:17:31.849194+00:00,290.573625,current,rgb,-70.000,90.000,4,700,0.258700,0.259119318,25.0000,3.711805582,3.752248287,1.646324992
2026-07-29T21:17:31.999691+00:00,290.724124,current,rgb,-70.000,90.000,5,700,0.258700,0.259147727,25.0000,3.711556911,3.752076149,1.646284699
2026-07-29T21:17:32.150045+00:00,290.874480,current,rgb,-70.000,90.000,6,700,0.258700,0.259090909,25.0000,3.711774349,3.752276421,1.646441698
2026-07-29T21:17:32.300292+00:00,291.024726,current,rgb,-70.000,90.000,7,700,0.258700,0.259090909,25.0000,3.711667061,3.752165079,1.646595240
2026-07-29T21:17:32.450617+00:00,291.175052,current,rgb,-70.000,90.000,8,700,0.258700,0.259119318,25.0000,3.711734056,3.752191544,1.646269083
2026-07-29T21:17:32.600939+00:00,291.325371,current,rgb,-70.000,90.000,9,700,0.258700,0.259034091,25.0000,3.711845398,3.752379656,1.646387100
2026-07-29T21:17:32.751236+00:00,291.475671,current,rgb,-70.000,90.000,10,700,0.258700,0.259034091,25.0000,3.711841345,3.752327919,1.646377325
2026-07-29T21:17:32.901585+00:00,291.626018,current,rgb,-70.000,90.000,11,700,0.258700,0.259090909,25.0000,3.711919308,3.752230167,1.646280885
2026-07-29T21:17:33.051852+00:00,291.776287,current,rgb,-70.000,90.000,12,700,0.258700,0.259062500,25.0000,3.711931229,3.752354622,1.646372437
2026-07-29T21:17:33.202183+00:00,291.926617,current,rgb,-70.000,90.000,13,700,0.258700,0.259090909,25.0000,3.711898088,3.752324581,1.646251559
2026-07-29T21:17:33.352454+00:00,292.076883,current,rgb,-70.000,90.000,14,700,0.258700,0.259147727,25.0000,3.712054491,3.752497673,1.646303296
2026-07-29T21:17:33.502980+00:00,292.227410,current,rgb,-70.000,90.000,15,700,0.258700,0.259062500,25.0000,3.711950541,3.752351761,1.646403909
2026-07-29T21:17:33.653430+00:00,292.377863,current,rgb,-70.000,90.000,16,700,0.258700,0.259062500,25.0000,3.711956739,3.752392292,1.646099448
2026-07-29T21:17:33.803833+00:00,292.528265,current,rgb,-70.000,90.000,17,700,0.258700,0.259062500,25.0000,3.712102890,3.752475023,1.646276236
2026-07-29T21:17:33.954160+00:00,292.678595,current,rgb,-70.000,90.000,18,700,0.258700,0.259062500,25.0000,3.711958885,3.752399921,1.646394372
2026-07-29T21:17:34.104469+00:00,292.828903,current,rgb,-70.000,90.000,19,700,0.258700,0.259090909,25.0000,3.712176085,3.752291679,1.646367788
2026-07-29T21:17:44.560559+00:00,303.284989,current,dark,-65.000,-90.000,0,0,,0.000710227,25.0000,4.896426678,4.903250694,1.649511337
2026-07-29T21:17:44.711022+00:00,303.435454,current,dark,-65.000,-90.000,1,0,,0.000710227,25.0000,4.896421909,4.903246880,1.649359941
2026-07-29T21:17:44.861442+00:00,303.585875,current,dark,-65.000,-90.000,2,0,,0.000710227,25.0000,4.896431446,4.903232574,1.649463654
2026-07-29T21:17:45.011911+00:00,303.736341,current,dark,-65.000,-90.000,3,0,,0.000710227,25.0000,4.896414757,4.903262138,1.649217844
2026-07-29T21:17:45.162603+00:00,303.887033,current,dark,-65.000,-90.000,4,0,,0.000710227,25.0000,4.896418571,4.903220654,1.649406075
2026-07-29T21:17:45.313385+00:00,304.037813,current,dark,-65.000,-90.000,5,0,,0.000710227,25.0000,4.896423817,4.903243542,1.649148226
2026-07-29T21:17:45.464028+00:00,304.188461,current,dark,-65.000,-90.000,6,0,,0.000710227,25.0000,4.896426678,4.903245449,1.649396539
2026-07-29T21:17:45.614426+00:00,304.338859,current,dark,-65.000,-90.000,7,0,,0.000710227,25.0000,4.896440506,4.903244495,1.649362683
2026-07-29T21:17:45.764782+00:00,304.489215,current,dark,-65.000,-90.000,8,0,,0.000710227,25.0000,4.896430016,4.903226376,1.649264693
2026-07-29T21:17:45.915203+00:00,304.639636,current,dark,-65.000,-90.000,9,0,,0.000710227,25.0000,4.896420956,4.903266430,1.649195433
2026-07-29T21:17:46.065576+00:00,304.790010,current,dark,-65.000,-90.000,10,0,,0.000738636,25.0000,4.896422386,4.903253555,1.649506211
2026-07-29T21:17:46.215823+00:00,304.940258,current,dark,-65.000,-90.000,11,0,,0.000738636,25.0000,4.896434784,4.903261185,1.649238348
2026-07-29T21:17:46.366164+00:00,305.090595,current,dark,-65.000,-90.000,12,0,,0.000710227,25.0000,4.896435261,4.903264999,1.649364591
2026-07-29T21:17:46.516601+00:00,305.241034,current,dark,-65.000,-90.000,13,0,,0.000710227,25.0000,4.896430016,4.903240681,1.649512529
2026-07-29T21:17:46.666949+00:00,305.391384,current,dark,-65.000,-90.000,14,0,,0.000710227,25.0000,4.896430016,4.903252602,1.649295211
2026-07-29T21:17:46.817220+00:00,305.541654,current,dark,-65.000,-90.000,15,0,,0.000710227,25.0000,4.896439552,4.903246403,1.649434686
2026-07-29T21:17:46.967571+00:00,305.692005,current,dark,-65.000,-90.000,16,0,,0.000738636,25.0000,4.896463394,4.903265476,1.649438262
2026-07-29T21:17:47.117840+00:00,305.842275,current,dark,-65.000,-90.000,17,0,,0.000710227,25.0000,4.896468639,4.903282642,1.649506927
2026-07-29T21:17:47.268150+00:00,305.992585,current,dark,-65.000,-90.000,18,0,,0.000710227,25.0000,4.896458626,4.903281212,1.649488807
2026-07-29T21:17:47.418408+00:00,306.142841,current,dark,-65.000,-90.000,19,0,,0.000710227,25.0000,4.896461487,4.903296947,1.649281859
2026-07-29T21:17:51.612458+00:00,310.336888,current,rgb,-65.000,-90.000,0,700,0.258700,0.259147727,25.0000,3.708300114,3.748678684,1.644900680
2026-07-29T21:17:51.762970+00:00,310.487403,current,rgb,-65.000,-90.000,1,700,0.258700,0.259176136,25.0000,3.708333015,3.748682737,1.644719839
2026-07-29T21:17:51.913334+00:00,310.637766,current,rgb,-65.000,-90.000,2,700,0.258700,0.259176136,25.0000,3.708454132,3.748863220,1.644871950
2026-07-29T21:17:52.063686+00:00,310.788120,current,rgb,-65.000,-90.000,3,700,0.258700,0.259119318,25.0000,3.708514214,3.748952389,1.644958854
2026-07-29T21:17:52.214037+00:00,310.938471,current,rgb,-65.000,-90.000,4,700,0.258700,0.259090909,25.0000,3.708526611,3.748826981,1.644768834
2026-07-29T21:17:52.364332+00:00,311.088766,current,rgb,-65.000,-90.000,5,700,0.258700,0.259147727,25.0000,3.708770514,3.749077082,1.644929528
2026-07-29T21:17:52.514807+00:00,311.239239,current,rgb,-65.000,-90.000,6,700,0.258700,0.259147727,25.0000,3.708720684,3.749052286,1.644832611
2026-07-29T21:17:52.665236+00:00,311.389667,current,rgb,-65.000,-90.000,7,700,0.258700,0.259090909,25.0000,3.708986044,3.749133348,1.644775510
2026-07-29T21:17:52.815776+00:00,311.540208,current,rgb,-65.000,-90.000,8,700,0.258700,0.259119318,25.0000,3.708896875,3.749248743,1.644938827
2026-07-29T21:17:52.966188+00:00,311.690622,current,rgb,-65.000,-90.000,9,700,0.258700,0.259090909,25.0000,3.708865166,3.749241829,1.644678354
2026-07-29T21:17:53.116600+00:00,311.841034,current,rgb,-65.000,-90.000,10,700,0.258700,0.259176136,25.0000,3.709120989,3.749445915,1.644907832
2026-07-29T21:17:53.266990+00:00,311.991425,current,rgb,-65.000,-90.000,11,700,0.258700,0.259119318,25.0000,3.709146500,3.749420404,1.645038128
2026-07-29T21:17:53.417353+00:00,312.141786,current,rgb,-65.000,-90.000,12,700,0.258700,0.259147727,25.0000,3.709143400,3.749442101,1.644713759
2026-07-29T21:17:53.567815+00:00,312.292240,current,rgb,-65.000,-90.000,13,700,0.258700,0.259147727,25.0000,3.709374905,3.749588966,1.644140959
2026-07-29T21:17:53.718413+00:00,312.442846,current,rgb,-65.000,-90.000,14,700,0.258700,0.259090909,25.0000,3.709361792,3.749642134,1.644767404
2026-07-29T21:17:53.868789+00:00,312.593222,current,rgb,-65.000,-90.000,15,700,0.258700,0.259119318,25.0000,3.709533453,3.749720573,1.644598961
2026-07-29T21:17:54.019235+00:00,312.743667,current,rgb,-65.000,-90.000,16,700,0.258700,0.259232955,25.0000,3.709442854,3.749761820,1.644928336
2026-07-29T21:17:54.169616+00:00,312.894046,current,rgb,-65.000,-90.000,17,700,0.258700,0.259119318,25.0000,3.709389210,3.749775410,1.644639254
2026-07-29T21:17:54.320089+00:00,313.044524,current,rgb,-65.000,-90.000,18,700,0.258700,0.259176136,25.0000,3.709566593,3.749935865,1.644867539
2026-07-29T21:17:54.470508+00:00,313.194940,current,rgb,-65.000,-90.000,19,700,0.258700,0.259147727,25.0000,3.709676266,3.749917507,1.644971967
2026-07-29T21:17:58.172094+00:00,316.896523,current,rgb,-65.000,-45.000,0,700,0.258700,0.259090909,25.0000,3.710571766,3.750962973,1.644963026
2026-07-29T21:17:58.322545+00:00,317.046978,current,rgb,-65.000,-45.000,1,700,0.258700,0.259062500,25.0000,3.710499763,3.750878572,1.645127058
2026-07-29T21:17:58.472677+00:00,317.197106,current,rgb,-65.000,-45.000,2,700,0.258700,0.259119318,25.0000,3.710547686,3.750824690,1.644918561
2026-07-29T21:17:58.623270+00:00,317.347701,current,rgb,-65.000,-45.000,3,700,0.258700,0.259147727,25.0000,3.710604191,3.750958204,1.644968867
2026-07-29T21:17:58.773670+00:00,317.498103,current,rgb,-65.000,-45.000,4,700,0.258700,0.259119318,25.0000,3.710526228,3.750936985,1.644889474
2026-07-29T21:17:58.924140+00:00,317.648573,current,rgb,-65.000,-45.000,5,700,0.258700,0.259090909,25.0000,3.710810661,3.751156807,1.644762754
2026-07-29T21:17:59.074589+00:00,317.799021,current,rgb,-65.000,-45.000,6,700,0.258700,0.259147727,25.0000,3.710968733,3.751253843,1.644739866
2026-07-29T21:17:59.224936+00:00,317.949370,current,rgb,-65.000,-45.000,7,700,0.258700,0.259090909,25.0000,3.710530996,3.750996590,1.644701481
2026-07-29T21:17:59.375292+00:00,318.099726,current,rgb,-65.000,-45.000,8,700,0.258700,0.259176136,25.0000,3.710714817,3.751184702,1.644943476
2026-07-29T21:17:59.525830+00:00,318.250263,current,rgb,-65.000,-45.000,9,700,0.258700,0.259090909,25.0000,3.710823059,3.751220703,1.644991755
2026-07-29T21:17:59.676387+00:00,318.400816,current,rgb,-65.000,-45.000,10,700,0.258700,0.259176136,25.0000,3.710972071,3.751169443,1.644680262
2026-07-29T21:17:59.826961+00:00,318.551394,current,rgb,-65.000,-45.000,11,700,0.258700,0.259147727,25.0000,3.710949659,3.751344442,1.644906044
2026-07-29T21:17:59.977481+00:00,318.701911,current,rgb,-65.000,-45.000,12,700,0.258700,0.259034091,25.0000,3.710835218,3.751151800,1.644753218
2026-07-29T21:18:00.128022+00:00,318.852455,current,rgb,-65.000,-45.000,13,700,0.258700,0.259119318,25.0000,3.711021900,3.751354456,1.644849181
2026-07-29T21:18:00.278385+00:00,319.002818,current,rgb,-65.000,-45.000,14,700,0.258700,0.259119318,25.0000,3.711000681,3.751381874,1.644806743
2026-07-29T21:18:00.428726+00:00,319.153160,current,rgb,-65.000,-45.000,15,700,0.258700,0.259034091,25.0000,3.710866928,3.751251698,1.644649029
2026-07-29T21:18:00.579145+00:00,319.303576,current,rgb,-65.000,-45.000,16,700,0.258700,0.259176136,25.0000,3.711139917,3.751501083,1.644847274
2026-07-29T21:18:00.729644+00:00,319.454073,current,rgb,-65.000,-45.000,17,700,0.258700,0.259062500,25.0000,3.710827351,3.751241922,1.645111918
2026-07-29T21:18:00.880284+00:00,319.604716,current,rgb,-65.000,-45.000,18,700,0.258700,0.259176136,25.0000,3.711046219,3.751275778,1.644962430
2026-07-29T21:18:01.030916+00:00,319.755343,current,rgb,-65.000,-45.000,19,700,0.258700,0.259090909,25.0000,3.711061716,3.751489639,1.644911885
2026-07-29T21:18:04.731761+00:00,323.456190,current,rgb,-65.000,0.000,0,700,0.258700,0.258948864,25.0000,3.711917162,3.752019405,1.644776225
2026-07-29T21:18:04.882297+00:00,323.606731,current,rgb,-65.000,0.000,1,700,0.258700,0.259005682,25.0000,3.711713314,3.752260208,1.645075083
2026-07-29T21:18:05.032791+00:00,323.757220,current,rgb,-65.000,0.000,2,700,0.258700,0.259090909,25.0000,3.711419344,3.751990318,1.644959092
2026-07-29T21:18:05.183250+00:00,323.907683,current,rgb,-65.000,0.000,3,700,0.258700,0.259119318,25.0000,3.711587906,3.752104998,1.644836068
2026-07-29T21:18:05.333627+00:00,324.058059,current,rgb,-65.000,0.000,4,700,0.258700,0.259147727,25.0000,3.711637259,3.752137661,1.644850373
2026-07-29T21:18:05.484107+00:00,324.208541,current,rgb,-65.000,0.000,5,700,0.258700,0.259090909,25.0000,3.711463213,3.751955271,1.644728541
2026-07-29T21:18:05.634608+00:00,324.359038,current,rgb,-65.000,0.000,6,700,0.258700,0.259147727,25.0000,3.711659908,3.752203226,1.644946337
2026-07-29T21:18:05.785106+00:00,324.509539,current,rgb,-65.000,0.000,7,700,0.258700,0.259119318,25.0000,3.711605310,3.752234221,1.644909501
2026-07-29T21:18:05.935689+00:00,324.660119,current,rgb,-65.000,0.000,8,700,0.258700,0.259119318,25.0000,3.711859226,3.752069712,1.644534945
2026-07-29T21:18:06.086149+00:00,324.810583,current,rgb,-65.000,0.000,9,700,0.258700,0.259119318,25.0000,3.711644173,3.752113342,1.644923449
2026-07-29T21:18:06.235729+00:00,324.960157,current,rgb,-65.000,0.000,10,700,0.258700,0.259119318,25.0000,3.710610867,3.752031088,1.644742489
2026-07-29T21:18:06.386359+00:00,325.110789,current,rgb,-65.000,0.000,11,700,0.258700,0.259090909,25.0000,3.711858273,3.752321243,1.644736648
2026-07-29T21:18:06.536927+00:00,325.261358,current,rgb,-65.000,0.000,12,700,0.258700,0.259090909,25.0000,3.711635590,3.752169132,1.645040393
2026-07-29T21:18:06.687320+00:00,325.411754,current,rgb,-65.000,0.000,13,700,0.258700,0.259176136,25.0000,3.711702824,3.752082586,1.644757152
2026-07-29T21:18:06.837796+00:00,325.562228,current,rgb,-65.000,0.000,14,700,0.258700,0.259147727,25.0000,3.711924553,3.752480745,1.644804478
2026-07-29T21:18:06.988280+00:00,325.712713,current,rgb,-65.000,0.000,15,700,0.258700,0.259062500,25.0000,3.711901188,3.752526760,1.644853115
2026-07-29T21:18:07.138603+00:00,325.863038,current,rgb,-65.000,0.000,16,700,0.258700,0.259062500,25.0000,3.712294579,3.752597332,1.644812346
2026-07-29T21:18:07.288932+00:00,326.013367,current,rgb,-65.000,0.000,17,700,0.258700,0.259090909,25.0000,3.712231636,3.752667427,1.644955397
2026-07-29T21:18:07.439388+00:00,326.163818,current,rgb,-65.000,0.000,18,700,0.258700,0.258948864,25.0000,3.712148666,3.752581596,1.643980980
2026-07-29T21:18:07.589761+00:00,326.314192,current,rgb,-65.000,0.000,19,700,0.258700,0.259034091,25.0000,3.712366581,3.752702475,1.644812346
2026-07-29T21:18:11.290841+00:00,330.015269,current,rgb,-65.000,45.000,0,700,0.258700,0.259090909,25.0000,3.712329865,3.752777338,1.644754529
2026-07-29T21:18:11.441433+00:00,330.165863,current,rgb,-65.000,45.000,1,700,0.258700,0.259176136,25.0000,3.712533951,3.752939224,1.644983292
2026-07-29T21:18:11.592063+00:00,330.316491,current,rgb,-65.000,45.000,2,700,0.258700,0.259232955,25.0000,3.712483883,3.752861500,1.645035267
2026-07-29T21:18:11.742646+00:00,330.467078,current,rgb,-65.000,45.000,3,700,0.258700,0.259147727,25.0000,3.712390423,3.752821445,1.644868493
2026-07-29T21:18:11.893056+00:00,330.617489,current,rgb,-65.000,45.000,4,700,0.258700,0.259119318,25.0000,3.712500334,3.752956629,1.645117998
2026-07-29T21:18:12.043631+00:00,330.768062,current,rgb,-65.000,45.000,5,700,0.258700,0.259034091,25.0000,3.712732315,3.753248215,1.645007372
2026-07-29T21:18:12.194077+00:00,330.918512,current,rgb,-65.000,45.000,6,700,0.258700,0.259090909,25.0000,3.712996483,3.753385782,1.645028591
2026-07-29T21:18:12.344513+00:00,331.068947,current,rgb,-65.000,45.000,7,700,0.258700,0.259090909,25.0000,3.712889194,3.753442764,1.645027399
2026-07-29T21:18:12.495039+00:00,331.219472,current,rgb,-65.000,45.000,8,700,0.258700,0.259062500,25.0000,3.712778330,3.753236532,1.644766927
2026-07-29T21:18:12.645378+00:00,331.369812,current,rgb,-65.000,45.000,9,700,0.258700,0.259062500,25.0000,3.713030577,3.753539562,1.645009160
2026-07-29T21:18:12.795807+00:00,331.520241,current,rgb,-65.000,45.000,10,700,0.258700,0.259005682,25.0000,3.712959528,3.753387690,1.645119667
2026-07-29T21:18:12.946380+00:00,331.670812,current,rgb,-65.000,45.000,11,700,0.258700,0.259034091,25.0000,3.712959051,3.753261566,1.644254208
2026-07-29T21:18:13.096742+00:00,331.821177,current,rgb,-65.000,45.000,12,700,0.258700,0.259062500,25.0000,3.712986708,3.753439188,1.645183682
2026-07-29T21:18:13.247041+00:00,331.971476,current,rgb,-65.000,45.000,13,700,0.258700,0.259034091,25.0000,3.712884903,3.753381014,1.644981027
2026-07-29T21:18:13.397307+00:00,332.121740,current,rgb,-65.000,45.000,14,700,0.258700,0.259062500,25.0000,3.713008881,3.753485203,1.645027399
2026-07-29T21:18:13.547671+00:00,332.272104,current,rgb,-65.000,45.000,15,700,0.258700,0.259090909,25.0000,3.713067055,3.753509760,1.645083070
2026-07-29T21:18:13.698084+00:00,332.422518,current,rgb,-65.000,45.000,16,700,0.258700,0.259062500,25.0000,3.712784767,3.753275394,1.644845486
2026-07-29T21:18:13.848443+00:00,332.572876,current,rgb,-65.000,45.000,17,700,0.258700,0.259119318,25.0000,3.712982893,3.753431082,1.645117998
2026-07-29T21:18:13.998808+00:00,332.723241,current,rgb,-65.000,45.000,18,700,0.258700,0.259005682,25.0000,3.713022709,3.753479958,1.645104527
2026-07-29T21:18:14.149199+00:00,332.873633,current,rgb,-65.000,45.000,19,700,0.258700,0.259062500,25.0000,3.713087797,3.753332615,1.644847512
2026-07-29T21:18:17.850366+00:00,336.574796,current,rgb,-65.000,90.000,0,700,0.258700,0.259090909,25.0000,3.713592052,3.753778458,1.645036936
2026-07-29T21:18:18.000857+00:00,336.725290,current,rgb,-65.000,90.000,1,700,0.258700,0.259062500,25.0000,3.713755131,3.753868103,1.644786000
2026-07-29T21:18:18.151287+00:00,336.875718,current,rgb,-65.000,90.000,2,700,0.258700,0.259005682,25.0000,3.713761568,3.753951073,1.644839406
2026-07-29T21:18:18.301685+00:00,337.026120,current,rgb,-65.000,90.000,3,700,0.258700,0.259062500,25.0000,3.713618279,3.753808737,1.644748330
2026-07-29T21:18:18.452164+00:00,337.176595,current,rgb,-65.000,90.000,4,700,0.258700,0.259062500,25.0000,3.713787794,3.753831148,1.644532323
2026-07-29T21:18:18.602621+00:00,337.327054,current,rgb,-65.000,90.000,5,700,0.258700,0.259147727,25.0000,3.713265419,3.753564596,1.645058155
2026-07-29T21:18:18.752955+00:00,337.477390,current,rgb,-65.000,90.000,6,700,0.258700,0.259147727,25.0000,3.713268042,3.753468513,1.644796014
2026-07-29T21:18:18.903272+00:00,337.627707,current,rgb,-65.000,90.000,7,700,0.258700,0.259147727,25.0000,3.713492870,3.753696918,1.644914389
2026-07-29T21:18:19.053628+00:00,337.778062,current,rgb,-65.000,90.000,8,700,0.258700,0.259090909,25.0000,3.713469028,3.753665924,1.645012259
2026-07-29T21:18:19.203997+00:00,337.928430,current,rgb,-65.000,90.000,9,700,0.258700,0.259147727,25.0000,3.713661671,3.753524303,1.644732952
2026-07-29T21:18:19.354326+00:00,338.078760,current,rgb,-65.000,90.000,10,700,0.258700,0.259204545,25.0000,3.713483810,3.753696918,1.645070434
2026-07-29T21:18:19.504677+00:00,338.229109,current,rgb,-65.000,90.000,11,700,0.258700,0.259119318,25.0000,3.713371515,3.753559589,1.644916058
2026-07-29T21:18:19.655097+00:00,338.379531,current,rgb,-65.000,90.000,12,700,0.258700,0.259176136,25.0000,3.713645458,3.753850222,1.644991040
2026-07-29T21:18:19.805525+00:00,338.529960,current,rgb,-65.000,90.000,13,700,0.258700,0.259062500,25.0000,3.713482380,3.753729105,1.645149469
2026-07-29T21:18:19.955947+00:00,338.680377,current,rgb,-65.000,90.000,14,700,0.258700,0.259119318,25.0000,3.713458776,3.753689289,1.644760847
2026-07-29T21:18:20.106399+00:00,338.830831,current,rgb,-65.000,90.000,15,700,0.258700,0.259147727,25.0000,3.713631868,3.753818512,1.644821405
2026-07-29T21:18:20.256838+00:00,338.981272,current,rgb,-65.000,90.000,16,700,0.258700,0.259090909,25.0000,3.713426828,3.753687382,1.644946814
2026-07-29T21:18:20.407178+00:00,339.131612,current,rgb,-65.000,90.000,17,700,0.258700,0.259147727,25.0000,3.713661432,3.753536940,1.644833088
2026-07-29T21:18:20.557591+00:00,339.282021,current,rgb,-65.000,90.000,18,700,0.258700,0.259232955,25.0000,3.713531494,3.753767490,1.645130157
2026-07-29T21:18:20.708122+00:00,339.432555,current,rgb,-65.000,90.000,19,700,0.258700,0.259147727,25.0000,3.713518143,3.753720760,1.644843817
2026-07-29T21:18:31.164292+00:00,349.888721,current,dark,-60.000,-90.000,0,0,,0.000710227,25.0000,4.896454334,4.903250217,1.649369478
2026-07-29T21:18:31.314784+00:00,350.039217,current,dark,-60.000,-90.000,1,0,,0.000710227,25.0000,4.896464825,4.903269291,1.649132133
2026-07-29T21:18:31.465195+00:00,350.189626,current,dark,-60.000,-90.000,2,0,,0.000710227,25.0000,4.896450520,4.903253555,1.649382591
2026-07-29T21:18:31.615638+00:00,350.340072,current,dark,-60.000,-90.000,3,0,,0.000738636,25.0000,4.896459103,4.903245926,1.649619937
2026-07-29T21:18:31.766019+00:00,350.490452,current,dark,-60.000,-90.000,4,0,,0.000710227,25.0000,4.896454811,4.903243065,1.649295926
2026-07-29T21:18:31.916358+00:00,350.640791,current,dark,-60.000,-90.000,5,0,,0.000710227,25.0000,4.896469116,4.903250694,1.649378538
2026-07-29T21:18:32.066653+00:00,350.791087,current,dark,-60.000,-90.000,6,0,,0.000738636,25.0000,4.896480560,4.903252602,1.649465203
2026-07-29T21:18:32.216971+00:00,350.941403,current,dark,-60.000,-90.000,7,0,,0.000710227,25.0000,4.896480083,4.903239727,1.649415374
2026-07-29T21:18:32.367624+00:00,351.092055,current,dark,-60.000,-90.000,8,0,,0.000710227,25.0000,4.896478176,4.903249264,1.649093390
2026-07-29T21:18:32.517667+00:00,351.242094,current,dark,-60.000,-90.000,9,0,,0.000710227,25.0000,4.896478176,4.903276443,1.649391413
2026-07-29T21:18:32.668300+00:00,351.392731,current,dark,-60.000,-90.000,10,0,,0.000710227,25.0000,4.896481514,4.903260231,1.649329662
2026-07-29T21:18:32.818758+00:00,351.543191,current,dark,-60.000,-90.000,11,0,,0.000710227,25.0000,4.896475315,4.903267860,1.649515510
2026-07-29T21:18:32.969268+00:00,351.693699,current,dark,-60.000,-90.000,12,0,,0.000738636,25.0000,4.896468163,4.903264523,1.649318457
2026-07-29T21:18:33.119838+00:00,351.844270,current,dark,-60.000,-90.000,13,0,,0.000710227,25.0000,4.896471024,4.903274536,1.649539351
2026-07-29T21:18:33.270152+00:00,351.994586,current,dark,-60.000,-90.000,14,0,,0.000710227,25.0000,4.896472454,4.903264999,1.649498105
2026-07-29T21:18:33.420594+00:00,352.145026,current,dark,-60.000,-90.000,15,0,,0.000710227,25.0000,4.896477699,4.903256416,1.649445891
2026-07-29T21:18:33.570951+00:00,352.295384,current,dark,-60.000,-90.000,16,0,,0.000710227,25.0000,4.896482468,4.903260708,1.649591446
2026-07-29T21:18:33.721280+00:00,352.445714,current,dark,-60.000,-90.000,17,0,,0.000710227,25.0000,4.896481514,4.903274059,1.649285674
2026-07-29T21:18:33.871647+00:00,352.596081,current,dark,-60.000,-90.000,18,0,,0.000710227,25.0000,4.896472931,4.903259277,1.649310589
2026-07-29T21:18:34.022009+00:00,352.746444,current,dark,-60.000,-90.000,19,0,,0.000710227,25.0000,4.896469116,4.903265476,1.649564981
2026-07-29T21:18:38.216302+00:00,356.940730,current,rgb,-60.000,-90.000,0,700,0.258700,0.259062500,25.0000,3.710335732,3.750600815,1.643116474
2026-07-29T21:18:38.366809+00:00,357.091241,current,rgb,-60.000,-90.000,1,700,0.258700,0.259034091,25.0000,3.710393429,3.750681400,1.643254519
2026-07-29T21:18:38.517207+00:00,357.241639,current,rgb,-60.000,-90.000,2,700,0.258700,0.259034091,25.0000,3.710283041,3.750521183,1.643063784
2026-07-29T21:18:38.667647+00:00,357.392080,current,rgb,-60.000,-90.000,3,700,0.258700,0.259090909,25.0000,3.710527658,3.750848293,1.643246174
2026-07-29T21:18:38.818015+00:00,357.542450,current,rgb,-60.000,-90.000,4,700,0.258700,0.259062500,25.0000,3.710493088,3.750748396,1.643220305
2026-07-29T21:18:38.968408+00:00,357.692839,current,rgb,-60.000,-90.000,5,700,0.258700,0.259034091,25.0000,3.710658073,3.750916719,1.643105268
2026-07-29T21:18:39.118797+00:00,357.843230,current,rgb,-60.000,-90.000,6,700,0.258700,0.259147727,25.0000,3.710763216,3.751020670,1.643229127
2026-07-29T21:18:39.269166+00:00,357.993601,current,rgb,-60.000,-90.000,7,700,0.258700,0.259005682,25.0000,3.710767746,3.751137733,1.643063784
2026-07-29T21:18:39.419576+00:00,358.144010,current,rgb,-60.000,-90.000,8,700,0.258700,0.259090909,25.0000,3.711023808,3.751256704,1.643033266
2026-07-29T21:18:39.570154+00:00,358.294585,current,rgb,-60.000,-90.000,9,700,0.258700,0.259090909,25.0000,3.710887432,3.751261473,1.643372655
2026-07-29T21:18:39.720539+00:00,358.444973,current,rgb,-60.000,-90.000,10,700,0.258700,0.259062500,25.0000,3.710937738,3.751091480,1.643088460
2026-07-29T21:18:39.870961+00:00,358.595392,current,rgb,-60.000,-90.000,11,700,0.258700,0.259147727,25.0000,3.711011410,3.751240730,1.643390179
2026-07-29T21:18:40.021470+00:00,358.745899,current,rgb,-60.000,-90.000,12,700,0.258700,0.259090909,25.0000,3.710835218,3.751071930,1.643219113
2026-07-29T21:18:40.172020+00:00,358.896452,current,rgb,-60.000,-90.000,13,700,0.258700,0.259147727,25.0000,3.711029291,3.751241207,1.643025994
2026-07-29T21:18:40.322347+00:00,359.046780,current,rgb,-60.000,-90.000,14,700,0.258700,0.259147727,25.0000,3.710987091,3.751212597,1.643210530
2026-07-29T21:18:40.472702+00:00,359.197134,current,rgb,-60.000,-90.000,15,700,0.258700,0.259147727,25.0000,3.710851192,3.751112938,1.643023491
2026-07-29T21:18:40.623120+00:00,359.347553,current,rgb,-60.000,-90.000,16,700,0.258700,0.259176136,25.0000,3.711116076,3.751281261,1.642696381
2026-07-29T21:18:40.773463+00:00,359.497898,current,rgb,-60.000,-90.000,17,700,0.258700,0.259119318,25.0000,3.710982561,3.751264811,1.643457413
2026-07-29T21:18:40.923832+00:00,359.648266,current,rgb,-60.000,-90.000,18,700,0.258700,0.259147727,25.0000,3.711097002,3.751259327,1.643177271
2026-07-29T21:18:41.074120+00:00,359.798554,current,rgb,-60.000,-90.000,19,700,0.258700,0.259119318,25.0000,3.711232185,3.751428127,1.643225431
2026-07-29T21:18:44.775592+00:00,363.500022,current,rgb,-60.000,-45.000,0,700,0.258700,0.259147727,25.0000,3.712230206,3.752159834,1.643317699
2026-07-29T21:18:44.926114+00:00,363.650546,current,rgb,-60.000,-45.000,1,700,0.258700,0.259232955,25.0000,3.711971998,3.752336502,1.643664360
2026-07-29T21:18:45.076842+00:00,363.801272,current,rgb,-60.000,-45.000,2,700,0.258700,0.259204545,25.0000,3.712179661,3.752475023,1.643469810
2026-07-29T21:18:45.227279+00:00,363.951713,current,rgb,-60.000,-45.000,3,700,0.258700,0.259204545,25.0000,3.712378502,3.752689123,1.643337011
2026-07-29T21:18:45.377756+00:00,364.102189,current,rgb,-60.000,-45.000,4,700,0.258700,0.259147727,25.0000,3.712273121,3.752532482,1.643528700
2026-07-29T21:18:45.528213+00:00,364.252648,current,rgb,-60.000,-45.000,5,700,0.258700,0.259147727,25.0000,3.712283611,3.752675056,1.643238306
2026-07-29T21:18:45.678592+00:00,364.403025,current,rgb,-60.000,-45.000,6,700,0.258700,0.259147727,25.0000,3.712477446,3.752768040,1.643317699
2026-07-29T21:18:45.828919+00:00,364.553354,current,rgb,-60.000,-45.000,7,700,0.258700,0.259090909,25.0000,3.712316036,3.752668381,1.643586516
2026-07-29T21:18:45.979370+00:00,364.703804,current,rgb,-60.000,-45.000,8,700,0.258700,0.259119318,25.0000,3.712488413,3.752612114,1.643428087
2026-07-29T21:18:46.129732+00:00,364.854166,current,rgb,-60.000,-45.000,9,700,0.258700,0.259232955,25.0000,3.712619543,3.752923012,1.643327951
2026-07-29T21:18:46.280072+00:00,365.004507,current,rgb,-60.000,-45.000,10,700,0.258700,0.259204545,25.0000,3.712285995,3.752596140,1.643415332
2026-07-29T21:18:46.430373+00:00,365.154808,current,rgb,-60.000,-45.000,11,700,0.258700,0.259176136,25.0000,3.712396145,3.752707958,1.643572092
2026-07-29T21:18:46.580669+00:00,365.305103,current,rgb,-60.000,-45.000,12,700,0.258700,0.259204545,25.0000,3.712467194,3.752821922,1.643580437
2026-07-29T21:18:46.730967+00:00,365.455401,current,rgb,-60.000,-45.000,13,700,0.258700,0.259147727,25.0000,3.712440968,3.752791643,1.643214941
2026-07-29T21:18:46.881272+00:00,365.605707,current,rgb,-60.000,-45.000,14,700,0.258700,0.259147727,25.0000,3.712629795,3.752955914,1.643345237
2026-07-29T21:18:47.031619+00:00,365.756054,current,rgb,-60.000,-45.000,15,700,0.258700,0.259176136,25.0000,3.712803364,3.753194332,1.643464923
2026-07-29T21:18:47.181950+00:00,365.906385,current,rgb,-60.000,-45.000,16,700,0.258700,0.259062500,25.0000,3.713073969,3.753084183,1.643249393
2026-07-29T21:18:47.332311+00:00,366.056746,current,rgb,-60.000,-45.000,17,700,0.258700,0.259119318,25.0000,3.712975025,3.753231525,1.643552780
2026-07-29T21:18:47.482629+00:00,366.207063,current,rgb,-60.000,-45.000,18,700,0.258700,0.259062500,25.0000,3.713075876,3.753433466,1.643322587
2026-07-29T21:18:47.632958+00:00,366.357387,current,rgb,-60.000,-45.000,19,700,0.258700,0.259062500,25.0000,3.713299751,3.753582001,1.643205643
2026-07-29T21:18:51.334875+00:00,370.059304,current,rgb,-60.000,0.000,0,700,0.258700,0.259147727,25.0000,3.713034153,3.753376245,1.643305779
2026-07-29T21:18:51.485368+00:00,370.209800,current,rgb,-60.000,0.000,1,700,0.258700,0.259204545,25.0000,3.713102818,3.753478765,1.643512964
2026-07-29T21:18:51.635829+00:00,370.360262,current,rgb,-60.000,0.000,2,700,0.258700,0.259176136,25.0000,3.713412523,3.753872871,1.643411994
2026-07-29T21:18:51.786156+00:00,370.510591,current,rgb,-60.000,0.000,3,700,0.258700,0.259090909,25.0000,3.713002443,3.753461838,1.643116832
2026-07-29T21:18:51.936561+00:00,370.660995,current,rgb,-60.000,0.000,4,700,0.258700,0.259232955,25.0000,3.713212490,3.753616810,1.643362641
2026-07-29T21:18:52.086934+00:00,370.811369,current,rgb,-60.000,0.000,5,700,0.258700,0.259204545,25.0000,3.713151217,3.753497362,1.643468618
2026-07-29T21:18:52.237290+00:00,370.961722,current,rgb,-60.000,0.000,6,700,0.258700,0.259176136,25.0000,3.713312387,3.753575325,1.643332601
2026-07-29T21:18:52.387670+00:00,371.112104,current,rgb,-60.000,0.000,7,700,0.258700,0.259204545,25.0000,3.713386297,3.753714323,1.643359900
2026-07-29T21:18:52.538117+00:00,371.262550,current,rgb,-60.000,0.000,8,700,0.258700,0.259147727,25.0000,3.713234425,3.753544807,1.643134356
2026-07-29T21:18:52.688536+00:00,371.412969,current,rgb,-60.000,0.000,9,700,0.258700,0.259176136,25.0000,3.713432312,3.753831863,1.643370152
2026-07-29T21:18:52.838851+00:00,371.563285,current,rgb,-60.000,0.000,10,700,0.258700,0.259176136,25.0000,3.713285923,3.753705502,1.643555045
2026-07-29T21:18:52.989146+00:00,371.713580,current,rgb,-60.000,0.000,11,700,0.258700,0.259147727,25.0000,3.713164330,3.753547192,1.643296480
2026-07-29T21:18:53.139418+00:00,371.863852,current,rgb,-60.000,0.000,12,700,0.258700,0.259176136,25.0000,3.713374615,3.753839016,1.643504739
2026-07-29T21:18:53.289756+00:00,372.014182,current,rgb,-60.000,0.000,13,700,0.258700,0.259147727,25.0000,3.713457346,3.753939152,1.643135786
2026-07-29T21:18:53.446710+00:00,372.171134,current,rgb,-60.000,0.000,14,700,0.258700,0.259119318,25.0000,3.713496923,3.753489017,1.643219829
2026-07-29T21:18:53.597218+00:00,372.321647,current,rgb,-60.000,0.000,15,700,0.258700,0.259460227,25.0000,3.713327885,3.753764153,1.643518686
2026-07-29T21:18:53.747740+00:00,372.472174,current,rgb,-60.000,0.000,16,700,0.258700,0.259176136,25.0000,3.713271856,3.753646612,1.643397331
2026-07-29T21:18:53.898119+00:00,372.622551,current,rgb,-60.000,0.000,17,700,0.258700,0.259204545,25.0000,3.713426113,3.753835678,1.643530130
2026-07-29T21:18:54.048600+00:00,372.773032,current,rgb,-60.000,0.000,18,700,0.258700,0.259176136,25.0000,3.713444710,3.753894329,1.643520832
2026-07-29T21:18:54.198961+00:00,372.923393,current,rgb,-60.000,0.000,19,700,0.258700,0.259176136,25.0000,3.713320255,3.753734589,1.643193245
2026-07-29T21:18:57.899979+00:00,376.624407,current,rgb,-60.000,45.000,0,700,0.258700,0.259147727,25.0000,3.714220762,3.754580975,1.643317699
2026-07-29T21:18:58.050528+00:00,376.774960,current,rgb,-60.000,45.000,1,700,0.258700,0.259090909,25.0000,3.714084148,3.754372358,1.643244267
2026-07-29T21:18:58.200858+00:00,376.925293,current,rgb,-60.000,45.000,2,700,0.258700,0.259176136,25.0000,3.714095354,3.754468918,1.643533468
2026-07-29T21:18:58.351213+00:00,377.075646,current,rgb,-60.000,45.000,3,700,0.258700,0.259147727,25.0000,3.713972807,3.754385710,1.643504500
2026-07-29T21:18:58.501782+00:00,377.226214,current,rgb,-60.000,45.000,4,700,0.258700,0.259119318,25.0000,3.714299202,3.754520416,1.643440723
2026-07-29T21:18:58.652176+00:00,377.376609,current,rgb,-60.000,45.000,5,700,0.258700,0.259176136,25.0000,3.714171410,3.754647255,1.643573761
2026-07-29T21:18:58.802784+00:00,377.527212,current,rgb,-60.000,45.000,6,700,0.258700,0.259147727,25.0000,3.714116573,3.754528522,1.643311858
2026-07-29T21:18:58.953309+00:00,377.677741,current,rgb,-60.000,45.000,7,700,0.258700,0.259147727,25.0000,3.714412451,3.754757643,1.643368959
2026-07-29T21:18:59.103847+00:00,377.828280,current,rgb,-60.000,45.000,8,700,0.258700,0.259062500,25.0000,3.714226246,3.754539490,1.643622398
2026-07-29T21:18:59.254261+00:00,377.978694,current,rgb,-60.000,45.000,9,700,0.258700,0.259176136,25.0000,3.714250088,3.754490376,1.643457651
2026-07-29T21:18:59.404781+00:00,378.129208,current,rgb,-60.000,45.000,10,700,0.258700,0.259119318,25.0000,3.714250565,3.754655838,1.643482685
2026-07-29T21:18:59.555424+00:00,378.279852,current,rgb,-60.000,45.000,11,700,0.258700,0.259147727,25.0000,3.714259863,3.754598141,1.643451929
2026-07-29T21:18:59.706084+00:00,378.430514,current,rgb,-60.000,45.000,12,700,0.258700,0.259204545,25.0000,3.714491367,3.754706383,1.643309116
2026-07-29T21:18:59.856535+00:00,378.580969,current,rgb,-60.000,45.000,13,700,0.258700,0.259176136,25.0000,3.714207649,3.754566193,1.643678308
2026-07-29T21:19:00.007059+00:00,378.731488,current,rgb,-60.000,45.000,14,700,0.258700,0.259147727,25.0000,3.714300394,3.754576683,1.642859936
2026-07-29T21:19:00.157578+00:00,378.882012,current,rgb,-60.000,45.000,15,700,0.258700,0.259176136,25.0000,3.714483738,3.754776955,1.643510103
2026-07-29T21:19:00.307959+00:00,379.032393,current,rgb,-60.000,45.000,16,700,0.258700,0.259119318,25.0000,3.714461088,3.754846096,1.643461943
2026-07-29T21:19:00.458389+00:00,379.182820,current,rgb,-60.000,45.000,17,700,0.258700,0.259090909,25.0000,3.714491129,3.754694223,1.643250346
2026-07-29T21:19:00.608798+00:00,379.333230,current,rgb,-60.000,45.000,18,700,0.258700,0.259176136,25.0000,3.714587212,3.754920721,1.643388033
2026-07-29T21:19:00.759236+00:00,379.483671,current,rgb,-60.000,45.000,19,700,0.258700,0.259090909,25.0000,3.714437485,3.754699230,1.643427610
2026-07-29T21:19:04.460238+00:00,383.184667,current,rgb,-60.000,90.000,0,700,0.258700,0.259232955,25.0000,3.714964867,3.755068541,1.643608928
2026-07-29T21:19:04.610824+00:00,383.335256,current,rgb,-60.000,90.000,1,700,0.258700,0.259147727,25.0000,3.715003014,3.755050182,1.643415332
2026-07-29T21:19:04.761164+00:00,383.485598,current,rgb,-60.000,90.000,2,700,0.258700,0.259176136,25.0000,3.715159655,3.755267620,1.643352151
2026-07-29T21:19:04.911447+00:00,383.635881,current,rgb,-60.000,90.000,3,700,0.258700,0.259232955,25.0000,3.715062380,3.755064487,1.643629432
2026-07-29T21:19:05.062092+00:00,383.786520,current,rgb,-60.000,90.000,4,700,0.258700,0.259176136,25.0000,3.714865685,3.754887104,1.643448591
2026-07-29T21:19:05.212614+00:00,383.937048,current,rgb,-60.000,90.000,5,700,0.258700,0.259204545,25.0000,3.715020418,3.755117655,1.643612862
2026-07-29T21:19:05.362944+00:00,384.087379,current,rgb,-60.000,90.000,6,700,0.258700,0.259119318,25.0000,3.714963198,3.755064487,1.643740058
2026-07-29T21:19:05.513260+00:00,384.237693,current,rgb,-60.000,90.000,7,700,0.258700,0.259176136,25.0000,3.715317726,3.755080700,1.643155336
2026-07-29T21:19:05.663908+00:00,384.388338,current,rgb,-60.000,90.000,8,700,0.258700,0.259232955,25.0000,3.715048313,3.755085468,1.643676400
2026-07-29T21:19:05.814540+00:00,384.538972,current,rgb,-60.000,90.000,9,700,0.258700,0.259204545,25.0000,3.715122938,3.755152464,1.643498182
2026-07-29T21:19:05.964972+00:00,384.689405,current,rgb,-60.000,90.000,10,700,0.258700,0.259176136,25.0000,3.715220690,3.755306005,1.643467069
2026-07-29T21:19:06.115386+00:00,384.839821,current,rgb,-60.000,90.000,11,700,0.258700,0.259204545,25.0000,3.715109825,3.755197048,1.643680215
2026-07-29T21:19:06.265782+00:00,384.990216,current,rgb,-60.000,90.000,12,700,0.258700,0.259119318,25.0000,3.715063572,3.755095959,1.643426895
2026-07-29T21:19:06.416147+00:00,385.140581,current,rgb,-60.000,90.000,13,700,0.258700,0.259204545,25.0000,3.715271473,3.755344152,1.643564582
2026-07-29T21:19:06.566646+00:00,385.291080,current,rgb,-60.000,90.000,14,700,0.258700,0.259062500,25.0000,3.715044975,3.755170822,1.643673658
2026-07-29T21:19:06.717120+00:00,385.441555,current,rgb,-60.000,90.000,15,700,0.258700,0.259204545,25.0000,3.715285063,3.755086660,1.643563509
2026-07-29T21:19:06.867376+00:00,385.591811,current,rgb,-60.000,90.000,16,700,0.258700,0.259204545,25.0000,3.715200424,3.755270004,1.643670678
2026-07-29T21:19:07.017701+00:00,385.742132,current,rgb,-60.000,90.000,17,700,0.258700,0.259147727,25.0000,3.715163231,3.755231857,1.643479109
2026-07-29T21:19:07.168126+00:00,385.892560,current,rgb,-60.000,90.000,18,700,0.258700,0.259176136,25.0000,3.715351105,3.755328655,1.643578172
2026-07-29T21:19:07.318390+00:00,386.042825,current,rgb,-60.000,90.000,19,700,0.258700,0.259204545,25.0000,3.715133905,3.755254507,1.643725157
2026-07-29T21:19:17.773358+00:00,396.497787,current,dark,-55.000,-90.000,0,0,,0.000710227,25.0000,4.896491528,4.903273106,1.649459839
2026-07-29T21:19:17.923843+00:00,396.648278,current,dark,-55.000,-90.000,1,0,,0.000710227,25.0000,4.896487713,4.903279305,1.649630904
2026-07-29T21:19:18.074138+00:00,396.798571,current,dark,-55.000,-90.000,2,0,,0.000710227,25.0000,4.896493435,4.903274536,1.649396777
2026-07-29T21:19:18.224519+00:00,396.948953,current,dark,-55.000,-90.000,3,0,,0.000710227,25.0000,4.896492958,4.903258324,1.649279118
2026-07-29T21:19:18.374807+00:00,397.099241,current,dark,-55.000,-90.000,4,0,,0.000710227,25.0000,4.896478653,4.903283596,1.649462223
2026-07-29T21:19:18.525121+00:00,397.249555,current,dark,-55.000,-90.000,5,0,,0.000710227,25.0000,4.896487713,4.903276920,1.649365306
2026-07-29T21:19:18.675394+00:00,397.399829,current,dark,-55.000,-90.000,6,0,,0.000710227,25.0000,4.896491528,4.903259277,1.649481297
2026-07-29T21:19:18.825745+00:00,397.550180,current,dark,-55.000,-90.000,7,0,,0.000710227,25.0000,4.896483898,4.903254986,1.649366021
2026-07-29T21:19:18.976106+00:00,397.700539,current,dark,-55.000,-90.000,8,0,,0.000710227,25.0000,4.896487236,4.903260231,1.649406075
2026-07-29T21:19:19.126521+00:00,397.850953,current,dark,-55.000,-90.000,9,0,,0.000738636,25.0000,4.896464348,4.903268337,1.649677277
2026-07-29T21:19:19.276933+00:00,398.001367,current,dark,-55.000,-90.000,10,0,,0.000710227,25.0000,4.896459103,4.903255463,1.649511576
2026-07-29T21:19:19.427271+00:00,398.151705,current,dark,-55.000,-90.000,11,0,,0.000710227,25.0000,4.896471024,4.903243065,1.648673177
2026-07-29T21:19:19.577680+00:00,398.302110,current,dark,-55.000,-90.000,12,0,,0.000710227,25.0000,4.896468639,4.903244972,1.649419308
2026-07-29T21:19:19.727767+00:00,398.452191,current,dark,-55.000,-90.000,13,0,,0.000738636,25.0000,4.896430969,4.903236389,1.649293065
2026-07-29T21:19:19.878391+00:00,398.602822,current,dark,-55.000,-90.000,14,0,,0.000710227,25.0000,4.896468639,4.903236389,1.649394870
2026-07-29T21:19:20.028832+00:00,398.753259,current,dark,-55.000,-90.000,15,0,,0.000710227,25.0000,4.896452904,4.903243065,1.649288416
2026-07-29T21:19:20.179415+00:00,398.903845,current,dark,-55.000,-90.000,16,0,,0.000710227,25.0000,4.896459579,4.903239727,1.649515748
2026-07-29T21:19:20.329988+00:00,399.054420,current,dark,-55.000,-90.000,17,0,,0.000710227,25.0000,4.896465302,4.903240204,1.649514437
2026-07-29T21:19:20.480461+00:00,399.204894,current,dark,-55.000,-90.000,18,0,,0.000710227,25.0000,4.896462917,4.903233051,1.649230599
2026-07-29T21:19:20.630849+00:00,399.355282,current,dark,-55.000,-90.000,19,0,,0.000710227,25.0000,4.896466732,4.903226852,1.649366975
2026-07-29T21:19:24.825125+00:00,403.549554,current,rgb,-55.000,-90.000,0,700,0.258700,0.259147727,25.0000,3.711112738,3.751509190,1.642040849
2026-07-29T21:19:24.975364+00:00,403.699790,current,rgb,-55.000,-90.000,1,700,0.258700,0.259090909,25.0000,3.710956097,3.751105309,1.641983986
2026-07-29T21:19:25.125941+00:00,403.850370,current,rgb,-55.000,-90.000,2,700,0.258700,0.259147727,25.0000,3.711471319,3.751616716,1.642288208
2026-07-29T21:19:25.276476+00:00,404.000909,current,rgb,-55.000,-90.000,3,700,0.258700,0.259176136,25.0000,3.711743593,3.751611471,1.642093062
2026-07-29T21:19:25.426975+00:00,404.151409,current,rgb,-55.000,-90.000,4,700,0.258700,0.259204545,25.0000,3.711554766,3.751741409,1.642263293
2026-07-29T21:19:25.577316+00:00,404.301748,current,rgb,-55.000,-90.000,5,700,0.258700,0.259176136,25.0000,3.711616993,3.751827478,1.642013311
2026-07-29T21:19:25.727840+00:00,404.452271,current,rgb,-55.000,-90.000,6,700,0.258700,0.259204545,25.0000,3.711856365,3.752060890,1.642251015
2026-07-29T21:19:25.878171+00:00,404.602603,current,rgb,-55.000,-90.000,7,700,0.258700,0.259147727,25.0000,3.711841345,3.752001286,1.642342091
2026-07-29T21:19:26.028530+00:00,404.752963,current,rgb,-55.000,-90.000,8,700,0.258700,0.259147727,25.0000,3.711890221,3.752036095,1.642092347
2026-07-29T21:19:26.178829+00:00,404.903263,current,rgb,-55.000,-90.000,9,700,0.258700,0.259119318,25.0000,3.712143421,3.752300739,1.642183661
2026-07-29T21:19:26.329120+00:00,405.053555,current,rgb,-55.000,-90.000,10,700,0.258700,0.259062500,25.0000,3.712015390,3.752275944,1.642205834
2026-07-29T21:19:26.479388+00:00,405.203822,current,rgb,-55.000,-90.000,11,700,0.258700,0.259147727,25.0000,3.712384701,3.752281189,1.641983747
2026-07-29T21:19:26.629736+00:00,405.354170,current,rgb,-55.000,-90.000,12,700,0.258700,0.259204545,25.0000,3.712183237,3.752346277,1.642296195
2026-07-29T21:19:26.780195+00:00,405.504630,current,rgb,-55.000,-90.000,13,700,0.258700,0.259232955,25.0000,3.712204695,3.752388716,1.642076015
2026-07-29T21:19:26.930488+00:00,405.654922,current,rgb,-55.000,-90.000,14,700,0.258700,0.259147727,25.0000,3.712438345,3.752597570,1.642143846
2026-07-29T21:19:27.080800+00:00,405.805234,current,rgb,-55.000,-90.000,15,700,0.258700,0.259119318,25.0000,3.712348461,3.752899647,1.642275929
2026-07-29T21:19:27.231167+00:00,405.955601,current,rgb,-55.000,-90.000,16,700,0.258700,0.259090909,25.0000,3.712760210,3.752910137,1.642096043
2026-07-29T21:19:27.381473+00:00,406.105908,current,rgb,-55.000,-90.000,17,700,0.258700,0.259062500,25.0000,3.712939024,3.753032684,1.642232299
2026-07-29T21:19:27.531851+00:00,406.256286,current,rgb,-55.000,-90.000,18,700,0.258700,0.259090909,25.0000,3.712868929,3.752975464,1.642249584
2026-07-29T21:19:27.682369+00:00,406.406799,current,rgb,-55.000,-90.000,19,700,0.258700,0.259119318,25.0000,3.713187218,3.753005981,1.641597271
2026-07-29T21:19:31.383290+00:00,410.107721,current,rgb,-55.000,-45.000,0,700,0.258700,0.259147727,25.0000,3.713410139,3.753667831,1.641936898
2026-07-29T21:19:31.533793+00:00,410.258227,current,rgb,-55.000,-45.000,1,700,0.258700,0.259176136,25.0000,3.713570833,3.753778458,1.641767144
2026-07-29T21:19:31.684260+00:00,410.408694,current,rgb,-55.000,-45.000,2,700,0.258700,0.259176136,25.0000,3.713578701,3.753847837,1.641965628
2026-07-29T21:19:31.834622+00:00,410.559055,current,rgb,-55.000,-45.000,3,700,0.258700,0.259176136,25.0000,3.713480949,3.753730059,1.641624093
2026-07-29T21:19:31.985027+00:00,410.709457,current,rgb,-55.000,-45.000,4,700,0.258700,0.259176136,25.0000,3.713932514,3.754205942,1.641918302
2026-07-29T21:19:32.135398+00:00,410.859832,current,rgb,-55.000,-45.000,5,700,0.258700,0.259062500,25.0000,3.713860035,3.754078150,1.642257452
2026-07-29T21:19:32.285756+00:00,411.010190,current,rgb,-55.000,-45.000,6,700,0.258700,0.259062500,25.0000,3.713962078,3.754163027,1.641906857
2026-07-29T21:19:32.436179+00:00,411.160612,current,rgb,-55.000,-45.000,7,700,0.258700,0.259090909,25.0000,3.714052439,3.754333258,1.641883373
2026-07-29T21:19:32.586490+00:00,411.310923,current,rgb,-55.000,-45.000,8,700,0.258700,0.259062500,25.0000,3.713953257,3.754152775,1.641923189
2026-07-29T21:19:32.736803+00:00,411.461237,current,rgb,-55.000,-45.000,9,700,0.258700,0.259147727,25.0000,3.714129448,3.754380703,1.641919971
2026-07-29T21:19:32.887136+00:00,411.611569,current,rgb,-55.000,-45.000,10,700,0.258700,0.259034091,25.0000,3.714142799,3.754399776,1.641886592
2026-07-29T21:19:33.037563+00:00,411.761965,current,rgb,-55.000,-45.000,11,700,0.258700,0.259062500,25.0000,3.713624716,3.753944635,1.641679049
2026-07-29T21:19:33.188002+00:00,411.912436,current,rgb,-55.000,-45.000,12,700,0.258700,0.259147727,25.0000,3.714180946,3.754428625,1.641651154
2026-07-29T21:19:33.338400+00:00,412.062833,current,rgb,-55.000,-45.000,13,700,0.258700,0.259119318,25.0000,3.713829041,3.754055262,1.641896844
2026-07-29T21:19:33.488676+00:00,412.213110,current,rgb,-55.000,-45.000,14,700,0.258700,0.259176136,25.0000,3.713923693,3.754042387,1.641726851
2026-07-29T21:19:33.638974+00:00,412.363409,current,rgb,-55.000,-45.000,15,700,0.258700,0.259204545,25.0000,3.713882446,3.754155159,1.641898513
2026-07-29T21:19:33.789274+00:00,412.513708,current,rgb,-55.000,-45.000,16,700,0.258700,0.259147727,25.0000,3.713792801,3.754087925,1.641884327
2026-07-29T21:19:33.939655+00:00,412.664089,current,rgb,-55.000,-45.000,17,700,0.258700,0.259204545,25.0000,3.713939428,3.754158020,1.641849399
2026-07-29T21:19:34.090031+00:00,412.814464,current,rgb,-55.000,-45.000,18,700,0.258700,0.259204545,25.0000,3.713901520,3.754153013,1.642056704
2026-07-29T21:19:34.240334+00:00,412.964768,current,rgb,-55.000,-45.000,19,700,0.258700,0.259147727,25.0000,3.713809490,3.754056454,1.641764283
2026-07-29T21:19:37.941927+00:00,416.666356,current,rgb,-55.000,0.000,0,700,0.258700,0.259090909,25.0000,3.714637518,3.754914761,1.631873131
2026-07-29T21:19:38.092443+00:00,416.816877,current,rgb,-55.000,0.000,1,700,0.258700,0.259147727,25.0000,3.714784384,3.755007029,1.631649733
2026-07-29T21:19:38.242799+00:00,416.967234,current,rgb,-55.000,0.000,2,700,0.258700,0.259062500,25.0000,3.714964867,3.755187035,1.631530166
2026-07-29T21:19:38.393128+00:00,417.117561,current,rgb,-55.000,0.000,3,700,0.258700,0.259005682,25.0000,3.714876652,3.755201340,1.631714463
2026-07-29T21:19:38.543570+00:00,417.268004,current,rgb,-55.000,0.000,4,700,0.258700,0.259034091,25.0000,3.715163708,3.755079269,1.631397486
2026-07-29T21:19:38.693930+00:00,417.418364,current,rgb,-55.000,0.000,5,700,0.258700,0.259090909,25.0000,3.715302706,3.755510092,1.631605506
2026-07-29T21:19:38.844268+00:00,417.568704,current,rgb,-55.000,0.000,6,700,0.258700,0.259005682,25.0000,3.714915752,3.755177259,1.631409764
2026-07-29T21:19:38.994616+00:00,417.719050,current,rgb,-55.000,0.000,7,700,0.258700,0.259034091,25.0000,3.715106249,3.755346775,1.631492734
2026-07-29T21:19:39.144925+00:00,417.869360,current,rgb,-55.000,0.000,8,700,0.258700,0.259119318,25.0000,3.715015650,3.755283117,1.631639957
2026-07-29T21:19:39.295222+00:00,418.019657,current,rgb,-55.000,0.000,9,700,0.258700,0.259090909,25.0000,3.714868784,3.755128384,1.631390214
2026-07-29T21:19:39.445494+00:00,418.169929,current,rgb,-55.000,0.000,10,700,0.258700,0.259090909,25.0000,3.715107679,3.755278587,1.631679296
2026-07-29T21:19:39.595862+00:00,418.320295,current,rgb,-55.000,0.000,11,700,0.258700,0.259119318,25.0000,3.715001106,3.755285740,1.631641626
2026-07-29T21:19:39.746266+00:00,418.470702,current,rgb,-55.000,0.000,12,700,0.258700,0.259090909,25.0000,3.715234756,3.755240440,1.631479383
2026-07-29T21:19:39.896655+00:00,418.621089,current,rgb,-55.000,0.000,13,700,0.258700,0.259147727,25.0000,3.715149164,3.755367756,1.631644130
2026-07-29T21:19:40.046663+00:00,418.771091,current,rgb,-55.000,0.000,14,700,0.258700,0.259119318,25.0000,3.714808464,3.754954576,1.631490588
2026-07-29T21:19:40.197151+00:00,418.921584,current,rgb,-55.000,0.000,15,700,0.258700,0.259119318,25.0000,3.714885473,3.755171776,1.631542087
2026-07-29T21:19:40.347560+00:00,419.071994,current,rgb,-55.000,0.000,16,700,0.258700,0.259090909,25.0000,3.714876652,3.755089760,1.631778359
2026-07-29T21:19:40.497941+00:00,419.222374,current,rgb,-55.000,0.000,17,700,0.258700,0.259147727,25.0000,3.714806795,3.755059242,1.631437778
2026-07-29T21:19:40.648555+00:00,419.372985,current,rgb,-55.000,0.000,18,700,0.258700,0.259062500,25.0000,3.715051413,3.755271673,1.631524205
2026-07-29T21:19:40.799256+00:00,419.523683,current,rgb,-55.000,0.000,19,700,0.258700,0.259090909,25.0000,3.714777231,3.755056381,1.631646991
2026-07-29T21:19:44.500584+00:00,423.225013,current,rgb,-55.000,45.000,0,700,0.258700,0.259119318,25.0000,3.715670586,3.755821228,1.641686320
2026-07-29T21:19:44.651257+00:00,423.375688,current,rgb,-55.000,45.000,1,700,0.258700,0.259034091,25.0000,3.715555668,3.755719185,1.641676068
2026-07-29T21:19:44.801619+00:00,423.526053,current,rgb,-55.000,45.000,2,700,0.258700,0.259119318,25.0000,3.715806484,3.755731821,1.641643167
2026-07-29T21:19:44.951997+00:00,423.676431,current,rgb,-55.000,45.000,3,700,0.258700,0.259147727,25.0000,3.715656281,3.755805969,1.641927600
2026-07-29T21:19:45.102458+00:00,423.826887,current,rgb,-55.000,45.000,4,700,0.258700,0.259090909,25.0000,3.715488672,3.755674124,1.641633868
2026-07-29T21:19:45.253000+00:00,423.977433,current,rgb,-55.000,45.000,5,700,0.258700,0.259119318,25.0000,3.715709209,3.755897999,1.641769171
2026-07-29T21:19:45.403317+00:00,424.127752,current,rgb,-55.000,45.000,6,700,0.258700,0.259034091,25.0000,3.715657949,3.755775452,1.641928077
2026-07-29T21:19:45.553781+00:00,424.278214,current,rgb,-55.000,45.000,7,700,0.258700,0.259147727,25.0000,3.715549469,3.755672455,1.641703725
2026-07-29T21:19:45.704303+00:00,424.428733,current,rgb,-55.000,45.000,8,700,0.258700,0.259147727,25.0000,3.715760708,3.755886078,1.641874313
2026-07-29T21:19:45.854766+00:00,424.579200,current,rgb,-55.000,45.000,9,700,0.258700,0.259090909,25.0000,3.715658426,3.755885124,1.641785979
2026-07-29T21:19:46.004711+00:00,424.729136,current,rgb,-55.000,45.000,10,700,0.258700,0.259090909,25.0000,3.715594769,3.755819559,1.641746640
2026-07-29T21:19:46.155264+00:00,424.879695,current,rgb,-55.000,45.000,11,700,0.258700,0.259176136,25.0000,3.715759277,3.755881310,1.641830683
2026-07-29T21:19:46.305769+00:00,425.030204,current,rgb,-55.000,45.000,12,700,0.258700,0.259119318,25.0000,3.715655804,3.755777836,1.641549587
2026-07-29T21:19:46.456178+00:00,425.180611,current,rgb,-55.000,45.000,13,700,0.258700,0.259147727,25.0000,3.715792894,3.755881310,1.641826272
2026-07-29T21:19:46.606529+00:00,425.330961,current,rgb,-55.000,45.000,14,700,0.258700,0.259090909,25.0000,3.715684891,3.755853176,1.641970277
2026-07-29T21:19:46.756839+00:00,425.481274,current,rgb,-55.000,45.000,15,700,0.258700,0.259147727,25.0000,3.715706825,3.755771637,1.641670465
2026-07-29T21:19:46.907102+00:00,425.631537,current,rgb,-55.000,45.000,16,700,0.258700,0.259147727,25.0000,3.715699673,3.755852938,1.641852617
2026-07-29T21:19:47.057357+00:00,425.781792,current,rgb,-55.000,45.000,17,700,0.258700,0.259090909,25.0000,3.715845346,3.755867720,1.641353846
2026-07-29T21:19:47.207846+00:00,425.932278,current,rgb,-55.000,45.000,18,700,0.258700,0.259119318,25.0000,3.716366291,3.756420135,1.641681910
2026-07-29T21:19:47.358220+00:00,426.082655,current,rgb,-55.000,45.000,19,700,0.258700,0.259062500,25.0000,3.716222763,3.756369591,1.641830206
2026-07-29T21:19:51.058981+00:00,429.783412,current,rgb,-55.000,90.000,0,700,0.258700,0.259176136,25.0000,3.716321468,3.756259918,1.642240763
2026-07-29T21:19:51.209628+00:00,429.934057,current,rgb,-55.000,90.000,1,700,0.258700,0.259176136,25.0000,3.716238499,3.755447388,1.642353296
2026-07-29T21:19:51.360004+00:00,430.084433,current,rgb,-55.000,90.000,2,700,0.258700,0.259232955,25.0000,3.716139555,3.756013155,1.642191529
2026-07-29T21:19:51.510519+00:00,430.234952,current,rgb,-55.000,90.000,3,700,0.258700,0.259176136,25.0000,3.716332436,3.756240606,1.642295718
2026-07-29T21:19:51.660964+00:00,430.385394,current,rgb,-55.000,90.000,4,700,0.258700,0.259090909,25.0000,3.716296911,3.756225109,1.642299414
2026-07-29T21:19:51.811390+00:00,430.535823,current,rgb,-55.000,90.000,5,700,0.258700,0.259119318,25.0000,3.716470957,3.756154537,1.642117739
2026-07-29T21:19:51.961777+00:00,430.686210,current,rgb,-55.000,90.000,6,700,0.258700,0.259176136,25.0000,3.716384411,3.756301880,1.642268896
2026-07-29T21:19:52.112131+00:00,430.836567,current,rgb,-55.000,90.000,7,700,0.258700,0.259147727,25.0000,3.716332436,3.756427526,1.642169237
2026-07-29T21:19:52.262384+00:00,430.986818,current,rgb,-55.000,90.000,8,700,0.258700,0.259119318,25.0000,3.716738224,3.756619930,1.642249107
2026-07-29T21:19:52.412680+00:00,431.137114,current,rgb,-55.000,90.000,9,700,0.258700,0.259090909,25.0000,3.716768980,3.756617069,1.642366529
2026-07-29T21:19:52.563148+00:00,431.287582,current,rgb,-55.000,90.000,10,700,0.258700,0.259090909,25.0000,3.717005253,3.756838322,1.641952991
2026-07-29T21:19:52.713574+00:00,431.438007,current,rgb,-55.000,90.000,11,700,0.258700,0.259005682,25.0000,3.716941833,3.756806850,1.642063498
2026-07-29T21:19:52.863875+00:00,431.588310,current,rgb,-55.000,90.000,12,700,0.258700,0.259062500,25.0000,3.716912746,3.756673098,1.642234921
2026-07-29T21:19:53.014135+00:00,431.738570,current,rgb,-55.000,90.000,13,700,0.258700,0.259062500,25.0000,3.716966867,3.756558418,1.642070174
2026-07-29T21:19:53.164448+00:00,431.888883,current,rgb,-55.000,90.000,14,700,0.258700,0.259090909,25.0000,3.716982841,3.756788254,1.642233729
2026-07-29T21:19:53.314753+00:00,432.039187,current,rgb,-55.000,90.000,15,700,0.258700,0.259005682,25.0000,3.716909647,3.756695271,1.642043829
2026-07-29T21:19:53.465175+00:00,432.189609,current,rgb,-55.000,90.000,16,700,0.258700,0.259119318,25.0000,3.717035055,3.756858349,1.642201543
2026-07-29T21:19:53.615664+00:00,432.340091,current,rgb,-55.000,90.000,17,700,0.258700,0.259090909,25.0000,3.716830254,3.756853104,1.642201304
2026-07-29T21:19:53.766175+00:00,432.490607,current,rgb,-55.000,90.000,18,700,0.258700,0.259034091,25.0000,3.716877937,3.756779194,1.641929984
2026-07-29T21:19:53.916592+00:00,432.641025,current,rgb,-55.000,90.000,19,700,0.258700,0.259090909,25.0000,3.717066050,3.756937027,1.642103314
2026-07-29T21:20:04.371300+00:00,443.095730,current,dark,-50.000,-90.000,0,0,,0.000710227,25.0000,4.896472931,4.903251648,1.649272084
2026-07-29T21:20:04.521884+00:00,443.246315,current,dark,-50.000,-90.000,1,0,,0.000710227,25.0000,4.896478176,4.903241158,1.649422169
2026-07-29T21:20:04.672377+00:00,443.396811,current,dark,-50.000,-90.000,2,0,,0.000710227,25.0000,4.896487713,4.903247833,1.649406791
2026-07-29T21:20:04.822790+00:00,443.547225,current,dark,-50.000,-90.000,3,0,,0.000710227,25.0000,4.896483898,4.903239727,1.649345040
2026-07-29T21:20:04.972932+00:00,443.697367,current,dark,-50.000,-90.000,4,0,,0.000710227,25.0000,4.896478176,4.903230667,1.649433136
2026-07-29T21:20:05.123458+00:00,443.847887,current,dark,-50.000,-90.000,5,0,,0.000710227,25.0000,4.896456718,4.903201103,1.649261832
2026-07-29T21:20:05.273957+00:00,443.998390,current,dark,-50.000,-90.000,6,0,,0.000710227,25.0000,4.896453381,4.903223991,1.649490118
2026-07-29T21:20:05.424301+00:00,444.148735,current,dark,-50.000,-90.000,7,0,,0.000738636,25.0000,4.896459579,4.903206348,1.649405122
2026-07-29T21:20:05.574979+00:00,444.299405,current,dark,-50.000,-90.000,8,0,,0.000710227,25.0000,4.896447182,4.903197765,1.649159551
2026-07-29T21:20:05.725501+00:00,444.449933,current,dark,-50.000,-90.000,9,0,,0.000738636,25.0000,4.896463394,4.903212070,1.649469614
2026-07-29T21:20:05.875831+00:00,444.600265,current,dark,-50.000,-90.000,10,0,,0.000738636,25.0000,4.896449566,4.903210163,1.649429560
2026-07-29T21:20:06.026164+00:00,444.750596,current,dark,-50.000,-90.000,11,0,,0.000710227,25.0000,4.896465302,4.903213501,1.649299383
2026-07-29T21:20:06.176461+00:00,444.900896,current,dark,-50.000,-90.000,12,0,,0.000710227,25.0000,4.896456718,4.903197289,1.649416089
2026-07-29T21:20:06.326788+00:00,445.051223,current,dark,-50.000,-90.000,13,0,,0.000710227,25.0000,4.896450996,4.903228760,1.649136305
2026-07-29T21:20:06.477164+00:00,445.201598,current,dark,-50.000,-90.000,14,0,,0.000710227,25.0000,4.896453381,4.903204918,1.648573041
2026-07-29T21:20:06.627555+00:00,445.351988,current,dark,-50.000,-90.000,15,0,,0.000710227,25.0000,4.896444798,4.903207779,1.649607539
2026-07-29T21:20:06.777929+00:00,445.502363,current,dark,-50.000,-90.000,16,0,,0.000710227,25.0000,4.896457195,4.903210640,1.649364114
2026-07-29T21:20:06.928347+00:00,445.652780,current,dark,-50.000,-90.000,17,0,,0.000710227,25.0000,4.896456718,4.903198719,1.649335742
2026-07-29T21:20:07.078996+00:00,445.803424,current,dark,-50.000,-90.000,18,0,,0.000710227,25.0000,4.896450996,4.903204918,1.649335504
2026-07-29T21:20:07.229665+00:00,445.954097,current,dark,-50.000,-90.000,19,0,,0.000710227,25.0000,4.896480560,4.903229713,1.649151921
2026-07-29T21:20:11.423863+00:00,450.148292,current,rgb,-50.000,-90.000,0,700,0.258700,0.259062500,25.0000,3.712359905,3.752514362,1.641170740
2026-07-29T21:20:11.574382+00:00,450.298807,current,rgb,-50.000,-90.000,1,700,0.258700,0.259119318,25.0000,3.712656260,3.752521038,1.641091585
2026-07-29T21:20:11.724877+00:00,450.449308,current,rgb,-50.000,-90.000,2,700,0.258700,0.259119318,25.0000,3.712729216,3.752770424,1.641093135
2026-07-29T21:20:11.875384+00:00,450.599816,current,rgb,-50.000,-90.000,3,700,0.258700,0.259119318,25.0000,3.712451220,3.752842188,1.640919566
2026-07-29T21:20:12.025790+00:00,450.750223,current,rgb,-50.000,-90.000,4,700,0.258700,0.259090909,25.0000,3.712745190,3.752932549,1.640688062
2026-07-29T21:20:12.176320+00:00,450.900752,current,rgb,-50.000,-90.000,5,700,0.258700,0.259090909,25.0000,3.713231564,3.753328323,1.641235709
2026-07-29T21:20:12.327533+00:00,451.051962,current,rgb,-50.000,-90.000,6,700,0.258700,0.259005682,25.0000,3.713066101,3.753253222,1.640951514
2026-07-29T21:20:12.478094+00:00,451.202527,current,rgb,-50.000,-90.000,7,700,0.258700,0.259090909,25.0000,3.713315487,3.753552198,1.641207337
2026-07-29T21:20:12.628546+00:00,451.352979,current,rgb,-50.000,-90.000,8,700,0.258700,0.259034091,25.0000,3.713374615,3.753497362,1.641147971
2026-07-29T21:20:12.778991+00:00,451.503420,current,rgb,-50.000,-90.000,9,700,0.258700,0.259090909,25.0000,3.713180780,3.753038883,1.641007900
2026-07-29T21:20:12.929439+00:00,451.653873,current,rgb,-50.000,-90.000,10,700,0.258700,0.259232955,25.0000,3.712994576,3.753187656,1.641410470
2026-07-29T21:20:13.079854+00:00,451.804288,current,rgb,-50.000,-90.000,11,700,0.258700,0.259119318,25.0000,3.713145733,3.753322601,1.641155601
2026-07-29T21:20:13.230131+00:00,451.954566,current,rgb,-50.000,-90.000,12,700,0.258700,0.259119318,25.0000,3.713403225,3.753536224,1.640989780
2026-07-29T21:20:13.380451+00:00,452.104885,current,rgb,-50.000,-90.000,13,700,0.258700,0.259090909,25.0000,3.713252544,3.753416777,1.641369700
2026-07-29T21:20:13.530779+00:00,452.255213,current,rgb,-50.000,-90.000,14,700,0.258700,0.259176136,25.0000,3.713264704,3.753330469,1.641161680
2026-07-29T21:20:13.681134+00:00,452.405566,current,rgb,-50.000,-90.000,15,700,0.258700,0.259090909,25.0000,3.713440657,3.753600121,1.641243219
2026-07-29T21:20:13.831646+00:00,452.556079,current,rgb,-50.000,-90.000,16,700,0.258700,0.259119318,25.0000,3.713359356,3.753502131,1.641284704
2026-07-29T21:20:13.981998+00:00,452.706433,current,rgb,-50.000,-90.000,17,700,0.258700,0.259204545,25.0000,3.713658333,3.753620386,1.641201973
2026-07-29T21:20:14.132308+00:00,452.856743,current,rgb,-50.000,-90.000,18,700,0.258700,0.259232955,25.0000,3.713613749,3.753724098,1.641246438
2026-07-29T21:20:14.282651+00:00,453.007070,current,rgb,-50.000,-90.000,19,700,0.258700,0.259090909,25.0000,3.713546038,3.753668785,1.640983462
2026-07-29T21:20:17.983335+00:00,456.707763,current,rgb,-50.000,-45.000,0,700,0.258700,0.259090909,25.0000,3.714772701,3.755070686,1.640519857
2026-07-29T21:20:18.133822+00:00,456.858255,current,rgb,-50.000,-45.000,1,700,0.258700,0.259119318,25.0000,3.714761257,3.754987955,1.640361428
2026-07-29T21:20:18.284218+00:00,457.008651,current,rgb,-50.000,-45.000,2,700,0.258700,0.259090909,25.0000,3.714983940,3.755276680,1.640508890
2026-07-29T21:20:18.434598+00:00,457.159032,current,rgb,-50.000,-45.000,3,700,0.258700,0.259062500,25.0000,3.714942932,3.755124092,1.640533328
2026-07-29T21:20:18.584926+00:00,457.309360,current,rgb,-50.000,-45.000,4,700,0.258700,0.259062500,25.0000,3.714920521,3.755063534,1.640338182
2026-07-29T21:20:18.735310+00:00,457.459744,current,rgb,-50.000,-45.000,5,700,0.258700,0.259176136,25.0000,3.715108633,3.755269527,1.640484929
2026-07-29T21:20:18.885641+00:00,457.610075,current,rgb,-50.000,-45.000,6,700,0.258700,0.259034091,25.0000,3.714998245,3.755153418,1.640505910
2026-07-29T21:20:19.036012+00:00,457.760446,current,rgb,-50.000,-45.000,7,700,0.258700,0.259062500,25.0000,3.715087175,3.755325794,1.640582800
2026-07-29T21:20:19.186386+00:00,457.910821,current,rgb,-50.000,-45.000,8,700,0.258700,0.259090909,25.0000,3.715212584,3.755323887,1.640468597
2026-07-29T21:20:19.336695+00:00,458.061129,current,rgb,-50.000,-45.000,9,700,0.258700,0.259062500,25.0000,3.715052366,3.755270481,1.640306234
2026-07-29T21:20:19.487022+00:00,458.211455,current,rgb,-50.000,-45.000,10,700,0.258700,0.259119318,25.0000,3.715176582,3.755334854,1.640560627
2026-07-29T21:20:19.637574+00:00,458.361968,current,rgb,-50.000,-45.000,11,700,0.258700,0.259090909,25.0000,3.714737892,3.754891396,1.640774012
2026-07-29T21:20:19.788138+00:00,458.512572,current,rgb,-50.000,-45.000,12,700,0.258700,0.259204545,25.0000,3.714784384,3.754938602,1.640527964
2026-07-29T21:20:19.938394+00:00,458.662822,current,rgb,-50.000,-45.000,13,700,0.258700,0.259176136,25.0000,3.714896202,3.755100012,1.640566707
2026-07-29T21:20:20.088755+00:00,458.813185,current,rgb,-50.000,-45.000,14,700,0.258700,0.259147727,25.0000,3.714807510,3.755010128,1.640406609
2026-07-29T21:20:20.239280+00:00,458.963712,current,rgb,-50.000,-45.000,15,700,0.258700,0.259204545,25.0000,3.715337515,3.755469322,1.640368223
2026-07-29T21:20:20.389667+00:00,459.114101,current,rgb,-50.000,-45.000,16,700,0.258700,0.259119318,25.0000,3.714971542,3.755173683,1.640632868
2026-07-29T21:20:20.540138+00:00,459.264570,current,rgb,-50.000,-45.000,17,700,0.258700,0.259147727,25.0000,3.714925289,3.755107880,1.640336990
2026-07-29T21:20:20.690501+00:00,459.414935,current,rgb,-50.000,-45.000,18,700,0.258700,0.259147727,25.0000,3.715106249,3.755334616,1.640455127
2026-07-29T21:20:20.840838+00:00,459.565273,current,rgb,-50.000,-45.000,19,700,0.258700,0.259090909,25.0000,3.715131044,3.755366802,1.640496135
2026-07-29T21:20:24.541640+00:00,463.266069,current,rgb,-50.000,0.000,0,700,0.258700,0.259204545,25.0000,3.715738297,3.755901814,1.610604286
2026-07-29T21:20:24.692194+00:00,463.416626,current,rgb,-50.000,0.000,1,700,0.258700,0.259090909,25.0000,3.715531588,3.755639076,1.610932231
2026-07-29T21:20:24.842803+00:00,463.567235,current,rgb,-50.000,0.000,2,700,0.258700,0.259147727,25.0000,3.715690136,3.755786419,1.610753536
2026-07-29T21:20:24.993169+00:00,463.717603,current,rgb,-50.000,0.000,3,700,0.258700,0.259176136,25.0000,3.715661049,3.755827904,1.610734940
2026-07-29T21:20:25.143605+00:00,463.868034,current,rgb,-50.000,0.000,4,700,0.258700,0.259176136,25.0000,3.715634584,3.755753517,1.610548854
2026-07-29T21:20:25.294080+00:00,464.018514,current,rgb,-50.000,0.000,5,700,0.258700,0.259204545,25.0000,3.715789318,3.755997658,1.610678077
2026-07-29T21:20:25.444480+00:00,464.168915,current,rgb,-50.000,0.000,6,700,0.258700,0.259147727,25.0000,3.715588808,3.755774260,1.610932708
2026-07-29T21:20:25.594793+00:00,464.319227,current,rgb,-50.000,0.000,7,700,0.258700,0.259090909,25.0000,3.715691328,3.755864859,1.610673189
2026-07-29T21:20:25.745170+00:00,464.469604,current,rgb,-50.000,0.000,8,700,0.258700,0.259147727,25.0000,3.716162443,3.756332874,1.610661268
2026-07-29T21:20:25.895538+00:00,464.619971,current,rgb,-50.000,0.000,9,700,0.258700,0.259090909,25.0000,3.715768814,3.755885124,1.610566020
2026-07-29T21:20:26.045937+00:00,464.770367,current,rgb,-50.000,0.000,10,700,0.258700,0.259176136,25.0000,3.715934753,3.755801201,1.610607505
2026-07-29T21:20:26.196349+00:00,464.920783,current,rgb,-50.000,0.000,11,700,0.258700,0.259176136,25.0000,3.715834856,3.755996227,1.610795021
2026-07-29T21:20:26.346754+00:00,465.071188,current,rgb,-50.000,0.000,12,700,0.258700,0.259147727,25.0000,3.715851068,3.756052971,1.610598207
2026-07-29T21:20:26.497123+00:00,465.221558,current,rgb,-50.000,0.000,13,700,0.258700,0.259147727,25.0000,3.716032028,3.756136656,1.610537410
2026-07-29T21:20:26.647448+00:00,465.371881,current,rgb,-50.000,0.000,14,700,0.258700,0.259147727,25.0000,3.715867519,3.756083965,1.610782504
2026-07-29T21:20:26.797753+00:00,465.522188,current,rgb,-50.000,0.000,15,700,0.258700,0.259176136,25.0000,3.715857983,3.755980492,1.610428810
2026-07-29T21:20:26.948221+00:00,465.672655,current,rgb,-50.000,0.000,16,700,0.258700,0.259232955,25.0000,3.716056108,3.756123066,1.610731483
2026-07-29T21:20:27.098526+00:00,465.822959,current,rgb,-50.000,0.000,17,700,0.258700,0.259147727,25.0000,3.715963602,3.756006241,1.610772491
2026-07-29T21:20:27.249338+00:00,465.973767,current,rgb,-50.000,0.000,18,700,0.258700,0.259147727,25.0000,3.716246605,3.756152630,1.610273957
2026-07-29T21:20:27.400383+00:00,466.124812,current,rgb,-50.000,0.000,19,700,0.258700,0.259176136,25.0000,3.716175556,3.756081820,1.610341191
2026-07-29T21:20:31.101785+00:00,469.826214,current,rgb,-50.000,45.000,0,700,0.258700,0.259147727,25.0000,3.716811180,3.756546497,1.640389442
2026-07-29T21:20:31.252261+00:00,469.976693,current,rgb,-50.000,45.000,1,700,0.258700,0.259090909,25.0000,3.717075348,3.757203579,1.640577912
2026-07-29T21:20:31.402632+00:00,470.127067,current,rgb,-50.000,45.000,2,700,0.258700,0.259005682,25.0000,3.717032909,3.756960630,1.639760375
2026-07-29T21:20:31.553048+00:00,470.277481,current,rgb,-50.000,45.000,3,700,0.258700,0.259062500,25.0000,3.717223167,3.757201672,1.640450478
2026-07-29T21:20:31.703403+00:00,470.427837,current,rgb,-50.000,45.000,4,700,0.258700,0.259062500,25.0000,3.717057467,3.756966591,1.640711069
2026-07-29T21:20:31.853753+00:00,470.578187,current,rgb,-50.000,45.000,5,700,0.258700,0.259090909,25.0000,3.717069626,3.756954670,1.640465379
2026-07-29T21:20:32.004096+00:00,470.728528,current,rgb,-50.000,45.000,6,700,0.258700,0.259090909,25.0000,3.717257500,3.757209778,1.640469551
2026-07-29T21:20:32.154488+00:00,470.878922,current,rgb,-50.000,45.000,7,700,0.258700,0.259034091,25.0000,3.717317343,3.757250786,1.640389442
2026-07-29T21:20:32.304803+00:00,471.029238,current,rgb,-50.000,45.000,8,700,0.258700,0.258977273,25.0000,3.717404842,3.757200241,1.640331149
2026-07-29T21:20:32.455200+00:00,471.179634,current,rgb,-50.000,45.000,9,700,0.258700,0.258977273,25.0000,3.717279434,3.757220507,1.640564084
2026-07-29T21:20:32.605648+00:00,471.330078,current,rgb,-50.000,45.000,10,700,0.258700,0.259034091,25.0000,3.717192173,3.757084370,1.640263319
2026-07-29T21:20:32.756135+00:00,471.480568,current,rgb,-50.000,45.000,11,700,0.258700,0.259090909,25.0000,3.717314720,3.757238388,1.640473008
2026-07-29T21:20:32.906477+00:00,471.630911,current,rgb,-50.000,45.000,12,700,0.258700,0.259034091,25.0000,3.717378616,3.757283926,1.640573025
2026-07-29T21:20:33.056832+00:00,471.781265,current,rgb,-50.000,45.000,13,700,0.258700,0.258977273,25.0000,3.717247486,3.757151604,1.640258193
2026-07-29T21:20:33.207527+00:00,471.931957,current,rgb,-50.000,45.000,14,700,0.258700,0.259034091,25.0000,3.717397451,3.756607771,1.640538931
2026-07-29T21:20:33.358045+00:00,472.082473,current,rgb,-50.000,45.000,15,700,0.258700,0.259062500,25.0000,3.717377424,3.757324457,1.640460491
2026-07-29T21:20:33.508524+00:00,472.232958,current,rgb,-50.000,45.000,16,700,0.258700,0.259062500,25.0000,3.717545033,3.757344484,1.640346050
2026-07-29T21:20:33.658858+00:00,472.383291,current,rgb,-50.000,45.000,17,700,0.258700,0.259005682,25.0000,3.717449188,3.757276773,1.640557647
2026-07-29T21:20:33.809194+00:00,472.533626,current,rgb,-50.000,45.000,18,700,0.258700,0.259005682,25.0000,3.717354774,3.757268190,1.640302300
2026-07-29T21:20:33.959575+00:00,472.684010,current,rgb,-50.000,45.000,19,700,0.258700,0.259034091,25.0000,3.717479706,3.757386208,1.640437126
2026-07-29T21:20:37.661611+00:00,476.386040,current,rgb,-50.000,90.000,0,700,0.258700,0.259034091,25.0000,3.717682600,3.757378101,1.641184688
2026-07-29T21:20:37.812181+00:00,476.536614,current,rgb,-50.000,90.000,1,700,0.258700,0.259090909,25.0000,3.717906237,3.757498264,1.641236424
2026-07-29T21:20:37.962602+00:00,476.687035,current,rgb,-50.000,90.000,2,700,0.258700,0.259034091,25.0000,3.717875481,3.757492542,1.641343832
2026-07-29T21:20:38.112326+00:00,476.836754,current,rgb,-50.000,90.000,3,700,0.258700,0.259034091,25.0000,3.717732668,3.757457256,1.641091585
2026-07-29T21:20:38.262966+00:00,476.987398,current,rgb,-50.000,90.000,4,700,0.258700,0.259090909,25.0000,3.717895031,3.757568836,1.641188025
2026-07-29T21:20:38.413560+00:00,477.137960,current,rgb,-50.000,90.000,5,700,0.258700,0.259005682,25.0000,3.717440367,3.757189512,1.641146064
2026-07-29T21:20:38.564298+00:00,477.288725,current,rgb,-50.000,90.000,6,700,0.258700,0.259147727,25.0000,3.717594385,3.757248402,1.641039610
2026-07-29T21:20:38.714960+00:00,477.439391,current,rgb,-50.000,90.000,7,700,0.258700,0.259176136,25.0000,3.717561007,3.757210016,1.641363859
2026-07-29T21:20:38.865366+00:00,477.589799,current,rgb,-50.000,90.000,8,700,0.258700,0.259119318,25.0000,3.717461586,3.757141590,1.641168237
2026-07-29T21:20:39.015876+00:00,477.740307,current,rgb,-50.000,90.000,9,700,0.258700,0.259119318,25.0000,3.717690468,3.757358789,1.641244650
2026-07-29T21:20:39.166282+00:00,477.890716,current,rgb,-50.000,90.000,10,700,0.258700,0.259062500,25.0000,3.717628479,3.757243156,1.641349673
2026-07-29T21:20:39.316650+00:00,478.041085,current,rgb,-50.000,90.000,11,700,0.258700,0.259147727,25.0000,3.717739344,3.757143021,1.641084075
2026-07-29T21:20:39.467032+00:00,478.191463,current,rgb,-50.000,90.000,12,700,0.258700,0.259176136,25.0000,3.717584610,3.757279873,1.641345263
2026-07-29T21:20:39.617447+00:00,478.341879,current,rgb,-50.000,90.000,13,700,0.258700,0.259119318,25.0000,3.717720509,3.757423401,1.641221285
2026-07-29T21:20:39.767880+00:00,478.492313,current,rgb,-50.000,90.000,14,700,0.258700,0.259147727,25.0000,3.717733383,3.757331848,1.641211748
2026-07-29T21:20:39.918258+00:00,478.642691,current,rgb,-50.000,90.000,15,700,0.258700,0.259119318,25.0000,3.717755079,3.757359743,1.641218543
2026-07-29T21:20:40.068622+00:00,478.793055,current,rgb,-50.000,90.000,16,700,0.258700,0.259119318,25.0000,3.717481613,3.757105827,1.641024947
2026-07-29T21:20:40.219146+00:00,478.943575,current,rgb,-50.000,90.000,17,700,0.258700,0.259147727,25.0000,3.717791557,3.757433891,1.641330123
2026-07-29T21:20:40.369616+00:00,479.094050,current,rgb,-50.000,90.000,18,700,0.258700,0.259090909,25.0000,3.717613459,3.757350683,1.641273260
2026-07-29T21:20:40.519999+00:00,479.244433,current,rgb,-50.000,90.000,19,700,0.258700,0.259147727,25.0000,3.717758894,3.757245302,1.641059160
2026-07-29T21:20:50.977857+00:00,489.702287,current,dark,-45.000,-90.000,0,0,,0.000710227,25.0000,4.896446705,4.903224945,1.649747849
2026-07-29T21:20:51.128362+00:00,489.852795,current,dark,-45.000,-90.000,1,0,,0.000710227,25.0000,4.896455765,4.903188229,1.649633408
2026-07-29T21:20:51.278780+00:00,490.003213,current,dark,-45.000,-90.000,2,0,,0.000710227,25.0000,4.896449566,4.903184891,1.649596572
2026-07-29T21:20:51.429129+00:00,490.153562,current,dark,-45.000,-90.000,3,0,,0.000710227,25.0000,4.896442413,4.903189659,1.649437785
2026-07-29T21:20:51.579458+00:00,490.303891,current,dark,-45.000,-90.000,4,0,,0.000710227,25.0000,4.896445751,4.903181076,1.649645805
2026-07-29T21:20:51.729779+00:00,490.454212,current,dark,-45.000,-90.000,5,0,,0.000710227,25.0000,4.896440506,4.903195381,1.649619222
2026-07-29T21:20:51.880138+00:00,490.604573,current,dark,-45.000,-90.000,6,0,,0.000710227,25.0000,4.896446228,4.903202534,1.649415374
2026-07-29T21:20:52.030409+00:00,490.754843,current,dark,-45.000,-90.000,7,0,,0.000710227,25.0000,4.896444321,4.903196812,1.649554968
2026-07-29T21:20:52.180924+00:00,490.905355,current,dark,-45.000,-90.000,8,0,,0.000710227,25.0000,4.896455288,4.903211594,1.649484396
2026-07-29T21:20:52.331380+00:00,491.055815,current,dark,-45.000,-90.000,9,0,,0.000710227,25.0000,4.896480560,4.903203011,1.649223447
2026-07-29T21:20:52.481687+00:00,491.206122,current,dark,-45.000,-90.000,10,0,,0.000710227,25.0000,4.896459103,4.903214455,1.649517894
2026-07-29T21:20:52.632033+00:00,491.356467,current,dark,-45.000,-90.000,11,0,,0.000738636,25.0000,4.896466255,4.903213978,1.649330378
2026-07-29T21:20:52.782365+00:00,491.506799,current,dark,-45.000,-90.000,12,0,,0.000710227,25.0000,4.896462917,4.903218269,1.649458289
2026-07-29T21:20:52.932719+00:00,491.657154,current,dark,-45.000,-90.000,13,0,,0.000738636,25.0000,4.896452427,4.903201103,1.649562836
2026-07-29T21:20:53.083260+00:00,491.807690,current,dark,-45.000,-90.000,14,0,,0.000710227,25.0000,4.896456242,4.903219223,1.649284959
2026-07-29T21:20:53.233703+00:00,491.958136,current,dark,-45.000,-90.000,15,0,,0.000710227,25.0000,4.896462440,4.903200150,1.649481058
2026-07-29T21:20:53.384127+00:00,492.108560,current,dark,-45.000,-90.000,16,0,,0.000710227,25.0000,4.896462917,4.903192520,1.649625540
2026-07-29T21:20:53.534477+00:00,492.258908,current,dark,-45.000,-90.000,17,0,,0.000710227,25.0000,4.896454334,4.903212070,1.648813844
2026-07-29T21:20:53.685005+00:00,492.409434,current,dark,-45.000,-90.000,18,0,,0.000710227,25.0000,4.896467686,4.903201580,1.649582386
2026-07-29T21:20:53.835659+00:00,492.560089,current,dark,-45.000,-90.000,19,0,,0.000738636,25.0000,4.896461010,4.903203964,1.649391174
2026-07-29T21:20:58.029933+00:00,496.754363,current,rgb,-45.000,-90.000,0,700,0.258700,0.259147727,25.0000,3.713648319,3.753761292,1.639898539
2026-07-29T21:20:58.180540+00:00,496.904973,current,rgb,-45.000,-90.000,1,700,0.258700,0.259090909,25.0000,3.713821888,3.753845930,1.639655352
2026-07-29T21:20:58.330962+00:00,497.055394,current,rgb,-45.000,-90.000,2,700,0.258700,0.259034091,25.0000,3.713936806,3.754067898,1.639575243
2026-07-29T21:20:58.481363+00:00,497.205796,current,rgb,-45.000,-90.000,3,700,0.258700,0.259062500,25.0000,3.713893652,3.754021645,1.639805198
2026-07-29T21:20:58.631723+00:00,497.356157,current,rgb,-45.000,-90.000,4,700,0.258700,0.259062500,25.0000,3.713882923,3.753973484,1.639617801
2026-07-29T21:20:58.782110+00:00,497.506538,current,rgb,-45.000,-90.000,5,700,0.258700,0.259034091,25.0000,3.714311361,3.754357100,1.639168739
2026-07-29T21:20:58.932517+00:00,497.656947,current,rgb,-45.000,-90.000,6,700,0.258700,0.259062500,25.0000,3.713784695,3.754031181,1.639796734
2026-07-29T21:20:59.082987+00:00,497.807420,current,rgb,-45.000,-90.000,7,700,0.258700,0.259062500,25.0000,3.714016914,3.753743410,1.638943911
2026-07-29T21:20:59.233276+00:00,497.957710,current,rgb,-45.000,-90.000,8,700,0.258700,0.259232955,25.0000,3.713889599,3.754016161,1.639879942
2026-07-29T21:20:59.383715+00:00,498.108146,current,rgb,-45.000,-90.000,9,700,0.258700,0.259147727,25.0000,3.713922739,3.754023552,1.639695644
2026-07-29T21:20:59.534311+00:00,498.258738,current,rgb,-45.000,-90.000,10,700,0.258700,0.259090909,25.0000,3.714158535,3.754252911,1.639633894
2026-07-29T21:20:59.685076+00:00,498.409505,current,rgb,-45.000,-90.000,11,700,0.258700,0.259090909,25.0000,3.714040279,3.754128933,1.640084267
2026-07-29T21:20:59.835573+00:00,498.560007,current,rgb,-45.000,-90.000,12,700,0.258700,0.259147727,25.0000,3.714042664,3.754148006,1.639797926
2026-07-29T21:20:59.985938+00:00,498.710370,current,rgb,-45.000,-90.000,13,700,0.258700,0.259204545,25.0000,3.714174986,3.754320383,1.639805198
2026-07-29T21:21:00.136368+00:00,498.860797,current,rgb,-45.000,-90.000,14,700,0.258700,0.259176136,25.0000,3.714293957,3.754347324,1.639790058
2026-07-29T21:21:00.286848+00:00,499.011281,current,rgb,-45.000,-90.000,15,700,0.258700,0.259204545,25.0000,3.714526176,3.754279375,1.639589190
2026-07-29T21:21:00.437284+00:00,499.161716,current,rgb,-45.000,-90.000,16,700,0.258700,0.259176136,25.0000,3.714394808,3.754465342,1.639843345
2026-07-29T21:21:00.587727+00:00,499.312159,current,rgb,-45.000,-90.000,17,700,0.258700,0.259147727,25.0000,3.714346647,3.754432201,1.639700294
2026-07-29T21:21:00.738075+00:00,499.462508,current,rgb,-45.000,-90.000,18,700,0.258700,0.259119318,25.0000,3.714705706,3.754680395,1.639691710
2026-07-29T21:21:00.888367+00:00,499.612802,current,rgb,-45.000,-90.000,19,700,0.258700,0.259147727,25.0000,3.714611530,3.754705191,1.639897823
2026-07-29T21:21:04.589300+00:00,503.313730,current,rgb,-45.000,-45.000,0,700,0.258700,0.259062500,25.0000,3.716074467,3.756110668,1.638500333
2026-07-29T21:21:04.741049+00:00,503.465476,current,rgb,-45.000,-45.000,1,700,0.258700,0.259005682,25.0000,3.715361595,3.756053448,1.639237404
2026-07-29T21:21:04.891700+00:00,503.616130,current,rgb,-45.000,-45.000,2,700,0.258700,0.259005682,25.0000,3.715989590,3.756040573,1.638996124
2026-07-29T21:21:05.042179+00:00,503.766612,current,rgb,-45.000,-45.000,3,700,0.258700,0.259119318,25.0000,3.716132402,3.756244421,1.639135599
2026-07-29T21:21:05.192819+00:00,503.917248,current,rgb,-45.000,-45.000,4,700,0.258700,0.258977273,25.0000,3.715586901,3.755666971,1.639177322
2026-07-29T21:21:05.343397+00:00,504.067831,current,rgb,-45.000,-45.000,5,700,0.258700,0.259176136,25.0000,3.715762615,3.755649567,1.639183402
2026-07-29T21:21:05.493891+00:00,504.218319,current,rgb,-45.000,-45.000,6,700,0.258700,0.259176136,25.0000,3.715718269,3.755786419,1.639338970
2026-07-29T21:21:05.644599+00:00,504.369029,current,rgb,-45.000,-45.000,7,700,0.258700,0.259147727,25.0000,3.715756178,3.755794764,1.639005423
2026-07-29T21:21:05.795122+00:00,504.519555,current,rgb,-45.000,-45.000,8,700,0.258700,0.259176136,25.0000,3.715807199,3.755926609,1.639185190
2026-07-29T21:21:05.945600+00:00,504.670032,current,rgb,-45.000,-45.000,9,700,0.258700,0.259147727,25.0000,3.715726852,3.755861282,1.639317751
2026-07-29T21:21:06.096044+00:00,504.820477,current,rgb,-45.000,-45.000,10,700,0.258700,0.259119318,25.0000,3.715803385,3.755865097,1.639112592
2026-07-29T21:21:06.246373+00:00,504.970808,current,rgb,-45.000,-45.000,11,700,0.258700,0.259176136,25.0000,3.715942383,3.756090641,1.639163136
2026-07-29T21:21:06.396662+00:00,505.121097,current,rgb,-45.000,-45.000,12,700,0.258700,0.259090909,25.0000,3.715863228,3.755922794,1.639076710
2026-07-29T21:21:06.546994+00:00,505.271427,current,rgb,-45.000,-45.000,13,700,0.258700,0.259119318,25.0000,3.716051579,3.755979300,1.638972998
2026-07-29T21:21:06.697389+00:00,505.421822,current,rgb,-45.000,-45.000,14,700,0.258700,0.259232955,25.0000,3.715968132,3.756099939,1.639266968
2026-07-29T21:21:06.847814+00:00,505.572249,current,rgb,-45.000,-45.000,15,700,0.258700,0.259147727,25.0000,3.715970516,3.756098509,1.638943672
2026-07-29T21:21:06.998147+00:00,505.722581,current,rgb,-45.000,-45.000,16,700,0.258700,0.259204545,25.0000,3.716145515,3.756214619,1.639103889
2026-07-29T21:21:07.148577+00:00,505.873010,current,rgb,-45.000,-45.000,17,700,0.258700,0.259119318,25.0000,3.716112137,3.756279945,1.639123082
2026-07-29T21:21:07.298883+00:00,506.023317,current,rgb,-45.000,-45.000,18,700,0.258700,0.259147727,25.0000,3.716397285,3.756412029,1.638817430
2026-07-29T21:21:07.449117+00:00,506.173552,current,rgb,-45.000,-45.000,19,700,0.258700,0.259062500,25.0000,3.716128111,3.756272316,1.639125586
2026-07-29T21:21:11.149938+00:00,509.874365,current,rgb,-45.000,0.000,0,700,0.258700,0.259176136,25.0000,3.716826916,3.756643772,1.611847281
2026-07-29T21:21:11.300543+00:00,510.024977,current,rgb,-45.000,0.000,1,700,0.258700,0.259147727,25.0000,3.716814518,3.756811857,1.612020850
2026-07-29T21:21:11.450940+00:00,510.175373,current,rgb,-45.000,0.000,2,700,0.258700,0.259062500,24.9980,3.716763258,3.756690264,1.611961961
2026-07-29T21:21:11.601105+00:00,510.325533,current,rgb,-45.000,0.000,3,700,0.258700,0.259176136,25.0000,3.716844082,3.756819010,1.611990333
2026-07-29T21:21:11.751681+00:00,510.476114,current,rgb,-45.000,0.000,4,700,0.258700,0.259176136,25.0000,3.716838360,3.756910563,1.612031341
2026-07-29T21:21:11.902119+00:00,510.626550,current,rgb,-45.000,0.000,5,700,0.258700,0.259090909,25.0000,3.716805935,3.756770849,1.611712933
2026-07-29T21:21:12.052685+00:00,510.777116,current,rgb,-45.000,0.000,6,700,0.258700,0.259147727,25.0000,3.717001438,3.756966829,1.611912966
2026-07-29T21:21:12.203136+00:00,510.927568,current,rgb,-45.000,0.000,7,700,0.258700,0.259119318,25.0000,3.716926336,3.756860495,1.612092853
2026-07-29T21:21:12.353437+00:00,511.077872,current,rgb,-45.000,0.000,8,700,0.258700,0.259090909,25.0000,3.716905594,3.756789684,1.611885309
2026-07-29T21:21:12.503826+00:00,511.228261,current,rgb,-45.000,0.000,9,700,0.258700,0.259119318,25.0000,3.717037678,3.757023335,1.611970782
2026-07-29T21:21:12.654154+00:00,511.378587,current,rgb,-45.000,0.000,10,700,0.258700,0.259090909,25.0000,3.716957331,3.756896257,1.611841917
2026-07-29T21:21:12.804519+00:00,511.528953,current,rgb,-45.000,0.000,11,700,0.258700,0.259147727,25.0000,3.717316151,3.757326365,1.611880422
2026-07-29T21:21:12.955220+00:00,511.679650,current,rgb,-45.000,0.000,12,700,0.258700,0.259119318,25.0000,3.717012167,3.756921530,1.611877322
2026-07-29T21:21:13.105561+00:00,511.829959,current,rgb,-45.000,0.000,13,700,0.258700,0.259119318,25.0000,3.716907263,3.756937742,1.611853600
2026-07-29T21:21:13.256108+00:00,511.980541,current,rgb,-45.000,0.000,14,700,0.258700,0.259232955,25.0000,3.717144489,3.757193565,1.611987829
2026-07-29T21:21:13.406508+00:00,512.130941,current,rgb,-45.000,0.000,15,700,0.258700,0.259119318,25.0000,3.716955185,3.756939173,1.612095833
2026-07-29T21:21:13.556855+00:00,512.281289,current,rgb,-45.000,0.000,16,700,0.258700,0.259147727,25.0000,3.717158794,3.757003546,1.611993194
2026-07-29T21:21:13.707249+00:00,512.431683,current,rgb,-45.000,0.000,17,700,0.258700,0.259147727,25.0000,3.717213869,3.757159472,1.612035990
2026-07-29T21:21:13.857604+00:00,512.582038,current,rgb,-45.000,0.000,18,700,0.258700,0.259090909,25.0000,3.717021704,3.757010460,1.611842871
2026-07-29T21:21:14.007874+00:00,512.732307,current,rgb,-45.000,0.000,19,700,0.258700,0.259147727,25.0000,3.717251062,3.757227898,1.611911416
2026-07-29T21:21:17.709075+00:00,516.433504,current,rgb,-45.000,45.000,0,700,0.258700,0.259034091,25.0000,3.718120098,3.757825851,1.639594555
2026-07-29T21:21:17.859569+00:00,516.584002,current,rgb,-45.000,45.000,1,700,0.258700,0.259062500,25.0000,3.718264580,3.757872581,1.639704704
2026-07-29T21:21:18.009959+00:00,516.734393,current,rgb,-45.000,45.000,2,700,0.258700,0.259034091,25.0000,3.718404531,3.758145571,1.639532566
2026-07-29T21:21:18.160342+00:00,516.884775,current,rgb,-45.000,45.000,3,700,0.258700,0.258977273,25.0000,3.718145370,3.757822752,1.639297009
2026-07-29T21:21:18.310680+00:00,517.035114,current,rgb,-45.000,45.000,4,700,0.258700,0.259034091,24.9980,3.718361616,3.758211136,1.639602184
2026-07-29T21:21:18.461131+00:00,517.185562,current,rgb,-45.000,45.000,5,700,0.258700,0.258948864,25.0000,3.717945814,3.757576466,1.639076710
2026-07-29T21:21:18.611567+00:00,517.336000,current,rgb,-45.000,45.000,6,700,0.258700,0.259119318,25.0000,3.718060017,3.757548809,1.639605522
2026-07-29T21:21:18.761923+00:00,517.486356,current,rgb,-45.000,45.000,7,700,0.258700,0.259147727,25.0000,3.718061924,3.757758379,1.639710069
2026-07-29T21:21:18.912334+00:00,517.636769,current,rgb,-45.000,45.000,8,700,0.258700,0.259090909,25.0000,3.718070984,3.757672548,1.639455438
2026-07-29T21:21:19.062696+00:00,517.787132,current,rgb,-45.000,45.000,9,700,0.258700,0.259062500,25.0000,3.718213081,3.757888079,1.639566541
2026-07-29T21:21:19.213102+00:00,517.937533,current,rgb,-45.000,45.000,10,700,0.258700,0.259062500,25.0000,3.718122482,3.757786274,1.639691710
2026-07-29T21:21:19.363555+00:00,518.087989,current,rgb,-45.000,45.000,11,700,0.258700,0.259062500,25.0000,3.718123436,3.757725716,1.639363885
2026-07-29T21:21:19.513830+00:00,518.238264,current,rgb,-45.000,45.000,12,700,0.258700,0.259147727,25.0000,3.718135357,3.757905483,1.639487386
2026-07-29T21:21:19.664277+00:00,518.388710,current,rgb,-45.000,45.000,13,700,0.258700,0.259034091,25.0000,3.718165874,3.757729292,1.639527202
2026-07-29T21:21:19.814635+00:00,518.539069,current,rgb,-45.000,45.000,14,700,0.258700,0.259090909,25.0000,3.718283415,3.757698298,1.639422178
2026-07-29T21:21:19.964975+00:00,518.689408,current,rgb,-45.000,45.000,15,700,0.258700,0.259119318,25.0000,3.718202114,3.757867575,1.639593601
2026-07-29T21:21:20.115322+00:00,518.839756,current,rgb,-45.000,45.000,16,700,0.258700,0.259090909,25.0000,3.717986584,3.757594109,1.639384151
2026-07-29T21:21:20.265935+00:00,518.990366,current,rgb,-45.000,45.000,17,700,0.258700,0.259147727,25.0000,3.718230247,3.757911205,1.639682412
2026-07-29T21:21:20.416687+00:00,519.141118,current,rgb,-45.000,45.000,18,700,0.258700,0.259034091,25.0000,3.718252659,3.757908821,1.639680028
2026-07-29T21:21:20.568202+00:00,519.292631,current,rgb,-45.000,45.000,19,700,0.258700,0.259062500,25.0000,3.718162537,3.757799625,1.639442921
2026-07-29T21:21:24.269140+00:00,522.993570,current,rgb,-45.000,90.000,0,700,0.258700,0.259034091,25.0000,3.719052315,3.758487463,1.639914155
2026-07-29T21:21:24.419642+00:00,523.144076,current,rgb,-45.000,90.000,1,700,0.258700,0.259005682,25.0000,3.718860149,3.758174181,1.639709592
2026-07-29T21:21:24.570104+00:00,523.294535,current,rgb,-45.000,90.000,2,700,0.258700,0.259119318,25.0000,3.718571186,3.758033276,1.640126348
2026-07-29T21:21:24.720584+00:00,523.445018,current,rgb,-45.000,90.000,3,700,0.258700,0.259147727,25.0000,3.718553543,3.757994652,1.640022039
2026-07-29T21:21:24.870932+00:00,523.595365,current,rgb,-45.000,90.000,4,700,0.258700,0.259147727,25.0000,3.718714714,3.758124113,1.639947057
2026-07-29T21:21:25.021299+00:00,523.745732,current,rgb,-45.000,90.000,5,700,0.258700,0.259147727,25.0000,3.718831301,3.758299828,1.639878511
2026-07-29T21:21:25.171338+00:00,523.895769,current,rgb,-45.000,90.000,6,700,0.258700,0.259119318,25.0000,3.718486309,3.757999182,1.639699578
2026-07-29T21:21:25.321818+00:00,524.046250,current,rgb,-45.000,90.000,7,700,0.258700,0.259147727,25.0000,3.718647957,3.758129597,1.640177131
2026-07-29T21:21:25.472433+00:00,524.196865,current,rgb,-45.000,90.000,8,700,0.258700,0.259090909,25.0000,3.718538523,3.758030176,1.640213013
2026-07-29T21:21:25.622810+00:00,524.347244,current,rgb,-45.000,90.000,9,700,0.258700,0.259176136,25.0000,3.718588352,3.757910967,1.640065312
2026-07-29T21:21:25.773350+00:00,524.497778,current,rgb,-45.000,90.000,10,700,0.258700,0.259147727,25.0000,3.718628407,3.758089304,1.640226364
2026-07-29T21:21:25.924023+00:00,524.648454,current,rgb,-45.000,90.000,11,700,0.258700,0.259176136,25.0000,3.718666077,3.758046865,1.640130639
2026-07-29T21:21:26.074387+00:00,524.798820,current,rgb,-45.000,90.000,12,700,0.258700,0.259147727,25.0000,3.718736410,3.758225441,1.640068173
2026-07-29T21:21:26.224750+00:00,524.949183,current,rgb,-45.000,90.000,13,700,0.258700,0.259147727,25.0000,3.718738556,3.758256197,1.640133858
2026-07-29T21:21:26.375090+00:00,525.099524,current,rgb,-45.000,90.000,14,700,0.258700,0.259119318,25.0000,3.718668222,3.758146763,1.639823079
2026-07-29T21:21:26.525382+00:00,525.249815,current,rgb,-45.000,90.000,15,700,0.258700,0.259119318,25.0000,3.718753338,3.758263350,1.640096545
2026-07-29T21:21:26.675881+00:00,525.400312,current,rgb,-45.000,90.000,16,700,0.258700,0.259119318,25.0000,3.719040155,3.758505821,1.640130997
2026-07-29T21:21:26.826342+00:00,525.550775,current,rgb,-45.000,90.000,17,700,0.258700,0.259090909,25.0000,3.718730927,3.757974148,1.639901638
2026-07-29T21:21:26.976731+00:00,525.701165,current,rgb,-45.000,90.000,18,700,0.258700,0.259204545,25.0000,3.718707085,3.758182526,1.640183210
2026-07-29T21:21:27.127130+00:00,525.851562,current,rgb,-45.000,90.000,19,700,0.258700,0.259176136,25.0000,3.718740940,3.758221149,1.640031338
2026-07-29T21:21:37.581209+00:00,536.305637,current,dark,-40.000,-90.000,0,0,,0.000710227,25.0000,4.896457672,4.903195381,1.649574995
2026-07-29T21:21:37.731741+00:00,536.456173,current,dark,-40.000,-90.000,1,0,,0.000710227,25.0000,4.896431923,4.903187275,1.649433136
2026-07-29T21:21:37.882137+00:00,536.606571,current,dark,-40.000,-90.000,2,0,,0.000710227,25.0000,4.896452427,4.903200626,1.649557710
2026-07-29T21:21:38.032521+00:00,536.756955,current,dark,-40.000,-90.000,3,0,,0.000710227,25.0000,4.896468163,4.903196812,1.649463892
2026-07-29T21:21:38.182943+00:00,536.907376,current,dark,-40.000,-90.000,4,0,,0.000710227,25.0000,4.896463871,4.903200626,1.649268627
2026-07-29T21:21:38.333325+00:00,537.057758,current,dark,-40.000,-90.000,5,0,,0.000710227,25.0000,4.896450520,4.903194427,1.649331808
2026-07-29T21:21:38.483680+00:00,537.208114,current,dark,-40.000,-90.000,6,0,,0.000710227,25.0000,4.896450996,4.903218269,1.649631858
2026-07-29T21:21:38.634055+00:00,537.358489,current,dark,-40.000,-90.000,7,0,,0.000710227,25.0000,4.896449089,4.903230667,1.649492502
2026-07-29T21:21:38.784419+00:00,537.508852,current,dark,-40.000,-90.000,8,0,,0.000710227,25.0000,4.896445751,4.903215885,1.649366260
2026-07-29T21:21:38.934849+00:00,537.659282,current,dark,-40.000,-90.000,9,0,,0.000710227,25.0000,4.896449089,4.903201103,1.649412870
2026-07-29T21:21:39.085160+00:00,537.809594,current,dark,-40.000,-90.000,10,0,,0.000710227,25.0000,4.896445751,4.903203011,1.649573803
2026-07-29T21:21:39.235441+00:00,537.959875,current,dark,-40.000,-90.000,11,0,,0.000710227,25.0000,4.896461964,4.903212547,1.649760365
2026-07-29T21:21:39.385702+00:00,538.110137,current,dark,-40.000,-90.000,12,0,,0.000710227,25.0000,4.896458626,4.903211117,1.649522781
2026-07-29T21:21:39.536014+00:00,538.260449,current,dark,-40.000,-90.000,13,0,,0.000710227,25.0000,4.896461964,4.903202534,1.649526238
2026-07-29T21:21:39.686297+00:00,538.410732,current,dark,-40.000,-90.000,14,0,,0.000710227,25.0000,4.896450043,4.903218269,1.649650931
2026-07-29T21:21:39.836670+00:00,538.561104,current,dark,-40.000,-90.000,15,0,,0.000710227,25.0000,4.896451950,4.903211594,1.649511814
2026-07-29T21:21:39.986976+00:00,538.711409,current,dark,-40.000,-90.000,16,0,,0.000710227,25.0000,4.896461010,4.903190613,1.649552584
2026-07-29T21:21:40.137331+00:00,538.861764,current,dark,-40.000,-90.000,17,0,,0.000710227,25.0000,4.896465302,4.903199673,1.649353623
2026-07-29T21:21:40.287906+00:00,539.012336,current,dark,-40.000,-90.000,18,0,,0.000710227,25.0000,4.896445751,4.903158188,1.649403453
2026-07-29T21:21:40.438395+00:00,539.162827,current,dark,-40.000,-90.000,19,0,,0.000710227,25.0000,4.896442890,4.903168201,1.649589181
2026-07-29T21:21:44.632731+00:00,543.357160,current,rgb,-40.000,-90.000,0,700,0.258700,0.259204545,25.0000,3.714266777,3.754262924,1.638418078
2026-07-29T21:21:44.783235+00:00,543.507668,current,rgb,-40.000,-90.000,1,700,0.258700,0.259204545,25.0000,3.714220762,3.754228115,1.638583064
2026-07-29T21:21:44.933599+00:00,543.658032,current,rgb,-40.000,-90.000,2,700,0.258700,0.259147727,25.0000,3.714178562,3.754183054,1.638293743
2026-07-29T21:21:45.084028+00:00,543.808461,current,rgb,-40.000,-90.000,3,700,0.258700,0.259176136,25.0000,3.714414597,3.754455805,1.638517380
2026-07-29T21:21:45.234547+00:00,543.958977,current,rgb,-40.000,-90.000,4,700,0.258700,0.259119318,25.0000,3.714389563,3.754364967,1.638644814
2026-07-29T21:21:45.385113+00:00,544.109545,current,rgb,-40.000,-90.000,5,700,0.258700,0.259204545,25.0000,3.714527845,3.754376411,1.638454437
2026-07-29T21:21:45.535550+00:00,544.259983,current,rgb,-40.000,-90.000,6,700,0.258700,0.259232955,25.0000,3.714672327,3.754741907,1.638394594
2026-07-29T21:21:45.685925+00:00,544.410359,current,rgb,-40.000,-90.000,7,700,0.258700,0.259147727,25.0000,3.714573145,3.754564285,1.638389945
2026-07-29T21:21:45.836344+00:00,544.560777,current,rgb,-40.000,-90.000,8,700,0.258700,0.259176136,25.0000,3.714766979,3.754765511,1.638437033
2026-07-29T21:21:45.986793+00:00,544.711226,current,rgb,-40.000,-90.000,9,700,0.258700,0.259176136,25.0000,3.714700937,3.754840136,1.638515472
2026-07-29T21:21:46.137146+00:00,544.861579,current,rgb,-40.000,-90.000,10,700,0.258700,0.259062500,25.0000,3.714662552,3.754609108,1.637574315
2026-07-29T21:21:46.287402+00:00,545.011837,current,rgb,-40.000,-90.000,11,700,0.258700,0.259176136,25.0000,3.714885235,3.754973173,1.638547897
2026-07-29T21:21:46.437815+00:00,545.162249,current,rgb,-40.000,-90.000,12,700,0.258700,0.259119318,25.0000,3.714954615,3.754822254,1.638609409
2026-07-29T21:21:46.588154+00:00,545.312587,current,rgb,-40.000,-90.000,13,700,0.258700,0.259176136,25.0000,3.715074301,3.754917383,1.638447881
2026-07-29T21:21:46.739075+00:00,545.463501,current,rgb,-40.000,-90.000,14,700,0.258700,0.259204545,25.0000,3.714084625,3.755028486,1.638522983
2026-07-29T21:21:46.889668+00:00,545.614101,current,rgb,-40.000,-90.000,15,700,0.258700,0.259147727,25.0000,3.714994907,3.755009413,1.638349652
2026-07-29T21:21:47.040171+00:00,545.764604,current,rgb,-40.000,-90.000,16,700,0.258700,0.259204545,25.0000,3.715196609,3.755214214,1.638499618
2026-07-29T21:21:47.190490+00:00,545.914924,current,rgb,-40.000,-90.000,17,700,0.258700,0.259147727,25.0000,3.715260029,3.755323410,1.638544559
2026-07-29T21:21:47.340952+00:00,546.065385,current,rgb,-40.000,-90.000,18,700,0.258700,0.259119318,25.0000,3.715404034,3.755383253,1.638337255
2026-07-29T21:21:47.491364+00:00,546.215796,current,rgb,-40.000,-90.000,19,700,0.258700,0.259090909,25.0000,3.715680122,3.755651712,1.638552070
2026-07-29T21:21:51.192209+00:00,549.916640,current,rgb,-40.000,-45.000,0,700,0.258700,0.259119318,25.0000,3.716222286,3.756189346,1.638071179
2026-07-29T21:21:51.342635+00:00,550.067069,current,rgb,-40.000,-45.000,1,700,0.258700,0.259176136,25.0000,3.716389179,3.756321430,1.638261080
2026-07-29T21:21:51.493524+00:00,550.217954,current,rgb,-40.000,-45.000,2,700,0.258700,0.259119318,25.0000,3.716456652,3.756475925,1.637665153
2026-07-29T21:21:51.644271+00:00,550.368701,current,rgb,-40.000,-45.000,3,700,0.258700,0.259062500,25.0000,3.716535330,3.756325483,1.637251019
2026-07-29T21:21:51.794869+00:00,550.519300,current,rgb,-40.000,-45.000,4,700,0.258700,0.259147727,25.0000,3.716444969,3.756431341,1.638293028
2026-07-29T21:21:51.945476+00:00,550.669901,current,rgb,-40.000,-45.000,5,700,0.258700,0.259090909,25.0000,3.716335535,3.756177902,1.638044000
2026-07-29T21:21:52.095780+00:00,550.820209,current,rgb,-40.000,-45.000,6,700,0.258700,0.259375000,25.0000,3.716496468,3.756472111,1.638228536
2026-07-29T21:21:52.246303+00:00,550.970736,current,rgb,-40.000,-45.000,7,700,0.258700,0.259147727,25.0000,3.716378450,3.756402493,1.638331890
2026-07-29T21:21:52.396665+00:00,551.121099,current,rgb,-40.000,-45.000,8,700,0.258700,0.259204545,25.0000,3.716367483,3.756310463,1.638079643
2026-07-29T21:21:52.547032+00:00,551.271464,current,rgb,-40.000,-45.000,9,700,0.258700,0.259176136,25.0000,3.716617823,3.756656408,1.638174653
2026-07-29T21:21:52.697464+00:00,551.421897,current,rgb,-40.000,-45.000,10,700,0.258700,0.259147727,25.0000,3.716478586,3.756552696,1.638168335
2026-07-29T21:21:52.847998+00:00,551.572428,current,rgb,-40.000,-45.000,11,700,0.258700,0.259147727,25.0000,3.716789246,3.756594658,1.638071179
2026-07-29T21:21:52.998464+00:00,551.722897,current,rgb,-40.000,-45.000,12,700,0.258700,0.259147727,25.0000,3.716747284,3.756722212,1.638225913
2026-07-29T21:21:53.148837+00:00,551.873269,current,rgb,-40.000,-45.000,13,700,0.258700,0.259062500,25.0000,3.716757536,3.756645679,1.638006926
2026-07-29T21:21:53.299183+00:00,552.023618,current,rgb,-40.000,-45.000,14,700,0.258700,0.259147727,25.0000,3.716831446,3.756817579,1.638069153
2026-07-29T21:21:53.449611+00:00,552.174045,current,rgb,-40.000,-45.000,15,700,0.258700,0.259176136,25.0000,3.716790438,3.756710529,1.638317943
2026-07-29T21:21:53.599896+00:00,552.324325,current,rgb,-40.000,-45.000,16,700,0.258700,0.259176136,25.0000,3.716592550,3.756699800,1.638118029
2026-07-29T21:21:53.750400+00:00,552.474832,current,rgb,-40.000,-45.000,17,700,0.258700,0.259147727,25.0000,3.716850519,3.756833553,1.638164878
2026-07-29T21:21:53.900796+00:00,552.625229,current,rgb,-40.000,-45.000,18,700,0.258700,0.259147727,25.0000,3.716777563,3.756828547,1.638187289
2026-07-29T21:21:54.051129+00:00,552.775562,current,rgb,-40.000,-45.000,19,700,0.258700,0.259176136,25.0000,3.716947794,3.756713390,1.638126254
2026-07-29T21:21:57.752215+00:00,556.476643,current,rgb,-40.000,0.000,0,700,0.258700,0.259090909,25.0000,3.717459440,3.757323027,1.625357985
2026-07-29T21:21:57.902800+00:00,556.627233,current,rgb,-40.000,0.000,1,700,0.258700,0.259176136,25.0000,3.717712402,3.757400513,1.625361919
2026-07-29T21:21:58.053179+00:00,556.777613,current,rgb,-40.000,0.000,2,700,0.258700,0.259176136,25.0000,3.717526197,3.757364273,1.625621438
2026-07-29T21:21:58.203576+00:00,556.928009,current,rgb,-40.000,0.000,3,700,0.258700,0.259176136,25.0000,3.717492819,3.757319689,1.625390410
2026-07-29T21:21:58.353934+00:00,557.078368,current,rgb,-40.000,0.000,4,700,0.258700,0.259261364,25.0000,3.717686892,3.757581472,1.625442743
2026-07-29T21:21:58.504362+00:00,557.228796,current,rgb,-40.000,0.000,5,700,0.258700,0.259176136,25.0000,3.717607975,3.757436752,1.625553846
2026-07-29T21:21:58.654703+00:00,557.379137,current,rgb,-40.000,0.000,6,700,0.258700,0.259176136,25.0000,3.717661381,3.757407427,1.625331640
2026-07-29T21:21:58.805204+00:00,557.529637,current,rgb,-40.000,0.000,7,700,0.258700,0.259204545,25.0000,3.717701912,3.757541656,1.625509858
2026-07-29T21:21:58.955652+00:00,557.680087,current,rgb,-40.000,0.000,8,700,0.258700,0.259119318,25.0000,3.717645168,3.757534266,1.625482202
2026-07-29T21:21:59.105935+00:00,557.830370,current,rgb,-40.000,0.000,9,700,0.258700,0.259119318,25.0000,3.717818737,3.757595539,1.625373363
2026-07-29T21:21:59.256448+00:00,557.980879,current,rgb,-40.000,0.000,10,700,0.258700,0.259176136,25.0000,3.717769623,3.757603407,1.625531077
2026-07-29T21:21:59.406823+00:00,558.131256,current,rgb,-40.000,0.000,11,700,0.258700,0.259147727,25.0000,3.717672825,3.757472515,1.625261784
2026-07-29T21:21:59.557197+00:00,558.281630,current,rgb,-40.000,0.000,12,700,0.258700,0.259147727,25.0000,3.717779636,3.757621288,1.625508189
2026-07-29T21:21:59.707711+00:00,558.432142,current,rgb,-40.000,0.000,13,700,0.258700,0.259147727,25.0000,3.717720747,3.757591486,1.625629187
2026-07-29T21:21:59.858146+00:00,558.582579,current,rgb,-40.000,0.000,14,700,0.258700,0.259147727,25.0000,3.717982531,3.757843733,1.625410199
2026-07-29T21:22:00.008532+00:00,558.732964,current,rgb,-40.000,0.000,15,700,0.258700,0.259119318,25.0000,3.717920780,3.757769108,1.625120640
2026-07-29T21:22:00.158886+00:00,558.883318,current,rgb,-40.000,0.000,16,700,0.258700,0.259147727,25.0000,3.717862606,3.757718563,1.625359178
2026-07-29T21:22:00.309434+00:00,559.033864,current,rgb,-40.000,0.000,17,700,0.258700,0.259119318,25.0000,3.718023300,3.757770061,1.625322819
2026-07-29T21:22:00.459969+00:00,559.184402,current,rgb,-40.000,0.000,18,700,0.258700,0.259147727,25.0000,3.717858791,3.757640839,1.625644803
2026-07-29T21:22:00.610292+00:00,559.334722,current,rgb,-40.000,0.000,19,700,0.258700,0.259147727,25.0000,3.717761040,3.757593870,1.625410914
2026-07-29T21:22:04.311002+00:00,563.035431,current,rgb,-40.000,45.000,0,700,0.258700,0.259147727,25.0000,3.718605280,3.758274317,1.638719559
2026-07-29T21:22:04.461462+00:00,563.185895,current,rgb,-40.000,45.000,1,700,0.258700,0.259119318,25.0000,3.718471289,3.758198261,1.638450980
2026-07-29T21:22:04.611847+00:00,563.336280,current,rgb,-40.000,45.000,2,700,0.258700,0.259119318,25.0000,3.718706369,3.758370399,1.638697147
2026-07-29T21:22:04.762151+00:00,563.486585,current,rgb,-40.000,45.000,3,700,0.258700,0.259119318,25.0000,3.718667269,3.758260727,1.638691783
2026-07-29T21:22:04.912456+00:00,563.636890,current,rgb,-40.000,45.000,4,700,0.258700,0.259147727,25.0000,3.718861103,3.758310080,1.638470292
2026-07-29T21:22:05.062778+00:00,563.787212,current,rgb,-40.000,45.000,5,700,0.258700,0.259062500,25.0000,3.718806505,3.758440256,1.638604760
2026-07-29T21:22:05.213379+00:00,563.937808,current,rgb,-40.000,45.000,6,700,0.258700,0.259090909,25.0000,3.718659878,3.758323431,1.638441443
2026-07-29T21:22:05.364000+00:00,564.088432,current,rgb,-40.000,45.000,7,700,0.258700,0.259119318,25.0000,3.718963146,3.758677244,1.638490081
2026-07-29T21:22:05.514483+00:00,564.238915,current,rgb,-40.000,45.000,8,700,0.258700,0.259062500,25.0000,3.718756437,3.758361101,1.638079166
2026-07-29T21:22:05.665144+00:00,564.389573,current,rgb,-40.000,45.000,9,700,0.258700,0.259090909,25.0000,3.718784094,3.758471966,1.638534546
2026-07-29T21:22:05.815744+00:00,564.540175,current,rgb,-40.000,45.000,10,700,0.258700,0.259062500,25.0000,3.718989134,3.758622169,1.638442755
2026-07-29T21:22:05.966286+00:00,564.690717,current,rgb,-40.000,45.000,11,700,0.258700,0.259062500,25.0000,3.718679905,3.758291960,1.638797402
2026-07-29T21:22:06.116782+00:00,564.841216,current,rgb,-40.000,45.000,12,700,0.258700,0.259147727,25.0000,3.718834162,3.758324385,1.638682246
2026-07-29T21:22:06.267227+00:00,564.991660,current,rgb,-40.000,45.000,13,700,0.258700,0.259147727,25.0000,3.718929529,3.758569241,1.638680696
2026-07-29T21:22:06.417620+00:00,565.142053,current,rgb,-40.000,45.000,14,700,0.258700,0.259062500,25.0000,3.718717098,3.758394957,1.638567924
2026-07-29T21:22:06.568140+00:00,565.292574,current,rgb,-40.000,45.000,15,700,0.258700,0.259147727,25.0000,3.718976974,3.758602142,1.638672233
2026-07-29T21:22:06.718473+00:00,565.442907,current,rgb,-40.000,45.000,16,700,0.258700,0.259119318,25.0000,3.718956470,3.758559465,1.638755441
2026-07-29T21:22:06.868793+00:00,565.593227,current,rgb,-40.000,45.000,17,700,0.258700,0.259062500,25.0000,3.718832731,3.758487701,1.638450503
2026-07-29T21:22:07.019249+00:00,565.743680,current,rgb,-40.000,45.000,18,700,0.258700,0.259090909,25.0000,3.719087601,3.758604050,1.638587236
2026-07-29T21:22:07.169676+00:00,565.894109,current,rgb,-40.000,45.000,19,700,0.258700,0.259034091,25.0000,3.718773842,3.758486748,1.638745666
2026-07-29T21:22:10.871266+00:00,569.595696,current,rgb,-40.000,90.000,0,700,0.258700,0.259119318,25.0000,3.719503880,3.758884430,1.638497591
2026-07-29T21:22:11.021776+00:00,569.746209,current,rgb,-40.000,90.000,1,700,0.258700,0.259090909,25.0000,3.719296694,3.758650064,1.638077497
2026-07-29T21:22:11.172154+00:00,569.896588,current,rgb,-40.000,90.000,2,700,0.258700,0.259147727,25.0000,3.719354630,3.758709431,1.638648033
2026-07-29T21:22:11.322445+00:00,570.046879,current,rgb,-40.000,90.000,3,700,0.258700,0.259119318,25.0000,3.719419003,3.758864403,1.638590932
2026-07-29T21:22:11.472723+00:00,570.197157,current,rgb,-40.000,90.000,4,700,0.258700,0.259062500,25.0000,3.719398022,3.758702040,1.638423443
2026-07-29T21:22:11.623023+00:00,570.347452,current,rgb,-40.000,90.000,5,700,0.258700,0.259119318,25.0000,3.719501734,3.758818150,1.638658762
2026-07-29T21:22:11.773455+00:00,570.497888,current,rgb,-40.000,90.000,6,700,0.258700,0.259147727,25.0000,3.719368935,3.758826256,1.638807416
2026-07-29T21:22:11.923920+00:00,570.648351,current,rgb,-40.000,90.000,7,700,0.258700,0.259147727,25.0000,3.719373226,3.758711338,1.638524055
2026-07-29T21:22:12.074345+00:00,570.798778,current,rgb,-40.000,90.000,8,700,0.258700,0.259147727,25.0000,3.719535828,3.758911610,1.638693690
2026-07-29T21:22:12.224822+00:00,570.949255,current,rgb,-40.000,90.000,9,700,0.258700,0.259090909,25.0000,3.719344378,3.758702755,1.638726830
2026-07-29T21:22:12.375183+00:00,571.099617,current,rgb,-40.000,90.000,10,700,0.258700,0.259147727,25.0000,3.719938278,3.759117126,1.638590693
2026-07-29T21:22:12.525516+00:00,571.249950,current,rgb,-40.000,90.000,11,700,0.258700,0.259090909,25.0000,3.719855785,3.759221554,1.638730049
2026-07-29T21:22:12.675917+00:00,571.400350,current,rgb,-40.000,90.000,12,700,0.258700,0.259090909,25.0000,3.719736099,3.759146690,1.638591409
2026-07-29T21:22:12.826313+00:00,571.550746,current,rgb,-40.000,90.000,13,700,0.258700,0.259090909,25.0000,3.719927311,3.759346008,1.638680935
2026-07-29T21:22:12.976520+00:00,571.700945,current,rgb,-40.000,90.000,14,700,0.258700,0.259005682,25.0000,3.719348669,3.759060144,1.638618231
2026-07-29T21:22:13.127225+00:00,571.851655,current,rgb,-40.000,90.000,15,700,0.258700,0.259062500,25.0000,3.719729185,3.759090662,1.638374090
2026-07-29T21:22:13.277677+00:00,572.002111,current,rgb,-40.000,90.000,16,700,0.258700,0.259062500,25.0000,3.719881058,3.759265900,1.638806462
2026-07-29T21:22:13.428097+00:00,572.152532,current,rgb,-40.000,90.000,17,700,0.258700,0.259090909,25.0000,3.719802856,3.759163857,1.638726830
2026-07-29T21:22:13.578489+00:00,572.302921,current,rgb,-40.000,90.000,18,700,0.258700,0.259062500,25.0000,3.720013142,3.759190798,1.638662696
2026-07-29T21:22:13.728850+00:00,572.453284,current,rgb,-40.000,90.000,19,700,0.258700,0.259090909,25.0000,3.720058441,3.759491205,1.638831377
2026-07-29T21:22:24.183467+00:00,582.907897,current,dark,-35.000,-90.000,0,0,,0.000710227,25.0000,4.896416187,4.903204441,1.649473667
2026-07-29T21:22:24.334113+00:00,583.058545,current,dark,-35.000,-90.000,1,0,,0.000710227,25.0000,4.896410942,4.903210640,1.649670482
2026-07-29T21:22:24.484665+00:00,583.209095,current,dark,-35.000,-90.000,2,0,,0.000710227,25.0000,4.896407604,4.903206825,1.649436593
2026-07-29T21:22:24.635128+00:00,583.359561,current,dark,-35.000,-90.000,3,0,,0.000710227,25.0000,4.896409988,4.903217316,1.649515510
2026-07-29T21:22:24.785622+00:00,583.510056,current,dark,-35.000,-90.000,4,0,,0.000710227,25.0000,4.896399021,4.903194904,1.649690747
2026-07-29T21:22:24.935999+00:00,583.660433,current,dark,-35.000,-90.000,5,0,,0.000710227,25.0000,4.896419525,4.903196812,1.649380445
2026-07-29T21:22:25.086323+00:00,583.810756,current,dark,-35.000,-90.000,6,0,,0.000710227,25.0000,4.896409988,4.903195381,1.649515748
2026-07-29T21:22:25.236737+00:00,583.961166,current,dark,-35.000,-90.000,7,0,,0.000710227,25.0000,4.896417141,4.903196335,1.649434924
2026-07-29T21:22:25.387234+00:00,584.111668,current,dark,-35.000,-90.000,8,0,,0.000738636,25.0000,4.896413326,4.903227329,1.649567008
2026-07-29T21:22:25.537612+00:00,584.262045,current,dark,-35.000,-90.000,9,0,,0.000738636,25.0000,4.896428585,4.903217316,1.649618268
2026-07-29T21:22:25.688016+00:00,584.412450,current,dark,-35.000,-90.000,10,0,,0.000710227,25.0000,4.896418095,4.903210163,1.649350405
2026-07-29T21:22:25.838407+00:00,584.562840,current,dark,-35.000,-90.000,11,0,,0.000710227,25.0000,4.896424294,4.903210163,1.649400949
2026-07-29T21:22:25.988754+00:00,584.713188,current,dark,-35.000,-90.000,12,0,,0.000710227,25.0000,4.896421432,4.903178215,1.649720550
2026-07-29T21:22:26.139100+00:00,584.863534,current,dark,-35.000,-90.000,13,0,,0.000710227,25.0000,4.896432877,4.903198719,1.649505496
2026-07-29T21:22:26.289400+00:00,585.013832,current,dark,-35.000,-90.000,14,0,,0.000710227,25.0000,4.896429062,4.903170586,1.649499059
2026-07-29T21:22:26.439845+00:00,585.164279,current,dark,-35.000,-90.000,15,0,,0.000710227,25.0000,4.896426201,4.903195381,1.649379730
2026-07-29T21:22:26.590131+00:00,585.314565,current,dark,-35.000,-90.000,16,0,,0.000710227,25.0000,4.896429539,4.903181553,1.649424911
2026-07-29T21:22:26.740461+00:00,585.464894,current,dark,-35.000,-90.000,17,0,,0.000710227,25.0000,4.896424294,4.903187275,1.649439812
2026-07-29T21:22:26.890775+00:00,585.615209,current,dark,-35.000,-90.000,18,0,,0.000710227,25.0000,4.896430016,4.903182030,1.649236441
2026-07-29T21:22:27.041127+00:00,585.765562,current,dark,-35.000,-90.000,19,0,,0.000738636,25.0000,4.896434307,4.903190136,1.649556994
2026-07-29T21:22:31.235246+00:00,589.959676,current,rgb,-35.000,-90.000,0,700,0.258700,0.259119318,25.0000,3.714602232,3.754630566,1.636943460
2026-07-29T21:22:31.385691+00:00,590.110124,current,rgb,-35.000,-90.000,1,700,0.258700,0.259147727,25.0000,3.714856863,3.754896641,1.637164354
2026-07-29T21:22:31.536083+00:00,590.260517,current,rgb,-35.000,-90.000,2,700,0.258700,0.259147727,25.0000,3.714801311,3.754878044,1.637302279
2026-07-29T21:22:31.686408+00:00,590.410842,current,rgb,-35.000,-90.000,3,700,0.258700,0.259176136,25.0000,3.715298176,3.755131721,1.637040854
2026-07-29T21:22:31.836680+00:00,590.561115,current,rgb,-35.000,-90.000,4,700,0.258700,0.259090909,25.0000,3.715353966,3.755388260,1.637307405
2026-07-29T21:22:31.986993+00:00,590.711427,current,rgb,-35.000,-90.000,5,700,0.258700,0.259005682,25.0000,3.715361357,3.755439281,1.637242317
2026-07-29T21:22:32.137306+00:00,590.861741,current,rgb,-35.000,-90.000,6,700,0.258700,0.259090909,25.0000,3.715581417,3.755612135,1.637215853
2026-07-29T21:22:32.287677+00:00,591.012112,current,rgb,-35.000,-90.000,7,700,0.258700,0.259119318,25.0000,3.715669155,3.755691290,1.637197375
2026-07-29T21:22:32.437184+00:00,591.161612,current,rgb,-35.000,-90.000,8,700,0.258700,0.259034091,25.0000,3.714990377,3.754941940,1.636944890
2026-07-29T21:22:32.587703+00:00,591.312135,current,rgb,-35.000,-90.000,9,700,0.258700,0.259147727,25.0000,3.715455532,3.755538464,1.637135625
2026-07-29T21:22:32.738077+00:00,591.462512,current,rgb,-35.000,-90.000,10,700,0.258700,0.259090909,25.0000,3.715390682,3.755464554,1.637274027
2026-07-29T21:22:32.888397+00:00,591.612831,current,rgb,-35.000,-90.000,11,700,0.258700,0.259090909,25.0000,3.715629339,3.755517483,1.637018442
2026-07-29T21:22:33.038816+00:00,591.763250,current,rgb,-35.000,-90.000,12,700,0.258700,0.259176136,25.0000,3.715749741,3.755717039,1.637088418
2026-07-29T21:22:33.189339+00:00,591.913769,current,rgb,-35.000,-90.000,13,700,0.258700,0.259034091,25.0000,3.715679169,3.755683899,1.636160731
2026-07-29T21:22:33.339881+00:00,592.064315,current,rgb,-35.000,-90.000,14,700,0.258700,0.259176136,25.0000,3.715865612,3.755837917,1.637011528
2026-07-29T21:22:33.490199+00:00,592.214631,current,rgb,-35.000,-90.000,15,700,0.258700,0.259232955,25.0000,3.715734005,3.755630970,1.637352586
2026-07-29T21:22:33.640614+00:00,592.365048,current,rgb,-35.000,-90.000,16,700,0.258700,0.259147727,25.0000,3.715708733,3.755657196,1.637123585
2026-07-29T21:22:33.790968+00:00,592.515401,current,rgb,-35.000,-90.000,17,700,0.258700,0.259204545,25.0000,3.715874195,3.755941868,1.637201786
2026-07-29T21:22:33.941446+00:00,592.665876,current,rgb,-35.000,-90.000,18,700,0.258700,0.259062500,25.0000,3.715950489,3.755920887,1.637199998
2026-07-29T21:22:34.092025+00:00,592.816453,current,rgb,-35.000,-90.000,19,700,0.258700,0.259289773,25.0000,3.716081381,3.755877495,1.636973739
2026-07-29T21:22:37.793350+00:00,596.517781,current,rgb,-35.000,-45.000,0,700,0.258700,0.259005682,25.0000,3.717349768,3.757423878,1.636981249
2026-07-29T21:22:37.943873+00:00,596.668307,current,rgb,-35.000,-45.000,1,700,0.258700,0.259005682,25.0000,3.717570066,3.757209778,1.636705875
2026-07-29T21:22:38.094235+00:00,596.818669,current,rgb,-35.000,-45.000,2,700,0.258700,0.259062500,25.0000,3.717417955,3.757398605,1.636998177
2026-07-29T21:22:38.244867+00:00,596.969296,current,rgb,-35.000,-45.000,3,700,0.258700,0.259176136,25.0000,3.717321396,3.757310390,1.636838198
2026-07-29T21:22:38.395316+00:00,597.119750,current,rgb,-35.000,-45.000,4,700,0.258700,0.259062500,25.0000,3.717600346,3.757531404,1.636856079
2026-07-29T21:22:38.545926+00:00,597.270354,current,rgb,-35.000,-45.000,5,700,0.258700,0.258977273,25.0000,3.717372417,3.757257700,1.637211800
2026-07-29T21:22:38.696462+00:00,597.420893,current,rgb,-35.000,-45.000,6,700,0.258700,0.259176136,25.0000,3.717122078,3.757049799,1.636271596
2026-07-29T21:22:38.846858+00:00,597.571291,current,rgb,-35.000,-45.000,7,700,0.258700,0.259176136,25.0000,3.717262268,3.757166862,1.636955619
2026-07-29T21:22:38.997475+00:00,597.721907,current,rgb,-35.000,-45.000,8,700,0.258700,0.259062500,25.0000,3.717285633,3.757292032,1.637008905
2026-07-29T21:22:39.147931+00:00,597.872364,current,rgb,-35.000,-45.000,9,700,0.258700,0.259119318,25.0000,3.717508793,3.757231712,1.636769176
2026-07-29T21:22:39.298444+00:00,598.022873,current,rgb,-35.000,-45.000,10,700,0.258700,0.259090909,25.0000,3.717394352,3.757366180,1.636894584
2026-07-29T21:22:39.448972+00:00,598.173406,current,rgb,-35.000,-45.000,11,700,0.258700,0.259147727,25.0000,3.717337132,3.757258415,1.636752248
2026-07-29T21:22:39.599452+00:00,598.323881,current,rgb,-35.000,-45.000,12,700,0.258700,0.259147727,25.0000,3.717486620,3.757531166,1.636810422
2026-07-29T21:22:39.749957+00:00,598.474388,current,rgb,-35.000,-45.000,13,700,0.258700,0.259062500,25.0000,3.717341900,3.757364750,1.637096286
2026-07-29T21:22:39.900386+00:00,598.624820,current,rgb,-35.000,-45.000,14,700,0.258700,0.259147727,25.0000,3.717385769,3.757290363,1.636761785
2026-07-29T21:22:40.050792+00:00,598.775225,current,rgb,-35.000,-45.000,15,700,0.258700,0.259176136,25.0000,3.717564344,3.757516384,1.636905074
2026-07-29T21:22:40.201129+00:00,598.925562,current,rgb,-35.000,-45.000,16,700,0.258700,0.259062500,25.0000,3.717405796,3.757340908,1.637050152
2026-07-29T21:22:40.351604+00:00,599.076034,current,rgb,-35.000,-45.000,17,700,0.258700,0.259119318,25.0000,3.717574835,3.757358789,1.636907816
2026-07-29T21:22:40.502124+00:00,599.226557,current,rgb,-35.000,-45.000,18,700,0.258700,0.259147727,25.0000,3.717648745,3.757616520,1.636910677
2026-07-29T21:22:40.652579+00:00,599.377011,current,rgb,-35.000,-45.000,19,700,0.258700,0.259090909,25.0000,3.717573881,3.757526636,1.636780143
2026-07-29T21:22:44.353865+00:00,603.078294,current,rgb,-35.000,0.000,0,700,0.258700,0.259232955,25.0000,3.718067646,3.757834435,1.637449741
2026-07-29T21:22:44.504914+00:00,603.229342,current,rgb,-35.000,0.000,1,700,0.258700,0.259119318,25.0000,3.717870712,3.758001566,1.637121201
2026-07-29T21:22:44.655654+00:00,603.380083,current,rgb,-35.000,0.000,2,700,0.258700,0.259034091,25.0000,3.718422651,3.758177280,1.637051582
2026-07-29T21:22:44.806145+00:00,603.530577,current,rgb,-35.000,0.000,3,700,0.258700,0.259062500,25.0000,3.718359947,3.758062840,1.637293339
2026-07-29T21:22:44.956599+00:00,603.681030,current,rgb,-35.000,0.000,4,700,0.258700,0.259034091,25.0000,3.718254805,3.758027315,1.637049675
2026-07-29T21:22:45.106976+00:00,603.831410,current,rgb,-35.000,0.000,5,700,0.258700,0.259119318,25.0000,3.718449116,3.758207321,1.637199283
2026-07-29T21:22:45.257324+00:00,603.981752,current,rgb,-35.000,0.000,6,700,0.258700,0.259090909,25.0000,3.718251944,3.757979870,1.637271523
2026-07-29T21:22:45.407829+00:00,604.132262,current,rgb,-35.000,0.000,7,700,0.258700,0.259119318,25.0000,3.718455791,3.757992983,1.637246609
2026-07-29T21:22:45.558230+00:00,604.282665,current,rgb,-35.000,0.000,8,700,0.258700,0.259176136,25.0000,3.718367577,3.758094311,1.637312055
2026-07-29T21:22:45.708624+00:00,604.433056,current,rgb,-35.000,0.000,9,700,0.258700,0.259176136,25.0000,3.718313932,3.758003712,1.637148261
2026-07-29T21:22:45.858981+00:00,604.583414,current,rgb,-35.000,0.000,10,700,0.258700,0.259147727,25.0000,3.718513250,3.758290052,1.637174606
2026-07-29T21:22:46.009302+00:00,604.733736,current,rgb,-35.000,0.000,11,700,0.258700,0.259062500,25.0000,3.718386889,3.758122921,1.637387276
2026-07-29T21:22:46.159674+00:00,604.884109,current,rgb,-35.000,0.000,12,700,0.258700,0.259204545,25.0000,3.718318939,3.758074284,1.637147546
2026-07-29T21:22:46.309941+00:00,605.034376,current,rgb,-35.000,0.000,13,700,0.258700,0.259176136,25.0000,3.718521595,3.758267879,1.637290835
2026-07-29T21:22:46.460316+00:00,605.184749,current,rgb,-35.000,0.000,14,700,0.258700,0.259119318,25.0000,3.718432188,3.758185148,1.637265444
2026-07-29T21:22:46.610787+00:00,605.335221,current,rgb,-35.000,0.000,15,700,0.258700,0.259147727,25.0000,3.718697786,3.758289814,1.637122631
2026-07-29T21:22:46.761133+00:00,605.485567,current,rgb,-35.000,0.000,16,700,0.258700,0.259204545,25.0000,3.718616724,3.758366108,1.637182474
2026-07-29T21:22:46.911518+00:00,605.635952,current,rgb,-35.000,0.000,17,700,0.258700,0.259119318,25.0000,3.718679905,3.758561373,1.636964202
2026-07-29T21:22:47.061796+00:00,605.786229,current,rgb,-35.000,0.000,18,700,0.258700,0.259005682,25.0000,3.718788147,3.758498192,1.636729121
2026-07-29T21:22:47.212136+00:00,605.936571,current,rgb,-35.000,0.000,19,700,0.258700,0.259034091,25.0000,3.718540907,3.758274555,1.637314320
2026-07-29T21:22:50.912994+00:00,609.637423,current,rgb,-35.000,45.000,0,700,0.258700,0.259147727,25.0000,3.719404221,3.759001255,1.637420774
2026-07-29T21:22:51.063448+00:00,609.787881,current,rgb,-35.000,45.000,1,700,0.258700,0.259090909,25.0000,3.719281673,3.758836031,1.637586713
2026-07-29T21:22:51.213926+00:00,609.938359,current,rgb,-35.000,45.000,2,700,0.258700,0.259090909,25.0000,3.719310522,3.758764267,1.637331843
2026-07-29T21:22:51.364256+00:00,610.088690,current,rgb,-35.000,45.000,3,700,0.258700,0.259119318,25.0000,3.719362259,3.758955240,1.637542129
2026-07-29T21:22:51.514709+00:00,610.239142,current,rgb,-35.000,45.000,4,700,0.258700,0.259062500,25.0000,3.719279289,3.758929253,1.637442231
2026-07-29T21:22:51.665085+00:00,610.389518,current,rgb,-35.000,45.000,5,700,0.258700,0.259062500,25.0000,3.719585896,3.759065628,1.637266397
2026-07-29T21:22:51.815431+00:00,610.539863,current,rgb,-35.000,45.000,6,700,0.258700,0.259119318,25.0000,3.719320774,3.758842707,1.637641907
2026-07-29T21:22:51.965824+00:00,610.690258,current,rgb,-35.000,45.000,7,700,0.258700,0.259090909,25.0000,3.719255447,3.758861780,1.637388945
2026-07-29T21:22:52.116148+00:00,610.840583,current,rgb,-35.000,45.000,8,700,0.258700,0.259090909,25.0000,3.719482660,3.759091854,1.637453914
2026-07-29T21:22:52.266447+00:00,610.990881,current,rgb,-35.000,45.000,9,700,0.258700,0.259034091,25.0000,3.719443798,3.759015560,1.637524009
2026-07-29T21:22:52.416854+00:00,611.141289,current,rgb,-35.000,45.000,10,700,0.258700,0.259090909,25.0000,3.719888687,3.759231567,1.637276649
2026-07-29T21:22:52.567283+00:00,611.291715,current,rgb,-35.000,45.000,11,700,0.258700,0.259005682,25.0000,3.719865084,3.759390116,1.636828899
2026-07-29T21:22:52.717651+00:00,611.442086,current,rgb,-35.000,45.000,12,700,0.258700,0.259062500,25.0000,3.719745874,3.759320974,1.637343526
2026-07-29T21:22:52.867838+00:00,611.592272,current,rgb,-35.000,45.000,13,700,0.258700,0.259005682,25.0000,3.719954491,3.759422541,1.637417555
2026-07-29T21:22:53.018228+00:00,611.742661,current,rgb,-35.000,45.000,14,700,0.258700,0.259005682,25.0000,3.719751596,3.759371042,1.637649059
2026-07-29T21:22:53.168630+00:00,611.893064,current,rgb,-35.000,45.000,15,700,0.258700,0.258977273,25.0000,3.719789505,3.759352922,1.637343526
2026-07-29T21:22:53.318951+00:00,612.043384,current,rgb,-35.000,45.000,16,700,0.258700,0.259034091,25.0000,3.719923258,3.759482861,1.637477160
2026-07-29T21:22:53.469295+00:00,612.193729,current,rgb,-35.000,45.000,17,700,0.258700,0.259005682,25.0000,3.719890118,3.759475946,1.637419701
2026-07-29T21:22:53.619877+00:00,612.344305,current,rgb,-35.000,45.000,18,700,0.258700,0.259005682,25.0000,3.719961166,3.759369850,1.637274981
2026-07-29T21:22:53.770342+00:00,612.494775,current,rgb,-35.000,45.000,19,700,0.258700,0.259062500,25.0000,3.719899178,3.759475708,1.637528658
2026-07-29T21:22:57.472837+00:00,616.197266,current,rgb,-35.000,90.000,0,700,0.258700,0.259034091,25.0000,3.720465899,3.759534597,1.637142420
2026-07-29T21:22:57.623054+00:00,616.347484,current,rgb,-35.000,90.000,1,700,0.258700,0.259034091,25.0000,3.720444679,3.759753942,1.637309670
2026-07-29T21:22:57.773596+00:00,616.498028,current,rgb,-35.000,90.000,2,700,0.258700,0.259005682,25.0000,3.720430374,3.759656429,1.637120962
2026-07-29T21:22:57.924005+00:00,616.648439,current,rgb,-35.000,90.000,3,700,0.258700,0.259005682,25.0000,3.720551968,3.759830236,1.637108207
2026-07-29T21:22:58.074364+00:00,616.798797,current,rgb,-35.000,90.000,4,700,0.258700,0.258977273,25.0000,3.720465183,3.759649038,1.636906385
2026-07-29T21:22:58.224724+00:00,616.949157,current,rgb,-35.000,90.000,5,700,0.258700,0.259062500,25.0000,3.720235348,3.759590387,1.637264252
2026-07-29T21:22:58.375043+00:00,617.099478,current,rgb,-35.000,90.000,6,700,0.258700,0.259034091,25.0000,3.720496178,3.759700298,1.637352347
2026-07-29T21:22:58.525322+00:00,617.249756,current,rgb,-35.000,90.000,7,700,0.258700,0.259034091,25.0000,3.720433712,3.759575844,1.637378454
2026-07-29T21:22:58.675789+00:00,617.400219,current,rgb,-35.000,90.000,8,700,0.258700,0.259005682,25.0000,3.720224380,3.759244442,1.637169242
2026-07-29T21:22:58.826310+00:00,617.550742,current,rgb,-35.000,90.000,9,700,0.258700,0.259176136,25.0000,3.720040798,3.759346247,1.637356043
2026-07-29T21:22:58.976682+00:00,617.701115,current,rgb,-35.000,90.000,10,700,0.258700,0.259090909,25.0000,3.719988346,3.759289980,1.637222052
2026-07-29T21:22:59.127012+00:00,617.851447,current,rgb,-35.000,90.000,11,700,0.258700,0.259147727,25.0000,3.720208168,3.759459496,1.637259841
2026-07-29T21:22:59.277320+00:00,618.001755,current,rgb,-35.000,90.000,12,700,0.258700,0.259062500,25.0000,3.720052719,3.759338617,1.637571573
2026-07-29T21:22:59.427676+00:00,618.152110,current,rgb,-35.000,90.000,13,700,0.258700,0.259147727,25.0000,3.720023394,3.759310246,1.637330413
2026-07-29T21:22:59.578102+00:00,618.302528,current,rgb,-35.000,90.000,14,700,0.258700,0.259090909,25.0000,3.720209837,3.759344816,1.637438297
2026-07-29T21:22:59.728674+00:00,618.453105,current,rgb,-35.000,90.000,15,700,0.258700,0.259090909,25.0000,3.720003366,3.759254456,1.637492776
2026-07-29T21:22:59.879128+00:00,618.603560,current,rgb,-35.000,90.000,16,700,0.258700,0.259119318,25.0000,3.720187902,3.759293795,1.637423158
2026-07-29T21:23:00.029710+00:00,618.754140,current,rgb,-35.000,90.000,17,700,0.258700,0.259147727,25.0000,3.720167160,3.759354591,1.637428999
2026-07-29T21:23:00.180270+00:00,618.904703,current,rgb,-35.000,90.000,18,700,0.258700,0.259119318,25.0000,3.720095634,3.759361506,1.637233496
2026-07-29T21:23:00.331592+00:00,619.056020,current,rgb,-35.000,90.000,19,700,0.258700,0.259176136,25.0000,3.720256329,3.759540319,1.637309909
2026-07-29T21:23:10.791137+00:00,629.515565,current,dark,-30.000,-90.000,0,0,,0.000710227,25.0000,4.896394253,4.903189659,1.649307728
2026-07-29T21:23:10.941700+00:00,629.666132,current,dark,-30.000,-90.000,1,0,,0.000710227,25.0000,4.896393776,4.903173923,1.649289370
2026-07-29T21:23:11.092211+00:00,629.816644,current,dark,-30.000,-90.000,2,0,,0.000710227,25.0000,4.896394730,4.903198719,1.649499059
2026-07-29T21:23:11.242608+00:00,629.967041,current,dark,-30.000,-90.000,3,0,,0.000710227,25.0000,4.896386147,4.903188705,1.649231315
2026-07-29T21:23:11.393028+00:00,630.117459,current,dark,-30.000,-90.000,4,0,,0.000710227,25.0000,4.896402359,4.903188229,1.649340868
2026-07-29T21:23:11.543429+00:00,630.267862,current,dark,-30.000,-90.000,5,0,,0.000710227,25.0000,4.896403313,4.903183460,1.649433136
2026-07-29T21:23:11.693980+00:00,630.418410,current,dark,-30.000,-90.000,6,0,,0.000710227,25.0000,4.896399975,4.903193951,1.649288654
2026-07-29T21:23:11.844529+00:00,630.568961,current,dark,-30.000,-90.000,7,0,,0.000710227,25.0000,4.896385670,4.903176785,1.649513006
2026-07-29T21:23:11.994980+00:00,630.719413,current,dark,-30.000,-90.000,8,0,,0.000710227,25.0000,4.896405220,4.903186798,1.649263501
2026-07-29T21:23:12.145293+00:00,630.869727,current,dark,-30.000,-90.000,9,0,,0.000710227,25.0000,4.896404743,4.903176308,1.649253488
2026-07-29T21:23:12.295707+00:00,631.020137,current,dark,-30.000,-90.000,10,0,,0.000710227,25.0000,4.896406174,4.903183937,1.649439573
2026-07-29T21:23:12.446151+00:00,631.170585,current,dark,-30.000,-90.000,11,0,,0.000710227,25.0000,4.896424294,4.903183937,1.649202943
2026-07-29T21:23:12.596538+00:00,631.320970,current,dark,-30.000,-90.000,12,0,,0.000710227,25.0000,4.896419048,4.903213024,1.649349928
2026-07-29T21:23:12.746875+00:00,631.471308,current,dark,-30.000,-90.000,13,0,,0.000710227,25.0000,4.896426678,4.903197289,1.649397731
2026-07-29T21:23:12.897198+00:00,631.621630,current,dark,-30.000,-90.000,14,0,,0.000710227,25.0000,4.896432877,4.903202057,1.649475455
2026-07-29T21:23:13.047630+00:00,631.772063,current,dark,-30.000,-90.000,15,0,,0.000710227,25.0000,4.896428585,4.903196335,1.649451256
2026-07-29T21:23:13.197933+00:00,631.922367,current,dark,-30.000,-90.000,16,0,,0.000710227,25.0000,4.896438122,4.903203964,1.649259090
2026-07-29T21:23:13.348258+00:00,632.072692,current,dark,-30.000,-90.000,17,0,,0.000738636,25.0000,4.896440983,4.903200150,1.649369478
2026-07-29T21:23:13.498603+00:00,632.223035,current,dark,-30.000,-90.000,18,0,,0.000710227,25.0000,4.896440506,4.903197765,1.649509072
2026-07-29T21:23:13.648952+00:00,632.373386,current,dark,-30.000,-90.000,19,0,,0.000710227,25.0000,4.896434784,4.903199196,1.649259567
2026-07-29T21:23:17.843121+00:00,636.567550,current,rgb,-30.000,-90.000,0,700,0.258700,0.259034091,25.0000,3.715076208,3.755097151,1.636159539
2026-07-29T21:23:17.993648+00:00,636.718079,current,rgb,-30.000,-90.000,1,700,0.258700,0.259147727,25.0000,3.715173721,3.755197287,1.635890722
2026-07-29T21:23:18.144140+00:00,636.868572,current,rgb,-30.000,-90.000,2,700,0.258700,0.259176136,25.0000,3.715430260,3.755385399,1.635923147
2026-07-29T21:23:18.294509+00:00,637.018943,current,rgb,-30.000,-90.000,3,700,0.258700,0.259119318,25.0000,3.715376377,3.755396366,1.635951042
2026-07-29T21:23:18.444855+00:00,637.169289,current,rgb,-30.000,-90.000,4,700,0.258700,0.259147727,25.0000,3.715597391,3.755544662,1.635880709
2026-07-29T21:23:18.595248+00:00,637.319680,current,rgb,-30.000,-90.000,5,700,0.258700,0.259176136,25.0000,3.715602875,3.755607128,1.635984898
2026-07-29T21:23:18.745653+00:00,637.470083,current,rgb,-30.000,-90.000,6,700,0.258700,0.259119318,25.0000,3.715667725,3.755715132,1.635845065
2026-07-29T21:23:18.896135+00:00,637.620568,current,rgb,-30.000,-90.000,7,700,0.258700,0.259090909,25.0000,3.715905190,3.755884409,1.635887265
2026-07-29T21:23:19.046519+00:00,637.770953,current,rgb,-30.000,-90.000,8,700,0.258700,0.259090909,25.0000,3.715777397,3.755812168,1.636107206
2026-07-29T21:23:19.196942+00:00,637.921373,current,rgb,-30.000,-90.000,9,700,0.258700,0.259062500,25.0000,3.715847969,3.755825043,1.635864615
2026-07-29T21:23:19.347310+00:00,638.071743,current,rgb,-30.000,-90.000,10,700,0.258700,0.259090909,25.0000,3.716031075,3.756092072,1.636038184
2026-07-29T21:23:19.497620+00:00,638.222053,current,rgb,-30.000,-90.000,11,700,0.258700,0.259062500,25.0000,3.716033459,3.756018162,1.635946155
2026-07-29T21:23:19.648005+00:00,638.372439,current,rgb,-30.000,-90.000,12,700,0.258700,0.259204545,25.0000,3.716218710,3.756087065,1.635888696
2026-07-29T21:23:19.798376+00:00,638.522808,current,rgb,-30.000,-90.000,13,700,0.258700,0.259176136,25.0000,3.716109037,3.756135464,1.636098027
2026-07-29T21:23:19.948804+00:00,638.673238,current,rgb,-30.000,-90.000,14,700,0.258700,0.259090909,25.0000,3.716038465,3.756080151,1.635877252
2026-07-29T21:23:20.099199+00:00,638.823631,current,rgb,-30.000,-90.000,15,700,0.258700,0.259176136,25.0000,3.716188431,3.756234407,1.636014700
2026-07-29T21:23:20.249627+00:00,638.974060,current,rgb,-30.000,-90.000,16,700,0.258700,0.259062500,25.0000,3.716072083,3.756155491,1.635648251
2026-07-29T21:23:20.400126+00:00,639.124555,current,rgb,-30.000,-90.000,17,700,0.258700,0.259176136,25.0000,3.716220617,3.756190538,1.636038899
2026-07-29T21:23:20.550565+00:00,639.274998,current,rgb,-30.000,-90.000,18,700,0.258700,0.259176136,25.0000,3.716388226,3.756370306,1.636112332
2026-07-29T21:23:20.700917+00:00,639.425350,current,rgb,-30.000,-90.000,19,700,0.258700,0.259119318,25.0000,3.716426134,3.756395340,1.636022091
2026-07-29T21:23:24.403234+00:00,643.127664,current,rgb,-30.000,-45.000,0,700,0.258700,0.259119318,25.0000,3.717570066,3.757629871,1.635825515
2026-07-29T21:23:24.553781+00:00,643.278211,current,rgb,-30.000,-45.000,1,700,0.258700,0.259119318,25.0000,3.717421055,3.757448673,1.635769606
2026-07-29T21:23:24.704291+00:00,643.428723,current,rgb,-30.000,-45.000,2,700,0.258700,0.259119318,25.0000,3.717661858,3.757662296,1.635867715
2026-07-29T21:23:24.854774+00:00,643.579206,current,rgb,-30.000,-45.000,3,700,0.258700,0.259119318,25.0000,3.717614412,3.757651091,1.635897756
2026-07-29T21:23:25.005138+00:00,643.729572,current,rgb,-30.000,-45.000,4,700,0.258700,0.259090909,25.0000,3.717517376,3.757565975,1.635636091
2026-07-29T21:23:25.155436+00:00,643.879870,current,rgb,-30.000,-45.000,5,700,0.258700,0.259119318,25.0000,3.717739820,3.757696152,1.635870934
2026-07-29T21:23:25.305950+00:00,644.030377,current,rgb,-30.000,-45.000,6,700,0.258700,0.259119318,25.0000,3.717715502,3.757696390,1.635890961
2026-07-29T21:23:25.456561+00:00,644.180991,current,rgb,-30.000,-45.000,7,700,0.258700,0.259090909,25.0000,3.717782259,3.757498503,1.635575056
2026-07-29T21:23:25.607024+00:00,644.331458,current,rgb,-30.000,-45.000,8,700,0.258700,0.259147727,25.0000,3.717724323,3.757707596,1.635971308
2026-07-29T21:23:25.757373+00:00,644.481806,current,rgb,-30.000,-45.000,9,700,0.258700,0.259147727,25.0000,3.717782736,3.757691145,1.635216594
2026-07-29T21:23:25.907705+00:00,644.632139,current,rgb,-30.000,-45.000,10,700,0.258700,0.259147727,25.0000,3.717889547,3.757865906,1.635786176
2026-07-29T21:23:26.058106+00:00,644.782539,current,rgb,-30.000,-45.000,11,700,0.258700,0.259176136,25.0000,3.717906952,3.757889509,1.635873318
2026-07-29T21:23:26.208621+00:00,644.933052,current,rgb,-30.000,-45.000,12,700,0.258700,0.259062500,25.0000,3.717830658,3.757834196,1.635637283
2026-07-29T21:23:26.359108+00:00,645.083540,current,rgb,-30.000,-45.000,13,700,0.258700,0.259147727,25.0000,3.718108654,3.758008957,1.635640740
2026-07-29T21:23:26.508807+00:00,645.233234,current,rgb,-30.000,-45.000,14,700,0.258700,0.259090909,25.0000,3.717784643,3.757831573,1.635958314
2026-07-29T21:23:26.659441+00:00,645.383872,current,rgb,-30.000,-45.000,15,700,0.258700,0.259090909,25.0000,3.718013287,3.757780552,1.635648966
2026-07-29T21:23:26.809843+00:00,645.534275,current,rgb,-30.000,-45.000,16,700,0.258700,0.259176136,25.0000,3.718047380,3.758058548,1.635827899
2026-07-29T21:23:26.960336+00:00,645.684769,current,rgb,-30.000,-45.000,17,700,0.258700,0.259119318,25.0000,3.717983723,3.757992029,1.635699749
2026-07-29T21:23:27.110760+00:00,645.835194,current,rgb,-30.000,-45.000,18,700,0.258700,0.259147727,25.0000,3.718173504,3.758151054,1.635767698
2026-07-29T21:23:27.261182+00:00,645.985614,current,rgb,-30.000,-45.000,19,700,0.258700,0.259119318,25.0000,3.718037128,3.758048773,1.635867715
2026-07-29T21:23:30.962830+00:00,649.687259,current,rgb,-30.000,0.000,0,700,0.258700,0.259147727,25.0000,3.718925953,3.758694649,1.635960579
2026-07-29T21:23:31.113277+00:00,649.837711,current,rgb,-30.000,0.000,1,700,0.258700,0.259062500,25.0000,3.718899727,3.758642197,1.636051893
2026-07-29T21:23:31.263767+00:00,649.988199,current,rgb,-30.000,0.000,2,700,0.258700,0.259062500,25.0000,3.719096184,3.758711815,1.635496616
2026-07-29T21:23:31.414338+00:00,650.138769,current,rgb,-30.000,0.000,3,700,0.258700,0.259034091,25.0000,3.719055891,3.758789062,1.635826468
2026-07-29T21:23:31.564788+00:00,650.289221,current,rgb,-30.000,0.000,4,700,0.258700,0.259062500,25.0000,3.718841076,3.758568764,1.636098742
2026-07-29T21:23:31.716070+00:00,650.440499,current,rgb,-30.000,0.000,5,700,0.258700,0.259147727,25.0000,3.719050407,3.757882357,1.635985374
2026-07-29T21:23:31.866504+00:00,650.590933,current,rgb,-30.000,0.000,6,700,0.258700,0.259176136,25.0000,3.719084263,3.758814812,1.636021852
2026-07-29T21:23:32.016953+00:00,650.741386,current,rgb,-30.000,0.000,7,700,0.258700,0.259090909,25.0000,3.718994856,3.758757591,1.635791779
2026-07-29T21:23:32.167287+00:00,650.891720,current,rgb,-30.000,0.000,8,700,0.258700,0.259034091,25.0000,3.719169617,3.758941650,1.635847211
2026-07-29T21:23:32.317768+00:00,651.042196,current,rgb,-30.000,0.000,9,700,0.258700,0.259034091,25.0000,3.719021320,3.758782148,1.636019588
2026-07-29T21:23:32.468192+00:00,651.192625,current,rgb,-30.000,0.000,10,700,0.258700,0.259062500,25.0000,3.719028950,3.758739233,1.635765433
2026-07-29T21:23:32.618537+00:00,651.342969,current,rgb,-30.000,0.000,11,700,0.258700,0.259147727,25.0000,3.719213963,3.758883238,1.635908484
2026-07-29T21:23:32.768881+00:00,651.493314,current,rgb,-30.000,0.000,12,700,0.258700,0.259090909,25.0000,3.719080925,3.758734703,1.635994673
2026-07-29T21:23:32.919221+00:00,651.643655,current,rgb,-30.000,0.000,13,700,0.258700,0.259176136,25.0000,3.719257355,3.758737564,1.635844588
2026-07-29T21:23:33.069655+00:00,651.794089,current,rgb,-30.000,0.000,14,700,0.258700,0.259204545,25.0000,3.719092369,3.758800268,1.636054039
2026-07-29T21:23:33.219972+00:00,651.944407,current,rgb,-30.000,0.000,15,700,0.258700,0.259090909,25.0000,3.719078302,3.758748055,1.635855079
2026-07-29T21:23:33.370244+00:00,652.094679,current,rgb,-30.000,0.000,16,700,0.258700,0.259147727,25.0000,3.719299078,3.758974314,1.635990262
2026-07-29T21:23:33.520546+00:00,652.244980,current,rgb,-30.000,0.000,17,700,0.258700,0.259119318,25.0000,3.719273567,3.758966923,1.636025429
2026-07-29T21:23:33.670938+00:00,652.395373,current,rgb,-30.000,0.000,18,700,0.258700,0.259119318,25.0000,3.719154596,3.758823872,1.635653138
2026-07-29T21:23:33.821207+00:00,652.545641,current,rgb,-30.000,0.000,19,700,0.258700,0.259147727,25.0000,3.719362974,3.759382248,1.635896325
2026-07-29T21:23:37.522032+00:00,656.246461,current,rgb,-30.000,45.000,0,700,0.258700,0.259090909,25.0000,3.720367432,3.759741545,1.636031866
2026-07-29T21:23:37.672634+00:00,656.397065,current,rgb,-30.000,45.000,1,700,0.258700,0.259062500,25.0000,3.720422745,3.759916782,1.636104345
2026-07-29T21:23:37.823122+00:00,656.547556,current,rgb,-30.000,45.000,2,700,0.258700,0.259005682,25.0000,3.720315695,3.759764194,1.636091352
2026-07-29T21:23:37.973479+00:00,656.697913,current,rgb,-30.000,45.000,3,700,0.258700,0.259005682,25.0000,3.720440388,3.759883404,1.636080861
2026-07-29T21:23:38.123833+00:00,656.848267,current,rgb,-30.000,45.000,4,700,0.258700,0.259062500,25.0000,3.720370531,3.759825706,1.636273503
2026-07-29T21:23:38.274221+00:00,656.998655,current,rgb,-30.000,45.000,5,700,0.258700,0.259005682,25.0000,3.720202684,3.759706974,1.636043549
2026-07-29T21:23:38.424694+00:00,657.149128,current,rgb,-30.000,45.000,6,700,0.258700,0.259005682,25.0000,3.720433712,3.759915590,1.636151195
2026-07-29T21:23:38.574962+00:00,657.299397,current,rgb,-30.000,45.000,7,700,0.258700,0.259005682,25.0000,3.720382214,3.759936094,1.636146545
2026-07-29T21:23:38.725270+00:00,657.449704,current,rgb,-30.000,45.000,8,700,0.258700,0.258948864,25.0000,3.720414162,3.759801865,1.635944605
2026-07-29T21:23:38.875734+00:00,657.600164,current,rgb,-30.000,45.000,9,700,0.258700,0.259090909,25.0000,3.720448256,3.759950161,1.636146307
2026-07-29T21:23:39.026283+00:00,657.750713,current,rgb,-30.000,45.000,10,700,0.258700,0.259034091,25.0000,3.719899178,3.759426594,1.636109710
2026-07-29T21:23:39.176698+00:00,657.901131,current,rgb,-30.000,45.000,11,700,0.258700,0.259147727,25.0000,3.720177650,3.759654999,1.636206388
2026-07-29T21:23:39.326976+00:00,658.051410,current,rgb,-30.000,45.000,12,700,0.258700,0.259119318,25.0000,3.720135212,3.759583950,1.636128545
2026-07-29T21:23:39.477212+00:00,658.201647,current,rgb,-30.000,45.000,13,700,0.258700,0.259090909,25.0000,3.720106602,3.759555578,1.635881186
2026-07-29T21:23:39.627532+00:00,658.351965,current,rgb,-30.000,45.000,14,700,0.258700,0.259034091,25.0000,3.720216990,3.759691238,1.635436654
2026-07-29T21:23:39.777958+00:00,658.502392,current,rgb,-30.000,45.000,15,700,0.258700,0.259062500,25.0000,3.720150948,3.759610176,1.636279106
2026-07-29T21:23:39.928273+00:00,658.652708,current,rgb,-30.000,45.000,16,700,0.258700,0.259090909,25.0000,3.720283747,3.759597540,1.636040568
2026-07-29T21:23:40.078605+00:00,658.803039,current,rgb,-30.000,45.000,17,700,0.258700,0.259119318,25.0000,3.720272541,3.759729624,1.636142135
2026-07-29T21:23:40.228909+00:00,658.953344,current,rgb,-30.000,45.000,18,700,0.258700,0.259090909,25.0000,3.720081091,3.759549141,1.636132836
2026-07-29T21:23:40.379441+00:00,659.103872,current,rgb,-30.000,45.000,19,700,0.258700,0.259147727,25.0000,3.720273972,3.759674072,1.636217117
2026-07-29T21:23:44.081065+00:00,662.805494,current,rgb,-30.000,90.000,0,700,0.258700,0.259090909,25.0000,3.720540047,3.759790897,1.636124611
2026-07-29T21:23:44.231567+00:00,662.956000,current,rgb,-30.000,90.000,1,700,0.258700,0.259119318,25.0000,3.720824242,3.759956598,1.636067748
2026-07-29T21:23:44.381923+00:00,663.106356,current,rgb,-30.000,90.000,2,700,0.258700,0.259090909,25.0000,3.720653296,3.759831905,1.636197567
2026-07-29T21:23:44.532286+00:00,663.256720,current,rgb,-30.000,90.000,3,700,0.258700,0.259119318,25.0000,3.720677853,3.759813309,1.635935903
2026-07-29T21:23:44.682624+00:00,663.407059,current,rgb,-30.000,90.000,4,700,0.258700,0.259147727,25.0000,3.720798254,3.759997129,1.636072040
2026-07-29T21:23:44.832927+00:00,663.557361,current,rgb,-30.000,90.000,5,700,0.258700,0.259090909,25.0000,3.720690727,3.759910583,1.636175394
2026-07-29T21:23:44.983285+00:00,663.707718,current,rgb,-30.000,90.000,6,700,0.258700,0.259119318,25.0000,3.720855474,3.759717941,1.635962963
2026-07-29T21:23:45.133601+00:00,663.858035,current,rgb,-30.000,90.000,7,700,0.258700,0.259204545,25.0000,3.720804214,3.759899378,1.635639429
2026-07-29T21:23:45.283858+00:00,664.008293,current,rgb,-30.000,90.000,8,700,0.258700,0.259119318,25.0000,3.720550537,3.759815216,1.636128545
2026-07-29T21:23:45.434276+00:00,664.158705,current,rgb,-30.000,90.000,9,700,0.258700,0.259147727,25.0000,3.720802784,3.759982824,1.636199355
2026-07-29T21:23:45.584719+00:00,664.309151,current,rgb,-30.000,90.000,10,700,0.258700,0.259119318,25.0000,3.720737696,3.759933949,1.636232972
2026-07-29T21:23:45.735124+00:00,664.459557,current,rgb,-30.000,90.000,11,700,0.258700,0.259119318,25.0000,3.720506191,3.759742022,1.635997891
2026-07-29T21:23:45.885466+00:00,664.609899,current,rgb,-30.000,90.000,12,700,0.258700,0.259119318,25.0000,3.720727921,3.759900570,1.636430740
2026-07-29T21:23:46.035845+00:00,664.760279,current,rgb,-30.000,90.000,13,700,0.258700,0.259176136,25.0000,3.720784664,3.760008335,1.636232257
2026-07-29T21:23:46.186353+00:00,664.910787,current,rgb,-30.000,90.000,14,700,0.258700,0.259090909,25.0000,3.720919847,3.759833574,1.636034966
2026-07-29T21:23:46.336679+00:00,665.061111,current,rgb,-30.000,90.000,15,700,0.258700,0.259090909,25.0000,3.720903397,3.760133982,1.636198044
2026-07-29T21:23:46.486983+00:00,665.211419,current,rgb,-30.000,90.000,16,700,0.258700,0.259090909,25.0000,3.720780849,3.759974241,1.635999560
2026-07-29T21:23:46.637298+00:00,665.361733,current,rgb,-30.000,90.000,17,700,0.258700,0.259119318,25.0000,3.720967531,3.760140419,1.636165142
2026-07-29T21:23:46.787652+00:00,665.512087,current,rgb,-30.000,90.000,18,700,0.258700,0.259090909,25.0000,3.720881462,3.760024071,1.636322141
2026-07-29T21:23:46.937998+00:00,665.662431,current,rgb,-30.000,90.000,19,700,0.258700,0.259147727,25.0000,3.720709801,3.759916067,1.636092305
2026-07-29T21:23:57.394083+00:00,676.118513,current,dark,-25.000,-90.000,0,0,,0.000710227,25.0000,4.896406174,4.903241634,1.649580836
2026-07-29T21:23:57.544556+00:00,676.268990,current,dark,-25.000,-90.000,1,0,,0.000710227,25.0000,4.896422386,4.903259754,1.649419069
2026-07-29T21:23:57.695011+00:00,676.419441,current,dark,-25.000,-90.000,2,0,,0.000710227,25.0000,4.896426201,4.903250217,1.649565697
2026-07-29T21:23:57.845616+00:00,676.570049,current,dark,-25.000,-90.000,3,0,,0.000710227,25.0000,4.896436691,4.903248787,1.649493694
2026-07-29T21:23:57.995799+00:00,676.720225,current,dark,-25.000,-90.000,4,0,,0.000710227,25.0000,4.896401405,4.903247833,1.649321079
2026-07-29T21:23:58.146393+00:00,676.870824,current,dark,-25.000,-90.000,5,0,,0.000710227,25.0000,4.896433830,4.903239250,1.649466634
2026-07-29T21:23:58.296875+00:00,677.021304,current,dark,-25.000,-90.000,6,0,,0.000710227,25.0000,4.896431446,4.903256416,1.649176836
2026-07-29T21:23:58.447333+00:00,677.171764,current,dark,-25.000,-90.000,7,0,,0.000710227,25.0000,4.896427631,4.903242111,1.649463654
2026-07-29T21:23:58.597752+00:00,677.322185,current,dark,-25.000,-90.000,8,0,,0.000710227,25.0000,4.896435261,4.903268337,1.649566770
2026-07-29T21:23:58.748109+00:00,677.472543,current,dark,-25.000,-90.000,9,0,,0.000710227,25.0000,4.896449566,4.903239250,1.649375319
2026-07-29T21:23:58.898412+00:00,677.622846,current,dark,-25.000,-90.000,10,0,,0.000710227,25.0000,4.896423340,4.903231621,1.649482489
2026-07-29T21:23:59.048769+00:00,677.773203,current,dark,-25.000,-90.000,11,0,,0.000710227,25.0000,4.896431923,4.903245449,1.649165869
2026-07-29T21:23:59.199113+00:00,677.923546,current,dark,-25.000,-90.000,12,0,,0.000710227,25.0000,4.896436214,4.903264046,1.649402618
2026-07-29T21:23:59.349491+00:00,678.073925,current,dark,-25.000,-90.000,13,0,,0.000710227,25.0000,4.896445751,4.903257847,1.649502277
2026-07-29T21:23:59.499825+00:00,678.224260,current,dark,-25.000,-90.000,14,0,,0.000710227,25.0000,4.896444798,4.903242111,1.649250507
2026-07-29T21:23:59.650287+00:00,678.374717,current,dark,-25.000,-90.000,15,0,,0.000710227,25.0000,4.896430016,4.903231144,1.649620891
2026-07-29T21:23:59.800778+00:00,678.525212,current,dark,-25.000,-90.000,16,0,,0.000710227,25.0000,4.896438122,4.903248787,1.649482489
2026-07-29T21:23:59.951207+00:00,678.675641,current,dark,-25.000,-90.000,17,0,,0.000710227,25.0000,4.896440983,4.903258324,1.649202466
2026-07-29T21:24:00.101685+00:00,678.826118,current,dark,-25.000,-90.000,18,0,,0.000710227,25.0000,4.896437168,4.903268337,1.649363399
2026-07-29T21:24:00.252112+00:00,678.976546,current,dark,-25.000,-90.000,19,0,,0.000710227,25.0000,4.896439552,4.903246880,1.649415374
2026-07-29T21:24:04.446323+00:00,683.170751,current,rgb,-25.000,-90.000,0,700,0.258700,0.259119318,25.0000,3.716455936,3.756492615,1.635239840
2026-07-29T21:24:04.596846+00:00,683.321276,current,rgb,-25.000,-90.000,1,700,0.258700,0.258948864,25.0000,3.716256857,3.756353855,1.635057449
2026-07-29T21:24:04.747273+00:00,683.471706,current,rgb,-25.000,-90.000,2,700,0.258700,0.259062500,25.0000,3.716600895,3.756489992,1.635006666
2026-07-29T21:24:04.897792+00:00,683.622221,current,rgb,-25.000,-90.000,3,700,0.258700,0.259062500,25.0000,3.716109753,3.756194592,1.635199070
2026-07-29T21:24:05.048332+00:00,683.772766,current,rgb,-25.000,-90.000,4,700,0.258700,0.259119318,25.0000,3.716231823,3.756250858,1.634950757
2026-07-29T21:24:05.198639+00:00,683.923072,current,rgb,-25.000,-90.000,5,700,0.258700,0.259090909,25.0000,3.716434240,3.756405115,1.635071397
2026-07-29T21:24:05.349010+00:00,684.073437,current,rgb,-25.000,-90.000,6,700,0.258700,0.259090909,25.0000,3.716464996,3.756413698,1.635169268
2026-07-29T21:24:05.499498+00:00,684.223929,current,rgb,-25.000,-90.000,7,700,0.258700,0.259090909,25.0000,3.716473103,3.756337404,1.634913206
2026-07-29T21:24:05.650068+00:00,684.374497,current,rgb,-25.000,-90.000,8,700,0.258700,0.259090909,25.0000,3.716630459,3.756641388,1.635087013
2026-07-29T21:24:05.800599+00:00,684.525030,current,rgb,-25.000,-90.000,9,700,0.258700,0.259062500,25.0000,3.716600418,3.756501198,1.634960294
2026-07-29T21:24:05.950984+00:00,684.675417,current,rgb,-25.000,-90.000,10,700,0.258700,0.259147727,25.0000,3.716742039,3.756705284,1.634890914
2026-07-29T21:24:06.101346+00:00,684.825777,current,rgb,-25.000,-90.000,11,700,0.258700,0.259119318,25.0000,3.716808796,3.756729126,1.635051847
2026-07-29T21:24:06.251844+00:00,684.976276,current,rgb,-25.000,-90.000,12,700,0.258700,0.259090909,25.0000,3.716736794,3.756703138,1.634840369
2026-07-29T21:24:06.402159+00:00,685.126593,current,rgb,-25.000,-90.000,13,700,0.258700,0.259119318,25.0000,3.716906309,3.756893158,1.634987116
2026-07-29T21:24:06.552598+00:00,685.277032,current,rgb,-25.000,-90.000,14,700,0.258700,0.259090909,25.0000,3.716831684,3.756767273,1.635281801
2026-07-29T21:24:06.702970+00:00,685.427404,current,rgb,-25.000,-90.000,15,700,0.258700,0.259147727,25.0000,3.716921806,3.756874800,1.635051370
2026-07-29T21:24:06.853308+00:00,685.577741,current,rgb,-25.000,-90.000,16,700,0.258700,0.259119318,25.0000,3.717041969,3.756985426,1.635147572
2026-07-29T21:24:07.003663+00:00,685.728097,current,rgb,-25.000,-90.000,17,700,0.258700,0.259062500,25.0000,3.716995239,3.756937742,1.635072827
2026-07-29T21:24:07.153975+00:00,685.878409,current,rgb,-25.000,-90.000,18,700,0.258700,0.259119318,25.0000,3.717254400,3.757130861,1.634997129
2026-07-29T21:24:07.304380+00:00,686.028814,current,rgb,-25.000,-90.000,19,700,0.258700,0.259176136,25.0000,3.717133760,3.757130861,1.634539604
2026-07-29T21:24:11.006163+00:00,689.730592,current,rgb,-25.000,-45.000,0,700,0.258700,0.259147727,25.0000,3.718317509,3.758235455,1.634908319
2026-07-29T21:24:11.156604+00:00,689.881037,current,rgb,-25.000,-45.000,1,700,0.258700,0.259147727,25.0000,3.718173265,3.758120775,1.635251284
2026-07-29T21:24:11.306966+00:00,690.031401,current,rgb,-25.000,-45.000,2,700,0.258700,0.259119318,25.0000,3.718093634,3.758060455,1.634985685
2026-07-29T21:24:11.457282+00:00,690.181714,current,rgb,-25.000,-45.000,3,700,0.258700,0.259176136,25.0000,3.718285799,3.758187294,1.635192990
2026-07-29T21:24:11.607563+00:00,690.331992,current,rgb,-25.000,-45.000,4,700,0.258700,0.259119318,25.0000,3.718179464,3.758229017,1.635258913
2026-07-29T21:24:11.758147+00:00,690.482581,current,rgb,-25.000,-45.000,5,700,0.258700,0.259062500,25.0000,3.718505144,3.758120298,1.634969831
2026-07-29T21:24:11.908509+00:00,690.632942,current,rgb,-25.000,-45.000,6,700,0.258700,0.259176136,25.0000,3.718354464,3.758286953,1.635200500
2026-07-29T21:24:12.058892+00:00,690.783325,current,rgb,-25.000,-45.000,7,700,0.258700,0.259090909,25.0000,3.718304157,3.758183479,1.635033727
2026-07-29T21:24:12.209175+00:00,690.933610,current,rgb,-25.000,-45.000,8,700,0.258700,0.259119318,25.0000,3.718534470,3.758514881,1.634978890
2026-07-29T21:24:12.359436+00:00,691.083870,current,rgb,-25.000,-45.000,9,700,0.258700,0.259147727,25.0000,3.718366146,3.758397341,1.635177612
2026-07-29T21:24:12.509931+00:00,691.234362,current,rgb,-25.000,-45.000,10,700,0.258700,0.259090909,25.0000,3.718306541,3.758237123,1.634951711
2026-07-29T21:24:12.660413+00:00,691.384847,current,rgb,-25.000,-45.000,11,700,0.258700,0.259176136,25.0000,3.718537331,3.758473873,1.635039926
2026-07-29T21:24:12.810803+00:00,691.535237,current,rgb,-25.000,-45.000,12,700,0.258700,0.259147727,25.0000,3.718560934,3.758316517,1.634605527
2026-07-29T21:24:12.961157+00:00,691.685587,current,rgb,-25.000,-45.000,13,700,0.258700,0.259176136,25.0000,3.718667984,3.758394957,1.634925842
2026-07-29T21:24:13.111643+00:00,691.836077,current,rgb,-25.000,-45.000,14,700,0.258700,0.259176136,25.0000,3.718582630,3.758549929,1.635069609
2026-07-29T21:24:13.262049+00:00,691.986484,current,rgb,-25.000,-45.000,15,700,0.258700,0.259147727,25.0000,3.718389988,3.758294582,1.634968638
2026-07-29T21:24:13.412468+00:00,692.136901,current,rgb,-25.000,-45.000,16,700,0.258700,0.259176136,25.0000,3.718713522,3.758618355,1.635112882
2026-07-29T21:24:13.562836+00:00,692.287269,current,rgb,-25.000,-45.000,17,700,0.258700,0.259062500,25.0000,3.718645811,3.758561134,1.635212183
2026-07-29T21:24:13.713441+00:00,692.437870,current,rgb,-25.000,-45.000,18,700,0.258700,0.259090909,25.0000,3.718560696,3.757671118,1.634991288
2026-07-29T21:24:13.863943+00:00,692.588372,current,rgb,-25.000,-45.000,19,700,0.258700,0.259147727,25.0000,3.718786716,3.758625746,1.635043025
2026-07-29T21:24:17.564767+00:00,696.289193,current,rgb,-25.000,0.000,0,700,0.258700,0.259005682,25.0000,3.719878674,3.759400368,1.634867549
2026-07-29T21:24:17.715404+00:00,696.439834,current,rgb,-25.000,0.000,1,700,0.258700,0.259062500,25.0000,3.720049858,3.759656191,1.635088444
2026-07-29T21:24:17.865860+00:00,696.590292,current,rgb,-25.000,0.000,2,700,0.258700,0.258948864,25.0000,3.719755411,3.759377003,1.635177374
2026-07-29T21:24:18.016197+00:00,696.740629,current,rgb,-25.000,0.000,3,700,0.258700,0.259090909,25.0000,3.719961405,3.759424686,1.635135531
2026-07-29T21:24:18.166513+00:00,696.890947,current,rgb,-25.000,0.000,4,700,0.258700,0.259034091,25.0000,3.720014095,3.759564161,1.635137558
2026-07-29T21:24:18.316834+00:00,697.041266,current,rgb,-25.000,0.000,5,700,0.258700,0.259005682,25.0000,3.720027208,3.759681225,1.634815216
2026-07-29T21:24:18.467222+00:00,697.191656,current,rgb,-25.000,0.000,6,700,0.258700,0.259034091,25.0000,3.720017672,3.759571075,1.635137081
2026-07-29T21:24:18.617612+00:00,697.342046,current,rgb,-25.000,0.000,7,700,0.258700,0.259034091,25.0000,3.719882488,3.759603024,1.635193944
2026-07-29T21:24:18.768204+00:00,697.492636,current,rgb,-25.000,0.000,8,700,0.258700,0.259005682,25.0000,3.719954014,3.759536743,1.634984732
2026-07-29T21:24:18.918726+00:00,697.643157,current,rgb,-25.000,0.000,9,700,0.258700,0.259062500,25.0000,3.719690084,3.759316444,1.635174394
2026-07-29T21:24:19.069596+00:00,697.794024,current,rgb,-25.000,0.000,10,700,0.258700,0.259090909,25.0000,3.719595432,3.759230375,1.635112166
2026-07-29T21:24:19.220167+00:00,697.944601,current,rgb,-25.000,0.000,11,700,0.258700,0.259090909,25.0000,3.719808578,3.759195328,1.635045052
2026-07-29T21:24:19.370499+00:00,698.094933,current,rgb,-25.000,0.000,12,700,0.258700,0.259176136,25.0000,3.719696760,3.759360790,1.635176063
2026-07-29T21:24:19.520949+00:00,698.245382,current,rgb,-25.000,0.000,13,700,0.258700,0.259119318,25.0000,3.719550133,3.759181023,1.634897828
2026-07-29T21:24:19.671402+00:00,698.395833,current,rgb,-25.000,0.000,14,700,0.258700,0.259176136,25.0000,3.719757795,3.759396076,1.635108709
2026-07-29T21:24:19.821813+00:00,698.546247,current,rgb,-25.000,0.000,15,700,0.258700,0.259062500,25.0000,3.719756365,3.759336233,1.635206580
2026-07-29T21:24:19.972215+00:00,698.696647,current,rgb,-25.000,0.000,16,700,0.258700,0.259147727,25.0000,3.719698906,3.759338617,1.634997606
2026-07-29T21:24:20.122649+00:00,698.847082,current,rgb,-25.000,0.000,17,700,0.258700,0.259147727,25.0000,3.719892740,3.759472609,1.635139465
2026-07-29T21:24:20.273017+00:00,698.997452,current,rgb,-25.000,0.000,18,700,0.258700,0.259090909,25.0000,3.719792366,3.759308815,1.635202765
2026-07-29T21:24:20.423283+00:00,699.147712,current,rgb,-25.000,0.000,19,700,0.258700,0.259176136,25.0000,3.719981909,3.759423256,1.635045767
2026-07-29T21:24:24.124272+00:00,702.848701,current,rgb,-25.000,45.000,0,700,0.258700,0.259090909,25.0000,3.720609903,3.760017395,1.635497451
2026-07-29T21:24:24.275029+00:00,702.999457,current,rgb,-25.000,45.000,1,700,0.258700,0.259090909,25.0000,3.720738411,3.760099411,1.635287166
2026-07-29T21:24:24.425599+00:00,703.150032,current,rgb,-25.000,45.000,2,700,0.258700,0.259090909,25.0000,3.720686436,3.759979963,1.635444641
2026-07-29T21:24:24.576123+00:00,703.300553,current,rgb,-25.000,45.000,3,700,0.258700,0.259090909,25.0000,3.720681906,3.760007858,1.635172963
2026-07-29T21:24:24.726619+00:00,703.451050,current,rgb,-25.000,45.000,4,700,0.258700,0.259119318,25.0000,3.720879793,3.760123491,1.635230064
2026-07-29T21:24:24.877056+00:00,703.601488,current,rgb,-25.000,45.000,5,700,0.258700,0.259090909,25.0000,3.720818520,3.760097027,1.635329962
2026-07-29T21:24:25.027570+00:00,703.752000,current,rgb,-25.000,45.000,6,700,0.258700,0.259090909,25.0000,3.720741034,3.760001183,1.635138035
2026-07-29T21:24:25.178073+00:00,703.902506,current,rgb,-25.000,45.000,7,700,0.258700,0.259147727,25.0000,3.720755100,3.760160923,1.635412931
2026-07-29T21:24:25.328482+00:00,704.052915,current,rgb,-25.000,45.000,8,700,0.258700,0.259119318,25.0000,3.720767021,3.760083675,1.635304332
2026-07-29T21:24:25.478945+00:00,704.203375,current,rgb,-25.000,45.000,9,700,0.258700,0.259090909,25.0000,3.720973730,3.760196924,1.635162950
2026-07-29T21:24:25.629427+00:00,704.353860,current,rgb,-25.000,45.000,10,700,0.258700,0.259119318,25.0000,3.720915556,3.760141134,1.635332108
2026-07-29T21:24:25.779846+00:00,704.504279,current,rgb,-25.000,45.000,11,700,0.258700,0.259090909,25.0000,3.720620871,3.760004997,1.635039687
2026-07-29T21:24:25.930310+00:00,704.654743,current,rgb,-25.000,45.000,12,700,0.258700,0.259119318,25.0000,3.720739841,3.760049343,1.635460973
2026-07-29T21:24:26.080720+00:00,704.805154,current,rgb,-25.000,45.000,13,700,0.258700,0.259090909,25.0000,3.720854759,3.760223150,1.635428309
2026-07-29T21:24:26.230995+00:00,704.955430,current,rgb,-25.000,45.000,14,700,0.258700,0.259119318,25.0000,3.720859051,3.760127068,1.635192990
2026-07-29T21:24:26.381294+00:00,705.105727,current,rgb,-25.000,45.000,15,700,0.258700,0.259119318,25.0000,3.720864773,3.760137796,1.635423660
2026-07-29T21:24:26.531702+00:00,705.256137,current,rgb,-25.000,45.000,16,700,0.258700,0.259062500,25.0000,3.720740080,3.760099649,1.635332346
2026-07-29T21:24:26.682057+00:00,705.406492,current,rgb,-25.000,45.000,17,700,0.258700,0.259119318,25.0000,3.720884562,3.760188818,1.634650707
2026-07-29T21:24:26.832353+00:00,705.556787,current,rgb,-25.000,45.000,18,700,0.258700,0.259147727,25.0000,3.720850706,3.760145903,1.635538459
2026-07-29T21:24:26.982798+00:00,705.707229,current,rgb,-25.000,45.000,19,700,0.258700,0.259090909,25.0000,3.720765591,3.760122776,1.635230541
2026-07-29T21:24:30.683795+00:00,709.408225,current,rgb,-25.000,90.000,0,700,0.258700,0.259119318,25.0000,3.721128702,3.760260344,1.635526896
2026-07-29T21:24:30.834283+00:00,709.558715,current,rgb,-25.000,90.000,1,700,0.258700,0.259147727,25.0000,3.721062183,3.760210276,1.635265708
2026-07-29T21:24:30.984770+00:00,709.709203,current,rgb,-25.000,90.000,2,700,0.258700,0.259147727,25.0000,3.721355438,3.760477543,1.635322094
2026-07-29T21:24:31.135214+00:00,709.859649,current,rgb,-25.000,90.000,3,700,0.258700,0.259090909,25.0000,3.721139431,3.760202408,1.635581613
2026-07-29T21:24:31.285604+00:00,710.010037,current,rgb,-25.000,90.000,4,700,0.258700,0.259119318,25.0000,3.721369743,3.760281563,1.635367274
2026-07-29T21:24:31.436006+00:00,710.160439,current,rgb,-25.000,90.000,5,700,0.258700,0.259147727,25.0000,3.721380711,3.760393620,1.635499597
2026-07-29T21:24:31.586347+00:00,710.310780,current,rgb,-25.000,90.000,6,700,0.258700,0.259062500,25.0000,3.721160412,3.760226727,1.635324240
2026-07-29T21:24:31.736663+00:00,710.461097,current,rgb,-25.000,90.000,7,700,0.258700,0.259147727,25.0000,3.721405506,3.760380983,1.635550618
2026-07-29T21:24:31.886979+00:00,710.611412,current,rgb,-25.000,90.000,8,700,0.258700,0.259176136,25.0000,3.721320152,3.760381699,1.635564804
2026-07-29T21:24:32.037465+00:00,710.761898,current,rgb,-25.000,90.000,9,700,0.258700,0.259204545,25.0000,3.721246958,3.760334492,1.635358214
2026-07-29T21:24:32.187916+00:00,710.912351,current,rgb,-25.000,90.000,10,700,0.258700,0.259147727,25.0000,3.721562386,3.760466576,1.634874105
2026-07-29T21:24:32.338166+00:00,711.062599,current,rgb,-25.000,90.000,11,700,0.258700,0.259176136,25.0000,3.721372604,3.760420799,1.635474443
2026-07-29T21:24:32.488525+00:00,711.212960,current,rgb,-25.000,90.000,12,700,0.258700,0.259119318,25.0000,3.721872568,3.760625124,1.635456920
2026-07-29T21:24:32.638858+00:00,711.363292,current,rgb,-25.000,90.000,13,700,0.258700,0.259062500,25.0000,3.721832275,3.760789394,1.635590672
2026-07-29T21:24:32.789159+00:00,711.513594,current,rgb,-25.000,90.000,14,700,0.258700,0.259005682,25.0000,3.721718311,3.760726452,1.635294318
2026-07-29T21:24:32.939479+00:00,711.663912,current,rgb,-25.000,90.000,15,700,0.258700,0.259090909,25.0000,3.721876621,3.760803699,1.635426641
2026-07-29T21:24:33.089815+00:00,711.814249,current,rgb,-25.000,90.000,16,700,0.258700,0.259062500,25.0000,3.721673965,3.760661840,1.635744214
2026-07-29T21:24:33.240161+00:00,711.964595,current,rgb,-25.000,90.000,17,700,0.258700,0.259090909,25.0000,3.721627712,3.760609865,1.635486603
2026-07-29T21:24:33.390420+00:00,712.114854,current,rgb,-25.000,90.000,18,700,0.258700,0.259090909,25.0000,3.721844196,3.760878801,1.635483503
2026-07-29T21:24:33.540712+00:00,712.265147,current,rgb,-25.000,90.000,19,700,0.258700,0.259090909,25.0000,3.721813202,3.760723829,1.635415316
2026-07-29T21:24:43.995111+00:00,722.719540,current,dark,-20.000,-90.000,0,0,,0.000710227,25.0000,4.896447182,4.903167725,1.649396777
2026-07-29T21:24:44.145649+00:00,722.870081,current,dark,-20.000,-90.000,1,0,,0.000710227,25.0000,4.896444321,4.903158188,1.649421692
2026-07-29T21:24:44.296119+00:00,723.020551,current,dark,-20.000,-90.000,2,0,,0.000710227,25.0000,4.896441936,4.903149128,1.649510145
2026-07-29T21:24:44.446518+00:00,723.170949,current,dark,-20.000,-90.000,3,0,,0.000710227,25.0000,4.896443367,4.903149128,1.649465919
2026-07-29T21:24:44.596966+00:00,723.321400,current,dark,-20.000,-90.000,4,0,,0.000710227,25.0000,4.896433353,4.903157711,1.649215698
2026-07-29T21:24:44.747397+00:00,723.471831,current,dark,-20.000,-90.000,5,0,,0.000710227,25.0000,4.896433830,4.903172493,1.649461269
2026-07-29T21:24:44.897764+00:00,723.622197,current,dark,-20.000,-90.000,6,0,,0.000710227,25.0000,4.896440029,4.903164387,1.649453163
2026-07-29T21:24:45.048169+00:00,723.772604,current,dark,-20.000,-90.000,7,0,,0.000710227,25.0000,4.896452427,4.903144836,1.649271369
2026-07-29T21:24:45.198932+00:00,723.923356,current,dark,-20.000,-90.000,8,0,,0.000738636,25.0000,4.896446705,4.903155327,1.649368048
2026-07-29T21:24:45.349671+00:00,724.074100,current,dark,-20.000,-90.000,9,0,,0.000710227,25.0000,4.896441460,4.903155804,1.649391413
2026-07-29T21:24:45.500306+00:00,724.224735,current,dark,-20.000,-90.000,10,0,,0.000710227,25.0000,4.896445274,4.903179646,1.649357200
2026-07-29T21:24:45.650842+00:00,724.375275,current,dark,-20.000,-90.000,11,0,,0.000710227,25.0000,4.896434784,4.903162003,1.649495244
2026-07-29T21:24:45.801310+00:00,724.525739,current,dark,-20.000,-90.000,12,0,,0.000738636,25.0000,4.896440506,4.903177261,1.649244428
2026-07-29T21:24:45.951785+00:00,724.676218,current,dark,-20.000,-90.000,13,0,,0.000710227,25.0000,4.896438599,4.903155327,1.649144888
2026-07-29T21:24:46.102160+00:00,724.826593,current,dark,-20.000,-90.000,14,0,,0.000710227,25.0000,4.896432400,4.903162003,1.649343133
2026-07-29T21:24:46.252624+00:00,724.977056,current,dark,-20.000,-90.000,15,0,,0.000710227,25.0000,4.896438122,4.903140068,1.649427772
2026-07-29T21:24:46.403019+00:00,725.127453,current,dark,-20.000,-90.000,16,0,,0.000710227,25.0000,4.896438599,4.903160095,1.649454236
2026-07-29T21:24:46.553362+00:00,725.277796,current,dark,-20.000,-90.000,17,0,,0.000710227,25.0000,4.896437645,4.903160095,1.649389029
2026-07-29T21:24:46.703735+00:00,725.428169,current,dark,-20.000,-90.000,18,0,,0.000710227,25.0000,4.896422386,4.903170586,1.649477601
2026-07-29T21:24:46.854264+00:00,725.578698,current,dark,-20.000,-90.000,19,0,,0.000738636,25.0000,4.896416664,4.903160095,1.649433613
2026-07-29T21:24:51.048476+00:00,729.772905,current,rgb,-20.000,-90.000,0,700,0.258700,0.259090909,25.0000,3.716397762,3.756071329,1.634379506
2026-07-29T21:24:51.198949+00:00,729.923383,current,rgb,-20.000,-90.000,1,700,0.258700,0.259176136,25.0000,3.716207504,3.756220818,1.634740353
2026-07-29T21:24:51.349293+00:00,730.073726,current,rgb,-20.000,-90.000,2,700,0.258700,0.259119318,25.0000,3.716316223,3.756173611,1.634545922
2026-07-29T21:24:51.499677+00:00,730.224111,current,rgb,-20.000,-90.000,3,700,0.258700,0.259176136,25.0000,3.716756344,3.756670713,1.634626269
2026-07-29T21:24:51.650084+00:00,730.374517,current,rgb,-20.000,-90.000,4,700,0.258700,0.259090909,25.0000,3.716499329,3.756443024,1.634627819
2026-07-29T21:24:51.800443+00:00,730.524877,current,rgb,-20.000,-90.000,5,700,0.258700,0.259147727,25.0000,3.716532707,3.756476641,1.634542584
2026-07-29T21:24:51.950809+00:00,730.675242,current,rgb,-20.000,-90.000,6,700,0.258700,0.259119318,25.0000,3.716804981,3.756772995,1.634506941
2026-07-29T21:24:52.101134+00:00,730.825567,current,rgb,-20.000,-90.000,7,700,0.258700,0.259119318,25.0000,3.716815472,3.756852627,1.634458542
2026-07-29T21:24:52.251529+00:00,730.975959,current,rgb,-20.000,-90.000,8,700,0.258700,0.259090909,25.0000,3.716940641,3.756686211,1.634396076
2026-07-29T21:24:52.401974+00:00,731.126405,current,rgb,-20.000,-90.000,9,700,0.258700,0.259232955,25.0000,3.716943502,3.756867886,1.634674430
2026-07-29T21:24:52.552340+00:00,731.276774,current,rgb,-20.000,-90.000,10,700,0.258700,0.259147727,25.0000,3.716851711,3.756916046,1.634417057
2026-07-29T21:24:52.702795+00:00,731.427229,current,rgb,-20.000,-90.000,11,700,0.258700,0.259090909,25.0000,3.717129230,3.757078648,1.634428978
2026-07-29T21:24:52.853133+00:00,731.577563,current,rgb,-20.000,-90.000,12,700,0.258700,0.259090909,25.0000,3.716996670,3.757035971,1.634725213
2026-07-29T21:24:53.003688+00:00,731.728121,current,rgb,-20.000,-90.000,13,700,0.258700,0.259147727,25.0000,3.716988564,3.756867647,1.634443641
2026-07-29T21:24:53.154086+00:00,731.878521,current,rgb,-20.000,-90.000,14,700,0.258700,0.259232955,25.0000,3.717101097,3.757087231,1.634695411
2026-07-29T21:24:53.304556+00:00,732.028990,current,rgb,-20.000,-90.000,15,700,0.258700,0.259119318,25.0000,3.717198133,3.757143497,1.634615541
2026-07-29T21:24:53.454991+00:00,732.179423,current,rgb,-20.000,-90.000,16,700,0.258700,0.259176136,25.0000,3.717397213,3.757253170,1.634422421
2026-07-29T21:24:53.605262+00:00,732.329690,current,rgb,-20.000,-90.000,17,700,0.258700,0.259147727,25.0000,3.717346430,3.757360935,1.634512305
2026-07-29T21:24:53.755823+00:00,732.480257,current,rgb,-20.000,-90.000,18,700,0.258700,0.259090909,25.0000,3.717214584,3.757163525,1.634328246
2026-07-29T21:24:53.906140+00:00,732.630573,current,rgb,-20.000,-90.000,19,700,0.258700,0.259147727,25.0000,3.717484951,3.757395744,1.634616017
2026-07-29T21:24:57.607263+00:00,736.331690,current,rgb,-20.000,-45.000,0,700,0.258700,0.259090909,25.0000,3.718307972,3.758310795,1.634431958
2026-07-29T21:24:57.757775+00:00,736.482207,current,rgb,-20.000,-45.000,1,700,0.258700,0.259176136,25.0000,3.718546391,3.758490562,1.634671450
2026-07-29T21:24:57.908200+00:00,736.632632,current,rgb,-20.000,-45.000,2,700,0.258700,0.259147727,25.0000,3.718535423,3.758494854,1.634755731
2026-07-29T21:24:58.058609+00:00,736.783042,current,rgb,-20.000,-45.000,3,700,0.258700,0.259119318,25.0000,3.718567371,3.758317232,1.634497881
2026-07-29T21:24:58.209016+00:00,736.933450,current,rgb,-20.000,-45.000,4,700,0.258700,0.259204545,25.0000,3.718581438,3.758477688,1.634797454
2026-07-29T21:24:58.359431+00:00,737.083863,current,rgb,-20.000,-45.000,5,700,0.258700,0.259176136,25.0000,3.718623877,3.758530617,1.634629011
2026-07-29T21:24:58.509822+00:00,737.234254,current,rgb,-20.000,-45.000,6,700,0.258700,0.259119318,25.0000,3.718840122,3.758735895,1.634501815
2026-07-29T21:24:58.660332+00:00,737.384765,current,rgb,-20.000,-45.000,7,700,0.258700,0.259204545,25.0000,3.718614578,3.758623123,1.634798646
2026-07-29T21:24:58.810896+00:00,737.535328,current,rgb,-20.000,-45.000,8,700,0.258700,0.259176136,25.0000,3.718707561,3.758586645,1.634496450
2026-07-29T21:24:58.961297+00:00,737.685728,current,rgb,-20.000,-45.000,9,700,0.258700,0.259090909,25.0000,3.718911171,3.758743048,1.634514213
2026-07-29T21:24:59.111748+00:00,737.836181,current,rgb,-20.000,-45.000,10,700,0.258700,0.259147727,25.0000,3.718866110,3.758753538,1.634675860
2026-07-29T21:24:59.262102+00:00,737.986536,current,rgb,-20.000,-45.000,11,700,0.258700,0.259090909,25.0000,3.718999386,3.758734465,1.634337187
2026-07-29T21:24:59.412469+00:00,738.136901,current,rgb,-20.000,-45.000,12,700,0.258700,0.259147727,25.0000,3.719024897,3.758880854,1.634512305
2026-07-29T21:24:59.562875+00:00,738.287308,current,rgb,-20.000,-45.000,13,700,0.258700,0.259062500,25.0000,3.718874693,3.758760929,1.634516716
2026-07-29T21:24:59.713352+00:00,738.437782,current,rgb,-20.000,-45.000,14,700,0.258700,0.259147727,25.0000,3.719098568,3.758968115,1.634481549
2026-07-29T21:24:59.863851+00:00,738.588284,current,rgb,-20.000,-45.000,15,700,0.258700,0.259176136,25.0000,3.719287395,3.758894205,1.634148955
2026-07-29T21:25:00.014356+00:00,738.738788,current,rgb,-20.000,-45.000,16,700,0.258700,0.259090909,25.0000,3.718862057,3.758773804,1.634490848
2026-07-29T21:25:00.164728+00:00,738.889161,current,rgb,-20.000,-45.000,17,700,0.258700,0.259119318,25.0000,3.719159365,3.758969784,1.634499788
2026-07-29T21:25:00.315201+00:00,739.039630,current,rgb,-20.000,-45.000,18,700,0.258700,0.259090909,25.0000,3.719080448,3.759037256,1.634685397
2026-07-29T21:25:00.465854+00:00,739.190283,current,rgb,-20.000,-45.000,19,700,0.258700,0.259119318,25.0000,3.719122648,3.758817911,1.634456396
2026-07-29T21:25:04.167129+00:00,742.891558,current,rgb,-20.000,0.000,0,700,0.258700,0.259147727,25.0000,3.720042229,3.759582996,1.634647250
2026-07-29T21:25:04.317635+00:00,743.042069,current,rgb,-20.000,0.000,1,700,0.258700,0.259090909,25.0000,3.720202446,3.759400845,1.634526968
2026-07-29T21:25:04.468180+00:00,743.192612,current,rgb,-20.000,0.000,2,700,0.258700,0.259119318,25.0000,3.720020771,3.759574890,1.634751558
2026-07-29T21:25:04.618453+00:00,743.342882,current,rgb,-20.000,0.000,3,700,0.258700,0.259119318,25.0000,3.720088243,3.759607077,1.634570837
2026-07-29T21:25:04.768862+00:00,743.493295,current,rgb,-20.000,0.000,4,700,0.258700,0.259147727,25.0000,3.720345497,3.759844542,1.634550333
2026-07-29T21:25:04.919271+00:00,743.643705,current,rgb,-20.000,0.000,5,700,0.258700,0.259005682,25.0000,3.720351458,3.760063171,1.634697556
2026-07-29T21:25:05.069626+00:00,743.794059,current,rgb,-20.000,0.000,6,700,0.258700,0.259034091,25.0000,3.720333338,3.759782791,1.634430766
2026-07-29T21:25:05.220013+00:00,743.944448,current,rgb,-20.000,0.000,7,700,0.258700,0.259062500,25.0000,3.720503330,3.759994507,1.634726882
2026-07-29T21:25:05.370348+00:00,744.094782,current,rgb,-20.000,0.000,8,700,0.258700,0.259034091,25.0000,3.720732689,3.760293484,1.634570599
2026-07-29T21:25:05.520880+00:00,744.245308,current,rgb,-20.000,0.000,9,700,0.258700,0.259005682,25.0000,3.720361710,3.759589434,1.634441495
2026-07-29T21:25:05.671505+00:00,744.395934,current,rgb,-20.000,0.000,10,700,0.258700,0.259147727,25.0000,3.720292091,3.759789228,1.634621143
2026-07-29T21:25:05.822073+00:00,744.546500,current,rgb,-20.000,0.000,11,700,0.258700,0.259090909,25.0000,3.720225096,3.759599209,1.634529352
2026-07-29T21:25:05.972576+00:00,744.697006,current,rgb,-20.000,0.000,12,700,0.258700,0.259147727,25.0000,3.720409393,3.759900331,1.634499788
2026-07-29T21:25:06.123240+00:00,744.847670,current,rgb,-20.000,0.000,13,700,0.258700,0.259005682,25.0000,3.720291853,3.759825468,1.634607553
2026-07-29T21:25:06.273640+00:00,744.998067,current,rgb,-20.000,0.000,14,700,0.258700,0.259090909,25.0000,3.720191717,3.759756327,1.634428263
2026-07-29T21:25:06.424264+00:00,745.148696,current,rgb,-20.000,0.000,15,700,0.258700,0.259119318,25.0000,3.720403910,3.759938478,1.634518385
2026-07-29T21:25:06.574802+00:00,745.299235,current,rgb,-20.000,0.000,16,700,0.258700,0.259062500,25.0000,3.720129967,3.759647846,1.634710073
2026-07-29T21:25:06.725238+00:00,745.449667,current,rgb,-20.000,0.000,17,700,0.258700,0.259147727,25.0000,3.720391273,3.759805918,1.634655118
2026-07-29T21:25:06.875675+00:00,745.600108,current,rgb,-20.000,0.000,18,700,0.258700,0.259090909,25.0000,3.720399141,3.759902716,1.634597540
2026-07-29T21:25:07.026135+00:00,745.750568,current,rgb,-20.000,0.000,19,700,0.258700,0.259119318,25.0000,3.720293283,3.759840488,1.634450078
2026-07-29T21:25:10.727596+00:00,749.452025,current,rgb,-20.000,45.000,0,700,0.258700,0.259090909,25.0000,3.721038103,3.760275841,1.634750843
2026-07-29T21:25:10.878212+00:00,749.602641,current,rgb,-20.000,45.000,1,700,0.258700,0.259062500,25.0000,3.721171379,3.760352135,1.634579897
2026-07-29T21:25:11.028686+00:00,749.753118,current,rgb,-20.000,45.000,2,700,0.258700,0.259062500,25.0000,3.721098900,3.760348797,1.634638786
2026-07-29T21:25:11.179217+00:00,749.903648,current,rgb,-20.000,45.000,3,700,0.258700,0.258977273,25.0000,3.720931530,3.760182381,1.634850383
2026-07-29T21:25:11.329608+00:00,750.054042,current,rgb,-20.000,45.000,4,700,0.258700,0.259119318,25.0000,3.720990658,3.760195255,1.634720087
2026-07-29T21:25:11.479513+00:00,750.203939,current,rgb,-20.000,45.000,5,700,0.258700,0.259147727,25.0000,3.720450640,3.760140181,1.634698510
2026-07-29T21:25:11.630110+00:00,750.354538,current,rgb,-20.000,45.000,6,700,0.258700,0.259090909,25.0000,3.720860004,3.760149717,1.634806275
2026-07-29T21:25:11.780645+00:00,750.505079,current,rgb,-20.000,45.000,7,700,0.258700,0.259147727,25.0000,3.721078396,3.760208845,1.634839892
2026-07-29T21:25:11.931053+00:00,750.655487,current,rgb,-20.000,45.000,8,700,0.258700,0.259119318,25.0000,3.721054792,3.760342121,1.634825468
2026-07-29T21:25:12.081457+00:00,750.805888,current,rgb,-20.000,45.000,9,700,0.258700,0.259090909,25.0000,3.721027136,3.760263443,1.634533525
2026-07-29T21:25:12.231836+00:00,750.956270,current,rgb,-20.000,45.000,10,700,0.258700,0.259119318,25.0000,3.721207142,3.760434389,1.634684443
2026-07-29T21:25:12.382127+00:00,751.106562,current,rgb,-20.000,45.000,11,700,0.258700,0.259090909,25.0000,3.721146107,3.760272264,1.634901404
2026-07-29T21:25:12.532486+00:00,751.256921,current,rgb,-20.000,45.000,12,700,0.258700,0.259090909,25.0000,3.721370220,3.760564089,1.634676576
2026-07-29T21:25:12.682809+00:00,751.407244,current,rgb,-20.000,45.000,13,700,0.258700,0.259062500,25.0000,3.721484184,3.760799170,1.634829164
2026-07-29T21:25:12.833141+00:00,751.557574,current,rgb,-20.000,45.000,14,700,0.258700,0.259005682,25.0000,3.721450567,3.760717154,1.634766221
2026-07-29T21:25:12.983470+00:00,751.707902,current,rgb,-20.000,45.000,15,700,0.258700,0.259005682,25.0000,3.721705437,3.760738850,1.634664416
2026-07-29T21:25:13.133835+00:00,751.858269,current,rgb,-20.000,45.000,16,700,0.258700,0.259090909,25.0000,3.721608162,3.760792255,1.634853125
2026-07-29T21:25:13.284243+00:00,752.008678,current,rgb,-20.000,45.000,17,700,0.258700,0.259005682,25.0000,3.721431732,3.760583639,1.634591818
2026-07-29T21:25:13.434587+00:00,752.159021,current,rgb,-20.000,45.000,18,700,0.258700,0.259005682,25.0000,3.721660614,3.760824203,1.634779572
2026-07-29T21:25:13.584795+00:00,752.309230,current,rgb,-20.000,45.000,19,700,0.258700,0.259034091,25.0000,3.721601963,3.760768414,1.634918809
2026-07-29T21:25:17.285512+00:00,756.009940,current,rgb,-20.000,90.000,0,700,0.258700,0.259147727,25.0000,3.721685410,3.760560989,1.634932399
2026-07-29T21:25:17.436099+00:00,756.160531,current,rgb,-20.000,90.000,1,700,0.258700,0.259119318,25.0000,3.721463203,3.760357380,1.635171413
2026-07-29T21:25:17.586798+00:00,756.311222,current,rgb,-20.000,90.000,2,700,0.258700,0.259090909,25.0000,3.721972466,3.760526180,1.634928823
2026-07-29T21:25:17.737328+00:00,756.461762,current,rgb,-20.000,90.000,3,700,0.258700,0.259090909,25.0000,3.721877575,3.760849237,1.635179043
2026-07-29T21:25:17.887874+00:00,756.612307,current,rgb,-20.000,90.000,4,700,0.258700,0.259034091,25.0000,3.721969128,3.760893822,1.634989858
2026-07-29T21:25:18.038253+00:00,756.762685,current,rgb,-20.000,90.000,5,700,0.258700,0.259090909,25.0000,3.722177744,3.761077881,1.634812593
2026-07-29T21:25:18.188705+00:00,756.913140,current,rgb,-20.000,90.000,6,700,0.258700,0.259062500,25.0000,3.722128391,3.760946274,1.635012746
2026-07-29T21:25:18.339013+00:00,757.063447,current,rgb,-20.000,90.000,7,700,0.258700,0.259034091,25.0000,3.722131491,3.761042118,1.634713650
2026-07-29T21:25:18.489313+00:00,757.213747,current,rgb,-20.000,90.000,8,700,0.258700,0.259034091,25.0000,3.722219467,3.761157751,1.634709835
2026-07-29T21:25:18.639659+00:00,757.364094,current,rgb,-20.000,90.000,9,700,0.258700,0.259005682,25.0000,3.722091198,3.760938883,1.635040641
2026-07-29T21:25:18.789936+00:00,757.514371,current,rgb,-20.000,90.000,10,700,0.258700,0.259062500,25.0000,3.722124577,3.760879517,1.634872437
2026-07-29T21:25:18.940312+00:00,757.664745,current,rgb,-20.000,90.000,11,700,0.258700,0.259090909,25.0000,3.722124577,3.761070967,1.634870410
2026-07-29T21:25:19.090716+00:00,757.815150,current,rgb,-20.000,90.000,12,700,0.258700,0.259005682,25.0000,3.722008228,3.760869503,1.634777665
2026-07-29T21:25:19.241161+00:00,757.965593,current,rgb,-20.000,90.000,13,700,0.258700,0.259176136,25.0000,3.722256184,3.761041403,1.634464979
2026-07-29T21:25:19.391551+00:00,758.115984,current,rgb,-20.000,90.000,14,700,0.258700,0.259090909,25.0000,3.722212076,3.761134624,1.634868264
2026-07-29T21:25:19.541833+00:00,758.266267,current,rgb,-20.000,90.000,15,700,0.258700,0.259034091,25.0000,3.722001553,3.760985851,1.634643912
2026-07-29T21:25:19.692589+00:00,758.417018,current,rgb,-20.000,90.000,16,700,0.258700,0.259062500,25.0000,3.722147942,3.761059999,1.634793043
2026-07-29T21:25:19.843138+00:00,758.567571,current,rgb,-20.000,90.000,17,700,0.258700,0.258977273,25.0000,3.722239017,3.761082649,1.634890199
2026-07-29T21:25:19.993605+00:00,758.718037,current,rgb,-20.000,90.000,18,700,0.258700,0.259034091,25.0000,3.722312450,3.760999441,1.634751320
2026-07-29T21:25:20.144032+00:00,758.868465,current,rgb,-20.000,90.000,19,700,0.258700,0.259062500,25.0000,3.722195387,3.761013985,1.634876728
2026-07-29T21:25:30.597747+00:00,769.322175,current,dark,-15.000,-90.000,0,0,,0.000710227,25.0000,4.896405220,4.903160095,1.649474502
2026-07-29T21:25:30.748324+00:00,769.472757,current,dark,-15.000,-90.000,1,0,,0.000710227,25.0000,4.896409512,4.903157711,1.649688363
2026-07-29T21:25:30.898629+00:00,769.623064,current,dark,-15.000,-90.000,2,0,,0.000710227,25.0000,4.896403790,4.903163433,1.649386048
2026-07-29T21:25:31.048983+00:00,769.773417,current,dark,-15.000,-90.000,3,0,,0.000710227,25.0000,4.896414757,4.903134346,1.649335980
2026-07-29T21:25:31.199377+00:00,769.923812,current,dark,-15.000,-90.000,4,0,,0.000710227,25.0000,4.896404743,4.903131485,1.649492741
2026-07-29T21:25:31.349657+00:00,770.074090,current,dark,-15.000,-90.000,5,0,,0.000710227,25.0000,4.896399498,4.903162003,1.649195910
2026-07-29T21:25:31.499987+00:00,770.224422,current,dark,-15.000,-90.000,6,0,,0.000710227,25.0000,4.896395683,4.903146744,1.649419308
2026-07-29T21:25:31.650465+00:00,770.374895,current,dark,-15.000,-90.000,7,0,,0.000710227,25.0000,4.896407604,4.903157711,1.649500847
2026-07-29T21:25:31.801110+00:00,770.525540,current,dark,-15.000,-90.000,8,0,,0.000710227,25.0000,4.896397591,4.903131485,1.649424195
2026-07-29T21:25:31.951592+00:00,770.676024,current,dark,-15.000,-90.000,9,0,,0.000710227,25.0000,4.896406651,4.903120518,1.649575233
2026-07-29T21:25:32.101961+00:00,770.826393,current,dark,-15.000,-90.000,10,0,,0.000710227,25.0000,4.896398544,4.903149605,1.649362922
2026-07-29T21:25:32.252366+00:00,770.976800,current,dark,-15.000,-90.000,11,0,,0.000710227,25.0000,4.896402836,4.903148651,1.649367452
2026-07-29T21:25:32.402781+00:00,771.127214,current,dark,-15.000,-90.000,12,0,,0.000710227,25.0000,4.896406174,4.903129101,1.649428844
2026-07-29T21:25:32.553299+00:00,771.277727,current,dark,-15.000,-90.000,13,0,,0.000710227,25.0000,4.896393776,4.903131008,1.649168968
2026-07-29T21:25:32.704037+00:00,771.428470,current,dark,-15.000,-90.000,14,0,,0.000710227,25.0000,4.896408081,4.903123856,1.649413705
2026-07-29T21:25:32.854525+00:00,771.578955,current,dark,-15.000,-90.000,15,0,,0.000710227,25.0000,4.896413803,4.903109550,1.649492741
2026-07-29T21:25:33.005024+00:00,771.729455,current,dark,-15.000,-90.000,16,0,,0.000710227,25.0000,4.896396637,4.903100967,1.649363399
2026-07-29T21:25:33.155419+00:00,771.879853,current,dark,-15.000,-90.000,17,0,,0.000710227,25.0000,4.896406651,4.903126717,1.649060369
2026-07-29T21:25:33.305691+00:00,772.030125,current,dark,-15.000,-90.000,18,0,,0.000710227,25.0000,4.896412849,4.903134823,1.649190545
2026-07-29T21:25:33.455996+00:00,772.180432,current,dark,-15.000,-90.000,19,0,,0.000710227,25.0000,4.896409988,4.903119087,1.649524689
2026-07-29T21:25:37.650082+00:00,776.374511,current,rgb,-15.000,-90.000,0,700,0.258700,0.259119318,25.0000,3.716566086,3.756527901,1.633881450
2026-07-29T21:25:37.800965+00:00,776.525393,current,rgb,-15.000,-90.000,1,700,0.258700,0.259034091,25.0000,3.716684818,3.756673336,1.634035945
2026-07-29T21:25:37.951462+00:00,776.675895,current,rgb,-15.000,-90.000,2,700,0.258700,0.259090909,25.0000,3.716828823,3.756794930,1.634030342
2026-07-29T21:25:38.102092+00:00,776.826519,current,rgb,-15.000,-90.000,3,700,0.258700,0.259034091,25.0000,3.716829300,3.756811857,1.633781791
2026-07-29T21:25:38.252640+00:00,776.977071,current,rgb,-15.000,-90.000,4,700,0.258700,0.259062500,25.0000,3.717036247,3.757025242,1.633963227
2026-07-29T21:25:38.403039+00:00,777.127469,current,rgb,-15.000,-90.000,5,700,0.258700,0.259034091,25.0000,3.717027664,3.756984711,1.634015441
2026-07-29T21:25:38.553444+00:00,777.277877,current,rgb,-15.000,-90.000,6,700,0.258700,0.259034091,25.0000,3.717454910,3.757192612,1.633874774
2026-07-29T21:25:38.703882+00:00,777.428310,current,rgb,-15.000,-90.000,7,700,0.258700,0.259034091,25.0000,3.717273712,3.757325172,1.633809209
2026-07-29T21:25:38.854605+00:00,777.579029,current,rgb,-15.000,-90.000,8,700,0.258700,0.259005682,25.0000,3.717418671,3.757148981,1.633203983
2026-07-29T21:25:39.005231+00:00,777.729660,current,rgb,-15.000,-90.000,9,700,0.258700,0.259034091,25.0000,3.716994762,3.756962776,1.634052277
2026-07-29T21:25:39.155688+00:00,777.880122,current,rgb,-15.000,-90.000,10,700,0.258700,0.259119318,25.0000,3.716989517,3.756931782,1.634195447
2026-07-29T21:25:39.306081+00:00,778.030516,current,rgb,-15.000,-90.000,11,700,0.258700,0.259119318,25.0000,3.716895819,3.756826878,1.633909941
2026-07-29T21:25:39.456576+00:00,778.181009,current,rgb,-15.000,-90.000,12,700,0.258700,0.259204545,25.0000,3.717095852,3.757019520,1.634158731
2026-07-29T21:25:39.606948+00:00,778.331382,current,rgb,-15.000,-90.000,13,700,0.258700,0.259119318,25.0000,3.717005253,3.757002354,1.634157777
2026-07-29T21:25:39.757260+00:00,778.481695,current,rgb,-15.000,-90.000,14,700,0.258700,0.259176136,25.0000,3.717301369,3.757058620,1.634024262
2026-07-29T21:25:39.907576+00:00,778.632010,current,rgb,-15.000,-90.000,15,700,0.258700,0.259147727,25.0000,3.717219353,3.757199287,1.634181976
2026-07-29T21:25:40.057986+00:00,778.782418,current,rgb,-15.000,-90.000,16,700,0.258700,0.259176136,25.0000,3.717308998,3.757213593,1.634010077
2026-07-29T21:25:40.208373+00:00,778.932807,current,rgb,-15.000,-90.000,17,700,0.258700,0.259090909,25.0000,3.717539787,3.757482529,1.633859992
2026-07-29T21:25:40.358686+00:00,779.083120,current,rgb,-15.000,-90.000,18,700,0.258700,0.259090909,25.0000,3.717563629,3.757457495,1.633969069
2026-07-29T21:25:40.509177+00:00,779.233603,current,rgb,-15.000,-90.000,19,700,0.258700,0.259090909,25.0000,3.717279434,3.757066727,1.633765697
2026-07-29T21:25:44.210086+00:00,782.934514,current,rgb,-15.000,-45.000,0,700,0.258700,0.259034091,25.0000,3.718493223,3.758407831,1.633554220
2026-07-29T21:25:44.360547+00:00,783.084979,current,rgb,-15.000,-45.000,1,700,0.258700,0.259119318,25.0000,3.718679905,3.758453369,1.633968115
2026-07-29T21:25:44.511008+00:00,783.235441,current,rgb,-15.000,-45.000,2,700,0.258700,0.259176136,25.0000,3.718741417,3.758659363,1.633983493
2026-07-29T21:25:44.661496+00:00,783.385927,current,rgb,-15.000,-45.000,3,700,0.258700,0.259090909,25.0000,3.718603611,3.758486271,1.634030581
2026-07-29T21:25:44.811924+00:00,783.536357,current,rgb,-15.000,-45.000,4,700,0.258700,0.259119318,25.0000,3.718767166,3.758506536,1.633971810
2026-07-29T21:25:44.962255+00:00,783.686687,current,rgb,-15.000,-45.000,5,700,0.258700,0.259176136,25.0000,3.718577862,3.758463860,1.634310126
2026-07-29T21:25:45.112658+00:00,783.837091,current,rgb,-15.000,-45.000,6,700,0.258700,0.259176136,25.0000,3.718690634,3.758535385,1.634078979
2026-07-29T21:25:45.262952+00:00,783.987386,current,rgb,-15.000,-45.000,7,700,0.258700,0.259119318,25.0000,3.718886852,3.758765221,1.634023070
2026-07-29T21:25:45.413199+00:00,784.137633,current,rgb,-15.000,-45.000,8,700,0.258700,0.259062500,25.0000,3.718704224,3.758618832,1.634283066
2026-07-29T21:25:45.563691+00:00,784.288122,current,rgb,-15.000,-45.000,9,700,0.258700,0.259147727,25.0000,3.718802452,3.758523941,1.634020567
2026-07-29T21:25:45.714219+00:00,784.438652,current,rgb,-15.000,-45.000,10,700,0.258700,0.259147727,25.0000,3.718830347,3.758728981,1.634140253
2026-07-29T21:25:45.864553+00:00,784.588988,current,rgb,-15.000,-45.000,11,700,0.258700,0.259147727,25.0000,3.718770981,3.758668661,1.634077430
2026-07-29T21:25:46.014933+00:00,784.739365,current,rgb,-15.000,-45.000,12,700,0.258700,0.259090909,25.0000,3.718954086,3.758809566,1.634042501
2026-07-29T21:25:46.165288+00:00,784.889722,current,rgb,-15.000,-45.000,13,700,0.258700,0.259147727,25.0000,3.718917370,3.758811951,1.634221792
2026-07-29T21:25:46.315665+00:00,785.040100,current,rgb,-15.000,-45.000,14,700,0.258700,0.259119318,25.0000,3.718738556,3.758656740,1.633972287
2026-07-29T21:25:46.465966+00:00,785.190400,current,rgb,-15.000,-45.000,15,700,0.258700,0.259176136,25.0000,3.719010592,3.758876324,1.634145617
2026-07-29T21:25:46.616334+00:00,785.340767,current,rgb,-15.000,-45.000,16,700,0.258700,0.259119318,25.0000,3.719013929,3.758926392,1.634168029
2026-07-29T21:25:46.766629+00:00,785.491064,current,rgb,-15.000,-45.000,17,700,0.258700,0.259119318,25.0000,3.719146729,3.758937836,1.633868217
2026-07-29T21:25:46.916924+00:00,785.641358,current,rgb,-15.000,-45.000,18,700,0.258700,0.259119318,25.0000,3.719393253,3.759059429,1.633559942
2026-07-29T21:25:47.067281+00:00,785.791714,current,rgb,-15.000,-45.000,19,700,0.258700,0.259119318,25.0000,3.719104767,3.758981705,1.633938074
2026-07-29T21:25:50.768780+00:00,789.493210,current,rgb,-15.000,0.000,0,700,0.258700,0.259147727,25.0000,3.719974995,3.759472370,1.633977652
2026-07-29T21:25:50.919308+00:00,789.643740,current,rgb,-15.000,0.000,1,700,0.258700,0.259119318,25.0000,3.719970703,3.759491444,1.633867979
2026-07-29T21:25:51.069689+00:00,789.794118,current,rgb,-15.000,0.000,2,700,0.258700,0.259147727,25.0000,3.720182896,3.759633303,1.633774281
2026-07-29T21:25:51.220117+00:00,789.944551,current,rgb,-15.000,0.000,3,700,0.258700,0.259176136,25.0000,3.719996452,3.759470224,1.634064078
2026-07-29T21:25:51.370401+00:00,790.094835,current,rgb,-15.000,0.000,4,700,0.258700,0.259090909,25.0000,3.719966888,3.759428501,1.633835077
2026-07-29T21:25:51.520693+00:00,790.245127,current,rgb,-15.000,0.000,5,700,0.258700,0.259147727,25.0000,3.720067978,3.759586334,1.634028196
2026-07-29T21:25:51.670989+00:00,790.395424,current,rgb,-15.000,0.000,6,700,0.258700,0.259090909,25.0000,3.720129967,3.759566307,1.634023547
2026-07-29T21:25:51.821308+00:00,790.545743,current,rgb,-15.000,0.000,7,700,0.258700,0.259090909,25.0000,3.720217228,3.759496450,1.633817673
2026-07-29T21:25:51.971663+00:00,790.696097,current,rgb,-15.000,0.000,8,700,0.258700,0.259090909,25.0000,3.720149040,3.759647608,1.633972764
2026-07-29T21:25:52.122020+00:00,790.846454,current,rgb,-15.000,0.000,9,700,0.258700,0.259090909,25.0000,3.720032692,3.759494781,1.633809209
2026-07-29T21:25:52.272291+00:00,790.996726,current,rgb,-15.000,0.000,10,700,0.258700,0.259119318,25.0000,3.720256329,3.759674549,1.633871436
2026-07-29T21:25:52.422713+00:00,791.147146,current,rgb,-15.000,0.000,11,700,0.258700,0.259062500,25.0000,3.720334768,3.759816647,1.634002090
2026-07-29T21:25:52.573083+00:00,791.297516,current,rgb,-15.000,0.000,12,700,0.258700,0.259034091,25.0000,3.720003605,3.759533405,1.633800149
2026-07-29T21:25:52.723401+00:00,791.447835,current,rgb,-15.000,0.000,13,700,0.258700,0.259119318,25.0000,3.720510483,3.759996891,1.633987188
2026-07-29T21:25:52.873762+00:00,791.598196,current,rgb,-15.000,0.000,14,700,0.258700,0.259005682,25.0000,3.720540762,3.759967804,1.634056449
2026-07-29T21:25:53.024146+00:00,791.748581,current,rgb,-15.000,0.000,15,700,0.258700,0.259062500,25.0000,3.720705032,3.759837627,1.633791804
2026-07-29T21:25:53.174451+00:00,791.898885,current,rgb,-15.000,0.000,16,700,0.258700,0.259062500,25.0000,3.720559120,3.759976625,1.633950233
2026-07-29T21:25:53.324714+00:00,792.049148,current,rgb,-15.000,0.000,17,700,0.258700,0.259034091,25.0000,3.720555782,3.759888411,1.633814573
2026-07-29T21:25:53.477928+00:00,792.202355,current,rgb,-15.000,0.000,18,700,0.258700,0.258948864,25.0000,3.720457315,3.759708166,1.633893609
2026-07-29T21:25:53.628462+00:00,792.352890,current,rgb,-15.000,0.000,19,700,0.258700,0.259062500,25.0000,3.720682144,3.760081291,1.633889914
2026-07-29T21:25:57.329365+00:00,796.053793,current,rgb,-15.000,45.000,0,700,0.258700,0.259062500,25.0000,3.721220255,3.760374784,1.634002328
2026-07-29T21:25:57.479960+00:00,796.204392,current,rgb,-15.000,45.000,1,700,0.258700,0.259034091,25.0000,3.721134901,3.760302305,1.634130478
2026-07-29T21:25:57.630273+00:00,796.354703,current,rgb,-15.000,45.000,2,700,0.258700,0.259119318,25.0000,3.721440792,3.760528803,1.633880973
2026-07-29T21:25:57.780663+00:00,796.505097,current,rgb,-15.000,45.000,3,700,0.258700,0.258977273,25.0000,3.721513987,3.760681391,1.634040356
2026-07-29T21:25:57.931558+00:00,796.655987,current,rgb,-15.000,45.000,4,700,0.258700,0.259034091,25.0000,3.721772671,3.761072397,1.634115100
2026-07-29T21:25:58.082298+00:00,796.806726,current,rgb,-15.000,45.000,5,700,0.258700,0.258892045,25.0000,3.721813917,3.760653973,1.633123159
2026-07-29T21:25:58.232801+00:00,796.957234,current,rgb,-15.000,45.000,6,700,0.258700,0.259005682,25.0000,3.721606970,3.760681629,1.634003997
2026-07-29T21:25:58.383136+00:00,797.107570,current,rgb,-15.000,45.000,7,700,0.258700,0.258977273,25.0000,3.721466541,3.760582209,1.633814096
2026-07-29T21:25:58.533625+00:00,797.258056,current,rgb,-15.000,45.000,8,700,0.258700,0.258977273,25.0000,3.721675634,3.760744095,1.634011984
2026-07-29T21:25:58.684176+00:00,797.408609,current,rgb,-15.000,45.000,9,700,0.258700,0.258977273,25.0000,3.721500635,3.760695934,1.634092331
2026-07-29T21:25:58.834476+00:00,797.558905,current,rgb,-15.000,45.000,10,700,0.258700,0.259005682,25.0000,3.721456051,3.760598660,1.633914590
2026-07-29T21:25:58.985047+00:00,797.709477,current,rgb,-15.000,45.000,11,700,0.258700,0.259034091,25.0000,3.721601963,3.760758400,1.634092808
2026-07-29T21:25:59.135446+00:00,797.859879,current,rgb,-15.000,45.000,12,700,0.258700,0.259005682,25.0000,3.721465826,3.760717392,1.634087443
2026-07-29T21:25:59.285772+00:00,798.010205,current,rgb,-15.000,45.000,13,700,0.258700,0.259062500,25.0000,3.721683502,3.760687113,1.633970499
2026-07-29T21:25:59.436219+00:00,798.160651,current,rgb,-15.000,45.000,14,700,0.258700,0.259090909,25.0000,3.721575737,3.760643959,1.634303808
2026-07-29T21:25:59.586591+00:00,798.311018,current,rgb,-15.000,45.000,15,700,0.258700,0.259034091,25.0000,3.721489906,3.760590315,1.634055495
2026-07-29T21:25:59.737145+00:00,798.461577,current,rgb,-15.000,45.000,16,700,0.258700,0.259034091,25.0000,3.721692324,3.760843515,1.634142160
2026-07-29T21:25:59.887587+00:00,798.612018,current,rgb,-15.000,45.000,17,700,0.258700,0.258977273,25.0000,3.721706390,3.760846138,1.634165645
2026-07-29T21:26:00.038094+00:00,798.762525,current,rgb,-15.000,45.000,18,700,0.258700,0.259005682,25.0000,3.721636772,3.760681391,1.633967876
2026-07-29T21:26:00.188463+00:00,798.912896,current,rgb,-15.000,45.000,19,700,0.258700,0.259005682,25.0000,3.721791506,3.760878086,1.634140491
2026-07-29T21:26:03.889111+00:00,802.613540,current,rgb,-15.000,90.000,0,700,0.258700,0.259062500,25.0000,3.721953869,3.760722876,1.634144068
2026-07-29T21:26:04.040128+00:00,802.764556,current,rgb,-15.000,90.000,1,700,0.258700,0.259034091,25.0000,3.721974373,3.760831594,1.634354591
2026-07-29T21:26:04.190719+00:00,802.915151,current,rgb,-15.000,90.000,2,700,0.258700,0.259005682,25.0000,3.721893072,3.760779858,1.634310126
2026-07-29T21:26:04.341130+00:00,803.065564,current,rgb,-15.000,90.000,3,700,0.258700,0.259005682,25.0000,3.721997499,3.760851383,1.634325027
2026-07-29T21:26:04.491571+00:00,803.216002,current,rgb,-15.000,90.000,4,700,0.258700,0.259090909,25.0000,3.722078800,3.760960102,1.634344101
2026-07-29T21:26:04.642065+00:00,803.366497,current,rgb,-15.000,90.000,5,700,0.258700,0.259090909,25.0000,3.721923590,3.760792971,1.634043336
2026-07-29T21:26:04.792556+00:00,803.516990,current,rgb,-15.000,90.000,6,700,0.258700,0.259034091,25.0000,3.722143650,3.760957479,1.634397745
2026-07-29T21:26:04.942926+00:00,803.667360,current,rgb,-15.000,90.000,7,700,0.258700,0.259062500,25.0000,3.722183704,3.760999680,1.634292841
2026-07-29T21:26:05.093300+00:00,803.817733,current,rgb,-15.000,90.000,8,700,0.258700,0.259034091,25.0000,3.722129107,3.760787249,1.634085298
2026-07-29T21:26:05.243712+00:00,803.968147,current,rgb,-15.000,90.000,9,700,0.258700,0.259062500,25.0000,3.722210169,3.761046886,1.634367466
2026-07-29T21:26:05.394074+00:00,804.118507,current,rgb,-15.000,90.000,10,700,0.258700,0.259034091,25.0000,3.722147942,3.760986567,1.634166121
2026-07-29T21:26:05.544434+00:00,804.268863,current,rgb,-15.000,90.000,11,700,0.258700,0.259034091,25.0000,3.721957445,3.760802746,1.634094119
2026-07-29T21:26:05.695122+00:00,804.419552,current,rgb,-15.000,90.000,12,700,0.258700,0.259147727,25.0000,3.721743822,3.760602713,1.634517431
2026-07-29T21:26:05.845594+00:00,804.570027,current,rgb,-15.000,90.000,13,700,0.258700,0.259119318,25.0000,3.721753597,3.760663271,1.634260058
2026-07-29T21:26:05.996058+00:00,804.720490,current,rgb,-15.000,90.000,14,700,0.258700,0.259090909,25.0000,3.721960545,3.760782480,1.634230256
2026-07-29T21:26:06.146443+00:00,804.870874,current,rgb,-15.000,90.000,15,700,0.258700,0.259119318,25.0000,3.721809387,3.760655403,1.634518862
2026-07-29T21:26:06.296846+00:00,805.021278,current,rgb,-15.000,90.000,16,700,0.258700,0.259090909,25.0000,3.722113132,3.760739565,1.633867979
2026-07-29T21:26:06.447221+00:00,805.171653,current,rgb,-15.000,90.000,17,700,0.258700,0.259147727,25.0000,3.722043276,3.760888815,1.634245872
2026-07-29T21:26:06.597569+00:00,805.322004,current,rgb,-15.000,90.000,18,700,0.258700,0.259147727,25.0000,3.721903324,3.760707140,1.634088993
2026-07-29T21:26:06.747806+00:00,805.472240,current,rgb,-15.000,90.000,19,700,0.258700,0.259147727,25.0000,3.722093582,3.760994434,1.634165883
2026-07-29T21:26:17.203783+00:00,815.928213,current,dark,-10.000,-90.000,0,0,,0.000710227,25.0000,4.896417141,4.903141499,1.649314046
2026-07-29T21:26:17.354226+00:00,816.078658,current,dark,-10.000,-90.000,1,0,,0.000710227,25.0000,4.896404743,4.903120041,1.649238348
2026-07-29T21:26:17.504602+00:00,816.229036,current,dark,-10.000,-90.000,2,0,,0.000710227,25.0000,4.896424770,4.903115273,1.649372935
2026-07-29T21:26:17.655107+00:00,816.379535,current,dark,-10.000,-90.000,3,0,,0.000738636,25.0000,4.896448135,4.903141022,1.649202466
2026-07-29T21:26:17.805588+00:00,816.530021,current,dark,-10.000,-90.000,4,0,,0.000710227,25.0000,4.896449089,4.903136730,1.649522066
2026-07-29T21:26:17.955888+00:00,816.680321,current,dark,-10.000,-90.000,5,0,,0.000710227,25.0000,4.896440983,4.903139591,1.649560332
2026-07-29T21:26:18.106239+00:00,816.830672,current,dark,-10.000,-90.000,6,0,,0.000710227,25.0000,4.896442413,4.903151035,1.649391890
2026-07-29T21:26:18.256633+00:00,816.981067,current,dark,-10.000,-90.000,7,0,,0.000710227,25.0000,4.896463871,4.903159142,1.649428248
2026-07-29T21:26:18.406960+00:00,817.131391,current,dark,-10.000,-90.000,8,0,,0.000710227,25.0000,4.896452904,4.903118610,1.649226189
2026-07-29T21:26:18.557466+00:00,817.281897,current,dark,-10.000,-90.000,9,0,,0.000710227,25.0000,4.896443367,4.903126240,1.649371147
2026-07-29T21:26:18.707863+00:00,817.432296,current,dark,-10.000,-90.000,10,0,,0.000710227,25.0000,4.896452904,4.903127670,1.649521828
2026-07-29T21:26:18.858141+00:00,817.582574,current,dark,-10.000,-90.000,11,0,,0.000710227,25.0000,4.896441936,4.903123856,1.649269819
2026-07-29T21:26:19.008569+00:00,817.732999,current,dark,-10.000,-90.000,12,0,,0.000710227,25.0000,4.896437168,4.903121948,1.649277210
2026-07-29T21:26:19.158995+00:00,817.883429,current,dark,-10.000,-90.000,13,0,,0.000710227,25.0000,4.896456718,4.903139114,1.649429798
2026-07-29T21:26:19.309281+00:00,818.033716,current,dark,-10.000,-90.000,14,0,,0.000710227,25.0000,4.896460533,4.903129101,1.649319172
2026-07-29T21:26:19.459680+00:00,818.184114,current,dark,-10.000,-90.000,15,0,,0.000710227,25.0000,4.896441460,4.903110504,1.649371386
2026-07-29T21:26:19.610170+00:00,818.334601,current,dark,-10.000,-90.000,16,0,,0.000710227,25.0000,4.896453857,4.903127193,1.649184704
2026-07-29T21:26:19.759898+00:00,818.484326,current,dark,-10.000,-90.000,17,0,,0.000710227,25.0000,4.896448135,4.903102875,1.649223208
2026-07-29T21:26:19.910382+00:00,818.634814,current,dark,-10.000,-90.000,18,0,,0.000710227,25.0000,4.896457672,4.903130531,1.649634361
2026-07-29T21:26:20.060798+00:00,818.785230,current,dark,-10.000,-90.000,19,0,,0.000710227,25.0000,4.896461487,4.903096676,1.649430037
2026-07-29T21:26:24.254949+00:00,822.979379,current,rgb,-10.000,-90.000,0,700,0.258700,0.259034091,25.0000,3.716501951,3.756529808,1.633483529
2026-07-29T21:26:24.405599+00:00,823.130029,current,rgb,-10.000,-90.000,1,700,0.258700,0.259005682,25.0000,3.716404438,3.756445646,1.633259058
2026-07-29T21:26:24.556181+00:00,823.280611,current,rgb,-10.000,-90.000,2,700,0.258700,0.259119318,25.0000,3.716701031,3.756569386,1.633492470
2026-07-29T21:26:24.706786+00:00,823.431217,current,rgb,-10.000,-90.000,3,700,0.258700,0.259034091,25.0000,3.716706753,3.756731749,1.633456588
2026-07-29T21:26:24.857226+00:00,823.581660,current,rgb,-10.000,-90.000,4,700,0.258700,0.259062500,25.0000,3.716935158,3.756584644,1.633287191
2026-07-29T21:26:25.007239+00:00,823.731665,current,rgb,-10.000,-90.000,5,700,0.258700,0.259176136,25.0000,3.716694117,3.756813049,1.633567214
2026-07-29T21:26:25.157778+00:00,823.882210,current,rgb,-10.000,-90.000,6,700,0.258700,0.259090909,25.0000,3.716875076,3.756811857,1.633345246
2026-07-29T21:26:25.308259+00:00,824.032693,current,rgb,-10.000,-90.000,7,700,0.258700,0.259090909,25.0000,3.717010260,3.756971121,1.633384347
2026-07-29T21:26:25.458651+00:00,824.183082,current,rgb,-10.000,-90.000,8,700,0.258700,0.259034091,25.0000,3.716964245,3.756911993,1.633576512
2026-07-29T21:26:25.609148+00:00,824.333577,current,rgb,-10.000,-90.000,9,700,0.258700,0.259119318,25.0000,3.717279434,3.757332802,1.633301139
2026-07-29T21:26:25.759678+00:00,824.484112,current,rgb,-10.000,-90.000,10,700,0.258700,0.259062500,25.0000,3.717347145,3.757238626,1.632935166
2026-07-29T21:26:25.910059+00:00,824.634493,current,rgb,-10.000,-90.000,11,700,0.258700,0.259005682,25.0000,3.717090845,3.757115841,1.633501530
2026-07-29T21:26:26.060520+00:00,824.784952,current,rgb,-10.000,-90.000,12,700,0.258700,0.259147727,25.0000,3.717327356,3.757103920,1.633375049
2026-07-29T21:26:26.210859+00:00,824.935293,current,rgb,-10.000,-90.000,13,700,0.258700,0.259090909,25.0000,3.717368126,3.757310390,1.633521080
2026-07-29T21:26:26.361171+00:00,825.085606,current,rgb,-10.000,-90.000,14,700,0.258700,0.259034091,25.0000,3.717190027,3.757190704,1.633365273
2026-07-29T21:26:26.511460+00:00,825.235894,current,rgb,-10.000,-90.000,15,700,0.258700,0.259119318,25.0000,3.717394114,3.757385015,1.633522034
2026-07-29T21:26:26.661761+00:00,825.386194,current,rgb,-10.000,-90.000,16,700,0.258700,0.259062500,25.0000,3.717413187,3.757407665,1.633664608
2026-07-29T21:26:26.812172+00:00,825.536607,current,rgb,-10.000,-90.000,17,700,0.258700,0.259090909,25.0000,3.717517614,3.757492304,1.633442163
2026-07-29T21:26:26.962646+00:00,825.687077,current,rgb,-10.000,-90.000,18,700,0.258700,0.259062500,25.0000,3.717700005,3.757675886,1.633388519
2026-07-29T21:26:27.113122+00:00,825.837555,current,rgb,-10.000,-90.000,19,700,0.258700,0.259090909,25.0000,3.717564344,3.757512331,1.633511782
2026-07-29T21:26:30.813619+00:00,829.538048,current,rgb,-10.000,-45.000,0,700,0.258700,0.259090909,25.0000,3.718712568,3.758711338,1.633456826
2026-07-29T21:26:30.964165+00:00,829.688599,current,rgb,-10.000,-45.000,1,700,0.258700,0.259090909,25.0000,3.718600035,3.758636713,1.633446097
2026-07-29T21:26:31.114591+00:00,829.839023,current,rgb,-10.000,-45.000,2,700,0.258700,0.259034091,25.0000,3.718874216,3.758749962,1.633348465
2026-07-29T21:26:31.264957+00:00,829.989391,current,rgb,-10.000,-45.000,3,700,0.258700,0.259062500,25.0000,3.718724012,3.758739948,1.632991314
2026-07-29T21:26:31.415278+00:00,830.139713,current,rgb,-10.000,-45.000,4,700,0.258700,0.259090909,25.0000,3.718747854,3.758684635,1.633379459
2026-07-29T21:26:31.565617+00:00,830.290051,current,rgb,-10.000,-45.000,5,700,0.258700,0.259147727,25.0000,3.718863964,3.758859158,1.633508086
2026-07-29T21:26:31.716100+00:00,830.440530,current,rgb,-10.000,-45.000,6,700,0.258700,0.259119318,25.0000,3.718839884,3.758757353,1.633628726
2026-07-29T21:26:31.866510+00:00,830.590945,current,rgb,-10.000,-45.000,7,700,0.258700,0.259119318,25.0000,3.718841076,3.758777380,1.633465171
2026-07-29T21:26:32.016867+00:00,830.741300,current,rgb,-10.000,-45.000,8,700,0.258700,0.259119318,25.0000,3.718974352,3.758914471,1.633381128
2026-07-29T21:26:32.167271+00:00,830.891705,current,rgb,-10.000,-45.000,9,700,0.258700,0.259119318,25.0000,3.718827963,3.758829594,1.633416295
2026-07-29T21:26:32.317615+00:00,831.042050,current,rgb,-10.000,-45.000,10,700,0.258700,0.259147727,25.0000,3.719048500,3.758906126,1.633494020
2026-07-29T21:26:32.467959+00:00,831.192394,current,rgb,-10.000,-45.000,11,700,0.258700,0.259062500,25.0000,3.719038963,3.758959293,1.633477569
2026-07-29T21:26:32.618237+00:00,831.342671,current,rgb,-10.000,-45.000,12,700,0.258700,0.259090909,25.0000,3.718801975,3.758724689,1.633336782
2026-07-29T21:26:32.768609+00:00,831.493044,current,rgb,-10.000,-45.000,13,700,0.258700,0.259176136,25.0000,3.718984365,3.758969784,1.633596778
2026-07-29T21:26:32.918944+00:00,831.643378,current,rgb,-10.000,-45.000,14,700,0.258700,0.259062500,25.0000,3.718957424,3.758856058,1.633667111
2026-07-29T21:26:33.069279+00:00,831.793712,current,rgb,-10.000,-45.000,15,700,0.258700,0.259176136,25.0000,3.719037771,3.758954525,1.633440971
2026-07-29T21:26:33.219687+00:00,831.944122,current,rgb,-10.000,-45.000,16,700,0.258700,0.259176136,25.0000,3.719172239,3.759094477,1.633519650
2026-07-29T21:26:33.370054+00:00,832.094489,current,rgb,-10.000,-45.000,17,700,0.258700,0.259090909,25.0000,3.719099760,3.759057999,1.633364558
2026-07-29T21:26:33.520412+00:00,832.244846,current,rgb,-10.000,-45.000,18,700,0.258700,0.259062500,25.0000,3.719217539,3.759172916,1.633358479
2026-07-29T21:26:33.670739+00:00,832.395174,current,rgb,-10.000,-45.000,19,700,0.258700,0.259119318,25.0000,3.719083786,3.759007454,1.633658528
2026-07-29T21:26:37.371769+00:00,836.096198,current,rgb,-10.000,0.000,0,700,0.258700,0.259119318,25.0000,3.720218182,3.759749174,1.633334756
2026-07-29T21:26:37.522243+00:00,836.246676,current,rgb,-10.000,0.000,1,700,0.258700,0.259062500,25.0000,3.719995975,3.759505987,1.633548856
2026-07-29T21:26:37.672697+00:00,836.397128,current,rgb,-10.000,0.000,2,700,0.258700,0.259090909,25.0000,3.720267057,3.760011435,1.633348703
2026-07-29T21:26:37.823215+00:00,836.547648,current,rgb,-10.000,0.000,3,700,0.258700,0.259034091,25.0000,3.720755100,3.760239124,1.633420467
2026-07-29T21:26:37.973557+00:00,836.697964,current,rgb,-10.000,0.000,4,700,0.258700,0.258977273,25.0000,3.720643520,3.760100603,1.633549094
2026-07-29T21:26:38.123888+00:00,836.848322,current,rgb,-10.000,0.000,5,700,0.258700,0.259062500,25.0000,3.720785141,3.760159969,1.633334756
2026-07-29T21:26:38.274421+00:00,836.998852,current,rgb,-10.000,0.000,6,700,0.258700,0.259005682,25.0000,3.720783710,3.760217428,1.633417368
2026-07-29T21:26:38.424803+00:00,837.149235,current,rgb,-10.000,0.000,7,700,0.258700,0.259005682,25.0000,3.720694780,3.760163546,1.633314490
2026-07-29T21:26:38.575127+00:00,837.299559,current,rgb,-10.000,0.000,8,700,0.258700,0.259034091,25.0000,3.720811605,3.760273695,1.633443236
2026-07-29T21:26:38.725466+00:00,837.449901,current,rgb,-10.000,0.000,9,700,0.258700,0.259005682,25.0000,3.720706701,3.760247707,1.633561373
2026-07-29T21:26:38.875820+00:00,837.600254,current,rgb,-10.000,0.000,10,700,0.258700,0.259005682,25.0000,3.720652103,3.760095835,1.633317471
2026-07-29T21:26:39.026142+00:00,837.750575,current,rgb,-10.000,0.000,11,700,0.258700,0.259005682,25.0000,3.720781565,3.760311604,1.633496881
2026-07-29T21:26:39.176576+00:00,837.901011,current,rgb,-10.000,0.000,12,700,0.258700,0.259034091,25.0000,3.720715284,3.760270596,1.633574247
2026-07-29T21:26:39.326938+00:00,838.051372,current,rgb,-10.000,0.000,13,700,0.258700,0.259062500,25.0000,3.720876694,3.760152340,1.633378744
2026-07-29T21:26:39.477306+00:00,838.201740,current,rgb,-10.000,0.000,14,700,0.258700,0.259034091,25.0000,3.720986605,3.760514259,1.633579135
2026-07-29T21:26:39.627673+00:00,838.352107,current,rgb,-10.000,0.000,15,700,0.258700,0.258977273,25.0000,3.720794201,3.760368347,1.633293748
2026-07-29T21:26:39.778042+00:00,838.502476,current,rgb,-10.000,0.000,16,700,0.258700,0.258977273,25.0000,3.720879078,3.760430574,1.633269668
2026-07-29T21:26:39.928423+00:00,838.652857,current,rgb,-10.000,0.000,17,700,0.258700,0.258977273,25.0000,3.720813990,3.760397673,1.633467555
2026-07-29T21:26:40.078795+00:00,838.803229,current,rgb,-10.000,0.000,18,700,0.258700,0.258977273,25.0000,3.720741272,3.760278225,1.633193135
2026-07-29T21:26:40.229238+00:00,838.953671,current,rgb,-10.000,0.000,19,700,0.258700,0.259090909,25.0000,3.720858335,3.760370970,1.633556962
2026-07-29T21:26:43.930887+00:00,842.655316,current,rgb,-10.000,45.000,0,700,0.258700,0.259034091,25.0000,3.721452236,3.760652065,1.633440256
2026-07-29T21:26:44.081481+00:00,842.805911,current,rgb,-10.000,45.000,1,700,0.258700,0.259034091,25.0000,3.721290588,3.760438442,1.633570433
2026-07-29T21:26:44.232101+00:00,842.956535,current,rgb,-10.000,45.000,2,700,0.258700,0.259034091,25.0000,3.721187115,3.760330439,1.633624554
2026-07-29T21:26:44.382394+00:00,843.106828,current,rgb,-10.000,45.000,3,700,0.258700,0.259147727,25.0000,3.721357584,3.760328054,1.633520842
2026-07-29T21:26:44.532693+00:00,843.257126,current,rgb,-10.000,45.000,4,700,0.258700,0.259119318,25.0000,3.721281290,3.760440826,1.633746147
2026-07-29T21:26:44.683090+00:00,843.407523,current,rgb,-10.000,45.000,5,700,0.258700,0.259062500,25.0000,3.721239567,3.760347843,1.633432150
2026-07-29T21:26:44.833395+00:00,843.557829,current,rgb,-10.000,45.000,6,700,0.258700,0.259119318,25.0000,3.721437693,3.760563374,1.633572102
2026-07-29T21:26:44.983859+00:00,843.708291,current,rgb,-10.000,45.000,7,700,0.258700,0.259090909,25.0000,3.721534014,3.760765076,1.633629918
2026-07-29T21:26:45.134268+00:00,843.858702,current,rgb,-10.000,45.000,8,700,0.258700,0.259005682,25.0000,3.721428156,3.760492802,1.632978082
2026-07-29T21:26:45.284614+00:00,844.009048,current,rgb,-10.000,45.000,9,700,0.258700,0.259090909,25.0000,3.721513748,3.760717154,1.633434653
2026-07-29T21:26:45.434938+00:00,844.159372,current,rgb,-10.000,45.000,10,700,0.258700,0.259034091,25.0000,3.721266985,3.760444164,1.633537889
2026-07-29T21:26:45.585378+00:00,844.309808,current,rgb,-10.000,45.000,11,700,0.258700,0.259090909,25.0000,3.721461058,3.760573864,1.633565068
2026-07-29T21:26:45.735833+00:00,844.460267,current,rgb,-10.000,45.000,12,700,0.258700,0.259090909,25.0000,3.721421719,3.760588408,1.633656383
2026-07-29T21:26:45.886381+00:00,844.610812,current,rgb,-10.000,45.000,13,700,0.258700,0.259005682,25.0000,3.721371651,3.760517836,1.633203387
2026-07-29T21:26:46.037029+00:00,844.761456,current,rgb,-10.000,45.000,14,700,0.258700,0.259147727,25.0000,3.721486330,3.760631084,1.633502245
2026-07-29T21:26:46.187703+00:00,844.912135,current,rgb,-10.000,45.000,15,700,0.258700,0.259062500,25.0000,3.721476078,3.760632038,1.633652687
2026-07-29T21:26:46.338103+00:00,845.062537,current,rgb,-10.000,45.000,16,700,0.258700,0.259062500,25.0000,3.721390963,3.760401011,1.633490562
2026-07-29T21:26:46.488453+00:00,845.212884,current,rgb,-10.000,45.000,17,700,0.258700,0.259090909,25.0000,3.721475363,3.760625362,1.633687615
2026-07-29T21:26:46.638844+00:00,845.363278,current,rgb,-10.000,45.000,18,700,0.258700,0.259062500,25.0000,3.721415043,3.760526657,1.633623838
2026-07-29T21:26:46.789133+00:00,845.513568,current,rgb,-10.000,45.000,19,700,0.258700,0.259119318,25.0000,3.721543789,3.760609150,1.633529902
2026-07-29T21:26:50.490072+00:00,849.214501,current,rgb,-10.000,90.000,0,700,0.258700,0.258977273,25.0000,3.722085476,3.760991096,1.633626103
2026-07-29T21:26:50.640697+00:00,849.365125,current,rgb,-10.000,90.000,1,700,0.258700,0.258948864,25.0000,3.721924067,3.760831833,1.633047700
2026-07-29T21:26:50.791286+00:00,849.515717,current,rgb,-10.000,90.000,2,700,0.258700,0.259147727,25.0000,3.721833229,3.760747433,1.633890748
2026-07-29T21:26:50.941734+00:00,849.666168,current,rgb,-10.000,90.000,3,700,0.258700,0.259119318,25.0000,3.721688271,3.760626078,1.633669257
2026-07-29T21:26:51.092350+00:00,849.816780,current,rgb,-10.000,90.000,4,700,0.258700,0.259090909,25.0000,3.721892357,3.760796547,1.633828878
2026-07-29T21:26:51.242341+00:00,849.966767,current,rgb,-10.000,90.000,5,700,0.258700,0.259090909,25.0000,3.720970392,3.760693073,1.633910537
2026-07-29T21:26:51.392912+00:00,850.117344,current,rgb,-10.000,90.000,6,700,0.258700,0.259147727,25.0000,3.721948624,3.760605812,1.633717060
2026-07-29T21:26:51.543315+00:00,850.267748,current,rgb,-10.000,90.000,7,700,0.258700,0.259176136,25.0000,3.721888304,3.760791063,1.633870244
2026-07-29T21:26:51.693958+00:00,850.418389,current,rgb,-10.000,90.000,8,700,0.258700,0.259062500,25.0000,3.721748352,3.760687351,1.633748889
2026-07-29T21:26:51.844380+00:00,850.568813,current,rgb,-10.000,90.000,9,700,0.258700,0.259204545,25.0000,3.721849442,3.760825634,1.633883357
2026-07-29T21:26:51.994780+00:00,850.719210,current,rgb,-10.000,90.000,10,700,0.258700,0.259176136,25.0000,3.721824646,3.760516644,1.634057641
2026-07-29T21:26:52.145088+00:00,850.869519,current,rgb,-10.000,90.000,11,700,0.258700,0.259431818,25.0000,3.721899509,3.760818958,1.633819222
2026-07-29T21:26:52.295550+00:00,851.019983,current,rgb,-10.000,90.000,12,700,0.258700,0.259147727,25.0000,3.722101212,3.761025429,1.633708596
2026-07-29T21:26:52.445912+00:00,851.170346,current,rgb,-10.000,90.000,13,700,0.258700,0.259090909,25.0000,3.721988678,3.760855675,1.633775473
2026-07-29T21:26:52.596256+00:00,851.320688,current,rgb,-10.000,90.000,14,700,0.258700,0.259119318,25.0000,3.722064495,3.760656118,1.633644104
2026-07-29T21:26:52.746642+00:00,851.471075,current,rgb,-10.000,90.000,15,700,0.258700,0.259204545,25.0000,3.721902609,3.760773182,1.633913636
2026-07-29T21:26:52.896942+00:00,851.621375,current,rgb,-10.000,90.000,16,700,0.258700,0.259147727,25.0000,3.721903563,3.760749102,1.633743763
2026-07-29T21:26:53.047295+00:00,851.771728,current,rgb,-10.000,90.000,17,700,0.258700,0.259147727,25.0000,3.722044945,3.760994911,1.633795261
2026-07-29T21:26:53.197674+00:00,851.922105,current,rgb,-10.000,90.000,18,700,0.258700,0.259090909,25.0000,3.721995354,3.760903120,1.633929729
2026-07-29T21:26:53.348117+00:00,852.072550,current,rgb,-10.000,90.000,19,700,0.258700,0.259147727,25.0000,3.722111702,3.760880232,1.633370876
2026-07-29T21:27:03.803137+00:00,862.527566,current,dark,-5.000,-90.000,0,0,,0.000710227,25.0000,4.896446228,4.903240204,1.649508357
2026-07-29T21:27:03.953630+00:00,862.678064,current,dark,-5.000,-90.000,1,0,,0.000710227,25.0000,4.896451950,4.903242111,1.649296999
2026-07-29T21:27:04.104093+00:00,862.828525,current,dark,-5.000,-90.000,2,0,,0.000710227,25.0000,4.896449566,4.903229237,1.649717331
2026-07-29T21:27:04.254649+00:00,862.979083,current,dark,-5.000,-90.000,3,0,,0.000738636,25.0000,4.896447182,4.903212070,1.649609208
2026-07-29T21:27:04.404975+00:00,863.129409,current,dark,-5.000,-90.000,4,0,,0.000710227,25.0000,4.896425724,4.903234482,1.649366498
2026-07-29T21:27:04.555398+00:00,863.279831,current,dark,-5.000,-90.000,5,0,,0.000710227,25.0000,4.896443844,4.903239727,1.649556279
2026-07-29T21:27:04.705737+00:00,863.430170,current,dark,-5.000,-90.000,6,0,,0.000710227,25.0000,4.896442890,4.903223038,1.649451733
2026-07-29T21:27:04.856107+00:00,863.580542,current,dark,-5.000,-90.000,7,0,,0.000738636,25.0000,4.896437645,4.903215885,1.649482965
2026-07-29T21:27:05.006395+00:00,863.730829,current,dark,-5.000,-90.000,8,0,,0.000710227,25.0000,4.896453857,4.903218746,1.649649024
2026-07-29T21:27:05.156805+00:00,863.881238,current,dark,-5.000,-90.000,9,0,,0.000710227,25.0000,4.896452904,4.903231621,1.649344325
2026-07-29T21:27:05.307205+00:00,864.031639,current,dark,-5.000,-90.000,10,0,,0.000710227,25.0000,4.896447182,4.903233528,1.649451494
2026-07-29T21:27:05.457607+00:00,864.182041,current,dark,-5.000,-90.000,11,0,,0.000710227,25.0000,4.896430016,4.903214455,1.649524212
2026-07-29T21:27:05.608090+00:00,864.332517,current,dark,-5.000,-90.000,12,0,,0.000710227,25.0000,4.896433830,4.903197765,1.649363637
2026-07-29T21:27:05.758636+00:00,864.483067,current,dark,-5.000,-90.000,13,0,,0.000710227,25.0000,4.896414280,4.903201580,1.649541140
2026-07-29T21:27:05.909125+00:00,864.633558,current,dark,-5.000,-90.000,14,0,,0.000738636,25.0000,4.896424770,4.903203487,1.649332881
2026-07-29T21:27:06.059495+00:00,864.783928,current,dark,-5.000,-90.000,15,0,,0.000710227,25.0000,4.896429539,4.903197765,1.649598241
2026-07-29T21:27:06.209801+00:00,864.934234,current,dark,-5.000,-90.000,16,0,,0.000738636,25.0000,4.896417618,4.903199196,1.649689078
2026-07-29T21:27:06.360185+00:00,865.084619,current,dark,-5.000,-90.000,17,0,,0.000710227,25.0000,4.896417141,4.903188229,1.649460554
2026-07-29T21:27:06.510588+00:00,865.235022,current,dark,-5.000,-90.000,18,0,,0.000710227,25.0000,4.896429062,4.903202534,1.649566293
2026-07-29T21:27:06.660943+00:00,865.385376,current,dark,-5.000,-90.000,19,0,,0.000738636,25.0000,4.896420956,4.903197289,1.649576783
2026-07-29T21:27:10.855016+00:00,869.579446,current,rgb,-5.000,-90.000,0,700,0.258700,0.259176136,25.0000,3.717053175,3.756768227,1.633246422
2026-07-29T21:27:11.005499+00:00,869.729932,current,rgb,-5.000,-90.000,1,700,0.258700,0.259119318,25.0000,3.717076540,3.756779194,1.633222699
2026-07-29T21:27:11.155890+00:00,869.880323,current,rgb,-5.000,-90.000,2,700,0.258700,0.259090909,25.0000,3.717345715,3.756597281,1.632991076
2026-07-29T21:27:11.306300+00:00,870.030735,current,rgb,-5.000,-90.000,3,700,0.258700,0.259176136,25.0000,3.717166424,3.756830454,1.633440018
2026-07-29T21:27:11.456749+00:00,870.181183,current,rgb,-5.000,-90.000,4,700,0.258700,0.259176136,25.0000,3.717252970,3.756885767,1.633194447
2026-07-29T21:27:11.607293+00:00,870.331720,current,rgb,-5.000,-90.000,5,700,0.258700,0.259176136,25.0000,3.717381716,3.756981134,1.633265734
2026-07-29T21:27:11.757935+00:00,870.482367,current,rgb,-5.000,-90.000,6,700,0.258700,0.259090909,25.0000,3.717514992,3.757013083,1.633293271
2026-07-29T21:27:11.908255+00:00,870.632683,current,rgb,-5.000,-90.000,7,700,0.258700,0.259147727,25.0000,3.717589855,3.757265568,1.633017659
2026-07-29T21:27:12.058934+00:00,870.783363,current,rgb,-5.000,-90.000,8,700,0.258700,0.259062500,25.0000,3.717749596,3.757268190,1.632475138
2026-07-29T21:27:12.209472+00:00,870.933899,current,rgb,-5.000,-90.000,9,700,0.258700,0.259062500,25.0000,3.717654705,3.756494522,1.633211732
2026-07-29T21:27:12.360055+00:00,871.084484,current,rgb,-5.000,-90.000,10,700,0.258700,0.259261364,25.0000,3.717906237,3.757295847,1.633138537
2026-07-29T21:27:12.510517+00:00,871.234951,current,rgb,-5.000,-90.000,11,700,0.258700,0.259090909,25.0000,3.717813730,3.757538795,1.633189559
2026-07-29T21:27:12.660924+00:00,871.385356,current,rgb,-5.000,-90.000,12,700,0.258700,0.259090909,25.0000,3.717817307,3.757682323,1.632986188
2026-07-29T21:27:12.811438+00:00,871.535870,current,rgb,-5.000,-90.000,13,700,0.258700,0.259090909,25.0000,3.718041897,3.757686853,1.632813573
2026-07-29T21:27:12.961777+00:00,871.686212,current,rgb,-5.000,-90.000,14,700,0.258700,0.259147727,25.0000,3.718030691,3.757598162,1.633399248
2026-07-29T21:27:13.112200+00:00,871.836633,current,rgb,-5.000,-90.000,15,700,0.258700,0.259062500,25.0000,3.717971802,3.757598877,1.633230567
2026-07-29T21:27:13.262539+00:00,871.986973,current,rgb,-5.000,-90.000,16,700,0.258700,0.259176136,25.0000,3.718187571,3.757822037,1.633346558
2026-07-29T21:27:13.412824+00:00,872.137259,current,rgb,-5.000,-90.000,17,700,0.258700,0.259176136,25.0000,3.718204260,3.757845163,1.633233666
2026-07-29T21:27:13.563125+00:00,872.287559,current,rgb,-5.000,-90.000,18,700,0.258700,0.259090909,25.0000,3.718464136,3.757896423,1.633065939
2026-07-29T21:27:13.713465+00:00,872.437900,current,rgb,-5.000,-90.000,19,700,0.258700,0.259147727,25.0000,3.718305111,3.757977724,1.633255482
2026-07-29T21:27:17.414405+00:00,876.138835,current,rgb,-5.000,-45.000,0,700,0.258700,0.259147727,25.0000,3.719371796,3.758968115,1.633149981
2026-07-29T21:27:17.565282+00:00,876.289707,current,rgb,-5.000,-45.000,1,700,0.258700,0.259119318,25.0000,3.719255924,3.758921146,1.633329391
2026-07-29T21:27:17.715854+00:00,876.440284,current,rgb,-5.000,-45.000,2,700,0.258700,0.259119318,25.0000,3.719193697,3.758904457,1.633096218
2026-07-29T21:27:17.866347+00:00,876.590780,current,rgb,-5.000,-45.000,3,700,0.258700,0.259090909,25.0000,3.719324112,3.759086370,1.633255959
2026-07-29T21:27:18.016760+00:00,876.741192,current,rgb,-5.000,-45.000,4,700,0.258700,0.259090909,25.0000,3.719238043,3.759014845,1.633312583
2026-07-29T21:27:18.167235+00:00,876.891667,current,rgb,-5.000,-45.000,5,700,0.258700,0.259119318,25.0000,3.719312668,3.759017467,1.633081079
2026-07-29T21:27:18.317683+00:00,877.042116,current,rgb,-5.000,-45.000,6,700,0.258700,0.259090909,25.0000,3.719528913,3.759248018,1.632515192
2026-07-29T21:27:18.468155+00:00,877.192589,current,rgb,-5.000,-45.000,7,700,0.258700,0.259090909,25.0000,3.719353676,3.759098291,1.633183241
2026-07-29T21:27:18.618588+00:00,877.343019,current,rgb,-5.000,-45.000,8,700,0.258700,0.259119318,25.0000,3.719596863,3.759208202,1.633092880
2026-07-29T21:27:18.769030+00:00,877.493463,current,rgb,-5.000,-45.000,9,700,0.258700,0.259090909,25.0000,3.719457388,3.759171486,1.633279562
2026-07-29T21:27:18.919394+00:00,877.643828,current,rgb,-5.000,-45.000,10,700,0.258700,0.259119318,25.0000,3.719420671,3.759126186,1.633077264
2026-07-29T21:27:19.069699+00:00,877.794131,current,rgb,-5.000,-45.000,11,700,0.258700,0.259147727,25.0000,3.719660044,3.759299517,1.633201003
2026-07-29T21:27:19.220128+00:00,877.944561,current,rgb,-5.000,-45.000,12,700,0.258700,0.259090909,25.0000,3.719445229,3.759136200,1.633380890
2026-07-29T21:27:19.370480+00:00,878.094914,current,rgb,-5.000,-45.000,13,700,0.258700,0.259119318,25.0000,3.719503641,3.759154797,1.633145809
2026-07-29T21:27:19.520782+00:00,878.245216,current,rgb,-5.000,-45.000,14,700,0.258700,0.259147727,25.0000,3.719639540,3.759413242,1.633206844
2026-07-29T21:27:19.671127+00:00,878.395562,current,rgb,-5.000,-45.000,15,700,0.258700,0.259090909,25.0000,3.719506025,3.759195566,1.633274198
2026-07-29T21:27:19.821443+00:00,878.545877,current,rgb,-5.000,-45.000,16,700,0.258700,0.259176136,25.0000,3.719939947,3.759787560,1.633235455
2026-07-29T21:27:19.971853+00:00,878.696288,current,rgb,-5.000,-45.000,17,700,0.258700,0.259062500,25.0000,3.719967842,3.759742260,1.633383393
2026-07-29T21:27:20.122172+00:00,878.846604,current,rgb,-5.000,-45.000,18,700,0.258700,0.259034091,25.0000,3.719942570,3.759594202,1.633167744
2026-07-29T21:27:20.272560+00:00,878.996993,current,rgb,-5.000,-45.000,19,700,0.258700,0.259034091,25.0000,3.720076323,3.759753466,1.633374810
2026-07-29T21:27:23.974217+00:00,882.698648,current,rgb,-5.000,0.000,0,700,0.258700,0.259062500,25.0000,3.720657587,3.760244846,1.633207560
2026-07-29T21:27:24.124695+00:00,882.849126,current,rgb,-5.000,0.000,1,700,0.258700,0.259062500,25.0000,3.720825195,3.760388851,1.633286476
2026-07-29T21:27:24.275230+00:00,882.999661,current,rgb,-5.000,0.000,2,700,0.258700,0.259062500,25.0000,3.720889330,3.760418653,1.633233666
2026-07-29T21:27:24.425777+00:00,883.150211,current,rgb,-5.000,0.000,3,700,0.258700,0.259005682,25.0000,3.721010685,3.760329723,1.633037210
2026-07-29T21:27:24.576200+00:00,883.300631,current,rgb,-5.000,0.000,4,700,0.258700,0.259062500,25.0000,3.720839977,3.760419369,1.633283973
2026-07-29T21:27:24.726562+00:00,883.450995,current,rgb,-5.000,0.000,5,700,0.258700,0.259034091,25.0000,3.720981598,3.760495663,1.633129478
2026-07-29T21:27:24.876930+00:00,883.601364,current,rgb,-5.000,0.000,6,700,0.258700,0.259005682,25.0000,3.721143246,3.760649204,1.633032084
2026-07-29T21:27:25.027239+00:00,883.751672,current,rgb,-5.000,0.000,7,700,0.258700,0.259034091,25.0000,3.720963240,3.760469198,1.633255243
2026-07-29T21:27:25.177610+00:00,883.902043,current,rgb,-5.000,0.000,8,700,0.258700,0.259005682,25.0000,3.720783710,3.760307312,1.633016944
2026-07-29T21:27:25.327966+00:00,884.052400,current,rgb,-5.000,0.000,9,700,0.258700,0.259090909,25.0000,3.721002102,3.760457039,1.633326054
2026-07-29T21:27:25.478348+00:00,884.202778,current,rgb,-5.000,0.000,10,700,0.258700,0.259090909,25.0000,3.721017361,3.760308027,1.633350372
2026-07-29T21:27:25.628865+00:00,884.353295,current,rgb,-5.000,0.000,11,700,0.258700,0.259119318,25.0000,3.720702648,3.760058641,1.633105516
2026-07-29T21:27:25.779402+00:00,884.503833,current,rgb,-5.000,0.000,12,700,0.258700,0.259147727,25.0000,3.720739841,3.760269642,1.633304477
2026-07-29T21:27:25.929760+00:00,884.654193,current,rgb,-5.000,0.000,13,700,0.258700,0.259147727,25.0000,3.720641375,3.760210991,1.633119702
2026-07-29T21:27:26.080192+00:00,884.804624,current,rgb,-5.000,0.000,14,700,0.258700,0.259147727,25.0000,3.720805168,3.760350943,1.633177519
2026-07-29T21:27:26.230512+00:00,884.954946,current,rgb,-5.000,0.000,15,700,0.258700,0.259119318,25.0000,3.720838547,3.760261297,1.633321166
2026-07-29T21:27:26.380783+00:00,885.105217,current,rgb,-5.000,0.000,16,700,0.258700,0.259090909,25.0000,3.720725060,3.760191441,1.632996202
2026-07-29T21:27:26.531111+00:00,885.255544,current,rgb,-5.000,0.000,17,700,0.258700,0.259090909,25.0000,3.721204042,3.760694265,1.633114338
2026-07-29T21:27:26.681366+00:00,885.405799,current,rgb,-5.000,0.000,18,700,0.258700,0.259062500,25.0000,3.720879078,3.760394573,1.633161902
2026-07-29T21:27:26.831762+00:00,885.556193,current,rgb,-5.000,0.000,19,700,0.258700,0.259090909,25.0000,3.720971584,3.760240078,1.633049369
2026-07-29T21:27:30.533322+00:00,889.257751,current,rgb,-5.000,45.000,0,700,0.258700,0.259147727,25.0000,3.721370935,3.760622501,1.633124590
2026-07-29T21:27:30.683980+00:00,889.408409,current,rgb,-5.000,45.000,1,700,0.258700,0.259090909,25.0000,3.721511841,3.760455608,1.632956862
2026-07-29T21:27:30.834493+00:00,889.558924,current,rgb,-5.000,45.000,2,700,0.258700,0.259090909,25.0000,3.721407890,3.760697842,1.633192658
2026-07-29T21:27:30.984939+00:00,889.709372,current,rgb,-5.000,45.000,3,700,0.258700,0.259090909,25.0000,3.721414804,3.760652304,1.632897496
2026-07-29T21:27:31.135303+00:00,889.859735,current,rgb,-5.000,45.000,4,700,0.258700,0.259119318,25.0000,3.721640348,3.760828495,1.632852674
2026-07-29T21:27:31.285669+00:00,890.010103,current,rgb,-5.000,45.000,5,700,0.258700,0.259062500,25.0000,3.721613407,3.760786295,1.632954478
2026-07-29T21:27:31.436011+00:00,890.160446,current,rgb,-5.000,45.000,6,700,0.258700,0.259147727,25.0000,3.721459389,3.760640621,1.632774711
2026-07-29T21:27:31.586337+00:00,890.310770,current,rgb,-5.000,45.000,7,700,0.258700,0.259119318,25.0000,3.721687794,3.760866880,1.632994175
2026-07-29T21:27:31.736659+00:00,890.461094,current,rgb,-5.000,45.000,8,700,0.258700,0.259034091,25.0000,3.721575975,3.760745525,1.633050323
2026-07-29T21:27:31.887015+00:00,890.611450,current,rgb,-5.000,45.000,9,700,0.258700,0.259062500,25.0000,3.721735477,3.760794640,1.632869244
2026-07-29T21:27:32.037286+00:00,890.761721,current,rgb,-5.000,45.000,10,700,0.258700,0.259147727,25.0000,3.721748829,3.761088371,1.632903695
2026-07-29T21:27:32.187692+00:00,890.912125,current,rgb,-5.000,45.000,11,700,0.258700,0.259034091,25.0000,3.721572876,3.760766506,1.632262588
2026-07-29T21:27:32.338070+00:00,891.062504,current,rgb,-5.000,45.000,12,700,0.258700,0.259147727,25.0000,3.721645832,3.760896921,1.632929087
2026-07-29T21:27:32.488319+00:00,891.212753,current,rgb,-5.000,45.000,13,700,0.258700,0.259090909,25.0000,3.721712828,3.760915279,1.633056521
2026-07-29T21:27:32.638706+00:00,891.363139,current,rgb,-5.000,45.000,14,700,0.258700,0.259090909,25.0000,3.721601009,3.760758638,1.632844329
2026-07-29T21:27:32.789095+00:00,891.513529,current,rgb,-5.000,45.000,15,700,0.258700,0.259062500,25.0000,3.722164392,3.761296511,1.632926822
2026-07-29T21:27:32.939385+00:00,891.663818,current,rgb,-5.000,45.000,16,700,0.258700,0.258977273,25.0000,3.722068310,3.761152744,1.632987380
2026-07-29T21:27:33.089838+00:00,891.814269,current,rgb,-5.000,45.000,17,700,0.258700,0.259005682,25.0000,3.722218990,3.761148214,1.632897019
2026-07-29T21:27:33.240599+00:00,891.965025,current,rgb,-5.000,45.000,18,700,0.258700,0.259062500,25.0000,3.721314907,3.761219025,1.632721066
2026-07-29T21:27:33.391121+00:00,892.115553,current,rgb,-5.000,45.000,19,700,0.258700,0.259005682,25.0000,3.722033262,3.761220932,1.632832885
2026-07-29T21:27:37.092298+00:00,895.816726,current,rgb,-5.000,90.000,0,700,0.258700,0.259119318,24.6378,3.721386909,3.758372784,1.633329391
2026-07-29T21:27:37.242824+00:00,895.967257,current,rgb,-5.000,90.000,1,700,0.258700,0.259062500,25.0000,3.721500874,3.758218050,1.633235931
2026-07-29T21:27:37.393144+00:00,896.117578,current,rgb,-5.000,90.000,2,700,0.258700,0.259147727,24.9980,3.721456766,3.758338451,1.633521080
2026-07-29T21:27:37.543387+00:00,896.267821,current,rgb,-5.000,90.000,3,700,0.258700,0.259062500,25.0000,3.721349239,3.758219481,1.633590698
2026-07-29T21:27:37.693835+00:00,896.418265,current,rgb,-5.000,90.000,4,700,0.258700,0.259090909,25.0797,3.721302509,3.758070707,1.632716894
2026-07-29T21:27:37.844271+00:00,896.568705,current,rgb,-5.000,90.000,5,700,0.258700,0.259119318,24.9602,3.721764565,3.758633375,1.633502722
2026-07-29T21:27:37.994722+00:00,896.719154,current,rgb,-5.000,90.000,6,700,0.258700,0.259034091,25.0000,3.721690416,3.758622169,1.633399248
2026-07-29T21:27:38.145329+00:00,896.869757,current,rgb,-5.000,90.000,7,700,0.258700,0.259090909,25.0000,3.721721649,3.758637667,1.633338690
2026-07-29T21:27:38.296131+00:00,897.020562,current,rgb,-5.000,90.000,8,700,0.258700,0.259005682,25.0000,3.721754551,3.758720875,1.633440971
2026-07-29T21:27:38.446527+00:00,897.170954,current,rgb,-5.000,90.000,9,700,0.258700,0.259005682,25.0000,3.721723318,3.758437395,1.633221030
2026-07-29T21:27:38.596813+00:00,897.321242,current,rgb,-5.000,90.000,10,700,0.258700,0.259232955,25.0000,3.721759796,3.758758545,1.633464456
2026-07-29T21:27:38.747390+00:00,897.471822,current,rgb,-5.000,90.000,11,700,0.258700,0.259034091,25.0000,3.721682549,3.758655787,1.633658767
2026-07-29T21:27:38.897754+00:00,897.622187,current,rgb,-5.000,90.000,12,700,0.258700,0.259090909,25.0000,3.721804380,3.758580208,1.633393407
2026-07-29T21:27:39.048166+00:00,897.772598,current,rgb,-5.000,90.000,13,700,0.258700,0.259062500,25.0000,3.721935749,3.758869648,1.633328199
2026-07-29T21:27:39.198592+00:00,897.923025,current,rgb,-5.000,90.000,14,700,0.258700,0.259034091,25.0000,3.721803188,3.758663893,1.633249402
2026-07-29T21:27:39.348968+00:00,898.073398,current,rgb,-5.000,90.000,15,700,0.258700,0.259090909,25.0000,3.721994877,3.758866310,1.633187532
2026-07-29T21:27:39.499381+00:00,898.223815,current,rgb,-5.000,90.000,16,700,0.258700,0.259090909,25.0000,3.721868753,3.758757591,1.633496165
2026-07-29T21:27:39.649825+00:00,898.374256,current,rgb,-5.000,90.000,17,700,0.258700,0.259034091,25.0000,3.721692324,3.758651972,1.633206844
2026-07-29T21:27:39.800248+00:00,898.524682,current,rgb,-5.000,90.000,18,700,0.258700,0.259062500,25.0000,3.721920013,3.758815527,1.633480549
2026-07-29T21:27:39.950795+00:00,898.675225,current,rgb,-5.000,90.000,19,700,0.258700,0.259005682,25.0000,3.721427441,3.758397579,1.633624315
2026-07-29T21:27:50.405563+00:00,909.129964,current,dark,0.000,-90.000,0,0,,0.000710227,25.0000,4.896421432,4.903225899,1.649429798
2026-07-29T21:27:50.556179+00:00,909.280612,current,dark,0.000,-90.000,1,0,,0.000710227,25.0000,4.896414280,4.903211594,1.649657607
2026-07-29T21:27:50.707043+00:00,909.431472,current,dark,0.000,-90.000,2,0,,0.000710227,25.0000,4.896388531,4.903176785,1.649448752
2026-07-29T21:27:50.857574+00:00,909.582006,current,dark,0.000,-90.000,3,0,,0.000710227,25.0000,4.896397114,4.903190613,1.649563789
2026-07-29T21:27:51.007994+00:00,909.732428,current,dark,0.000,-90.000,4,0,,0.000710227,25.0000,4.896401882,4.903195381,1.649445176
2026-07-29T21:27:51.158356+00:00,909.882788,current,dark,0.000,-90.000,5,0,,0.000710227,25.0000,4.896405697,4.903192997,1.649480343
2026-07-29T21:27:51.308771+00:00,910.033205,current,dark,0.000,-90.000,6,0,,0.000710227,25.0000,4.896397591,4.903182507,1.649678349
2026-07-29T21:27:51.459120+00:00,910.183554,current,dark,0.000,-90.000,7,0,,0.000710227,25.0000,4.896377087,4.903169632,1.649405360
2026-07-29T21:27:51.609448+00:00,910.333880,current,dark,0.000,-90.000,8,0,,0.000710227,25.0000,4.896396637,4.903170586,1.649662375
2026-07-29T21:27:51.759772+00:00,910.484206,current,dark,0.000,-90.000,9,0,,0.000710227,25.0000,4.896391869,4.903177261,1.649732471
2026-07-29T21:27:51.910088+00:00,910.634522,current,dark,0.000,-90.000,10,0,,0.000710227,25.0000,4.896395683,4.903176308,1.649494648
2026-07-29T21:27:52.060344+00:00,910.784778,current,dark,0.000,-90.000,11,0,,0.000710227,25.0000,4.896400452,4.903173447,1.649573803
2026-07-29T21:27:52.210783+00:00,910.935216,current,dark,0.000,-90.000,12,0,,0.000710227,25.0000,4.896409035,4.903182983,1.649487615
2026-07-29T21:27:52.361125+00:00,911.085561,current,dark,0.000,-90.000,13,0,,0.000710227,25.0000,4.896404266,4.903169632,1.649513006
2026-07-29T21:27:52.511415+00:00,911.235848,current,dark,0.000,-90.000,14,0,,0.000710227,25.0000,4.896406651,4.903184891,1.649527669
2026-07-29T21:27:52.661779+00:00,911.386211,current,dark,0.000,-90.000,15,0,,0.000738636,25.0000,4.896403790,4.903178215,1.649244428
2026-07-29T21:27:52.812145+00:00,911.536580,current,dark,0.000,-90.000,16,0,,0.000710227,25.0000,4.896431446,4.903219700,1.649628043
2026-07-29T21:27:52.962458+00:00,911.686892,current,dark,0.000,-90.000,17,0,,0.000710227,25.0000,4.896433353,4.903204918,1.649578691
2026-07-29T21:27:53.112838+00:00,911.837267,current,dark,0.000,-90.000,18,0,,0.000710227,25.0000,4.896432400,4.903187275,1.649314523
2026-07-29T21:27:53.263310+00:00,911.987745,current,dark,0.000,-90.000,19,0,,0.000710227,25.0000,4.896428108,4.903181553,1.649491310
2026-07-29T21:27:57.457478+00:00,916.181908,current,rgb,0.000,-90.000,0,700,0.258700,0.259090909,25.0000,3.716264963,3.753911972,1.632860184
2026-07-29T21:27:57.608120+00:00,916.332550,current,rgb,0.000,-90.000,1,700,0.258700,0.259204545,25.0000,3.716182470,3.754182100,1.633297205
2026-07-29T21:27:57.758601+00:00,916.483033,current,rgb,0.000,-90.000,2,700,0.258700,0.259147727,25.0000,3.716285229,3.754213095,1.633119941
2026-07-29T21:27:57.908968+00:00,916.633401,current,rgb,0.000,-90.000,3,700,0.258700,0.259119318,25.0000,3.716457844,3.754412651,1.633042097
2026-07-29T21:27:58.059331+00:00,916.783764,current,rgb,0.000,-90.000,4,700,0.258700,0.259204545,25.0000,3.716524124,3.754437923,1.633099437
2026-07-29T21:27:58.209685+00:00,916.934117,current,rgb,0.000,-90.000,5,700,0.258700,0.259119318,25.0000,3.716489315,3.754437923,1.632927299
2026-07-29T21:27:58.360051+00:00,917.084486,current,rgb,0.000,-90.000,6,700,0.258700,0.259176136,25.0000,3.716792583,3.754689455,1.632995963
2026-07-29T21:27:58.510315+00:00,917.234751,current,rgb,0.000,-90.000,7,700,0.258700,0.259090909,25.0000,3.716641665,3.754531145,1.633180976
2026-07-29T21:27:58.660612+00:00,917.385044,current,rgb,0.000,-90.000,8,700,0.258700,0.259147727,25.0000,3.716827869,3.754368305,1.633023977
2026-07-29T21:27:58.810968+00:00,917.535398,current,rgb,0.000,-90.000,9,700,0.258700,0.259346591,25.0000,3.716980219,3.754826546,1.633068681
2026-07-29T21:27:58.961379+00:00,917.685813,current,rgb,0.000,-90.000,10,700,0.258700,0.259147727,25.0000,3.716988087,3.754862785,1.632839918
2026-07-29T21:27:59.111895+00:00,917.836326,current,rgb,0.000,-90.000,11,700,0.258700,0.259119318,25.0000,3.717157841,3.755073547,1.632846713
2026-07-29T21:27:59.262309+00:00,917.986740,current,rgb,0.000,-90.000,12,700,0.258700,0.259176136,25.0000,3.717022181,3.754910946,1.633248568
2026-07-29T21:27:59.417464+00:00,918.141897,current,rgb,0.000,-90.000,13,700,0.258700,0.259176136,25.0000,3.717199326,3.755089760,1.632984638
2026-07-29T21:27:59.568944+00:00,918.293368,current,rgb,0.000,-90.000,14,700,0.258700,0.259034091,25.0000,3.717393637,3.755203485,1.632804036
2026-07-29T21:27:59.719586+00:00,918.444017,current,rgb,0.000,-90.000,15,700,0.258700,0.259090909,25.0000,3.717297554,3.755405188,1.633085012
2026-07-29T21:27:59.870105+00:00,918.594539,current,rgb,0.000,-90.000,16,700,0.258700,0.259034091,25.0000,3.717404366,3.755208492,1.632354379
2026-07-29T21:28:00.020452+00:00,918.744884,current,rgb,0.000,-90.000,17,700,0.258700,0.259119318,25.0000,3.717434406,3.755275011,1.633056045
2026-07-29T21:28:00.170819+00:00,918.895253,current,rgb,0.000,-90.000,18,700,0.258700,0.259119318,25.0000,3.717408657,3.755306244,1.632937074
2026-07-29T21:28:00.321286+00:00,919.045718,current,rgb,0.000,-90.000,19,700,0.258700,0.259147727,25.0000,3.717574835,3.755438328,1.632942200
2026-07-29T21:28:04.022021+00:00,922.746450,current,rgb,0.000,-45.000,0,700,0.258700,0.259090909,25.0000,3.718178749,3.756267548,1.632872343
2026-07-29T21:28:04.172584+00:00,922.897016,current,rgb,0.000,-45.000,1,700,0.258700,0.259176136,25.0000,3.718440533,3.756443262,1.632972479
2026-07-29T21:28:04.322983+00:00,923.047417,current,rgb,0.000,-45.000,2,700,0.258700,0.259147727,25.0000,3.718355656,3.756357431,1.633153439
2026-07-29T21:28:04.473516+00:00,923.197944,current,rgb,0.000,-45.000,3,700,0.258700,0.259090909,25.0000,3.718431234,3.756463528,1.632383823
2026-07-29T21:28:04.624150+00:00,923.348582,current,rgb,0.000,-45.000,4,700,0.258700,0.259147727,25.0000,3.718553543,3.756526709,1.633118510
2026-07-29T21:28:04.774775+00:00,923.499203,current,rgb,0.000,-45.000,5,700,0.258700,0.259147727,25.0000,3.718398094,3.756506443,1.633077741
2026-07-29T21:28:04.925393+00:00,923.649824,current,rgb,0.000,-45.000,6,700,0.258700,0.259062500,25.0000,3.718691111,3.756399632,1.632923961
2026-07-29T21:28:05.075856+00:00,923.800290,current,rgb,0.000,-45.000,7,700,0.258700,0.259147727,25.0000,3.718482494,3.756475210,1.633228064
2026-07-29T21:28:05.226307+00:00,923.950738,current,rgb,0.000,-45.000,8,700,0.258700,0.259147727,25.0000,3.718506098,3.756489277,1.632997870
2026-07-29T21:28:05.376710+00:00,924.101144,current,rgb,0.000,-45.000,9,700,0.258700,0.259119318,25.0000,3.718715191,3.756734371,1.632299185
2026-07-29T21:28:05.527145+00:00,924.251575,current,rgb,0.000,-45.000,10,700,0.258700,0.259176136,25.0000,3.718554497,3.756628275,1.633153200
2026-07-29T21:28:05.677965+00:00,924.402393,current,rgb,0.000,-45.000,11,700,0.258700,0.259119318,25.0000,3.718495369,3.756538630,1.632869005
2026-07-29T21:28:05.828560+00:00,924.552991,current,rgb,0.000,-45.000,12,700,0.258700,0.259204545,25.0000,3.718711138,3.756742239,1.633138776
2026-07-29T21:28:05.978970+00:00,924.703404,current,rgb,0.000,-45.000,13,700,0.258700,0.259090909,25.0000,3.718637466,3.756673098,1.633156061
2026-07-29T21:28:06.129314+00:00,924.853746,current,rgb,0.000,-45.000,14,700,0.258700,0.259119318,25.0000,3.718859196,3.756607056,1.632982016
2026-07-29T21:28:06.279709+00:00,925.004143,current,rgb,0.000,-45.000,15,700,0.258700,0.259147727,25.0000,3.718734741,3.756826162,1.633195877
2026-07-29T21:28:06.430064+00:00,925.154494,current,rgb,0.000,-45.000,16,700,0.258700,0.259119318,25.0000,3.718664169,3.756683826,1.632974982
2026-07-29T21:28:06.580625+00:00,925.305060,current,rgb,0.000,-45.000,17,700,0.258700,0.259176136,25.0000,3.718942404,3.756910324,1.633047462
2026-07-29T21:28:06.731122+00:00,925.455555,current,rgb,0.000,-45.000,18,700,0.258700,0.259090909,25.0000,3.718798161,3.756788015,1.633147001
2026-07-29T21:28:06.881501+00:00,925.605936,current,rgb,0.000,-45.000,19,700,0.258700,0.259176136,25.0000,3.718731880,3.756690025,1.632958055
2026-07-29T21:28:10.583009+00:00,929.307438,current,rgb,0.000,0.000,0,700,0.258700,0.259062500,25.0000,3.719648123,3.757399559,1.633049130
2026-07-29T21:28:10.733703+00:00,929.458132,current,rgb,0.000,0.000,1,700,0.258700,0.259119318,25.0000,3.719561577,3.757310152,1.632790804
2026-07-29T21:28:10.884198+00:00,929.608631,current,rgb,0.000,0.000,2,700,0.258700,0.259119318,25.0000,3.719881535,3.757490873,1.632481337
2026-07-29T21:28:11.034599+00:00,929.759032,current,rgb,0.000,0.000,3,700,0.258700,0.259090909,25.0000,3.719682932,3.757494926,1.633009315
2026-07-29T21:28:11.184947+00:00,929.909381,current,rgb,0.000,0.000,4,700,0.258700,0.259119318,25.0000,3.719920874,3.757398367,1.632872343
2026-07-29T21:28:11.335245+00:00,930.059681,current,rgb,0.000,0.000,5,700,0.258700,0.259147727,25.0000,3.719723701,3.757488966,1.633140922
2026-07-29T21:28:11.485603+00:00,930.210038,current,rgb,0.000,0.000,6,700,0.258700,0.259147727,25.0000,3.719694138,3.757437706,1.632829666
2026-07-29T21:28:11.636143+00:00,930.360571,current,rgb,0.000,0.000,7,700,0.258700,0.259147727,25.0000,3.719925404,3.757654667,1.632970333
2026-07-29T21:28:11.786601+00:00,930.511035,current,rgb,0.000,0.000,8,700,0.258700,0.259090909,25.0000,3.719747543,3.757539988,1.633138299
2026-07-29T21:28:11.937092+00:00,930.661527,current,rgb,0.000,0.000,9,700,0.258700,0.259119318,25.0000,3.719681740,3.757426739,1.632869482
2026-07-29T21:28:12.087399+00:00,930.811833,current,rgb,0.000,0.000,10,700,0.258700,0.259147727,25.0000,3.719865322,3.757642508,1.633036971
2026-07-29T21:28:12.237773+00:00,930.962206,current,rgb,0.000,0.000,11,700,0.258700,0.259090909,25.0000,3.719830751,3.757519722,1.633070827
2026-07-29T21:28:12.388142+00:00,931.112576,current,rgb,0.000,0.000,12,700,0.258700,0.259147727,25.0000,3.719968557,3.757509708,1.633040905
2026-07-29T21:28:12.538398+00:00,931.262834,current,rgb,0.000,0.000,13,700,0.258700,0.259119318,25.0000,3.719905615,3.757670164,1.633212686
2026-07-29T21:28:12.688730+00:00,931.413163,current,rgb,0.000,0.000,14,700,0.258700,0.259119318,25.0000,3.719807863,3.757573128,1.632914662
2026-07-29T21:28:12.839090+00:00,931.563525,current,rgb,0.000,0.000,15,700,0.258700,0.259119318,25.0000,3.720370531,3.758139849,1.632958531
2026-07-29T21:28:12.989343+00:00,931.713779,current,rgb,0.000,0.000,16,700,0.258700,0.259062500,25.0000,3.720241785,3.757949352,1.633225679
2026-07-29T21:28:13.139688+00:00,931.864120,current,rgb,0.000,0.000,17,700,0.258700,0.259005682,25.0000,3.720288754,3.758014679,1.632961035
2026-07-29T21:28:13.290151+00:00,932.014583,current,rgb,0.000,0.000,18,700,0.258700,0.259034091,25.0000,3.720480442,3.758207321,1.632965922
2026-07-29T21:28:13.440506+00:00,932.164939,current,rgb,0.000,0.000,19,700,0.258700,0.258948864,25.0000,3.720412016,3.758120298,1.632997394
2026-07-29T21:28:17.141353+00:00,935.865782,current,rgb,0.000,45.000,0,700,0.258700,0.259176136,25.0000,3.720663548,3.759340048,1.633231759
2026-07-29T21:28:17.291864+00:00,936.016297,current,rgb,0.000,45.000,1,700,0.258700,0.259090909,25.0000,3.720652580,3.759251118,1.633121371
2026-07-29T21:28:17.442256+00:00,936.166691,current,rgb,0.000,45.000,2,700,0.258700,0.259090909,25.0000,3.720729351,3.759322166,1.633094549
2026-07-29T21:28:17.592503+00:00,936.316931,current,rgb,0.000,45.000,3,700,0.258700,0.259119318,25.0000,3.720666409,3.759369373,1.633268833
2026-07-29T21:28:17.743026+00:00,936.467459,current,rgb,0.000,45.000,4,700,0.258700,0.259062500,25.0000,3.720651865,3.759547710,1.632984400
2026-07-29T21:28:17.893370+00:00,936.617804,current,rgb,0.000,45.000,5,700,0.258700,0.259090909,25.0000,3.721039772,3.759682417,1.633230329
2026-07-29T21:28:18.043707+00:00,936.768141,current,rgb,0.000,45.000,6,700,0.258700,0.259062500,25.0000,3.721003532,3.759756565,1.633213162
2026-07-29T21:28:18.194163+00:00,936.918594,current,rgb,0.000,45.000,7,700,0.258700,0.259034091,25.0000,3.721154928,3.759657383,1.632975221
2026-07-29T21:28:18.344620+00:00,937.069054,current,rgb,0.000,45.000,8,700,0.258700,0.259005682,25.0000,3.721093893,3.759797812,1.633135796
2026-07-29T21:28:18.494963+00:00,937.219399,current,rgb,0.000,45.000,9,700,0.258700,0.259034091,25.0000,3.721096039,3.759727001,1.633087516
2026-07-29T21:28:18.645294+00:00,937.369727,current,rgb,0.000,45.000,10,700,0.258700,0.259062500,25.0000,3.721308947,3.759922028,1.633011818
2026-07-29T21:28:18.795682+00:00,937.520116,current,rgb,0.000,45.000,11,700,0.258700,0.259062500,25.0000,3.721245289,3.759846926,1.633149743
2026-07-29T21:28:18.946073+00:00,937.670506,current,rgb,0.000,45.000,12,700,0.258700,0.259005682,25.0000,3.721071482,3.759751320,1.632835984
2026-07-29T21:28:19.096450+00:00,937.820883,current,rgb,0.000,45.000,13,700,0.258700,0.259034091,25.0000,3.721332312,3.760136604,1.633116484
2026-07-29T21:28:19.246781+00:00,937.971214,current,rgb,0.000,45.000,14,700,0.258700,0.258920455,25.0000,3.721165895,3.759771824,1.632831573
2026-07-29T21:28:19.397154+00:00,938.121588,current,rgb,0.000,45.000,15,700,0.258700,0.259062500,25.0000,3.721314907,3.759779930,1.633008599
2026-07-29T21:28:19.547390+00:00,938.271823,current,rgb,0.000,45.000,16,700,0.258700,0.259034091,25.0000,3.721305132,3.759937763,1.633240342
2026-07-29T21:28:19.697762+00:00,938.422196,current,rgb,0.000,45.000,17,700,0.258700,0.258977273,25.0000,3.721246719,3.759817123,1.633162141
2026-07-29T21:28:19.848102+00:00,938.572536,current,rgb,0.000,45.000,18,700,0.258700,0.259062500,25.0000,3.721416473,3.760020494,1.633187056
2026-07-29T21:28:19.998341+00:00,938.722776,current,rgb,0.000,45.000,19,700,0.258700,0.259062500,25.0000,3.721256495,3.759875536,1.633418798
2026-07-29T21:28:23.700093+00:00,942.424523,current,rgb,0.000,90.000,0,700,0.258700,0.259119318,25.0000,3.722039223,3.759842396,1.633043051
2026-07-29T21:28:23.850539+00:00,942.574971,current,rgb,0.000,90.000,1,700,0.258700,0.259005682,25.0000,3.722006083,3.759763479,1.633130670
2026-07-29T21:28:24.000836+00:00,942.725271,current,rgb,0.000,90.000,2,700,0.258700,0.258948864,25.0000,3.721907139,3.759600163,1.632921457
2026-07-29T21:28:24.151208+00:00,942.875640,current,rgb,0.000,90.000,3,700,0.258700,0.259062500,25.0000,3.721966743,3.759685516,1.633137822
2026-07-29T21:28:24.301638+00:00,943.026071,current,rgb,0.000,90.000,4,700,0.258700,0.259034091,25.0000,3.721962452,3.759729624,1.633266926
2026-07-29T21:28:24.452080+00:00,943.176513,current,rgb,0.000,90.000,5,700,0.258700,0.259062500,25.0000,3.722139359,3.759651423,1.633031130
2026-07-29T21:28:24.602447+00:00,943.326880,current,rgb,0.000,90.000,6,700,0.258700,0.259005682,25.0000,3.722030640,3.759845734,1.633143187
2026-07-29T21:28:24.752848+00:00,943.477279,current,rgb,0.000,90.000,7,700,0.258700,0.258977273,25.0000,3.721527100,3.759340048,1.632331848
2026-07-29T21:28:24.903312+00:00,943.627743,current,rgb,0.000,90.000,8,700,0.258700,0.259176136,25.0000,3.721759558,3.759536982,1.633092642
2026-07-29T21:28:25.053760+00:00,943.778194,current,rgb,0.000,90.000,9,700,0.258700,0.259147727,25.0000,3.721643686,3.759450674,1.633334994
2026-07-29T21:28:25.204146+00:00,943.928579,current,rgb,0.000,90.000,10,700,0.258700,0.259090909,25.0000,3.721605301,3.759457111,1.633012295
2026-07-29T21:28:25.354486+00:00,944.078921,current,rgb,0.000,90.000,11,700,0.258700,0.259090909,25.0000,3.721890926,3.759621620,1.633039594
2026-07-29T21:28:25.504940+00:00,944.229372,current,rgb,0.000,90.000,12,700,0.258700,0.259005682,25.0000,3.721714020,3.759515524,1.633145332
2026-07-29T21:28:25.655670+00:00,944.380100,current,rgb,0.000,90.000,13,700,0.258700,0.259119318,25.0000,3.722065926,3.759324551,1.632933974
2026-07-29T21:28:25.806421+00:00,944.530849,current,rgb,0.000,90.000,14,700,0.258700,0.259176136,25.0000,3.721583128,3.759393930,1.633244276
2026-07-29T21:28:25.956970+00:00,944.681401,current,rgb,0.000,90.000,15,700,0.258700,0.259147727,25.0000,3.721622467,3.759458303,1.633172154
2026-07-29T21:28:26.107615+00:00,944.832047,current,rgb,0.000,90.000,16,700,0.258700,0.259119318,25.0000,3.721904278,3.759703398,1.633092642
2026-07-29T21:28:26.258152+00:00,944.982583,current,rgb,0.000,90.000,17,700,0.258700,0.259147727,25.0000,3.721875906,3.759713173,1.633191228
2026-07-29T21:28:26.408706+00:00,945.133138,current,rgb,0.000,90.000,18,700,0.258700,0.259062500,25.0000,3.721696138,3.759531736,1.632789850
2026-07-29T21:28:26.559196+00:00,945.283631,current,rgb,0.000,90.000,19,700,0.258700,0.259147727,25.0000,3.721793652,3.759649754,1.633155823
2026-07-29T21:28:37.014651+00:00,955.739080,current,dark,5.000,-90.000,0,0,,0.000710227,25.0000,4.896403313,4.903148651,1.649347305
2026-07-29T21:28:37.165145+00:00,955.889577,current,dark,5.000,-90.000,1,0,,0.000710227,25.0000,4.896401405,4.903173923,1.649617076
2026-07-29T21:28:37.315568+00:00,956.040002,current,dark,5.000,-90.000,2,0,,0.000738636,25.0000,4.896404743,4.903186798,1.649676800
2026-07-29T21:28:37.465892+00:00,956.190326,current,dark,5.000,-90.000,3,0,,0.000710227,25.0000,4.896399975,4.903172493,1.649445415
2026-07-29T21:28:37.616357+00:00,956.340787,current,dark,5.000,-90.000,4,0,,0.000710227,25.0000,4.896409988,4.903150082,1.649665833
2026-07-29T21:28:37.766806+00:00,956.491239,current,dark,5.000,-90.000,5,0,,0.000738636,25.0000,4.896395206,4.903164387,1.649445891
2026-07-29T21:28:37.917108+00:00,956.641543,current,dark,5.000,-90.000,6,0,,0.000738636,25.0000,4.896419048,4.903190613,1.649518371
2026-07-29T21:28:38.067371+00:00,956.791806,current,dark,5.000,-90.000,7,0,,0.000710227,25.0000,4.896429062,4.903192997,1.649797440
2026-07-29T21:28:38.217699+00:00,956.942133,current,dark,5.000,-90.000,8,0,,0.000738636,25.0000,4.896433830,4.903192997,1.649461985
2026-07-29T21:28:38.368114+00:00,957.092547,current,dark,5.000,-90.000,9,0,,0.000738636,25.0000,4.896439552,4.903194427,1.649438500
2026-07-29T21:28:38.518427+00:00,957.242861,current,dark,5.000,-90.000,10,0,,0.000710227,25.0000,4.896408558,4.903160095,1.649624586
2026-07-29T21:28:38.668697+00:00,957.393132,current,dark,5.000,-90.000,11,0,,0.000738636,25.0000,4.896426678,4.903182983,1.649529099
2026-07-29T21:28:38.819014+00:00,957.543448,current,dark,5.000,-90.000,12,0,,0.000738636,25.0000,4.896422863,4.903176308,1.649575472
2026-07-29T21:28:38.969347+00:00,957.693781,current,dark,5.000,-90.000,13,0,,0.000738636,25.0000,4.896427631,4.903166771,1.649334073
2026-07-29T21:28:39.119675+00:00,957.844110,current,dark,5.000,-90.000,14,0,,0.000710227,25.0000,4.896433830,4.903182507,1.649513721
2026-07-29T21:28:39.270009+00:00,957.994444,current,dark,5.000,-90.000,15,0,,0.000738636,25.0000,4.896436214,4.903186798,1.649646044
2026-07-29T21:28:39.420304+00:00,958.144740,current,dark,5.000,-90.000,16,0,,0.000710227,25.0000,4.896437168,4.903183460,1.649391651
2026-07-29T21:28:39.570629+00:00,958.295063,current,dark,5.000,-90.000,17,0,,0.000710227,25.0000,4.896440983,4.903200150,1.649564028
2026-07-29T21:28:39.720921+00:00,958.445354,current,dark,5.000,-90.000,18,0,,0.000710227,25.0000,4.896436691,4.903164387,1.649491787
2026-07-29T21:28:39.871308+00:00,958.595743,current,dark,5.000,-90.000,19,0,,0.000710227,25.0000,4.896432400,4.903177261,1.649308205
2026-07-29T21:28:44.065459+00:00,962.789888,current,rgb,5.000,-90.000,0,700,0.258700,0.259005682,25.0000,3.717108011,3.755394459,1.632852912
2026-07-29T21:28:44.216122+00:00,962.940551,current,rgb,5.000,-90.000,1,700,0.258700,0.259034091,25.0000,3.716865540,3.754913330,1.632853627
2026-07-29T21:28:44.366536+00:00,963.090969,current,rgb,5.000,-90.000,2,700,0.258700,0.259119318,25.0000,3.716856480,3.755126476,1.632792354
2026-07-29T21:28:44.516840+00:00,963.241274,current,rgb,5.000,-90.000,3,700,0.258700,0.259090909,25.0000,3.716753483,3.755008221,1.632697344
2026-07-29T21:28:44.667215+00:00,963.391647,current,rgb,5.000,-90.000,4,700,0.258700,0.259204545,25.0000,3.717048168,3.755266428,1.632873178
2026-07-29T21:28:44.817677+00:00,963.542109,current,rgb,5.000,-90.000,5,700,0.258700,0.259119318,25.0000,3.717075825,3.755306959,1.632978797
2026-07-29T21:28:44.968173+00:00,963.692607,current,rgb,5.000,-90.000,6,700,0.258700,0.259147727,25.0000,3.717017651,3.755209446,1.632689238
2026-07-29T21:28:45.118491+00:00,963.842925,current,rgb,5.000,-90.000,7,700,0.258700,0.259176136,25.0000,3.717241049,3.755449057,1.632914424
2026-07-29T21:28:45.269025+00:00,963.993455,current,rgb,5.000,-90.000,8,700,0.258700,0.259147727,25.0000,3.717209339,3.755390644,1.633015513
2026-07-29T21:28:45.419423+00:00,964.143856,current,rgb,5.000,-90.000,9,700,0.258700,0.259119318,25.0000,3.717375278,3.755378485,1.632841825
2026-07-29T21:28:45.569737+00:00,964.294172,current,rgb,5.000,-90.000,10,700,0.258700,0.259204545,25.0000,3.717414379,3.755623341,1.633022547
2026-07-29T21:28:45.720264+00:00,964.444691,current,rgb,5.000,-90.000,11,700,0.258700,0.259147727,25.0000,3.717395067,3.755503654,1.632804036
2026-07-29T21:28:45.870801+00:00,964.595234,current,rgb,5.000,-90.000,12,700,0.258700,0.259119318,25.0000,3.717578888,3.755721569,1.632905126
2026-07-29T21:28:46.021168+00:00,964.745602,current,rgb,5.000,-90.000,13,700,0.258700,0.259119318,25.0000,3.717600346,3.755807638,1.632925868
2026-07-29T21:28:46.171736+00:00,964.896167,current,rgb,5.000,-90.000,14,700,0.258700,0.259062500,25.0000,3.717476130,3.755640745,1.632592320
2026-07-29T21:28:46.322154+00:00,965.046587,current,rgb,5.000,-90.000,15,700,0.258700,0.259147727,25.0000,3.717711926,3.755938768,1.632898569
2026-07-29T21:28:46.472751+00:00,965.197183,current,rgb,5.000,-90.000,16,700,0.258700,0.259005682,25.0000,3.717925549,3.756012678,1.632743716
2026-07-29T21:28:46.623103+00:00,965.347536,current,rgb,5.000,-90.000,17,700,0.258700,0.259062500,25.0000,3.718096018,3.755973339,1.632504225
2026-07-29T21:28:46.773683+00:00,965.498109,current,rgb,5.000,-90.000,18,700,0.258700,0.259147727,25.0000,3.717887163,3.756303310,1.632911205
2026-07-29T21:28:46.924272+00:00,965.648705,current,rgb,5.000,-90.000,19,700,0.258700,0.259062500,25.0000,3.717870712,3.756054878,1.632123828
2026-07-29T21:28:50.625655+00:00,969.350084,current,rgb,5.000,-45.000,0,700,0.258700,0.259034091,25.0000,3.719389439,3.757637739,1.633024216
2026-07-29T21:28:50.776262+00:00,969.500690,current,rgb,5.000,-45.000,1,700,0.258700,0.259062500,25.0000,3.719048977,3.757223606,1.632819414
2026-07-29T21:28:50.926818+00:00,969.651249,current,rgb,5.000,-45.000,2,700,0.258700,0.259090909,25.0000,3.719231844,3.757363796,1.632859707
2026-07-29T21:28:51.077152+00:00,969.801586,current,rgb,5.000,-45.000,3,700,0.258700,0.259062500,25.0000,3.719117403,3.757247448,1.633152127
2026-07-29T21:28:51.227540+00:00,969.951971,current,rgb,5.000,-45.000,4,700,0.258700,0.259176136,25.0000,3.719195127,3.757328987,1.632906556
2026-07-29T21:28:51.377968+00:00,970.102401,current,rgb,5.000,-45.000,5,700,0.258700,0.259090909,25.0000,3.719346046,3.757557392,1.632843137
2026-07-29T21:28:51.528331+00:00,970.252764,current,rgb,5.000,-45.000,6,700,0.258700,0.258977273,25.0000,3.719054222,3.757266998,1.632879972
2026-07-29T21:28:51.678765+00:00,970.403198,current,rgb,5.000,-45.000,7,700,0.258700,0.259062500,25.0000,3.719357967,3.757447004,1.632877231
2026-07-29T21:28:51.829172+00:00,970.553606,current,rgb,5.000,-45.000,8,700,0.258700,0.259090909,25.0000,3.719230652,3.757430315,1.632923603
2026-07-29T21:28:51.979077+00:00,970.703501,current,rgb,5.000,-45.000,9,700,0.258700,0.259090909,25.0000,3.718526363,3.757198095,1.632699251
2026-07-29T21:28:52.129695+00:00,970.854126,current,rgb,5.000,-45.000,10,700,0.258700,0.259119318,25.0000,3.719382286,3.757556677,1.632912397
2026-07-29T21:28:52.280181+00:00,971.004614,current,rgb,5.000,-45.000,11,700,0.258700,0.259034091,25.0000,3.719341278,3.757558346,1.632961273
2026-07-29T21:28:52.430484+00:00,971.154918,current,rgb,5.000,-45.000,12,700,0.258700,0.259090909,25.0000,3.719335556,3.757383585,1.632048368
2026-07-29T21:28:52.580969+00:00,971.305400,current,rgb,5.000,-45.000,13,700,0.258700,0.259147727,25.0000,3.719422579,3.757584095,1.632974982
2026-07-29T21:28:52.731324+00:00,971.455758,current,rgb,5.000,-45.000,14,700,0.258700,0.259034091,25.0000,3.719322681,3.757497311,1.632932186
2026-07-29T21:28:52.881764+00:00,971.606198,current,rgb,5.000,-45.000,15,700,0.258700,0.259090909,25.0000,3.719763994,3.757934570,1.632980347
2026-07-29T21:28:53.032130+00:00,971.756564,current,rgb,5.000,-45.000,16,700,0.258700,0.259062500,25.0000,3.719802856,3.757917881,1.632977843
2026-07-29T21:28:53.182431+00:00,971.906864,current,rgb,5.000,-45.000,17,700,0.258700,0.259005682,25.0000,3.719726086,3.757896900,1.632743716
2026-07-29T21:28:53.332724+00:00,972.057158,current,rgb,5.000,-45.000,18,700,0.258700,0.259005682,25.0000,3.719843626,3.758023977,1.632942438
2026-07-29T21:28:53.483020+00:00,972.207454,current,rgb,5.000,-45.000,19,700,0.258700,0.259005682,25.0000,3.719867706,3.758046627,1.632941008
2026-07-29T21:28:57.184025+00:00,975.908455,current,rgb,5.000,0.000,0,700,0.258700,0.259005682,25.0000,3.720566273,3.758610725,1.632848263
2026-07-29T21:28:57.334848+00:00,976.059276,current,rgb,5.000,0.000,1,700,0.258700,0.258977273,25.0000,3.720445871,3.758457899,1.632996917
2026-07-29T21:28:57.485442+00:00,976.209874,current,rgb,5.000,0.000,2,700,0.258700,0.259062500,25.0000,3.720561504,3.758340120,1.632821798
2026-07-29T21:28:57.635887+00:00,976.360317,current,rgb,5.000,0.000,3,700,0.258700,0.259090909,25.0000,3.720438480,3.758526325,1.633013725
2026-07-29T21:28:57.786381+00:00,976.510814,current,rgb,5.000,0.000,4,700,0.258700,0.258977273,25.0000,3.720477581,3.758568287,1.632837534
2026-07-29T21:28:57.936777+00:00,976.661210,current,rgb,5.000,0.000,5,700,0.258700,0.259062500,25.0000,3.721230268,3.759072065,1.632300138
2026-07-29T21:28:58.087119+00:00,976.811554,current,rgb,5.000,0.000,6,700,0.258700,0.259005682,25.0000,3.720760584,3.758802176,1.633072853
2026-07-29T21:28:58.237486+00:00,976.961918,current,rgb,5.000,0.000,7,700,0.258700,0.259005682,25.0000,3.720737457,3.758867025,1.632884383
2026-07-29T21:28:58.388135+00:00,977.112567,current,rgb,5.000,0.000,8,700,0.258700,0.259005682,25.0000,3.720980167,3.759016991,1.632894158
2026-07-29T21:28:58.538521+00:00,977.262955,current,rgb,5.000,0.000,9,700,0.258700,0.258920455,25.0000,3.720904350,3.758927345,1.633024931
2026-07-29T21:28:58.688831+00:00,977.413264,current,rgb,5.000,0.000,10,700,0.258700,0.258948864,25.0000,3.721052170,3.758861780,1.632836699
2026-07-29T21:28:58.839267+00:00,977.563701,current,rgb,5.000,0.000,11,700,0.258700,0.259034091,25.0000,3.720967531,3.758975506,1.633010626
2026-07-29T21:28:58.989636+00:00,977.714070,current,rgb,5.000,0.000,12,700,0.258700,0.258948864,25.0000,3.720793486,3.758899689,1.632890701
2026-07-29T21:28:59.140017+00:00,977.864451,current,rgb,5.000,0.000,13,700,0.258700,0.258977273,25.0000,3.721116543,3.759116650,1.632933974
2026-07-29T21:28:59.290349+00:00,978.014782,current,rgb,5.000,0.000,14,700,0.258700,0.258948864,25.0000,3.720910549,3.758963585,1.633070111
2026-07-29T21:28:59.440665+00:00,978.165099,current,rgb,5.000,0.000,15,700,0.258700,0.259005682,25.0000,3.720946789,3.758929253,1.632851601
2026-07-29T21:28:59.591037+00:00,978.315464,current,rgb,5.000,0.000,16,700,0.258700,0.259005682,25.0000,3.721129894,3.759050131,1.632951498
2026-07-29T21:28:59.741482+00:00,978.465915,current,rgb,5.000,0.000,17,700,0.258700,0.258948864,25.0000,3.721080780,3.759100437,1.633051157
2026-07-29T21:28:59.891845+00:00,978.616280,current,rgb,5.000,0.000,18,700,0.258700,0.258920455,25.0000,3.721251249,3.758979082,1.632832408
2026-07-29T21:29:00.042153+00:00,978.766588,current,rgb,5.000,0.000,19,700,0.258700,0.259005682,25.0000,3.721154928,3.759135962,1.632924199
2026-07-29T21:29:03.742979+00:00,982.467409,current,rgb,5.000,45.000,0,700,0.258700,0.259005682,25.0000,3.721821308,3.759402752,1.632571340
2026-07-29T21:29:03.893456+00:00,982.617889,current,rgb,5.000,45.000,1,700,0.258700,0.259005682,25.0000,3.721759796,3.759478092,1.632681251
2026-07-29T21:29:04.043841+00:00,982.768276,current,rgb,5.000,45.000,2,700,0.258700,0.258948864,25.0000,3.721611023,3.759400845,1.632544518
2026-07-29T21:29:04.194174+00:00,982.918607,current,rgb,5.000,45.000,3,700,0.258700,0.258977273,25.0000,3.721755028,3.759504795,1.632714629
2026-07-29T21:29:04.344675+00:00,983.069108,current,rgb,5.000,45.000,4,700,0.258700,0.258948864,25.0000,3.721737385,3.759482384,1.632923961
2026-07-29T21:29:04.495040+00:00,983.219474,current,rgb,5.000,45.000,5,700,0.258700,0.259005682,25.0399,3.721728325,3.759485483,1.632610440
2026-07-29T21:29:04.645404+00:00,983.369836,current,rgb,5.000,45.000,6,700,0.258700,0.258948864,25.0000,3.721860647,3.759644508,1.632644653
2026-07-29T21:29:04.795834+00:00,983.520266,current,rgb,5.000,45.000,7,700,0.258700,0.258948864,25.0000,3.721761942,3.759534359,1.632728815
2026-07-29T21:29:04.946128+00:00,983.670562,current,rgb,5.000,45.000,8,700,0.258700,0.259034091,25.0000,3.721922636,3.759575844,1.632629514
2026-07-29T21:29:05.096579+00:00,983.821014,current,rgb,5.000,45.000,9,700,0.258700,0.258977273,25.0000,3.721852064,3.759577513,1.632707834
2026-07-29T21:29:05.246954+00:00,983.971387,current,rgb,5.000,45.000,10,700,0.258700,0.259005682,25.0000,3.721830606,3.759619713,1.632558465
2026-07-29T21:29:05.397291+00:00,984.121725,current,rgb,5.000,45.000,11,700,0.258700,0.258948864,25.0000,3.722052813,3.759800434,1.632582307
2026-07-29T21:29:05.547675+00:00,984.272110,current,rgb,5.000,45.000,12,700,0.258700,0.258892045,25.0000,3.721872330,3.759651661,1.632755637
2026-07-29T21:29:05.698295+00:00,984.422724,current,rgb,5.000,45.000,13,700,0.258700,0.258948864,25.0000,3.721762896,3.759477139,1.632515669
2026-07-29T21:29:05.849002+00:00,984.573431,current,rgb,5.000,45.000,14,700,0.258700,0.259034091,25.0000,3.721529961,3.759308338,1.632832050
2026-07-29T21:29:05.999448+00:00,984.723881,current,rgb,5.000,45.000,15,700,0.258700,0.259034091,25.0000,3.721611023,3.759336710,1.632740021
2026-07-29T21:29:06.149789+00:00,984.874223,current,rgb,5.000,45.000,16,700,0.258700,0.258977273,25.0000,3.721784353,3.759575844,1.632536650
2026-07-29T21:29:06.300147+00:00,985.024579,current,rgb,5.000,45.000,17,700,0.258700,0.258977273,25.0000,3.721639156,3.759435654,1.632168293
2026-07-29T21:29:06.450477+00:00,985.174912,current,rgb,5.000,45.000,18,700,0.258700,0.258977273,25.0000,3.721513510,3.759306669,1.632483959
2026-07-29T21:29:06.600841+00:00,985.325273,current,rgb,5.000,45.000,19,700,0.258700,0.259090909,25.0000,3.721703291,3.759512901,1.632632613
2026-07-29T21:29:10.303046+00:00,989.027474,current,rgb,5.000,90.000,0,700,0.258700,0.259147727,25.0000,3.720912695,3.759011745,1.633117795
2026-07-29T21:29:10.453602+00:00,989.178033,current,rgb,5.000,90.000,1,700,0.258700,0.259062500,25.3211,3.721164465,3.759264946,1.632684588
2026-07-29T21:29:10.604009+00:00,989.328442,current,rgb,5.000,90.000,2,700,0.258700,0.259090909,24.9602,3.720954895,3.759174824,1.633459568
2026-07-29T21:29:10.754550+00:00,989.478979,current,rgb,5.000,90.000,3,700,0.258700,0.259176136,25.0000,3.720961809,3.759024382,1.632893920
2026-07-29T21:29:10.905123+00:00,989.629556,current,rgb,5.000,90.000,4,700,0.258700,0.259147727,25.1196,3.720840931,3.758601904,1.633028626
2026-07-29T21:29:11.055467+00:00,989.779902,current,rgb,5.000,90.000,5,700,0.258700,0.259090909,25.0000,3.721341133,3.759554386,1.632869482
2026-07-29T21:29:11.205861+00:00,989.930294,current,rgb,5.000,90.000,6,700,0.258700,0.259119318,25.0000,3.721720219,3.759952068,1.633368969
2026-07-29T21:29:11.356266+00:00,990.080700,current,rgb,5.000,90.000,7,700,0.258700,0.259090909,25.0000,3.721890211,3.760085106,1.633186340
2026-07-29T21:29:11.506595+00:00,990.231028,current,rgb,5.000,90.000,8,700,0.258700,0.259090909,25.0000,3.721824169,3.760025740,1.632840157
2026-07-29T21:29:11.657122+00:00,990.381551,current,rgb,5.000,90.000,9,700,0.258700,0.259176136,25.0399,3.722006798,3.760235548,1.633075476
2026-07-29T21:29:11.807718+00:00,990.532149,current,rgb,5.000,90.000,10,700,0.258700,0.259147727,25.0399,3.721953630,3.760196924,1.632524014
2026-07-29T21:29:11.958137+00:00,990.682571,current,rgb,5.000,90.000,11,700,0.258700,0.259119318,25.0399,3.722019196,3.760074615,1.632929325
2026-07-29T21:29:12.108486+00:00,990.832920,current,rgb,5.000,90.000,12,700,0.258700,0.259176136,25.0000,3.721973896,3.760188580,1.633166075
2026-07-29T21:29:12.258952+00:00,990.983384,current,rgb,5.000,90.000,13,700,0.258700,0.259119318,25.0399,3.721846104,3.760119438,1.633105993
2026-07-29T21:29:12.409270+00:00,991.133704,current,rgb,5.000,90.000,14,700,0.258700,0.259119318,25.0000,3.722130060,3.760246277,1.633056283
2026-07-29T21:29:12.559679+00:00,991.284113,current,rgb,5.000,90.000,15,700,0.258700,0.259147727,25.0000,3.721954584,3.760152340,1.633262515
2026-07-29T21:29:12.710078+00:00,991.434511,current,rgb,5.000,90.000,16,700,0.258700,0.259147727,25.0000,3.722116709,3.760319948,1.633032084
2026-07-29T21:29:12.860722+00:00,991.585153,current,rgb,5.000,90.000,17,700,0.258700,0.259119318,25.0000,3.722251415,3.760483027,1.632782817
2026-07-29T21:29:13.010456+00:00,991.734884,current,rgb,5.000,90.000,18,700,0.258700,0.259090909,25.0000,3.722092628,3.760350704,1.632992983
2026-07-29T21:29:13.161058+00:00,991.885489,current,rgb,5.000,90.000,19,700,0.258700,0.259090909,25.0000,3.722250938,3.760206223,1.632781029
2026-07-29T21:29:23.615015+00:00,1002.339443,current,dark,10.000,-90.000,0,0,,0.000710227,25.0000,4.896421909,4.903189182,1.649482250
2026-07-29T21:29:23.765603+00:00,1002.490033,current,dark,10.000,-90.000,1,0,,0.000710227,25.0000,4.896411896,4.903162003,1.649393439
2026-07-29T21:29:23.916115+00:00,1002.640549,current,dark,10.000,-90.000,2,0,,0.000710227,25.0000,4.896413326,4.903145790,1.649600148
2026-07-29T21:29:24.066492+00:00,1002.790925,current,dark,10.000,-90.000,3,0,,0.000710227,25.0000,4.896421432,4.903160572,1.649483204
2026-07-29T21:29:24.216871+00:00,1002.941304,current,dark,10.000,-90.000,4,0,,0.000710227,25.0000,4.896431446,4.903147697,1.649650693
2026-07-29T21:29:24.367285+00:00,1003.091719,current,dark,10.000,-90.000,5,0,,0.000710227,25.0000,4.896404743,4.903155327,1.649594545
2026-07-29T21:29:24.517604+00:00,1003.242038,current,dark,10.000,-90.000,6,0,,0.000710227,25.0000,4.896417618,4.903143883,1.649362922
2026-07-29T21:29:24.667988+00:00,1003.392422,current,dark,10.000,-90.000,7,0,,0.000710227,25.0000,4.896414757,4.903139591,1.649533033
2026-07-29T21:29:24.818367+00:00,1003.542800,current,dark,10.000,-90.000,8,0,,0.000710227,25.0000,4.896415710,4.903138638,1.649581671
2026-07-29T21:29:24.968682+00:00,1003.693116,current,dark,10.000,-90.000,9,0,,0.000710227,25.0000,4.896413803,4.903150082,1.649516463
2026-07-29T21:29:25.119210+00:00,1003.843642,current,dark,10.000,-90.000,10,0,,0.000710227,25.0000,4.896413803,4.903154850,1.649700761
2026-07-29T21:29:25.269619+00:00,1003.994053,current,dark,10.000,-90.000,11,0,,0.000710227,25.0000,4.896406651,4.903162003,1.649529815
2026-07-29T21:29:25.420050+00:00,1004.144485,current,dark,10.000,-90.000,12,0,,0.000710227,25.0000,4.896418571,4.903157234,1.649675369
2026-07-29T21:29:25.570371+00:00,1004.294805,current,dark,10.000,-90.000,13,0,,0.000710227,25.0000,4.896400928,4.903120041,1.649639964
2026-07-29T21:29:25.720776+00:00,1004.445209,current,dark,10.000,-90.000,14,0,,0.000710227,25.0000,4.896406174,4.903139114,1.649407744
2026-07-29T21:29:25.871258+00:00,1004.595688,current,dark,10.000,-90.000,15,0,,0.000710227,25.0000,4.896415710,4.903138161,1.649558663
2026-07-29T21:29:26.021699+00:00,1004.746132,current,dark,10.000,-90.000,16,0,,0.000710227,25.0399,4.896418571,4.903134346,1.649678111
2026-07-29T21:29:26.172169+00:00,1004.896598,current,dark,10.000,-90.000,17,0,,0.000710227,25.0000,4.896412849,4.903156281,1.649488091
2026-07-29T21:29:26.322592+00:00,1005.047024,current,dark,10.000,-90.000,18,0,,0.000710227,25.0000,4.896409035,4.903130054,1.649734020
2026-07-29T21:29:26.472939+00:00,1005.197372,current,dark,10.000,-90.000,19,0,,0.000710227,25.0000,4.896416664,4.903137207,1.649475932
2026-07-29T21:29:30.667132+00:00,1009.391562,current,rgb,10.000,-90.000,0,700,0.258700,0.259204545,25.0000,3.716700077,3.756335735,1.632981062
2026-07-29T21:29:30.817627+00:00,1009.542055,current,rgb,10.000,-90.000,1,700,0.258700,0.259147727,24.9980,3.716786146,3.756308794,1.632791638
2026-07-29T21:29:30.968165+00:00,1009.692597,current,rgb,10.000,-90.000,2,700,0.258700,0.259176136,24.9980,3.716949224,3.756532669,1.632902622
2026-07-29T21:29:31.118731+00:00,1009.843165,current,rgb,10.000,-90.000,3,700,0.258700,0.259090909,25.0000,3.717193842,3.756783009,1.632977366
2026-07-29T21:29:31.269117+00:00,1009.993550,current,rgb,10.000,-90.000,4,700,0.258700,0.259062500,24.9980,3.716962814,3.756523132,1.632731795
2026-07-29T21:29:31.419460+00:00,1010.143891,current,rgb,10.000,-90.000,5,700,0.258700,0.259119318,24.9582,3.717178106,3.756699800,1.632827759
2026-07-29T21:29:31.569862+00:00,1010.294296,current,rgb,10.000,-90.000,6,700,0.258700,0.259119318,24.9582,3.717106342,3.756672144,1.632914662
2026-07-29T21:29:31.720213+00:00,1010.444647,current,rgb,10.000,-90.000,7,700,0.258700,0.259147727,24.9582,3.717348576,3.756692171,1.632822394
2026-07-29T21:29:31.870465+00:00,1010.594899,current,rgb,10.000,-90.000,8,700,0.258700,0.259147727,24.9183,3.717306614,3.756874084,1.632998109
2026-07-29T21:29:32.020805+00:00,1010.745240,current,rgb,10.000,-90.000,9,700,0.258700,0.259090909,24.9183,3.717274666,3.756828308,1.632797241
2026-07-29T21:29:32.171117+00:00,1010.895552,current,rgb,10.000,-90.000,10,700,0.258700,0.259147727,24.9582,3.717435360,3.757100344,1.632824063
2026-07-29T21:29:32.321453+00:00,1011.045886,current,rgb,10.000,-90.000,11,700,0.258700,0.259090909,24.9582,3.717422009,3.757043123,1.633011818
2026-07-29T21:29:32.471882+00:00,1011.196316,current,rgb,10.000,-90.000,12,700,0.258700,0.259090909,24.9582,3.717468262,3.757006168,1.632722974
2026-07-29T21:29:32.622300+00:00,1011.346734,current,rgb,10.000,-90.000,13,700,0.258700,0.259119318,24.9183,3.717685699,3.757289648,1.632858753
2026-07-29T21:29:32.772658+00:00,1011.497092,current,rgb,10.000,-90.000,14,700,0.258700,0.259090909,24.9183,3.717602253,3.757124186,1.632913113
2026-07-29T21:29:32.922945+00:00,1011.647379,current,rgb,10.000,-90.000,15,700,0.258700,0.259176136,24.9183,3.717833757,3.757288218,1.632854104
2026-07-29T21:29:33.073268+00:00,1011.797703,current,rgb,10.000,-90.000,16,700,0.258700,0.259204545,24.9183,3.717828035,3.757357121,1.632940769
2026-07-29T21:29:33.223672+00:00,1011.948106,current,rgb,10.000,-90.000,17,700,0.258700,0.259147727,24.9183,3.717813492,3.757374525,1.632819653
2026-07-29T21:29:33.374010+00:00,1012.098445,current,rgb,10.000,-90.000,18,700,0.258700,0.259147727,24.9183,3.718024492,3.757571220,1.632894158
2026-07-29T21:29:33.524333+00:00,1012.248767,current,rgb,10.000,-90.000,19,700,0.258700,0.259119318,24.9183,3.717964649,3.757522583,1.632951498
2026-07-29T21:29:37.226824+00:00,1015.951253,current,rgb,10.000,-45.000,0,700,0.258700,0.259090909,25.0000,3.719040155,3.758655071,1.632956862
2026-07-29T21:29:37.377376+00:00,1016.101809,current,rgb,10.000,-45.000,1,700,0.258700,0.259062500,25.0000,3.719045639,3.758599520,1.633085012
2026-07-29T21:29:37.527826+00:00,1016.252259,current,rgb,10.000,-45.000,2,700,0.258700,0.259090909,25.0000,3.719089270,3.758526802,1.632857203
2026-07-29T21:29:37.678267+00:00,1016.402698,current,rgb,10.000,-45.000,3,700,0.258700,0.259062500,25.0000,3.719124556,3.758614540,1.632936597
2026-07-29T21:29:37.828694+00:00,1016.553128,current,rgb,10.000,-45.000,4,700,0.258700,0.259090909,25.0000,3.719029188,3.758594036,1.632864833
2026-07-29T21:29:37.978996+00:00,1016.703430,current,rgb,10.000,-45.000,5,700,0.258700,0.259062500,25.0000,3.719353676,3.758783817,1.632847548
2026-07-29T21:29:38.129267+00:00,1016.853701,current,rgb,10.000,-45.000,6,700,0.258700,0.259147727,25.0000,3.719167233,3.758771181,1.633025527
2026-07-29T21:29:38.279680+00:00,1017.004114,current,rgb,10.000,-45.000,7,700,0.258700,0.259034091,25.0000,3.719526291,3.759074688,1.632795215
2026-07-29T21:29:38.429968+00:00,1017.154402,current,rgb,10.000,-45.000,8,700,0.258700,0.259062500,25.0000,3.719651222,3.759210110,1.632947087
2026-07-29T21:29:38.580286+00:00,1017.304721,current,rgb,10.000,-45.000,9,700,0.258700,0.259005682,25.0000,3.719659090,3.759171486,1.633085489
2026-07-29T21:29:38.730742+00:00,1017.455175,current,rgb,10.000,-45.000,10,700,0.258700,0.259034091,25.0000,3.719709873,3.759134054,1.632859707
2026-07-29T21:29:38.881164+00:00,1017.605597,current,rgb,10.000,-45.000,11,700,0.258700,0.259062500,25.0000,3.719787598,3.759227991,1.632977605
2026-07-29T21:29:39.031840+00:00,1017.756270,current,rgb,10.000,-45.000,12,700,0.258700,0.258920455,25.0000,3.719295502,3.758792877,1.632934451
2026-07-29T21:29:39.182425+00:00,1017.906853,current,rgb,10.000,-45.000,13,700,0.258700,0.259062500,25.0000,3.719695568,3.759135246,1.632586718
2026-07-29T21:29:39.333007+00:00,1018.057435,current,rgb,10.000,-45.000,14,700,0.258700,0.259062500,25.0000,3.719439507,3.758924246,1.633122683
2026-07-29T21:29:39.483558+00:00,1018.207991,current,rgb,10.000,-45.000,15,700,0.258700,0.259062500,25.0000,3.719219923,3.758750916,1.632192492
2026-07-29T21:29:39.633922+00:00,1018.358354,current,rgb,10.000,-45.000,16,700,0.258700,0.259090909,25.0000,3.719456434,3.758907557,1.633149743
2026-07-29T21:29:39.784319+00:00,1018.508752,current,rgb,10.000,-45.000,17,700,0.258700,0.259119318,25.0000,3.719400406,3.758902550,1.633146763
2026-07-29T21:29:39.934783+00:00,1018.659215,current,rgb,10.000,-45.000,18,700,0.258700,0.259090909,25.0000,3.719554424,3.758984804,1.632954955
2026-07-29T21:29:40.085138+00:00,1018.809571,current,rgb,10.000,-45.000,19,700,0.258700,0.259147727,25.0000,3.719623566,3.759164333,1.633019328
2026-07-29T21:29:43.786325+00:00,1022.510755,current,rgb,10.000,0.000,0,700,0.258700,0.259005682,25.0000,3.720769644,3.759684324,1.632903457
2026-07-29T21:29:43.936800+00:00,1022.661234,current,rgb,10.000,0.000,1,700,0.258700,0.259005682,25.0000,3.720745802,3.759876251,1.632934690
2026-07-29T21:29:44.087460+00:00,1022.811891,current,rgb,10.000,0.000,2,700,0.258700,0.258977273,25.0000,3.720621824,3.759797812,1.632874608
2026-07-29T21:29:44.237968+00:00,1022.962398,current,rgb,10.000,0.000,3,700,0.258700,0.259034091,25.0000,3.720914125,3.760088921,1.632911205
2026-07-29T21:29:44.388478+00:00,1023.112911,current,rgb,10.000,0.000,4,700,0.258700,0.259005682,25.0000,3.720661640,3.759821415,1.633092165
2026-07-29T21:29:44.539002+00:00,1023.263426,current,rgb,10.000,0.000,5,700,0.258700,0.259034091,25.0000,3.720777512,3.759890795,1.632786989
2026-07-29T21:29:44.689633+00:00,1023.414064,current,rgb,10.000,0.000,6,700,0.258700,0.259034091,25.0000,3.720861435,3.760000229,1.632907748
2026-07-29T21:29:44.840141+00:00,1023.564575,current,rgb,10.000,0.000,7,700,0.258700,0.259005682,25.0000,3.720781565,3.759907484,1.633081079
2026-07-29T21:29:44.990447+00:00,1023.714878,current,rgb,10.000,0.000,8,700,0.258700,0.259005682,24.9183,3.721203804,3.759873390,1.632471561
2026-07-29T21:29:45.140814+00:00,1023.865248,current,rgb,10.000,0.000,9,700,0.258700,0.258948864,24.9582,3.720892668,3.759965420,1.633054256
2026-07-29T21:29:45.291241+00:00,1024.015675,current,rgb,10.000,0.000,10,700,0.258700,0.259005682,24.9183,3.720759392,3.759931564,1.632895112
2026-07-29T21:29:45.441598+00:00,1024.166032,current,rgb,10.000,0.000,11,700,0.258700,0.258977273,24.9183,3.720995903,3.760107517,1.632897735
2026-07-29T21:29:45.591915+00:00,1024.316348,current,rgb,10.000,0.000,12,700,0.258700,0.259005682,24.9183,3.721052170,3.760160923,1.632915616
2026-07-29T21:29:45.742292+00:00,1024.466726,current,rgb,10.000,0.000,13,700,0.258700,0.258948864,24.9183,3.720820904,3.759914875,1.632640719
2026-07-29T21:29:45.892735+00:00,1024.617163,current,rgb,10.000,0.000,14,700,0.258700,0.259062500,24.9183,3.720967293,3.760080576,1.632987142
2026-07-29T21:29:46.043272+00:00,1024.767702,current,rgb,10.000,0.000,15,700,0.258700,0.259005682,24.9183,3.720836878,3.759956598,1.633100152
2026-07-29T21:29:46.193777+00:00,1024.918210,current,rgb,10.000,0.000,16,700,0.258700,0.259005682,24.9582,3.721091986,3.760024309,1.632929564
2026-07-29T21:29:46.344209+00:00,1025.068642,current,rgb,10.000,0.000,17,700,0.258700,0.259005682,24.9582,3.721036673,3.760239601,1.632946134
2026-07-29T21:29:46.494487+00:00,1025.218919,current,rgb,10.000,0.000,18,700,0.258700,0.258948864,24.9582,3.721002579,3.760171890,1.632811069
2026-07-29T21:29:46.644966+00:00,1025.369399,current,rgb,10.000,0.000,19,700,0.258700,0.259005682,24.9582,3.721184969,3.760303259,1.632818699
2026-07-29T21:29:50.345933+00:00,1029.070360,current,rgb,10.000,45.000,0,700,0.258700,0.259090909,25.0000,3.721255779,3.760111332,1.632642865
2026-07-29T21:29:50.496527+00:00,1029.220958,current,rgb,10.000,45.000,1,700,0.258700,0.259090909,25.0000,3.721571207,3.760462046,1.632927537
2026-07-29T21:29:50.647033+00:00,1029.371463,current,rgb,10.000,45.000,2,700,0.258700,0.258920455,25.0000,3.721313477,3.760107517,1.632963181
2026-07-29T21:29:50.797395+00:00,1029.521824,current,rgb,10.000,45.000,3,700,0.258700,0.259090909,25.0000,3.721315384,3.759707451,1.632735372
2026-07-29T21:29:50.947846+00:00,1029.672279,current,rgb,10.000,45.000,4,700,0.258700,0.259119318,25.0000,3.721453905,3.760243893,1.632827759
2026-07-29T21:29:51.098262+00:00,1029.822696,current,rgb,10.000,45.000,5,700,0.258700,0.259090909,25.0000,3.721357346,3.760167360,1.632819176
2026-07-29T21:29:51.248670+00:00,1029.973102,current,rgb,10.000,45.000,6,700,0.258700,0.259034091,25.0000,3.721521378,3.760153294,1.632727146
2026-07-29T21:29:51.399133+00:00,1030.123567,current,rgb,10.000,45.000,7,700,0.258700,0.259147727,25.0000,3.721444130,3.760227680,1.632907748
2026-07-29T21:29:51.549442+00:00,1030.273876,current,rgb,10.000,45.000,8,700,0.258700,0.259062500,25.0000,3.721463919,3.760211945,1.632747650
2026-07-29T21:29:51.700023+00:00,1030.424452,current,rgb,10.000,45.000,9,700,0.258700,0.259119318,25.0000,3.721587420,3.760380268,1.632718801
2026-07-29T21:29:51.850543+00:00,1030.574976,current,rgb,10.000,45.000,10,700,0.258700,0.259062500,25.0000,3.721452236,3.760241985,1.633013487
2026-07-29T21:29:52.000839+00:00,1030.725274,current,rgb,10.000,45.000,11,700,0.258700,0.259062500,25.0000,3.721475124,3.760164976,1.632717848
2026-07-29T21:29:52.151126+00:00,1030.875561,current,rgb,10.000,45.000,12,700,0.258700,0.259176136,25.0000,3.721452236,3.760259628,1.632916570
2026-07-29T21:29:52.301439+00:00,1031.025872,current,rgb,10.000,45.000,13,700,0.258700,0.259119318,25.0000,3.721534729,3.760254145,1.632750869
2026-07-29T21:29:52.451735+00:00,1031.176168,current,rgb,10.000,45.000,14,700,0.258700,0.259062500,25.0000,3.721640587,3.760330677,1.632661462
2026-07-29T21:29:52.602141+00:00,1031.326573,current,rgb,10.000,45.000,15,700,0.258700,0.259147727,25.0000,3.721567392,3.760314465,1.632855296
2026-07-29T21:29:52.752572+00:00,1031.477005,current,rgb,10.000,45.000,16,700,0.258700,0.259090909,25.0000,3.721498013,3.760253191,1.632573605
2026-07-29T21:29:52.902956+00:00,1031.627388,current,rgb,10.000,45.000,17,700,0.258700,0.259119318,25.0000,3.721660614,3.760401011,1.632811904
2026-07-29T21:29:53.053256+00:00,1031.777691,current,rgb,10.000,45.000,18,700,0.258700,0.259034091,25.0000,3.721416950,3.760259390,1.632989526
2026-07-29T21:29:53.203554+00:00,1031.927988,current,rgb,10.000,45.000,19,700,0.258700,0.259119318,25.0000,3.721588850,3.760402441,1.632793784
2026-07-29T21:29:56.904662+00:00,1035.629091,current,rgb,10.000,90.000,0,700,0.258700,0.259062500,25.1216,3.709693432,3.748889208,1.644969106
2026-07-29T21:29:57.055207+00:00,1035.779640,current,rgb,10.000,90.000,1,700,0.258700,0.259034091,24.9582,3.710886002,3.749436140,1.644682169
2026-07-29T21:29:57.205635+00:00,1035.930068,current,rgb,10.000,90.000,2,700,0.258700,0.259147727,25.1635,3.709159374,3.747234106,1.646165848
2026-07-29T21:29:57.355996+00:00,1036.080429,current,rgb,10.000,90.000,3,700,0.258700,0.258806818,25.0000,3.709101677,3.747633934,1.646773458
2026-07-29T21:29:57.506312+00:00,1036.230745,current,rgb,10.000,90.000,4,700,0.258700,0.259062500,25.0000,3.709656239,3.747490406,1.645160675
2026-07-29T21:29:57.656816+00:00,1036.381246,current,rgb,10.000,90.000,5,700,0.258700,0.258835227,25.0000,3.707826138,3.746042252,1.638322353
2026-07-29T21:29:57.807241+00:00,1036.531674,current,rgb,10.000,90.000,6,700,0.258700,0.259119318,25.0000,3.706347942,3.745596886,1.636984944
2026-07-29T21:29:57.957627+00:00,1036.682061,current,rgb,10.000,90.000,7,700,0.258700,0.258778409,24.9582,3.707221985,3.746659279,1.635162711
2026-07-29T21:29:58.108193+00:00,1036.832626,current,rgb,10.000,90.000,8,700,0.258700,0.258806818,25.0000,3.708886623,3.746506691,1.632624626
2026-07-29T21:29:58.258516+00:00,1036.982949,current,rgb,10.000,90.000,9,700,0.258700,0.259403409,25.1196,3.706209898,3.744457245,1.632054567
2026-07-29T21:29:58.408869+00:00,1037.133304,current,rgb,10.000,90.000,10,700,0.258700,0.258892045,24.8785,3.707704306,3.745162725,1.633402944
2026-07-29T21:29:58.559174+00:00,1037.283608,current,rgb,10.000,90.000,11,700,0.258700,0.258977273,25.1595,3.696693182,3.738458157,1.642588735
2026-07-29T21:29:58.709437+00:00,1037.433871,current,rgb,10.000,90.000,12,700,0.258700,0.258664773,25.0379,3.706625700,3.746294737,1.640846968
2026-07-29T21:29:58.859771+00:00,1037.584202,current,rgb,10.000,90.000,13,700,0.258700,0.258380682,25.0000,3.706350088,3.745009661,1.635127544
2026-07-29T21:29:59.010142+00:00,1037.734575,current,rgb,10.000,90.000,14,700,0.258700,0.258948864,25.0797,3.706465721,3.745328903,1.645396590
2026-07-29T21:29:59.160507+00:00,1037.884941,current,rgb,10.000,90.000,15,700,0.258700,0.258948864,25.0000,3.705820799,3.744431496,1.649347782
2026-07-29T21:29:59.310826+00:00,1038.035255,current,rgb,10.000,90.000,16,700,0.258700,0.259630682,25.0000,3.705047369,3.743747234,1.649386048
2026-07-29T21:29:59.461290+00:00,1038.185723,current,rgb,10.000,90.000,17,700,0.258700,0.259375000,25.0399,3.705171585,3.743510246,1.649273276
2026-07-29T21:29:59.611655+00:00,1038.336083,current,rgb,10.000,90.000,18,700,0.258700,0.259375000,25.0000,3.704071522,3.742716074,1.649490595
2026-07-29T21:29:59.762150+00:00,1038.486584,current,rgb,10.000,90.000,19,700,0.258700,0.258551136,24.9980,3.705239058,3.743373156,1.649287701
2026-07-29T21:30:10.220326+00:00,1048.944753,current,dark,15.000,-90.000,0,0,,0.000710227,25.0000,4.896407127,4.903203487,1.649044275
2026-07-29T21:30:10.371033+00:00,1049.095464,current,dark,15.000,-90.000,1,0,,0.000710227,25.0000,4.896413326,4.903208256,1.649355769
2026-07-29T21:30:10.521417+00:00,1049.245852,current,dark,15.000,-90.000,2,0,,0.000710227,25.0000,4.896414280,4.903207302,1.649476409
2026-07-29T21:30:10.671923+00:00,1049.396355,current,dark,15.000,-90.000,3,0,,0.000710227,25.0000,4.896413803,4.903209686,1.649594069
2026-07-29T21:30:10.822686+00:00,1049.547112,current,dark,15.000,-90.000,4,0,,0.000710227,25.0000,4.896418095,4.903203011,1.649380684
2026-07-29T21:30:10.973206+00:00,1049.697639,current,dark,15.000,-90.000,5,0,,0.000710227,25.0000,4.896417141,4.903171062,1.649569869
2026-07-29T21:30:11.123930+00:00,1049.848359,current,dark,15.000,-90.000,6,0,,0.000738636,25.0000,4.896419525,4.903212070,1.649472237
2026-07-29T21:30:11.274397+00:00,1049.998829,current,dark,15.000,-90.000,7,0,,0.000710227,25.0000,4.896407127,4.903198242,1.649373174
2026-07-29T21:30:11.424792+00:00,1050.149226,current,dark,15.000,-90.000,8,0,,0.000710227,25.0000,4.896405697,4.903188705,1.649576306
2026-07-29T21:30:11.575190+00:00,1050.299617,current,dark,15.000,-90.000,9,0,,0.000710227,25.0000,4.896398544,4.903201580,1.649348259
2026-07-29T21:30:11.725644+00:00,1050.450075,current,dark,15.000,-90.000,10,0,,0.000710227,25.0000,4.896406651,4.903184891,1.649585009
2026-07-29T21:30:11.875870+00:00,1050.600303,current,dark,15.000,-90.000,11,0,,0.000710227,25.0000,4.896404266,4.903189659,1.649501085
2026-07-29T21:30:12.026267+00:00,1050.750702,current,dark,15.000,-90.000,12,0,,0.000710227,24.9980,4.896396637,4.903209686,1.649287224
2026-07-29T21:30:12.176672+00:00,1050.901101,current,dark,15.000,-90.000,13,0,,0.000710227,25.0000,4.896393776,4.903193474,1.649514675
2026-07-29T21:30:12.327105+00:00,1051.051537,current,dark,15.000,-90.000,14,0,,0.000710227,25.0000,4.896393299,4.903172016,1.649587035
2026-07-29T21:30:12.477435+00:00,1051.201869,current,dark,15.000,-90.000,15,0,,0.000710227,25.0000,4.896392345,4.903184414,1.649558187
2026-07-29T21:30:12.627776+00:00,1051.352210,current,dark,15.000,-90.000,16,0,,0.000710227,25.0000,4.896380901,4.903186321,1.649631619
2026-07-29T21:30:12.778129+00:00,1051.502562,current,dark,15.000,-90.000,17,0,,0.000710227,25.0000,4.896396637,4.903197289,1.649416089
2026-07-29T21:30:12.928540+00:00,1051.652973,current,dark,15.000,-90.000,18,0,,0.000710227,25.0000,4.896392345,4.903203964,1.649633884
2026-07-29T21:30:13.078832+00:00,1051.803266,current,dark,15.000,-90.000,19,0,,0.000710227,25.0000,4.896383762,4.903193474,1.649542570
2026-07-29T21:30:17.273048+00:00,1055.997476,current,rgb,15.000,-90.000,0,700,0.258700,0.259005682,25.0000,3.705131531,3.744540215,1.632809162
2026-07-29T21:30:17.423578+00:00,1056.148011,current,rgb,15.000,-90.000,1,700,0.258700,0.258977273,25.0000,3.705524445,3.745052338,1.632920027
2026-07-29T21:30:17.574020+00:00,1056.298445,current,rgb,15.000,-90.000,2,700,0.258700,0.259005682,25.0000,3.705534697,3.744764328,1.632692456
2026-07-29T21:30:17.724615+00:00,1056.449046,current,rgb,15.000,-90.000,3,700,0.258700,0.259090909,24.9980,3.705766201,3.745069265,1.632819176
2026-07-29T21:30:17.874971+00:00,1056.599406,current,rgb,15.000,-90.000,4,700,0.258700,0.258977273,25.0000,3.705135345,3.744808674,1.632799625
2026-07-29T21:30:18.025304+00:00,1056.749738,current,rgb,15.000,-90.000,5,700,0.258700,0.258750000,25.0000,3.705756903,3.745162725,1.632854342
2026-07-29T21:30:18.175679+00:00,1056.900114,current,rgb,15.000,-90.000,6,700,0.258700,0.259034091,25.0000,3.705956936,3.745407104,1.633100152
2026-07-29T21:30:18.326160+00:00,1057.050590,current,rgb,15.000,-90.000,7,700,0.258700,0.258494318,24.9980,3.706012964,3.744623184,1.632941484
2026-07-29T21:30:18.476648+00:00,1057.201083,current,rgb,15.000,-90.000,8,700,0.258700,0.259005682,25.0000,3.705902338,3.745509624,1.632827520
2026-07-29T21:30:18.627131+00:00,1057.351562,current,rgb,15.000,-90.000,9,700,0.258700,0.258948864,25.0000,3.704843998,3.744409323,1.633044004
2026-07-29T21:30:18.777472+00:00,1057.501905,current,rgb,15.000,-90.000,10,700,0.258700,0.259090909,25.0000,3.704918861,3.744359493,1.632784724
2026-07-29T21:30:18.928004+00:00,1057.652436,current,rgb,15.000,-90.000,11,700,0.258700,0.259062500,25.0000,3.706020355,3.744880676,1.632950068
2026-07-29T21:30:19.078351+00:00,1057.802784,current,rgb,15.000,-90.000,12,700,0.258700,0.259090909,25.0000,3.705086470,3.744562864,1.632935166
2026-07-29T21:30:19.228579+00:00,1057.953013,current,rgb,15.000,-90.000,13,700,0.258700,0.259119318,25.0000,3.705152273,3.744579315,1.632876039
2026-07-29T21:30:19.378945+00:00,1058.103378,current,rgb,15.000,-90.000,14,700,0.258700,0.259090909,25.0000,3.705316544,3.744721413,1.633025169
2026-07-29T21:30:19.529300+00:00,1058.253733,current,rgb,15.000,-90.000,15,700,0.258700,0.259062500,25.0000,3.705223083,3.744667053,1.632791281
2026-07-29T21:30:19.679838+00:00,1058.404267,current,rgb,15.000,-90.000,16,700,0.258700,0.259090909,25.0000,3.705706835,3.745281696,1.632444382
2026-07-29T21:30:19.830357+00:00,1058.554789,current,rgb,15.000,-90.000,17,700,0.258700,0.259062500,25.0000,3.705862761,3.745393515,1.633010030
2026-07-29T21:30:19.980710+00:00,1058.705145,current,rgb,15.000,-90.000,18,700,0.258700,0.259062500,25.0000,3.706290245,3.745818138,1.632719278
2026-07-29T21:30:20.131094+00:00,1058.855528,current,rgb,15.000,-90.000,19,700,0.258700,0.259062500,25.0000,3.706230640,3.745700121,1.632819891
2026-07-29T21:30:23.832609+00:00,1062.557039,current,rgb,15.000,-45.000,0,700,0.258700,0.258920455,25.0000,3.706904411,3.746200085,1.632543325
2026-07-29T21:30:23.983107+00:00,1062.707541,current,rgb,15.000,-45.000,1,700,0.258700,0.259005682,25.0000,3.706998348,3.746542454,1.632987380
2026-07-29T21:30:24.133475+00:00,1062.857908,current,rgb,15.000,-45.000,2,700,0.258700,0.258977273,25.0000,3.707619190,3.746766567,1.632881403
2026-07-29T21:30:24.283847+00:00,1063.008280,current,rgb,15.000,-45.000,3,700,0.258700,0.259034091,25.0000,3.707597733,3.747045517,1.632917523
2026-07-29T21:30:24.434153+00:00,1063.158586,current,rgb,15.000,-45.000,4,700,0.258700,0.259005682,25.0000,3.707720280,3.747200727,1.632936120
2026-07-29T21:30:24.584516+00:00,1063.308950,current,rgb,15.000,-45.000,5,700,0.258700,0.259034091,25.0000,3.707638264,3.746972322,1.632709026
2026-07-29T21:30:24.734842+00:00,1063.459272,current,rgb,15.000,-45.000,6,700,0.258700,0.259062500,25.0000,3.707189083,3.746680021,1.632952929
2026-07-29T21:30:24.885454+00:00,1063.609886,current,rgb,15.000,-45.000,7,700,0.258700,0.259062500,25.0000,3.706965208,3.746439219,1.632968068
2026-07-29T21:30:25.035962+00:00,1063.760396,current,rgb,15.000,-45.000,8,700,0.258700,0.259062500,25.0000,3.707182169,3.746352673,1.632790565
2026-07-29T21:30:25.186402+00:00,1063.910831,current,rgb,15.000,-45.000,9,700,0.258700,0.259062500,25.0000,3.707110643,3.746510506,1.632963419
2026-07-29T21:30:25.336869+00:00,1064.061302,current,rgb,15.000,-45.000,10,700,0.258700,0.259005682,25.0000,3.707777023,3.746911049,1.632886529
2026-07-29T21:30:25.487403+00:00,1064.211835,current,rgb,15.000,-45.000,11,700,0.258700,0.259147727,25.0000,3.707846403,3.747259140,1.632863879
2026-07-29T21:30:25.637856+00:00,1064.362290,current,rgb,15.000,-45.000,12,700,0.258700,0.259119318,25.0000,3.707884312,3.747050762,1.633190274
2026-07-29T21:30:25.788288+00:00,1064.512723,current,rgb,15.000,-45.000,13,700,0.258700,0.259119318,25.0000,3.707183599,3.746940136,1.632943630
2026-07-29T21:30:25.938839+00:00,1064.663268,current,rgb,15.000,-45.000,14,700,0.258700,0.259062500,25.0000,3.707778931,3.747309685,1.632918239
2026-07-29T21:30:26.089335+00:00,1064.813769,current,rgb,15.000,-45.000,15,700,0.258700,0.259005682,25.0000,3.707813025,3.747195244,1.633041620
2026-07-29T21:30:26.239716+00:00,1064.964150,current,rgb,15.000,-45.000,16,700,0.258700,0.259062500,25.0000,3.707076550,3.746162653,1.632823586
2026-07-29T21:30:26.390176+00:00,1065.114609,current,rgb,15.000,-45.000,17,700,0.258700,0.259147727,25.0000,3.706784010,3.746670246,1.633070350
2026-07-29T21:30:26.540315+00:00,1065.264742,current,rgb,15.000,-45.000,18,700,0.258700,0.259147727,25.0000,3.706171989,3.745033741,1.631875038
2026-07-29T21:30:26.690966+00:00,1065.415397,current,rgb,15.000,-45.000,19,700,0.258700,0.259090909,25.0000,3.706600428,3.746369123,1.632995963
2026-07-29T21:30:30.391790+00:00,1069.116219,current,rgb,15.000,0.000,0,700,0.258700,0.259062500,25.0000,3.708651066,3.747863293,1.632913709
2026-07-29T21:30:30.542459+00:00,1069.266890,current,rgb,15.000,0.000,1,700,0.258700,0.258977273,25.0000,3.707857132,3.746959925,1.632974148
2026-07-29T21:30:30.692871+00:00,1069.417303,current,rgb,15.000,0.000,2,700,0.258700,0.259005682,25.0000,3.707540035,3.746592045,1.633139729
2026-07-29T21:30:30.843290+00:00,1069.567717,current,rgb,15.000,0.000,3,700,0.258700,0.259090909,25.0000,3.707290888,3.746629238,1.632942438
2026-07-29T21:30:30.993779+00:00,1069.718212,current,rgb,15.000,0.000,4,700,0.258700,0.259062500,25.0000,3.707398891,3.746761322,1.632828951
2026-07-29T21:30:31.144299+00:00,1069.868729,current,rgb,15.000,0.000,5,700,0.258700,0.258977273,25.0000,3.707281351,3.746538162,1.632672906
2026-07-29T21:30:31.294789+00:00,1070.019221,current,rgb,15.000,0.000,6,700,0.258700,0.259062500,25.0000,3.707714558,3.746971846,1.633004427
2026-07-29T21:30:31.445133+00:00,1070.169567,current,rgb,15.000,0.000,7,700,0.258700,0.259090909,25.0000,3.707682848,3.746954203,1.633048177
2026-07-29T21:30:31.595476+00:00,1070.319908,current,rgb,15.000,0.000,8,700,0.258700,0.258977273,25.0000,3.707372904,3.746567726,1.632865071
2026-07-29T21:30:31.745396+00:00,1070.469822,current,rgb,15.000,0.000,9,700,0.258700,0.259090909,25.0000,3.706408024,3.746397734,1.633044481
2026-07-29T21:30:31.896179+00:00,1070.620607,current,rgb,15.000,0.000,10,700,0.258700,0.259034091,25.0000,3.706918955,3.746211290,1.633063316
2026-07-29T21:30:32.046814+00:00,1070.771247,current,rgb,15.000,0.000,11,700,0.258700,0.259005682,25.0000,3.707125664,3.746167183,1.632365823
2026-07-29T21:30:32.197233+00:00,1070.921665,current,rgb,15.000,0.000,12,700,0.258700,0.259062500,25.0000,3.706984043,3.746136189,1.633080125
2026-07-29T21:30:32.347688+00:00,1071.072121,current,rgb,15.000,0.000,13,700,0.258700,0.259062500,25.0000,3.706836700,3.746181726,1.633157849
2026-07-29T21:30:32.498220+00:00,1071.222654,current,rgb,15.000,0.000,14,700,0.258700,0.259062500,25.0000,3.707162380,3.746340752,1.633120894
2026-07-29T21:30:32.648790+00:00,1071.373223,current,rgb,15.000,0.000,15,700,0.258700,0.259062500,25.0000,3.707781792,3.747218609,1.632999301
2026-07-29T21:30:32.799242+00:00,1071.523676,current,rgb,15.000,0.000,16,700,0.258700,0.259005682,25.0000,3.707623959,3.746971607,1.632833600
2026-07-29T21:30:32.949641+00:00,1071.674075,current,rgb,15.000,0.000,17,700,0.258700,0.259005682,25.0000,3.707437038,3.746761799,1.632944942
2026-07-29T21:30:33.100008+00:00,1071.824443,current,rgb,15.000,0.000,18,700,0.258700,0.259034091,25.0000,3.707342625,3.746615410,1.633165359
2026-07-29T21:30:33.250409+00:00,1071.974843,current,rgb,15.000,0.000,19,700,0.258700,0.259034091,25.0000,3.707515001,3.746640444,1.632931471
2026-07-29T21:30:36.952273+00:00,1075.676693,current,rgb,15.000,45.000,0,700,0.258700,0.258977273,25.0000,3.708226919,3.746984959,1.633162618
2026-07-29T21:30:37.102868+00:00,1075.827297,current,rgb,15.000,45.000,1,700,0.258700,0.259232955,25.0000,3.708390236,3.747214317,1.632914424
2026-07-29T21:30:37.253326+00:00,1075.977760,current,rgb,15.000,45.000,2,700,0.258700,0.259034091,25.0000,3.708672285,3.747745991,1.633214235
2026-07-29T21:30:37.403766+00:00,1076.128199,current,rgb,15.000,45.000,3,700,0.258700,0.259034091,25.0000,3.708759785,3.747802734,1.633002520
2026-07-29T21:30:37.554174+00:00,1076.278607,current,rgb,15.000,45.000,4,700,0.258700,0.259005682,25.0000,3.709006071,3.748119116,1.632920504
2026-07-29T21:30:37.704677+00:00,1076.429109,current,rgb,15.000,45.000,5,700,0.258700,0.258977273,25.0000,3.708696365,3.747706175,1.633185863
2026-07-29T21:30:37.855175+00:00,1076.579608,current,rgb,15.000,45.000,6,700,0.258700,0.259005682,25.0000,3.708591223,3.747759819,1.632974744
2026-07-29T21:30:38.005450+00:00,1076.729884,current,rgb,15.000,45.000,7,700,0.258700,0.258977273,25.0000,3.708652496,3.747706652,1.633023739
2026-07-29T21:30:38.156014+00:00,1076.880442,current,rgb,15.000,45.000,8,700,0.258700,0.259034091,25.0000,3.708997011,3.748099566,1.633297682
2026-07-29T21:30:38.306518+00:00,1077.030951,current,rgb,15.000,45.000,9,700,0.258700,0.258977273,25.0000,3.708970785,3.748052359,1.633131862
2026-07-29T21:30:38.456837+00:00,1077.181270,current,rgb,15.000,45.000,10,700,0.258700,0.259005682,25.0000,3.709133863,3.748179674,1.632991791
2026-07-29T21:30:38.607232+00:00,1077.331666,current,rgb,15.000,45.000,11,700,0.258700,0.258892045,25.0000,3.708847761,3.747856855,1.632980347
2026-07-29T21:30:38.757585+00:00,1077.482020,current,rgb,15.000,45.000,12,700,0.258700,0.259005682,25.0000,3.708906174,3.748100281,1.633132935
2026-07-29T21:30:38.907839+00:00,1077.632272,current,rgb,15.000,45.000,13,700,0.258700,0.258948864,25.0399,3.709043026,3.747911692,1.633108020
2026-07-29T21:30:39.058149+00:00,1077.782582,current,rgb,15.000,45.000,14,700,0.258700,0.258977273,25.0399,3.708837271,3.747900486,1.632850885
2026-07-29T21:30:39.208451+00:00,1077.932885,current,rgb,15.000,45.000,15,700,0.258700,0.258977273,25.0399,3.708936214,3.748043776,1.633011580
2026-07-29T21:30:39.358872+00:00,1078.083306,current,rgb,15.000,45.000,16,700,0.258700,0.258948864,25.0000,3.708949327,3.748103619,1.633024454
2026-07-29T21:30:39.509139+00:00,1078.233573,current,rgb,15.000,45.000,17,700,0.258700,0.258920455,25.0000,3.709476948,3.748243809,1.632899523
2026-07-29T21:30:39.659450+00:00,1078.383884,current,rgb,15.000,45.000,18,700,0.258700,0.258948864,25.0000,3.709120989,3.748209476,1.633145332
2026-07-29T21:30:39.809750+00:00,1078.534184,current,rgb,15.000,45.000,19,700,0.258700,0.258948864,25.0000,3.709153652,3.748164177,1.632972240
2026-07-29T21:30:43.510663+00:00,1082.235092,current,rgb,15.000,90.000,0,700,0.258700,0.259005682,25.0000,3.709604979,3.749153376,1.633177042
2026-07-29T21:30:43.661162+00:00,1082.385595,current,rgb,15.000,90.000,1,700,0.258700,0.258948864,25.0000,3.709785700,3.749301672,1.632934928
2026-07-29T21:30:43.811569+00:00,1082.536003,current,rgb,15.000,90.000,2,700,0.258700,0.258948864,25.0000,3.709949493,3.749622107,1.632980347
2026-07-29T21:30:43.961972+00:00,1082.686406,current,rgb,15.000,90.000,3,700,0.258700,0.258892045,25.0000,3.710330486,3.749628544,1.633237362
2026-07-29T21:30:44.112304+00:00,1082.836739,current,rgb,15.000,90.000,4,700,0.258700,0.259034091,25.0000,3.709533215,3.749286175,1.633064508
2026-07-29T21:30:44.262625+00:00,1082.987060,current,rgb,15.000,90.000,5,700,0.258700,0.259005682,25.0000,3.710246086,3.750013351,1.633216619
2026-07-29T21:30:44.412917+00:00,1083.137349,current,rgb,15.000,90.000,6,700,0.258700,0.258948864,25.0000,3.709140301,3.749464035,1.633101583
2026-07-29T21:30:44.563305+00:00,1083.287738,current,rgb,15.000,90.000,7,700,0.258700,0.259062500,25.0000,3.709314823,3.748818398,1.633036971
2026-07-29T21:30:44.713784+00:00,1083.438216,current,rgb,15.000,90.000,8,700,0.258700,0.259062500,25.0000,3.709239483,3.749064445,1.633159757
2026-07-29T21:30:44.864185+00:00,1083.588619,current,rgb,15.000,90.000,9,700,0.258700,0.259034091,25.0000,3.709720612,3.749100685,1.632892132
2026-07-29T21:30:45.014466+00:00,1083.738901,current,rgb,15.000,90.000,10,700,0.258700,0.259034091,25.0000,3.709774017,3.749752283,1.632990837
2026-07-29T21:30:45.164786+00:00,1083.889220,current,rgb,15.000,90.000,11,700,0.258700,0.258948864,25.0000,3.709533215,3.749209404,1.633246899
2026-07-29T21:30:45.315139+00:00,1084.039573,current,rgb,15.000,90.000,12,700,0.258700,0.259034091,25.0000,3.709134579,3.748746395,1.633077264
2026-07-29T21:30:45.465501+00:00,1084.189936,current,rgb,15.000,90.000,13,700,0.258700,0.259062500,25.0000,3.709861040,3.749355316,1.632960558
2026-07-29T21:30:45.615832+00:00,1084.340266,current,rgb,15.000,90.000,14,700,0.258700,0.259034091,25.0000,3.709458113,3.748663425,1.633063555
2026-07-29T21:30:45.766225+00:00,1084.490660,current,rgb,15.000,90.000,15,700,0.258700,0.259034091,25.0000,3.709620476,3.749130964,1.633191705
2026-07-29T21:30:45.916464+00:00,1084.640895,current,rgb,15.000,90.000,16,700,0.258700,0.259034091,25.0000,3.709982395,3.749513626,1.632441521
2026-07-29T21:30:46.066941+00:00,1084.791376,current,rgb,15.000,90.000,17,700,0.258700,0.258977273,25.0000,3.709855080,3.749263525,1.632870436
2026-07-29T21:30:46.217283+00:00,1084.941716,current,rgb,15.000,90.000,18,700,0.258700,0.259090909,25.0000,3.709638357,3.749488592,1.633104324
2026-07-29T21:30:46.367665+00:00,1085.092098,current,rgb,15.000,90.000,19,700,0.258700,0.258977273,25.0000,3.709712982,3.749172688,1.633313537
2026-07-29T21:30:56.821912+00:00,1095.546342,current,dark,20.000,-90.000,0,0,,0.000710227,25.0000,4.896498680,4.903264999,1.649489522
2026-07-29T21:30:56.972454+00:00,1095.696888,current,dark,20.000,-90.000,1,0,,0.000710227,25.0000,4.896487236,4.903270721,1.649041533
2026-07-29T21:30:57.122911+00:00,1095.847336,current,dark,20.000,-90.000,2,0,,0.000710227,25.0000,4.896512508,4.903282642,1.649418831
2026-07-29T21:30:57.273284+00:00,1095.997717,current,dark,20.000,-90.000,3,0,,0.000710227,25.0000,4.896489143,4.903283596,1.649533749
2026-07-29T21:30:57.423699+00:00,1096.148132,current,dark,20.000,-90.000,4,0,,0.000710227,25.0000,4.896504879,4.903264999,1.649573565
2026-07-29T21:30:57.574093+00:00,1096.298525,current,dark,20.000,-90.000,5,0,,0.000710227,25.0000,4.896502972,4.903254509,1.649613380
2026-07-29T21:30:57.724607+00:00,1096.449040,current,dark,20.000,-90.000,6,0,,0.000738636,25.0000,4.896492958,4.903274059,1.649726152
2026-07-29T21:30:57.875146+00:00,1096.599578,current,dark,20.000,-90.000,7,0,,0.000710227,25.0000,4.896502972,4.903258801,1.649443626
2026-07-29T21:30:58.025837+00:00,1096.750261,current,dark,20.000,-90.000,8,0,,0.000710227,25.0000,4.896482944,4.903273582,1.649293780
2026-07-29T21:30:58.176439+00:00,1096.900871,current,dark,20.000,-90.000,9,0,,0.000710227,25.0000,4.896501541,4.903266430,1.649670482
2026-07-29T21:30:58.326802+00:00,1097.051234,current,dark,20.000,-90.000,10,0,,0.000738636,25.0000,4.896495819,4.903276920,1.649557471
2026-07-29T21:30:58.477316+00:00,1097.201748,current,dark,20.000,-90.000,11,0,,0.000710227,25.0000,4.896497250,4.903275490,1.649562597
2026-07-29T21:30:58.627836+00:00,1097.352269,current,dark,20.000,-90.000,12,0,,0.000710227,25.0000,4.896501064,4.903252602,1.649409533
2026-07-29T21:30:58.778148+00:00,1097.502582,current,dark,20.000,-90.000,13,0,,0.000710227,25.0000,4.896508694,4.903266430,1.649566770
2026-07-29T21:30:58.928530+00:00,1097.652964,current,dark,20.000,-90.000,14,0,,0.000738636,25.0000,4.896512985,4.903251648,1.649699330
2026-07-29T21:30:59.078807+00:00,1097.803241,current,dark,20.000,-90.000,15,0,,0.000710227,25.0000,4.896509171,4.903261185,1.649412870
2026-07-29T21:30:59.229148+00:00,1097.953580,current,dark,20.000,-90.000,16,0,,0.000710227,25.0000,4.896511555,4.903233528,1.649680495
2026-07-29T21:30:59.379603+00:00,1098.104036,current,dark,20.000,-90.000,17,0,,0.000710227,25.0000,4.896506310,4.903251648,1.649779916
2026-07-29T21:30:59.530046+00:00,1098.254479,current,dark,20.000,-90.000,18,0,,0.000710227,25.0000,4.896501541,4.903264999,1.649697542
2026-07-29T21:30:59.680636+00:00,1098.405065,current,dark,20.000,-90.000,19,0,,0.000738636,25.0000,4.896488667,4.903232098,1.649796247
2026-07-29T21:31:03.874997+00:00,1102.599427,current,rgb,20.000,-90.000,0,700,0.258700,0.259062500,25.0000,3.704698563,3.744704962,1.633121848
2026-07-29T21:31:04.025475+00:00,1102.749908,current,rgb,20.000,-90.000,1,700,0.258700,0.259147727,25.0399,3.704782724,3.744861841,1.633303046
2026-07-29T21:31:04.175842+00:00,1102.900276,current,rgb,20.000,-90.000,2,700,0.258700,0.259119318,25.0000,3.704897881,3.745078087,1.633110881
2026-07-29T21:31:04.326151+00:00,1103.050585,current,rgb,20.000,-90.000,3,700,0.258700,0.259147727,25.0000,3.705044270,3.744978666,1.633256674
2026-07-29T21:31:04.476592+00:00,1103.201026,current,rgb,20.000,-90.000,4,700,0.258700,0.259062500,25.0000,3.705052376,3.745318890,1.633243918
2026-07-29T21:31:04.626956+00:00,1103.351389,current,rgb,20.000,-90.000,5,700,0.258700,0.259090909,25.0000,3.704665899,3.744843483,1.633034468
2026-07-29T21:31:04.777288+00:00,1103.501723,current,rgb,20.000,-90.000,6,700,0.258700,0.259062500,25.0000,3.704934597,3.745084286,1.633251786
2026-07-29T21:31:04.927723+00:00,1103.652153,current,rgb,20.000,-90.000,7,700,0.258700,0.259119318,25.0000,3.704807758,3.744857073,1.633233428
2026-07-29T21:31:05.077828+00:00,1103.802259,current,rgb,20.000,-90.000,8,700,0.258700,0.259318182,25.0000,3.704996109,3.745093346,1.633222699
2026-07-29T21:31:05.228281+00:00,1103.952713,current,rgb,20.000,-90.000,9,700,0.258700,0.259090909,25.0000,3.705708742,3.746078014,1.633289576
2026-07-29T21:31:05.378788+00:00,1104.103220,current,rgb,20.000,-90.000,10,700,0.258700,0.258977273,25.0000,3.705265999,3.745515823,1.633060575
2026-07-29T21:31:05.529149+00:00,1104.253583,current,rgb,20.000,-90.000,11,700,0.258700,0.259176136,25.0399,3.705493450,3.745654583,1.633368015
2026-07-29T21:31:05.679599+00:00,1104.404027,current,rgb,20.000,-90.000,12,700,0.258700,0.259090909,25.0399,3.705768585,3.745744228,1.633464456
2026-07-29T21:31:05.830087+00:00,1104.554520,current,rgb,20.000,-90.000,13,700,0.258700,0.259119318,25.0399,3.704694748,3.744961739,1.633201480
2026-07-29T21:31:05.980622+00:00,1104.705051,current,rgb,20.000,-90.000,14,700,0.258700,0.259176136,25.0399,3.704962492,3.745763063,1.633365035
2026-07-29T21:31:06.131115+00:00,1104.855548,current,rgb,20.000,-90.000,15,700,0.258700,0.259119318,25.0399,3.704754829,3.744766235,1.633405089
2026-07-29T21:31:06.281449+00:00,1105.005884,current,rgb,20.000,-90.000,16,700,0.258700,0.259090909,25.0399,3.704725742,3.744934559,1.633294940
2026-07-29T21:31:06.431831+00:00,1105.156266,current,rgb,20.000,-90.000,17,700,0.258700,0.259119318,25.0399,3.704824209,3.745219469,1.633409023
2026-07-29T21:31:06.582133+00:00,1105.306567,current,rgb,20.000,-90.000,18,700,0.258700,0.259176136,25.0399,3.705466032,3.746065140,1.633248091
2026-07-29T21:31:06.732579+00:00,1105.457009,current,rgb,20.000,-90.000,19,700,0.258700,0.259119318,25.0399,3.705418587,3.745517731,1.633124113
2026-07-29T21:31:10.433969+00:00,1109.158399,current,rgb,20.000,-45.000,0,700,0.258700,0.259062500,25.0000,3.706458569,3.746621132,1.633060336
2026-07-29T21:31:10.584603+00:00,1109.309035,current,rgb,20.000,-45.000,1,700,0.258700,0.259090909,25.0000,3.706187248,3.746450901,1.633252263
2026-07-29T21:31:10.734961+00:00,1109.459395,current,rgb,20.000,-45.000,2,700,0.258700,0.259005682,25.0000,3.706985474,3.747366667,1.633324742
2026-07-29T21:31:10.885400+00:00,1109.609828,current,rgb,20.000,-45.000,3,700,0.258700,0.258977273,25.0000,3.706480980,3.746494293,1.632715702
2026-07-29T21:31:11.035832+00:00,1109.760265,current,rgb,20.000,-45.000,4,700,0.258700,0.259090909,25.0000,3.706433296,3.746688128,1.633290648
2026-07-29T21:31:11.186296+00:00,1109.910728,current,rgb,20.000,-45.000,5,700,0.258700,0.259062500,25.0399,3.705853939,3.746198416,1.633217335
2026-07-29T21:31:11.336702+00:00,1110.061135,current,rgb,20.000,-45.000,6,700,0.258700,0.259062500,25.0000,3.706291676,3.747236252,1.633326530
2026-07-29T21:31:11.487020+00:00,1110.211455,current,rgb,20.000,-45.000,7,700,0.258700,0.259090909,25.0000,3.705967903,3.746551275,1.633370876
2026-07-29T21:31:11.637579+00:00,1110.362007,current,rgb,20.000,-45.000,8,700,0.258700,0.259090909,25.0000,3.706035137,3.746364117,1.633130670
2026-07-29T21:31:11.788113+00:00,1110.512547,current,rgb,20.000,-45.000,9,700,0.258700,0.259090909,25.0000,3.706328392,3.746574402,1.633263946
2026-07-29T21:31:11.938480+00:00,1110.662914,current,rgb,20.000,-45.000,10,700,0.258700,0.259090909,25.0000,3.706406355,3.746686459,1.633309364
2026-07-29T21:31:12.088819+00:00,1110.813253,current,rgb,20.000,-45.000,11,700,0.258700,0.259119318,25.0000,3.706230640,3.746376514,1.633109450
2026-07-29T21:31:12.239329+00:00,1110.963757,current,rgb,20.000,-45.000,12,700,0.258700,0.259119318,25.0000,3.706280708,3.746514559,1.633455873
2026-07-29T21:31:12.389893+00:00,1111.114326,current,rgb,20.000,-45.000,13,700,0.258700,0.259062500,25.0000,3.707254410,3.746570110,1.633364558
2026-07-29T21:31:12.540324+00:00,1111.264756,current,rgb,20.000,-45.000,14,700,0.258700,0.259090909,25.0000,3.706442118,3.747163057,1.633317232
2026-07-29T21:31:12.690787+00:00,1111.415220,current,rgb,20.000,-45.000,15,700,0.258700,0.259147727,25.0000,3.706325054,3.746531248,1.633564472
2026-07-29T21:31:12.841204+00:00,1111.565638,current,rgb,20.000,-45.000,16,700,0.258700,0.259090909,25.0000,3.706416130,3.746653795,1.633318186
2026-07-29T21:31:12.991553+00:00,1111.715987,current,rgb,20.000,-45.000,17,700,0.258700,0.259090909,25.0000,3.706390858,3.746537209,1.633138061
2026-07-29T21:31:13.141851+00:00,1111.866284,current,rgb,20.000,-45.000,18,700,0.258700,0.259062500,25.0000,3.706195354,3.746522427,1.633412480
2026-07-29T21:31:13.292217+00:00,1112.016648,current,rgb,20.000,-45.000,19,700,0.258700,0.259119318,25.0000,3.706302643,3.746347427,1.633212686
2026-07-29T21:31:16.995324+00:00,1115.719754,current,rgb,20.000,0.000,0,700,0.258700,0.259034091,25.0000,3.707114220,3.747034073,1.633484244
2026-07-29T21:31:17.145800+00:00,1115.870234,current,rgb,20.000,0.000,1,700,0.258700,0.259090909,25.0000,3.707370996,3.747048855,1.633307695
2026-07-29T21:31:17.296299+00:00,1116.020732,current,rgb,20.000,0.000,2,700,0.258700,0.259119318,25.0000,3.707154989,3.747114897,1.633536458
2026-07-29T21:31:17.446801+00:00,1116.171234,current,rgb,20.000,0.000,3,700,0.258700,0.259062500,25.0000,3.707091808,3.747138023,1.633338928
2026-07-29T21:31:17.596848+00:00,1116.321276,current,rgb,20.000,0.000,4,700,0.258700,0.259119318,25.0000,3.707374334,3.747301579,1.633399487
2026-07-29T21:31:17.747471+00:00,1116.471902,current,rgb,20.000,0.000,5,700,0.258700,0.259119318,25.0000,3.707219601,3.747236252,1.633406758
2026-07-29T21:31:17.897852+00:00,1116.622286,current,rgb,20.000,0.000,6,700,0.258700,0.259062500,25.0000,3.707182169,3.748131037,1.633191943
2026-07-29T21:31:18.048163+00:00,1116.772597,current,rgb,20.000,0.000,7,700,0.258700,0.259147727,25.0000,3.707387686,3.747379541,1.633503437
2026-07-29T21:31:18.198498+00:00,1116.922932,current,rgb,20.000,0.000,8,700,0.258700,0.259119318,25.0000,3.707746506,3.747787952,1.633416057
2026-07-29T21:31:18.348872+00:00,1117.073306,current,rgb,20.000,0.000,9,700,0.258700,0.259005682,25.0000,3.707852125,3.747423649,1.633220315
2026-07-29T21:31:18.499381+00:00,1117.223814,current,rgb,20.000,0.000,10,700,0.258700,0.259034091,25.0000,3.707747936,3.747587681,1.633544564
2026-07-29T21:31:18.649777+00:00,1117.374210,current,rgb,20.000,0.000,11,700,0.258700,0.259034091,25.0000,3.707768679,3.747709990,1.633373141
2026-07-29T21:31:18.800151+00:00,1117.524584,current,rgb,20.000,0.000,12,700,0.258700,0.259034091,25.0000,3.708061934,3.747949600,1.633273005
2026-07-29T21:31:18.952428+00:00,1117.676852,current,rgb,20.000,0.000,13,700,0.258700,0.258920455,25.0000,3.707888365,3.747515440,1.633501530
2026-07-29T21:31:19.102925+00:00,1117.827354,current,rgb,20.000,0.000,14,700,0.258700,0.259147727,25.0000,3.708144188,3.748011112,1.632956624
2026-07-29T21:31:19.253488+00:00,1117.977920,current,rgb,20.000,0.000,15,700,0.258700,0.258977273,25.0000,3.707910538,3.747846603,1.633419037
2026-07-29T21:31:19.404044+00:00,1118.128475,current,rgb,20.000,0.000,16,700,0.258700,0.259005682,25.0000,3.707967997,3.747805357,1.633458853
2026-07-29T21:31:19.554386+00:00,1118.278819,current,rgb,20.000,0.000,17,700,0.258700,0.258977273,25.0000,3.708064556,3.747787476,1.633370161
2026-07-29T21:31:19.704761+00:00,1118.429192,current,rgb,20.000,0.000,18,700,0.258700,0.259090909,25.0000,3.710619450,3.747711658,1.633583546
2026-07-29T21:31:19.855304+00:00,1118.579736,current,rgb,20.000,0.000,19,700,0.258700,0.259034091,25.0000,3.707708120,3.748014927,1.633312345
2026-07-29T21:31:23.556361+00:00,1122.280790,current,rgb,20.000,45.000,0,700,0.258700,0.259005682,25.0000,3.711464405,3.751175642,1.633479595
2026-07-29T21:31:23.707352+00:00,1122.431780,current,rgb,20.000,45.000,1,700,0.258700,0.258948864,25.0000,3.711536884,3.751276970,1.632722497
2026-07-29T21:31:23.857912+00:00,1122.582341,current,rgb,20.000,45.000,2,700,0.258700,0.259034091,25.0000,3.711568117,3.751302958,1.633511066
2026-07-29T21:31:24.008561+00:00,1122.732994,current,rgb,20.000,45.000,3,700,0.258700,0.259005682,25.0000,3.711510897,3.751271963,1.633489609
2026-07-29T21:31:24.158969+00:00,1122.883403,current,rgb,20.000,45.000,4,700,0.258700,0.258977273,25.0000,3.711172342,3.750984669,1.633337736
2026-07-29T21:31:24.309692+00:00,1123.034120,current,rgb,20.000,45.000,5,700,0.258700,0.259062500,25.0000,3.711455822,3.751133442,1.633466601
2026-07-29T21:31:24.460287+00:00,1123.184720,current,rgb,20.000,45.000,6,700,0.258700,0.258977273,25.0000,3.711025715,3.750854492,1.633424401
2026-07-29T21:31:24.610731+00:00,1123.335164,current,rgb,20.000,45.000,7,700,0.258700,0.258977273,25.0000,3.711457729,3.751265764,1.633394122
2026-07-29T21:31:24.761162+00:00,1123.485596,current,rgb,20.000,45.000,8,700,0.258700,0.258948864,25.0000,3.711331844,3.751143456,1.633496642
2026-07-29T21:31:24.911567+00:00,1123.635999,current,rgb,20.000,45.000,9,700,0.258700,0.258977273,25.0000,3.710743427,3.750248909,1.633419991
2026-07-29T21:31:25.061945+00:00,1123.786378,current,rgb,20.000,45.000,10,700,0.258700,0.259062500,25.0000,3.710877419,3.750079155,1.633499384
2026-07-29T21:31:25.212321+00:00,1123.936754,current,rgb,20.000,45.000,11,700,0.258700,0.259062500,25.0000,3.710396767,3.750103474,1.633425832
2026-07-29T21:31:25.362649+00:00,1124.087083,current,rgb,20.000,45.000,12,700,0.258700,0.259062500,25.0000,3.710576534,3.750219107,1.633212686
2026-07-29T21:31:25.512985+00:00,1124.237421,current,rgb,20.000,45.000,13,700,0.258700,0.259034091,25.0000,3.710655689,3.750118971,1.633490801
2026-07-29T21:31:25.663311+00:00,1124.387746,current,rgb,20.000,45.000,14,700,0.258700,0.259005682,25.0000,3.711056948,3.750558138,1.633403897
2026-07-29T21:31:25.813621+00:00,1124.538056,current,rgb,20.000,45.000,15,700,0.258700,0.259034091,25.0000,3.710579634,3.750683069,1.633355975
2026-07-29T21:31:25.964097+00:00,1124.688526,current,rgb,20.000,45.000,16,700,0.258700,0.259090909,25.0000,3.710646629,3.750685692,1.633403420
2026-07-29T21:31:26.114531+00:00,1124.838964,current,rgb,20.000,45.000,17,700,0.258700,0.259034091,25.0000,3.710509777,3.750141621,1.633211017
2026-07-29T21:31:26.264945+00:00,1124.989378,current,rgb,20.000,45.000,18,700,0.258700,0.259062500,25.0000,3.710593939,3.750338554,1.633268118
2026-07-29T21:31:26.415300+00:00,1125.139734,current,rgb,20.000,45.000,19,700,0.258700,0.259005682,25.0000,3.710605860,3.750375509,1.633538842
2026-07-29T21:31:30.116574+00:00,1128.841003,current,rgb,20.000,90.000,0,700,0.258700,0.259062500,25.0000,3.721393347,3.761000395,1.633339167
2026-07-29T21:31:30.267018+00:00,1128.991452,current,rgb,20.000,90.000,1,700,0.258700,0.258920455,25.0000,3.721189976,3.760635853,1.633195877
2026-07-29T21:31:30.417365+00:00,1129.141797,current,rgb,20.000,90.000,2,700,0.258700,0.259034091,25.0000,3.721289635,3.760537148,1.633380413
2026-07-29T21:31:30.567755+00:00,1129.292190,current,rgb,20.000,90.000,3,700,0.258700,0.259090909,25.0000,3.721204996,3.760697842,1.633493543
2026-07-29T21:31:30.718135+00:00,1129.442569,current,rgb,20.000,90.000,4,700,0.258700,0.259034091,25.0000,3.721301317,3.760786057,1.633362651
2026-07-29T21:31:30.868580+00:00,1129.593013,current,rgb,20.000,90.000,5,700,0.258700,0.259034091,25.0000,3.721416473,3.760955811,1.633259892
2026-07-29T21:31:31.019005+00:00,1129.743435,current,rgb,20.000,90.000,6,700,0.258700,0.259062500,25.0000,3.721219301,3.760733604,1.633631468
2026-07-29T21:31:31.169495+00:00,1129.893928,current,rgb,20.000,90.000,7,700,0.258700,0.259062500,25.0000,3.721237421,3.760775089,1.633387089
2026-07-29T21:31:31.319865+00:00,1130.044299,current,rgb,20.000,90.000,8,700,0.258700,0.259062500,25.0000,3.721358776,3.760843754,1.633475661
2026-07-29T21:31:31.470244+00:00,1130.194678,current,rgb,20.000,90.000,9,700,0.258700,0.259062500,25.0000,3.721369267,3.760900021,1.633505702
2026-07-29T21:31:31.620635+00:00,1130.345069,current,rgb,20.000,90.000,10,700,0.258700,0.259034091,25.0000,3.721502066,3.760847569,1.633333087
2026-07-29T21:31:31.771011+00:00,1130.495442,current,rgb,20.000,90.000,11,700,0.258700,0.259034091,25.0000,3.721438885,3.761025667,1.633472681
2026-07-29T21:31:31.921449+00:00,1130.645883,current,rgb,20.000,90.000,12,700,0.258700,0.259034091,25.0000,3.721456051,3.760970116,1.633259654
2026-07-29T21:31:32.071838+00:00,1130.796271,current,rgb,20.000,90.000,13,700,0.258700,0.259062500,25.0000,3.721602440,3.761117220,1.633407354
2026-07-29T21:31:32.222152+00:00,1130.946586,current,rgb,20.000,90.000,14,700,0.258700,0.259034091,25.0000,3.721468925,3.760971785,1.633625269
2026-07-29T21:31:32.372477+00:00,1131.096910,current,rgb,20.000,90.000,15,700,0.258700,0.259034091,25.0000,3.721468925,3.760990620,1.633436322
2026-07-29T21:31:32.522808+00:00,1131.247243,current,rgb,20.000,90.000,16,700,0.258700,0.259062500,25.0000,3.721563578,3.761102676,1.633454204
2026-07-29T21:31:32.673221+00:00,1131.397654,current,rgb,20.000,90.000,17,700,0.258700,0.259062500,25.0000,3.721539497,3.761098385,1.633569360
2026-07-29T21:31:32.823574+00:00,1131.548008,current,rgb,20.000,90.000,18,700,0.258700,0.259062500,25.0000,3.721749544,3.761131525,1.633419037
2026-07-29T21:31:32.973852+00:00,1131.698286,current,rgb,20.000,90.000,19,700,0.258700,0.259062500,25.0000,3.721802473,3.761246681,1.632752538
2026-07-29T21:31:43.428208+00:00,1142.152637,current,dark,25.000,-90.000,0,0,,0.000710227,25.0000,4.896414280,4.903115749,1.649581671
2026-07-29T21:31:43.578762+00:00,1142.303195,current,dark,25.000,-90.000,1,0,,0.000710227,25.0000,4.896422863,4.903102398,1.649574757
2026-07-29T21:31:43.729118+00:00,1142.453551,current,dark,25.000,-90.000,2,0,,0.000710227,25.0000,4.896410942,4.903110981,1.649359465
2026-07-29T21:31:43.879405+00:00,1142.603839,current,dark,25.000,-90.000,3,0,,0.000710227,25.0000,4.896431446,4.903100014,1.649565220
2026-07-29T21:31:44.029782+00:00,1142.754216,current,dark,25.000,-90.000,4,0,,0.000710227,25.0000,4.896410465,4.903100491,1.649289131
2026-07-29T21:31:44.180150+00:00,1142.904584,current,dark,25.000,-90.000,5,0,,0.000710227,25.0000,4.896424294,4.903097153,1.649513245
2026-07-29T21:31:44.330494+00:00,1143.054927,current,dark,25.000,-90.000,6,0,,0.000738636,25.0000,4.896421432,4.903102398,1.649613619
2026-07-29T21:31:44.480988+00:00,1143.205420,current,dark,25.000,-90.000,7,0,,0.000710227,25.0000,4.896394730,4.903097153,1.649459362
2026-07-29T21:31:44.631395+00:00,1143.355828,current,dark,25.000,-90.000,8,0,,0.000710227,25.0000,4.896398544,4.903087616,1.649397254
2026-07-29T21:31:44.781755+00:00,1143.506188,current,dark,25.000,-90.000,9,0,,0.000710227,25.0000,4.896390915,4.903087139,1.649753690
2026-07-29T21:31:44.932134+00:00,1143.656569,current,dark,25.000,-90.000,10,0,,0.000710227,25.0000,4.896392822,4.903085709,1.649595976
2026-07-29T21:31:45.082498+00:00,1143.806931,current,dark,25.000,-90.000,11,0,,0.000710227,25.0000,4.896389961,4.903076649,1.649564266
2026-07-29T21:31:45.232534+00:00,1143.956960,current,dark,25.000,-90.000,12,0,,0.000738636,25.0000,4.896331310,4.903077126,1.649644136
2026-07-29T21:31:45.383150+00:00,1144.107581,current,dark,25.000,-90.000,13,0,,0.000710227,25.0000,4.896394730,4.903069973,1.649495482
2026-07-29T21:31:45.533641+00:00,1144.258074,current,dark,25.000,-90.000,14,0,,0.000738636,25.0000,4.896379948,4.903088093,1.649594784
2026-07-29T21:31:45.684077+00:00,1144.408510,current,dark,25.000,-90.000,15,0,,0.000738636,25.0000,4.896390438,4.903058529,1.649516940
2026-07-29T21:31:45.834493+00:00,1144.558925,current,dark,25.000,-90.000,16,0,,0.000710227,25.0000,4.896378517,4.903073788,1.649496436
2026-07-29T21:31:45.984784+00:00,1144.709214,current,dark,25.000,-90.000,17,0,,0.000710227,25.0000,4.896392822,4.903093338,1.649659753
2026-07-29T21:31:46.135332+00:00,1144.859762,current,dark,25.000,-90.000,18,0,,0.000710227,25.0000,4.896382332,4.903063297,1.649403453
2026-07-29T21:31:46.285773+00:00,1145.010207,current,dark,25.000,-90.000,19,0,,0.000710227,25.0000,4.896379471,4.903076172,1.649656057
2026-07-29T21:31:50.479341+00:00,1149.203765,current,rgb,25.000,-90.000,0,700,0.258700,0.259062500,25.0000,3.716523886,3.757158279,1.633603811
2026-07-29T21:31:50.630030+00:00,1149.354461,current,rgb,25.000,-90.000,1,700,0.258700,0.259090909,25.0000,3.717468977,3.757461548,1.633594036
2026-07-29T21:31:50.780568+00:00,1149.505001,current,rgb,25.000,-90.000,2,700,0.258700,0.258948864,25.0000,3.717260599,3.757236004,1.633893371
2026-07-29T21:31:50.930952+00:00,1149.655385,current,rgb,25.000,-90.000,3,700,0.258700,0.259034091,25.0000,3.717355251,3.757279158,1.633864045
2026-07-29T21:31:51.081487+00:00,1149.805916,current,rgb,25.000,-90.000,4,700,0.258700,0.259147727,25.0000,3.717107773,3.757175922,1.633885145
2026-07-29T21:31:51.232024+00:00,1149.956456,current,rgb,25.000,-90.000,5,700,0.258700,0.259090909,25.0000,3.717094421,3.757207394,1.633807182
2026-07-29T21:31:51.382458+00:00,1150.106890,current,rgb,25.000,-90.000,6,700,0.258700,0.259176136,25.0000,3.717262268,3.757338285,1.633860707
2026-07-29T21:31:51.532850+00:00,1150.257284,current,rgb,25.000,-90.000,7,700,0.258700,0.259176136,25.0000,3.717314243,3.757373810,1.633921266
2026-07-29T21:31:51.683242+00:00,1150.407675,current,rgb,25.000,-90.000,8,700,0.258700,0.259147727,25.0000,3.717305422,3.757358789,1.633642673
2026-07-29T21:31:51.833627+00:00,1150.558060,current,rgb,25.000,-90.000,9,700,0.258700,0.259147727,25.0000,3.717360258,3.757481575,1.633825302
2026-07-29T21:31:51.984057+00:00,1150.708486,current,rgb,25.000,-90.000,10,700,0.258700,0.259119318,25.0000,3.717569113,3.757542133,1.633778691
2026-07-29T21:31:52.134609+00:00,1150.859042,current,rgb,25.000,-90.000,11,700,0.258700,0.259090909,25.0000,3.717710018,3.757521629,1.633610725
2026-07-29T21:31:52.284938+00:00,1151.009372,current,rgb,25.000,-90.000,12,700,0.258700,0.259147727,25.0000,3.717925549,3.757940292,1.633829951
2026-07-29T21:31:52.435313+00:00,1151.159747,current,rgb,25.000,-90.000,13,700,0.258700,0.259005682,25.0000,3.717609644,3.757641077,1.633669972
2026-07-29T21:31:52.585682+00:00,1151.310115,current,rgb,25.000,-90.000,14,700,0.258700,0.259119318,25.0000,3.717747688,3.757764816,1.633726120
2026-07-29T21:31:52.736075+00:00,1151.460509,current,rgb,25.000,-90.000,15,700,0.258700,0.259119318,25.0000,3.717688322,3.757648945,1.633974433
2026-07-29T21:31:52.886515+00:00,1151.610949,current,rgb,25.000,-90.000,16,700,0.258700,0.259176136,25.0000,3.717739105,3.757787704,1.633812308
2026-07-29T21:31:53.036845+00:00,1151.761280,current,rgb,25.000,-90.000,17,700,0.258700,0.259090909,25.0000,3.717954159,3.758000135,1.633845806
2026-07-29T21:31:53.187181+00:00,1151.911614,current,rgb,25.000,-90.000,18,700,0.258700,0.259062500,25.0000,3.717850447,3.757856369,1.633957386
2026-07-29T21:31:53.337457+00:00,1152.061892,current,rgb,25.000,-90.000,19,700,0.258700,0.259119318,25.0000,3.718115091,3.757989168,1.633815289
2026-07-29T21:31:57.038612+00:00,1155.763043,current,rgb,25.000,-45.000,0,700,0.258700,0.259119318,25.0000,3.718950748,3.758998394,1.633779883
2026-07-29T21:31:57.189108+00:00,1155.913541,current,rgb,25.000,-45.000,1,700,0.258700,0.259090909,25.0000,3.719141483,3.759284973,1.633734226
2026-07-29T21:31:57.339455+00:00,1156.063888,current,rgb,25.000,-45.000,2,700,0.258700,0.259005682,25.0000,3.719433308,3.759474516,1.633781791
2026-07-29T21:31:57.489831+00:00,1156.214265,current,rgb,25.000,-45.000,3,700,0.258700,0.259119318,25.0000,3.719246626,3.759393215,1.633675098
2026-07-29T21:31:57.640281+00:00,1156.364711,current,rgb,25.000,-45.000,4,700,0.258700,0.259062500,25.0000,3.719485998,3.759569645,1.633796215
2026-07-29T21:31:57.790748+00:00,1156.515181,current,rgb,25.000,-45.000,5,700,0.258700,0.259005682,25.0000,3.719508410,3.759802818,1.633877754
2026-07-29T21:31:57.941137+00:00,1156.665570,current,rgb,25.000,-45.000,6,700,0.258700,0.258977273,25.0000,3.719583750,3.759613514,1.633218050
2026-07-29T21:31:58.091418+00:00,1156.815852,current,rgb,25.000,-45.000,7,700,0.258700,0.259005682,25.0000,3.719638348,3.759736538,1.633652210
2026-07-29T21:31:58.241944+00:00,1156.966374,current,rgb,25.000,-45.000,8,700,0.258700,0.258977273,25.0000,3.719228745,3.759145975,1.633754492
2026-07-29T21:31:58.392542+00:00,1157.116973,current,rgb,25.000,-45.000,9,700,0.258700,0.259147727,25.0000,3.719375134,3.759303331,1.633841157
2026-07-29T21:31:58.542928+00:00,1157.267362,current,rgb,25.000,-45.000,10,700,0.258700,0.259176136,25.0000,3.719340801,3.759328365,1.633890748
2026-07-29T21:31:58.693342+00:00,1157.417773,current,rgb,25.000,-45.000,11,700,0.258700,0.259119318,25.0000,3.719203234,3.759243250,1.633702993
2026-07-29T21:31:58.843829+00:00,1157.568263,current,rgb,25.000,-45.000,12,700,0.258700,0.259090909,25.0000,3.719357491,3.759355545,1.633911490
2026-07-29T21:31:58.994218+00:00,1157.718650,current,rgb,25.000,-45.000,13,700,0.258700,0.259176136,25.0000,3.719327688,3.759408236,1.633966923
2026-07-29T21:31:59.144646+00:00,1157.869079,current,rgb,25.000,-45.000,14,700,0.258700,0.259090909,25.0000,3.719465256,3.759428978,1.633634567
2026-07-29T21:31:59.295008+00:00,1158.019443,current,rgb,25.000,-45.000,15,700,0.258700,0.259147727,25.0000,3.719556332,3.759604692,1.633730769
2026-07-29T21:31:59.445313+00:00,1158.169747,current,rgb,25.000,-45.000,16,700,0.258700,0.259090909,25.0000,3.719532251,3.759622097,1.633675098
2026-07-29T21:31:59.595912+00:00,1158.320340,current,rgb,25.000,-45.000,17,700,0.258700,0.259119318,25.0000,3.719532728,3.759529352,1.633679271
2026-07-29T21:31:59.746370+00:00,1158.470803,current,rgb,25.000,-45.000,18,700,0.258700,0.259062500,25.0000,3.719518661,3.759598732,1.633880973
2026-07-29T21:31:59.896703+00:00,1158.621136,current,rgb,25.000,-45.000,19,700,0.258700,0.259090909,25.0000,3.719416618,3.759453773,1.633676887
2026-07-29T21:32:03.598113+00:00,1162.322541,current,rgb,25.000,0.000,0,700,0.258700,0.259034091,25.0000,3.720711708,3.760466337,1.633847952
2026-07-29T21:32:03.748615+00:00,1162.473047,current,rgb,25.000,0.000,1,700,0.258700,0.259005682,25.0000,3.720585108,3.760506153,1.633647323
2026-07-29T21:32:03.898941+00:00,1162.623374,current,rgb,25.000,0.000,2,700,0.258700,0.259005682,25.0000,3.720717907,3.760566235,1.633838177
2026-07-29T21:32:04.049313+00:00,1162.773745,current,rgb,25.000,0.000,3,700,0.258700,0.258977273,25.0000,3.720642328,3.760554552,1.633952260
2026-07-29T21:32:04.199681+00:00,1162.924116,current,rgb,25.000,0.000,4,700,0.258700,0.259005682,25.0000,3.720808268,3.760491371,1.633796453
2026-07-29T21:32:04.350073+00:00,1163.074507,current,rgb,25.000,0.000,5,700,0.258700,0.259034091,25.0000,3.720723391,3.760657787,1.633920789
2026-07-29T21:32:04.500522+00:00,1163.224956,current,rgb,25.000,0.000,6,700,0.258700,0.258977273,25.0000,3.720722198,3.760603428,1.633807421
2026-07-29T21:32:04.650965+00:00,1163.375399,current,rgb,25.000,0.000,7,700,0.258700,0.259034091,25.0000,3.720796108,3.760707855,1.633821130
2026-07-29T21:32:04.801291+00:00,1163.525721,current,rgb,25.000,0.000,8,700,0.258700,0.259005682,25.0000,3.720917225,3.760757208,1.633874536
2026-07-29T21:32:04.951845+00:00,1163.676278,current,rgb,25.000,0.000,9,700,0.258700,0.258948864,25.0399,3.720726728,3.760609150,1.633645296
2026-07-29T21:32:05.102157+00:00,1163.826592,current,rgb,25.000,0.000,10,700,0.258700,0.259005682,25.0000,3.720977545,3.760815859,1.633847237
2026-07-29T21:32:05.252521+00:00,1163.976955,current,rgb,25.000,0.000,11,700,0.258700,0.259005682,25.0000,3.720906019,3.760830402,1.633772254
2026-07-29T21:32:05.402832+00:00,1164.127265,current,rgb,25.000,0.000,12,700,0.258700,0.258977273,25.0000,3.721071720,3.760644436,1.633580446
2026-07-29T21:32:05.553148+00:00,1164.277579,current,rgb,25.000,0.000,13,700,0.258700,0.259005682,25.0000,3.720923901,3.760721684,1.633945823
2026-07-29T21:32:05.703776+00:00,1164.428206,current,rgb,25.000,0.000,14,700,0.258700,0.258948864,25.0000,3.720793724,3.760679245,1.633795500
2026-07-29T21:32:05.854138+00:00,1164.578571,current,rgb,25.000,0.000,15,700,0.258700,0.259034091,25.0000,3.720904827,3.760793209,1.633906126
2026-07-29T21:32:06.004744+00:00,1164.729172,current,rgb,25.000,0.000,16,700,0.258700,0.259034091,25.0000,3.720404625,3.760391235,1.633855104
2026-07-29T21:32:06.155411+00:00,1164.879841,current,rgb,25.000,0.000,17,700,0.258700,0.259034091,25.0000,3.720584393,3.760458231,1.633566737
2026-07-29T21:32:06.306069+00:00,1165.030496,current,rgb,25.000,0.000,18,700,0.258700,0.259147727,25.0000,3.720571756,3.760423183,1.633928776
2026-07-29T21:32:06.456634+00:00,1165.181065,current,rgb,25.000,0.000,19,700,0.258700,0.259090909,25.0000,3.720631599,3.760536671,1.633838654
2026-07-29T21:32:10.157764+00:00,1168.882192,current,rgb,25.000,45.000,0,700,0.258700,0.259090909,25.0000,3.721327305,3.760867119,1.634000063
2026-07-29T21:32:10.308301+00:00,1169.032734,current,rgb,25.000,45.000,1,700,0.258700,0.259062500,25.0000,3.721356392,3.760909557,1.633929968
2026-07-29T21:32:10.458666+00:00,1169.183098,current,rgb,25.000,45.000,2,700,0.258700,0.259062500,25.0000,3.721443653,3.760895729,1.633790612
2026-07-29T21:32:10.609121+00:00,1169.333553,current,rgb,25.000,45.000,3,700,0.258700,0.259062500,25.0000,3.721378326,3.760941029,1.633954644
2026-07-29T21:32:10.759565+00:00,1169.483996,current,rgb,25.000,45.000,4,700,0.258700,0.259062500,25.0000,3.721301079,3.760910273,1.633594036
2026-07-29T21:32:10.910060+00:00,1169.634494,current,rgb,25.000,45.000,5,700,0.258700,0.259062500,25.0000,3.721410275,3.761049271,1.633864880
2026-07-29T21:32:11.060544+00:00,1169.784974,current,rgb,25.000,45.000,6,700,0.258700,0.259062500,25.0000,3.721354008,3.760980368,1.634033084
2026-07-29T21:32:11.211335+00:00,1169.935762,current,rgb,25.000,45.000,7,700,0.258700,0.259005682,25.0000,3.721215487,3.760881901,1.633823037
2026-07-29T21:32:11.361755+00:00,1170.086188,current,rgb,25.000,45.000,8,700,0.258700,0.259119318,25.0000,3.721478224,3.761019707,1.633999825
2026-07-29T21:32:11.511734+00:00,1170.236161,current,rgb,25.000,45.000,9,700,0.258700,0.259062500,25.0000,3.721325159,3.760912180,1.633953452
2026-07-29T21:32:11.662483+00:00,1170.386912,current,rgb,25.000,45.000,10,700,0.258700,0.259090909,25.0000,3.721682549,3.761116266,1.633885860
2026-07-29T21:32:11.812959+00:00,1170.537392,current,rgb,25.000,45.000,11,700,0.258700,0.259062500,25.0000,3.721382380,3.760895252,1.634055018
2026-07-29T21:32:11.963366+00:00,1170.687797,current,rgb,25.000,45.000,12,700,0.258700,0.259090909,25.0000,3.721330166,3.760990620,1.633896112
2026-07-29T21:32:12.113804+00:00,1170.838234,current,rgb,25.000,45.000,13,700,0.258700,0.259119318,25.0000,3.721557856,3.761138678,1.633896589
2026-07-29T21:32:12.264283+00:00,1170.988716,current,rgb,25.000,45.000,14,700,0.258700,0.259090909,24.9980,3.721459866,3.761013746,1.634001017
2026-07-29T21:32:12.414661+00:00,1171.139093,current,rgb,25.000,45.000,15,700,0.258700,0.259090909,25.0000,3.721330404,3.760928869,1.633837700
2026-07-29T21:32:12.565041+00:00,1171.289473,current,rgb,25.000,45.000,16,700,0.258700,0.259119318,25.0000,3.721448898,3.761092186,1.634032607
2026-07-29T21:32:12.715395+00:00,1171.439828,current,rgb,25.000,45.000,17,700,0.258700,0.259062500,25.0000,3.721404314,3.760991573,1.634010077
2026-07-29T21:32:12.865741+00:00,1171.590175,current,rgb,25.000,45.000,18,700,0.258700,0.259005682,25.0000,3.721572161,3.761021137,1.633946419
2026-07-29T21:32:13.016120+00:00,1171.740553,current,rgb,25.000,45.000,19,700,0.258700,0.259119318,25.0000,3.721529007,3.761098623,1.634055018
2026-07-29T21:32:16.718396+00:00,1175.442823,current,rgb,25.000,90.000,0,700,0.258700,0.258977273,25.0797,3.722624779,3.761110783,1.633810401
2026-07-29T21:32:16.868965+00:00,1175.593395,current,rgb,25.000,90.000,1,700,0.258700,0.259062500,25.0399,3.722532272,3.761735439,1.634010553
2026-07-29T21:32:17.019386+00:00,1175.743820,current,rgb,25.000,90.000,2,700,0.258700,0.259062500,25.0399,3.722486496,3.761780739,1.633860230
2026-07-29T21:32:17.169759+00:00,1175.894192,current,rgb,25.000,90.000,3,700,0.258700,0.258948864,25.0000,3.722679377,3.762090683,1.633941293
2026-07-29T21:32:17.320180+00:00,1176.044612,current,rgb,25.000,90.000,4,700,0.258700,0.258948864,24.9980,3.722580433,3.761826754,1.633561850
2026-07-29T21:32:17.470531+00:00,1176.194964,current,rgb,25.000,90.000,5,700,0.258700,0.258920455,25.0000,3.722680569,3.761695862,1.633798957
2026-07-29T21:32:17.620682+00:00,1176.345110,current,rgb,25.000,90.000,6,700,0.258700,0.258977273,24.9980,3.722582340,3.761844397,1.633984685
2026-07-29T21:32:17.771247+00:00,1176.495680,current,rgb,25.000,90.000,7,700,0.258700,0.258977273,25.0000,3.722634315,3.761893272,1.633812070
2026-07-29T21:32:17.921659+00:00,1176.646092,current,rgb,25.000,90.000,8,700,0.258700,0.259005682,25.1994,3.722803116,3.762030125,1.633769155
2026-07-29T21:32:18.072098+00:00,1176.796533,current,rgb,25.000,90.000,9,700,0.258700,0.259005682,25.0000,3.723000288,3.762255192,1.634157777
2026-07-29T21:32:18.222461+00:00,1176.946895,current,rgb,25.000,90.000,10,700,0.258700,0.258835227,25.0399,3.723041534,3.762218714,1.633861661
2026-07-29T21:32:18.372803+00:00,1177.097237,current,rgb,25.000,90.000,11,700,0.258700,0.258948864,25.0399,3.723140240,3.762405872,1.633963943
2026-07-29T21:32:18.523119+00:00,1177.247553,current,rgb,25.000,90.000,12,700,0.258700,0.258892045,25.0000,3.722977877,3.762220860,1.634045959
2026-07-29T21:32:18.673460+00:00,1177.397894,current,rgb,25.000,90.000,13,700,0.258700,0.258977273,25.0399,3.723070860,3.762249470,1.633910179
2026-07-29T21:32:18.823855+00:00,1177.548286,current,rgb,25.000,90.000,14,700,0.258700,0.258892045,25.0000,3.723230600,3.762415886,1.633904099
2026-07-29T21:32:18.974278+00:00,1177.698711,current,rgb,25.000,90.000,15,700,0.258700,0.258806818,25.0000,3.723052740,3.762309551,1.633781791
2026-07-29T21:32:19.124611+00:00,1177.849045,current,rgb,25.000,90.000,16,700,0.258700,0.258806818,25.0000,3.723219395,3.762419224,1.633896589
2026-07-29T21:32:19.274942+00:00,1177.999376,current,rgb,25.000,90.000,17,700,0.258700,0.258863636,25.0000,3.723211288,3.762328148,1.633841872
2026-07-29T21:32:19.425222+00:00,1178.149656,current,rgb,25.000,90.000,18,700,0.258700,0.258835227,25.0000,3.723024368,3.762280703,1.633689284
2026-07-29T21:32:19.575563+00:00,1178.299998,current,rgb,25.000,90.000,19,700,0.258700,0.258863636,25.0000,3.723217249,3.762376070,1.633956671
2026-07-29T21:32:30.030074+00:00,1188.754503,current,dark,30.000,-90.000,0,0,,0.000738636,25.0000,4.896311283,4.903099060,1.649469376
2026-07-29T21:32:30.180619+00:00,1188.905050,current,dark,30.000,-90.000,1,0,,0.000710227,25.0000,4.896312237,4.903088093,1.649503231
2026-07-29T21:32:30.331107+00:00,1189.055541,current,dark,30.000,-90.000,2,0,,0.000710227,25.0000,4.896312237,4.903084755,1.649536729
2026-07-29T21:32:30.481485+00:00,1189.205918,current,dark,30.000,-90.000,3,0,,0.000710227,25.0000,4.896307468,4.903090954,1.649532080
2026-07-29T21:32:30.631889+00:00,1189.356322,current,dark,30.000,-90.000,4,0,,0.000710227,25.0000,4.896305084,4.903081417,1.649551868
2026-07-29T21:32:30.782175+00:00,1189.506609,current,dark,30.000,-90.000,5,0,,0.000738636,25.0000,4.896301270,4.903063297,1.649325013
2026-07-29T21:32:30.932474+00:00,1189.656909,current,dark,30.000,-90.000,6,0,,0.000710227,25.0000,4.896305561,4.903072834,1.649527431
2026-07-29T21:32:31.082851+00:00,1189.807281,current,dark,30.000,-90.000,7,0,,0.000738636,25.0000,4.896282673,4.903063297,1.649276733
2026-07-29T21:32:31.233367+00:00,1189.957798,current,dark,30.000,-90.000,8,0,,0.000710227,25.0000,4.896304131,4.903079033,1.649445891
2026-07-29T21:32:31.383758+00:00,1190.108190,current,dark,30.000,-90.000,9,0,,0.000710227,25.0000,4.896305084,4.903072357,1.649530649
2026-07-29T21:32:31.534131+00:00,1190.258563,current,dark,30.000,-90.000,10,0,,0.000710227,25.0000,4.896319866,4.903092384,1.649507165
2026-07-29T21:32:31.684520+00:00,1190.408953,current,dark,30.000,-90.000,11,0,,0.000738636,25.0000,4.896317005,4.903077602,1.649488807
2026-07-29T21:32:31.834798+00:00,1190.559232,current,dark,30.000,-90.000,12,0,,0.000710227,25.0000,4.896320820,4.903072834,1.649584293
2026-07-29T21:32:31.985116+00:00,1190.709550,current,dark,30.000,-90.000,13,0,,0.000710227,25.0000,4.896319389,4.903080940,1.649372578
2026-07-29T21:32:32.135408+00:00,1190.859842,current,dark,30.000,-90.000,14,0,,0.000710227,25.0399,4.896317482,4.903071404,1.649576783
2026-07-29T21:32:32.285694+00:00,1191.010129,current,dark,30.000,-90.000,15,0,,0.000710227,25.0399,4.896343708,4.903091431,1.649512291
2026-07-29T21:32:32.436185+00:00,1191.160617,current,dark,30.000,-90.000,16,0,,0.000710227,25.0399,4.896330833,4.903078556,1.649302363
2026-07-29T21:32:32.588476+00:00,1191.312905,current,dark,30.000,-90.000,17,0,,0.000710227,25.0000,4.896337509,4.903074265,1.649589181
2026-07-29T21:32:32.738950+00:00,1191.463384,current,dark,30.000,-90.000,18,0,,0.000710227,25.0000,4.896342754,4.903081417,1.649471045
2026-07-29T21:32:32.889265+00:00,1191.613699,current,dark,30.000,-90.000,19,0,,0.000710227,25.0000,4.896352291,4.903071404,1.649381161
2026-07-29T21:32:37.083564+00:00,1195.807993,current,rgb,30.000,-90.000,0,700,0.258700,0.259090909,24.9980,3.717350721,3.757021666,1.634110451
2026-07-29T21:32:37.234082+00:00,1195.958513,current,rgb,30.000,-90.000,1,700,0.258700,0.259090909,25.0000,3.717571735,3.757165432,1.634182692
2026-07-29T21:32:37.384527+00:00,1196.108962,current,rgb,30.000,-90.000,2,700,0.258700,0.259090909,25.0000,3.717599392,3.757327080,1.634216428
2026-07-29T21:32:37.534919+00:00,1196.259350,current,rgb,30.000,-90.000,3,700,0.258700,0.259062500,25.0000,3.717564106,3.757265091,1.634045243
2026-07-29T21:32:37.685610+00:00,1196.410039,current,rgb,30.000,-90.000,4,700,0.258700,0.259034091,25.0399,3.717811584,3.757520676,1.634114623
2026-07-29T21:32:37.836288+00:00,1196.560716,current,rgb,30.000,-90.000,5,700,0.258700,0.259119318,25.0399,3.717622519,3.757395744,1.634402633
2026-07-29T21:32:37.986790+00:00,1196.711222,current,rgb,30.000,-90.000,6,700,0.258700,0.259176136,25.0399,3.717807293,3.757472038,1.634223461
2026-07-29T21:32:38.136456+00:00,1196.860884,current,rgb,30.000,-90.000,7,700,0.258700,0.259090909,25.0399,3.717633247,3.757627964,1.634189487
2026-07-29T21:32:38.287147+00:00,1197.011578,current,rgb,30.000,-90.000,8,700,0.258700,0.259062500,25.0399,3.718074560,3.757766724,1.634109020
2026-07-29T21:32:38.437646+00:00,1197.162078,current,rgb,30.000,-90.000,9,700,0.258700,0.259062500,25.0399,3.718278885,3.757903337,1.634032845
2026-07-29T21:32:38.588188+00:00,1197.312622,current,rgb,30.000,-90.000,10,700,0.258700,0.259119318,25.0399,3.718092680,3.757739067,1.634300351
2026-07-29T21:32:38.738503+00:00,1197.462937,current,rgb,30.000,-90.000,11,700,0.258700,0.259090909,25.0399,3.718130112,3.757786512,1.634120464
2026-07-29T21:32:38.888950+00:00,1197.613385,current,rgb,30.000,-90.000,12,700,0.258700,0.259147727,25.0399,3.718297482,3.757989883,1.634153128
2026-07-29T21:32:39.039325+00:00,1197.763758,current,rgb,30.000,-90.000,13,700,0.258700,0.259119318,25.0399,3.718186855,3.757876396,1.634305000
2026-07-29T21:32:39.189671+00:00,1197.914105,current,rgb,30.000,-90.000,14,700,0.258700,0.259147727,25.0399,3.718356133,3.757913351,1.634194374
2026-07-29T21:32:39.340198+00:00,1198.064629,current,rgb,30.000,-90.000,15,700,0.258700,0.259119318,25.0399,3.718745947,3.758414984,1.634165168
2026-07-29T21:32:39.490715+00:00,1198.215148,current,rgb,30.000,-90.000,16,700,0.258700,0.259005682,25.0399,3.718324184,3.758035660,1.634112597
2026-07-29T21:32:39.641181+00:00,1198.365610,current,rgb,30.000,-90.000,17,700,0.258700,0.259119318,25.0399,3.718566656,3.758278370,1.634234667
2026-07-29T21:32:39.791696+00:00,1198.516130,current,rgb,30.000,-90.000,18,700,0.258700,0.259147727,25.0399,3.718557358,3.758261204,1.634290814
2026-07-29T21:32:39.942074+00:00,1198.666507,current,rgb,30.000,-90.000,19,700,0.258700,0.259090909,25.0399,3.718530178,3.758260012,1.634054542
2026-07-29T21:32:43.642909+00:00,1202.367339,current,rgb,30.000,-45.000,0,700,0.258700,0.259034091,25.0000,3.719825268,3.759559155,1.634268641
2026-07-29T21:32:43.793467+00:00,1202.517898,current,rgb,30.000,-45.000,1,700,0.258700,0.259062500,25.0000,3.719769716,3.759600878,1.634031773
2026-07-29T21:32:43.944038+00:00,1202.668469,current,rgb,30.000,-45.000,2,700,0.258700,0.259062500,25.0000,3.719836712,3.759646416,1.634164929
2026-07-29T21:32:44.094403+00:00,1202.818838,current,rgb,30.000,-45.000,3,700,0.258700,0.259062500,25.0000,3.719789028,3.759645224,1.634237170
2026-07-29T21:32:44.244715+00:00,1202.969150,current,rgb,30.000,-45.000,4,700,0.258700,0.259034091,25.0000,3.720024586,3.759604692,1.634031057
2026-07-29T21:32:44.395024+00:00,1203.119458,current,rgb,30.000,-45.000,5,700,0.258700,0.259034091,25.0000,3.719961643,3.759808779,1.634155631
2026-07-29T21:32:44.545478+00:00,1203.269909,current,rgb,30.000,-45.000,6,700,0.258700,0.259062500,25.0000,3.719510794,3.759274244,1.634004712
2026-07-29T21:32:44.696005+00:00,1203.420439,current,rgb,30.000,-45.000,7,700,0.258700,0.259147727,25.0000,3.719634771,3.759468079,1.634173632
2026-07-29T21:32:44.846328+00:00,1203.570763,current,rgb,30.000,-45.000,8,700,0.258700,0.259062500,25.0000,3.719548941,3.759579897,1.634280801
2026-07-29T21:32:44.996720+00:00,1203.721154,current,rgb,30.000,-45.000,9,700,0.258700,0.259062500,25.0000,3.719414711,3.759302855,1.633632898
2026-07-29T21:32:45.147001+00:00,1203.871436,current,rgb,30.000,-45.000,10,700,0.258700,0.259147727,25.0000,3.719606876,3.759403706,1.634233475
2026-07-29T21:32:45.297322+00:00,1204.021756,current,rgb,30.000,-45.000,11,700,0.258700,0.259090909,25.0000,3.719601631,3.759418964,1.634325743
2026-07-29T21:32:45.447670+00:00,1204.172104,current,rgb,30.000,-45.000,12,700,0.258700,0.259090909,25.0000,3.719693422,3.759418964,1.634223700
2026-07-29T21:32:45.598040+00:00,1204.322475,current,rgb,30.000,-45.000,13,700,0.258700,0.259062500,25.0000,3.719785452,3.759528399,1.634211063
2026-07-29T21:32:45.748358+00:00,1204.472793,current,rgb,30.000,-45.000,14,700,0.258700,0.259147727,25.0000,3.719673634,3.759441376,1.633978605
2026-07-29T21:32:45.898762+00:00,1204.623196,current,rgb,30.000,-45.000,15,700,0.258700,0.259147727,25.0000,3.719851971,3.759596348,1.634121418
2026-07-29T21:32:46.049223+00:00,1204.773652,current,rgb,30.000,-45.000,16,700,0.258700,0.259176136,25.0000,3.719681740,3.759588003,1.634232283
2026-07-29T21:32:46.199727+00:00,1204.924160,current,rgb,30.000,-45.000,17,700,0.258700,0.259062500,24.9980,3.719751358,3.759581089,1.634034276
2026-07-29T21:32:46.350127+00:00,1205.074561,current,rgb,30.000,-45.000,18,700,0.258700,0.259119318,25.0000,3.719885349,3.759701490,1.634163618
2026-07-29T21:32:46.500511+00:00,1205.224944,current,rgb,30.000,-45.000,19,700,0.258700,0.259090909,25.0000,3.719835758,3.759691477,1.634105325
2026-07-29T21:32:50.201704+00:00,1208.926133,current,rgb,30.000,0.000,0,700,0.258700,0.259090909,25.0000,3.720878124,3.760555267,1.634344339
2026-07-29T21:32:50.352207+00:00,1209.076641,current,rgb,30.000,0.000,1,700,0.258700,0.259005682,25.0000,3.720697403,3.760420799,1.634360433
2026-07-29T21:32:50.502586+00:00,1209.227019,current,rgb,30.000,0.000,2,700,0.258700,0.259034091,25.0000,3.720907211,3.760499954,1.633736372
2026-07-29T21:32:50.652978+00:00,1209.377411,current,rgb,30.000,0.000,3,700,0.258700,0.259034091,25.0000,3.720876694,3.760573387,1.634380460
2026-07-29T21:32:50.803442+00:00,1209.527876,current,rgb,30.000,0.000,4,700,0.258700,0.259005682,25.0000,3.720829964,3.760449648,1.634065986
2026-07-29T21:32:50.953778+00:00,1209.678211,current,rgb,30.000,0.000,5,700,0.258700,0.259034091,25.0000,3.720934629,3.760569096,1.634321809
2026-07-29T21:32:51.104298+00:00,1209.828727,current,rgb,30.000,0.000,6,700,0.258700,0.259034091,25.0000,3.720510960,3.760231972,1.634463906
2026-07-29T21:32:51.254792+00:00,1209.979225,current,rgb,30.000,0.000,7,700,0.258700,0.259119318,25.0000,3.720557690,3.760166645,1.634219050
2026-07-29T21:32:51.405128+00:00,1210.129561,current,rgb,30.000,0.000,8,700,0.258700,0.259119318,25.0399,3.720627308,3.760350704,1.634299397
2026-07-29T21:32:51.555532+00:00,1210.279966,current,rgb,30.000,0.000,9,700,0.258700,0.259090909,25.0399,3.720573187,3.760392666,1.634268165
2026-07-29T21:32:51.705841+00:00,1210.430276,current,rgb,30.000,0.000,10,700,0.258700,0.259119318,25.0399,3.720707655,3.760440826,1.634197354
2026-07-29T21:32:51.856288+00:00,1210.580719,current,rgb,30.000,0.000,11,700,0.258700,0.259176136,25.0399,3.720406294,3.760288954,1.634630680
2026-07-29T21:32:52.006869+00:00,1210.731300,current,rgb,30.000,0.000,12,700,0.258700,0.259147727,25.0399,3.720554113,3.760307789,1.634357929
2026-07-29T21:32:52.157217+00:00,1210.881649,current,rgb,30.000,0.000,13,700,0.258700,0.259090909,25.0399,3.720663071,3.760412216,1.634311795
2026-07-29T21:32:52.307666+00:00,1211.032101,current,rgb,30.000,0.000,14,700,0.258700,0.259062500,25.0399,3.720553875,3.760360241,1.634484887
2026-07-29T21:32:52.458007+00:00,1211.182441,current,rgb,30.000,0.000,15,700,0.258700,0.259119318,25.0399,3.720736027,3.760299444,1.634300351
2026-07-29T21:32:52.608352+00:00,1211.332786,current,rgb,30.000,0.000,16,700,0.258700,0.259147727,25.0399,3.720690966,3.760355949,1.634421229
2026-07-29T21:32:52.758751+00:00,1211.483186,current,rgb,30.000,0.000,17,700,0.258700,0.259147727,25.0399,3.720590115,3.760307312,1.634288669
2026-07-29T21:32:52.909088+00:00,1211.633523,current,rgb,30.000,0.000,18,700,0.258700,0.259147727,25.0399,3.720863819,3.760514736,1.634307981
2026-07-29T21:32:53.059381+00:00,1211.783815,current,rgb,30.000,0.000,19,700,0.258700,0.259119318,25.0399,3.720794678,3.760544062,1.634376049
2026-07-29T21:32:56.761319+00:00,1215.485749,current,rgb,30.000,45.000,0,700,0.258700,0.259147727,25.1196,3.721657038,3.760985851,1.634340167
2026-07-29T21:32:56.911852+00:00,1215.636285,current,rgb,30.000,45.000,1,700,0.258700,0.259090909,25.0000,3.721491337,3.760839939,1.634572864
2026-07-29T21:32:57.062209+00:00,1215.786642,current,rgb,30.000,45.000,2,700,0.258700,0.259147727,25.0000,3.721408844,3.760789394,1.634406567
2026-07-29T21:32:57.212579+00:00,1215.937013,current,rgb,30.000,45.000,3,700,0.258700,0.259119318,25.0399,3.721563816,3.760857582,1.634577751
2026-07-29T21:32:57.362953+00:00,1216.087387,current,rgb,30.000,45.000,4,700,0.258700,0.259090909,25.0000,3.721528053,3.760859489,1.634578228
2026-07-29T21:32:57.513297+00:00,1216.237730,current,rgb,30.000,45.000,5,700,0.258700,0.259090909,25.0399,3.721626759,3.760887623,1.634509563
2026-07-29T21:32:57.663766+00:00,1216.388196,current,rgb,30.000,45.000,6,700,0.258700,0.259090909,24.9980,3.721599579,3.760987520,1.634609461
2026-07-29T21:32:57.814256+00:00,1216.538689,current,rgb,30.000,45.000,7,700,0.258700,0.259119318,25.0399,3.721510172,3.760932684,1.634355068
2026-07-29T21:32:57.964710+00:00,1216.689144,current,rgb,30.000,45.000,8,700,0.258700,0.259147727,25.0000,3.721659184,3.761092186,1.634528637
2026-07-29T21:32:58.115269+00:00,1216.839696,current,rgb,30.000,45.000,9,700,0.258700,0.259062500,25.0000,3.722175598,3.761444569,1.634094357
2026-07-29T21:32:58.265988+00:00,1216.990417,current,rgb,30.000,45.000,10,700,0.258700,0.258920455,25.0000,3.721949816,3.761221409,1.633940220
2026-07-29T21:32:58.416526+00:00,1217.140958,current,rgb,30.000,45.000,11,700,0.258700,0.259090909,25.0000,3.722063065,3.761434793,1.634564757
2026-07-29T21:32:58.566949+00:00,1217.291383,current,rgb,30.000,45.000,12,700,0.258700,0.258977273,25.0000,3.722005367,3.761380911,1.634584069
2026-07-29T21:32:58.717994+00:00,1217.442423,current,rgb,30.000,45.000,13,700,0.258700,0.258948864,25.0000,3.722302437,3.760759592,1.634432673
2026-07-29T21:32:58.868537+00:00,1217.592967,current,rgb,30.000,45.000,14,700,0.258700,0.259034091,25.0000,3.722117424,3.761434078,1.634590864
2026-07-29T21:32:59.018944+00:00,1217.743378,current,rgb,30.000,45.000,15,700,0.258700,0.259005682,25.0000,3.722015858,3.761381865,1.634412646
2026-07-29T21:32:59.169312+00:00,1217.893746,current,rgb,30.000,45.000,16,700,0.258700,0.259034091,25.0000,3.722207069,3.761529922,1.634519577
2026-07-29T21:32:59.319702+00:00,1218.044136,current,rgb,30.000,45.000,17,700,0.258700,0.258977273,25.0000,3.722072124,3.761422634,1.634539127
2026-07-29T21:32:59.470115+00:00,1218.194548,current,rgb,30.000,45.000,18,700,0.258700,0.258977273,25.0000,3.722095490,3.761392117,1.634422421
2026-07-29T21:32:59.620474+00:00,1218.344904,current,rgb,30.000,45.000,19,700,0.258700,0.259062500,25.0000,3.721810579,3.761206865,1.634526253
2026-07-29T21:33:03.321510+00:00,1222.045940,current,rgb,30.000,90.000,0,700,0.258700,0.258948864,25.0000,3.723016739,3.762012959,1.634397030
2026-07-29T21:33:03.472077+00:00,1222.196510,current,rgb,30.000,90.000,1,700,0.258700,0.258920455,25.0000,3.723083496,3.762275219,1.634613395
2026-07-29T21:33:03.622535+00:00,1222.346969,current,rgb,30.000,90.000,2,700,0.258700,0.258892045,25.0000,3.723077297,3.762241364,1.634444952
2026-07-29T21:33:03.772846+00:00,1222.497281,current,rgb,30.000,90.000,3,700,0.258700,0.258948864,25.0000,3.723268747,3.762349606,1.634319663
2026-07-29T21:33:03.923472+00:00,1222.647903,current,rgb,30.000,90.000,4,700,0.258700,0.258920455,25.0000,3.723140717,3.762189865,1.634570122
2026-07-29T21:33:04.075323+00:00,1222.799752,current,rgb,30.000,90.000,5,700,0.258700,0.258892045,25.0000,3.723075628,3.762255907,1.634398818
2026-07-29T21:33:04.225920+00:00,1222.950352,current,rgb,30.000,90.000,6,700,0.258700,0.258977273,25.0000,3.723280191,3.762611866,1.634426594
2026-07-29T21:33:04.376443+00:00,1223.100876,current,rgb,30.000,90.000,7,700,0.258700,0.258863636,25.0399,3.723110199,3.762188196,1.634210467
2026-07-29T21:33:04.526822+00:00,1223.251254,current,rgb,30.000,90.000,8,700,0.258700,0.258892045,25.0000,3.723144293,3.762168884,1.634447575
2026-07-29T21:33:04.677364+00:00,1223.401792,current,rgb,30.000,90.000,9,700,0.258700,0.258863636,25.0000,3.723132133,3.761899471,1.634477854
2026-07-29T21:33:04.827890+00:00,1223.552320,current,rgb,30.000,90.000,10,700,0.258700,0.259034091,25.0000,3.722811222,3.761866570,1.634470105
2026-07-29T21:33:04.978355+00:00,1223.702788,current,rgb,30.000,90.000,11,700,0.258700,0.258863636,25.0000,3.722966671,3.761994600,1.634432673
2026-07-29T21:33:05.128787+00:00,1223.853221,current,rgb,30.000,90.000,12,700,0.258700,0.258920455,25.0000,3.722839117,3.761957884,1.634568214
2026-07-29T21:33:05.279197+00:00,1224.003631,current,rgb,30.000,90.000,13,700,0.258700,0.259005682,25.0000,3.722655773,3.761770248,1.634436607
2026-07-29T21:33:05.429569+00:00,1224.154002,current,rgb,30.000,90.000,14,700,0.258700,0.259034091,25.0000,3.722811699,3.761880875,1.634626508
2026-07-29T21:33:05.579998+00:00,1224.304423,current,rgb,30.000,90.000,15,700,0.258700,0.259062500,25.0000,3.722816944,3.761800766,1.634698272
2026-07-29T21:33:05.730553+00:00,1224.454984,current,rgb,30.000,90.000,16,700,0.258700,0.259034091,25.0000,3.722938538,3.761887312,1.634504676
2026-07-29T21:33:05.881204+00:00,1224.605636,current,rgb,30.000,90.000,17,700,0.258700,0.258948864,25.0000,3.723021030,3.762061119,1.634535193
2026-07-29T21:33:06.031654+00:00,1224.756088,current,rgb,30.000,90.000,18,700,0.258700,0.258892045,25.0000,3.722943306,3.762079239,1.634353638
2026-07-29T21:33:06.182140+00:00,1224.906570,current,rgb,30.000,90.000,19,700,0.258700,0.259062500,25.0399,3.723199844,3.762328148,1.634331822
2026-07-29T21:33:16.636668+00:00,1235.361098,current,dark,35.000,-90.000,0,0,,0.000710227,25.0000,4.896409035,4.903059959,1.649606824
2026-07-29T21:33:16.787232+00:00,1235.511665,current,dark,35.000,-90.000,1,0,,0.000710227,25.0797,4.896405220,4.903051376,1.649657607
2026-07-29T21:33:16.937663+00:00,1235.662097,current,dark,35.000,-90.000,2,0,,0.000738636,25.0399,4.896406174,4.903059959,1.649690509
2026-07-29T21:33:17.088101+00:00,1235.812536,current,dark,35.000,-90.000,3,0,,0.000710227,25.0797,4.896410465,4.903062820,1.649329662
2026-07-29T21:33:17.238477+00:00,1235.962911,current,dark,35.000,-90.000,4,0,,0.000710227,25.0797,4.896401882,4.903057098,1.649689078
2026-07-29T21:33:17.388862+00:00,1236.113293,current,dark,35.000,-90.000,5,0,,0.000710227,25.0797,4.896396637,4.903053761,1.649599671
2026-07-29T21:33:17.539256+00:00,1236.263690,current,dark,35.000,-90.000,6,0,,0.000738636,25.0797,4.896401882,4.903051376,1.649539351
2026-07-29T21:33:17.689959+00:00,1236.414389,current,dark,35.000,-90.000,7,0,,0.000738636,25.0399,4.896389484,4.903063297,1.649582863
2026-07-29T21:33:17.840547+00:00,1236.564980,current,dark,35.000,-90.000,8,0,,0.000710227,25.0399,4.896402836,4.903038025,1.649295211
2026-07-29T21:33:17.990850+00:00,1236.715283,current,dark,35.000,-90.000,9,0,,0.000710227,25.0399,4.896398544,4.903056145,1.649532318
2026-07-29T21:33:18.141137+00:00,1236.865571,current,dark,35.000,-90.000,10,0,,0.000710227,25.0399,4.896414757,4.903071404,1.649479628
2026-07-29T21:33:18.291443+00:00,1237.015877,current,dark,35.000,-90.000,11,0,,0.000710227,25.0399,4.896419525,4.903085709,1.649471998
2026-07-29T21:33:18.441767+00:00,1237.166200,current,dark,35.000,-90.000,12,0,,0.000710227,25.0399,4.896428108,4.903079987,1.649510860
2026-07-29T21:33:18.592127+00:00,1237.316562,current,dark,35.000,-90.000,13,0,,0.000710227,25.0399,4.896426678,4.903080940,1.649564028
2026-07-29T21:33:18.742383+00:00,1237.466818,current,dark,35.000,-90.000,14,0,,0.000710227,25.0399,4.896432400,4.903094769,1.649565697
2026-07-29T21:33:18.892709+00:00,1237.617144,current,dark,35.000,-90.000,15,0,,0.000710227,25.0399,4.896422386,4.903079987,1.649540663
2026-07-29T21:33:19.043002+00:00,1237.767437,current,dark,35.000,-90.000,16,0,,0.000710227,25.0399,4.896426678,4.903071404,1.649358749
2026-07-29T21:33:19.193280+00:00,1237.917713,current,dark,35.000,-90.000,17,0,,0.000710227,25.0000,4.896417141,4.903075218,1.649683237
2026-07-29T21:33:19.343685+00:00,1238.068117,current,dark,35.000,-90.000,18,0,,0.000710227,25.0000,4.896422863,4.903089046,1.649739385
2026-07-29T21:33:19.494078+00:00,1238.218510,current,dark,35.000,-90.000,19,0,,0.000710227,25.0000,4.896427155,4.903084755,1.649555206
2026-07-29T21:33:23.688483+00:00,1242.412911,current,rgb,35.000,-90.000,0,700,0.258700,0.259062500,25.0000,3.717945576,3.757364511,1.634468794
2026-07-29T21:33:23.838980+00:00,1242.563413,current,rgb,35.000,-90.000,1,700,0.258700,0.259034091,25.0399,3.717585802,3.757285595,1.634796262
2026-07-29T21:33:23.989314+00:00,1242.713749,current,rgb,35.000,-90.000,2,700,0.258700,0.259005682,25.0797,3.717820883,3.757467508,1.635079145
2026-07-29T21:33:24.139687+00:00,1242.864122,current,rgb,35.000,-90.000,3,700,0.258700,0.259034091,25.0797,3.717706680,3.757476807,1.635040164
2026-07-29T21:33:24.290038+00:00,1243.014473,current,rgb,35.000,-90.000,4,700,0.258700,0.259034091,25.0797,3.717947483,3.757563591,1.635052800
2026-07-29T21:33:24.440353+00:00,1243.164787,current,rgb,35.000,-90.000,5,700,0.258700,0.259062500,25.0399,3.718010187,3.757746696,1.635119677
2026-07-29T21:33:24.590786+00:00,1243.315220,current,rgb,35.000,-90.000,6,700,0.258700,0.259062500,25.0399,3.717967987,3.757699728,1.634847999
2026-07-29T21:33:24.741659+00:00,1243.466087,current,rgb,35.000,-90.000,7,700,0.258700,0.259005682,25.0399,3.717797279,3.757501125,1.634977579
2026-07-29T21:33:24.892198+00:00,1243.616631,current,rgb,35.000,-90.000,8,700,0.258700,0.259090909,25.0797,3.717682123,3.757440567,1.635250092
2026-07-29T21:33:25.042754+00:00,1243.767181,current,rgb,35.000,-90.000,9,700,0.258700,0.259147727,25.0797,3.717779160,3.757507324,1.635071397
2026-07-29T21:33:25.193303+00:00,1243.917735,current,rgb,35.000,-90.000,10,700,0.258700,0.259147727,25.0797,3.717832804,3.757627010,1.635185361
2026-07-29T21:33:25.343738+00:00,1244.068171,current,rgb,35.000,-90.000,11,700,0.258700,0.259090909,25.0797,3.717726469,3.757489204,1.635240555
2026-07-29T21:33:25.494154+00:00,1244.218585,current,rgb,35.000,-90.000,12,700,0.258700,0.259176136,25.0797,3.717968941,3.757703543,1.635263562
2026-07-29T21:33:25.644685+00:00,1244.369119,current,rgb,35.000,-90.000,13,700,0.258700,0.259147727,25.0797,3.718050957,3.757779360,1.635205626
2026-07-29T21:33:25.795156+00:00,1244.519587,current,rgb,35.000,-90.000,14,700,0.258700,0.259119318,25.0399,3.718003035,3.757757664,1.634961963
2026-07-29T21:33:25.945620+00:00,1244.670055,current,rgb,35.000,-90.000,15,700,0.258700,0.259176136,25.0797,3.718277216,3.757989883,1.635117054
2026-07-29T21:33:26.095972+00:00,1244.820400,current,rgb,35.000,-90.000,16,700,0.258700,0.259090909,25.0399,3.718236446,3.758037567,1.635005713
2026-07-29T21:33:26.246488+00:00,1244.970922,current,rgb,35.000,-90.000,17,700,0.258700,0.259090909,25.0797,3.718371630,3.757917404,1.634792805
2026-07-29T21:33:26.396932+00:00,1245.121364,current,rgb,35.000,-90.000,18,700,0.258700,0.259176136,25.0399,3.718628883,3.758306503,1.635100126
2026-07-29T21:33:26.547269+00:00,1245.271701,current,rgb,35.000,-90.000,19,700,0.258700,0.259062500,25.0399,3.718296051,3.758009434,1.635058403
2026-07-29T21:33:30.248785+00:00,1248.973211,current,rgb,35.000,-45.000,0,700,0.258700,0.259176136,25.0000,3.718842030,3.759078741,1.635044217
2026-07-29T21:33:30.399437+00:00,1249.123869,current,rgb,35.000,-45.000,1,700,0.258700,0.259147727,25.0399,3.719374895,3.759141445,1.634901166
2026-07-29T21:33:30.549936+00:00,1249.274369,current,rgb,35.000,-45.000,2,700,0.258700,0.259090909,25.0399,3.719522953,3.759305716,1.634837031
2026-07-29T21:33:30.700334+00:00,1249.424765,current,rgb,35.000,-45.000,3,700,0.258700,0.259204545,25.0399,3.719261169,3.759114981,1.635141492
2026-07-29T21:33:30.850825+00:00,1249.575260,current,rgb,35.000,-45.000,4,700,0.258700,0.259147727,25.0399,3.719341278,3.759150505,1.634917855
2026-07-29T21:33:31.001117+00:00,1249.725552,current,rgb,35.000,-45.000,5,700,0.258700,0.259119318,25.0797,3.719532967,3.759370089,1.635014296
2026-07-29T21:33:31.151585+00:00,1249.876014,current,rgb,35.000,-45.000,6,700,0.258700,0.259090909,25.0399,3.719358683,3.759209871,1.635021567
2026-07-29T21:33:31.302046+00:00,1250.026480,current,rgb,35.000,-45.000,7,700,0.258700,0.259119318,25.0399,3.719509125,3.759078503,1.634958386
2026-07-29T21:33:31.452577+00:00,1250.177010,current,rgb,35.000,-45.000,8,700,0.258700,0.259147727,25.0399,3.719497681,3.759356499,1.635035753
2026-07-29T21:33:31.602950+00:00,1250.327383,current,rgb,35.000,-45.000,9,700,0.258700,0.259062500,25.0399,3.719421387,3.759256601,1.634974480
2026-07-29T21:33:31.753281+00:00,1250.477715,current,rgb,35.000,-45.000,10,700,0.258700,0.259176136,25.0797,3.719556808,3.759448767,1.635000110
2026-07-29T21:33:31.903687+00:00,1250.628118,current,rgb,35.000,-45.000,11,700,0.258700,0.259090909,25.0797,3.719501972,3.759571552,1.635148287
2026-07-29T21:33:32.054080+00:00,1250.778513,current,rgb,35.000,-45.000,12,700,0.258700,0.259034091,25.0797,3.719461918,3.759321213,1.634364605
2026-07-29T21:33:32.204421+00:00,1250.928855,current,rgb,35.000,-45.000,13,700,0.258700,0.259119318,25.0797,3.719627380,3.759424686,1.635010123
2026-07-29T21:33:32.354737+00:00,1251.079172,current,rgb,35.000,-45.000,14,700,0.258700,0.259090909,25.0797,3.719583988,3.759391308,1.635080934
2026-07-29T21:33:32.505136+00:00,1251.229571,current,rgb,35.000,-45.000,15,700,0.258700,0.259176136,25.0797,3.719660282,3.759264469,1.635009885
2026-07-29T21:33:32.655443+00:00,1251.379877,current,rgb,35.000,-45.000,16,700,0.258700,0.259204545,25.0399,3.719508886,3.759449005,1.635188818
2026-07-29T21:33:32.805852+00:00,1251.530286,current,rgb,35.000,-45.000,17,700,0.258700,0.259147727,25.0399,3.719670534,3.759514332,1.635052562
2026-07-29T21:33:32.956155+00:00,1251.680590,current,rgb,35.000,-45.000,18,700,0.258700,0.259119318,25.0399,3.719833136,3.759610891,1.634956360
2026-07-29T21:33:33.106452+00:00,1251.830886,current,rgb,35.000,-45.000,19,700,0.258700,0.259034091,25.0399,3.719768286,3.759625435,1.635046959
2026-07-29T21:33:36.807307+00:00,1255.531736,current,rgb,35.000,0.000,0,700,0.258700,0.259062500,25.0000,3.720468521,3.760095835,1.635052800
2026-07-29T21:33:36.957774+00:00,1255.682209,current,rgb,35.000,0.000,1,700,0.258700,0.259090909,25.0399,3.720356941,3.760013103,1.635161757
2026-07-29T21:33:37.108208+00:00,1255.832642,current,rgb,35.000,0.000,2,700,0.258700,0.259176136,25.0399,3.720318317,3.759912491,1.635073304
2026-07-29T21:33:37.258592+00:00,1255.983027,current,rgb,35.000,0.000,3,700,0.258700,0.259147727,25.0399,3.720441103,3.760156870,1.635177374
2026-07-29T21:33:37.408863+00:00,1256.133297,current,rgb,35.000,0.000,4,700,0.258700,0.259090909,25.0399,3.720483780,3.760112286,1.635041118
2026-07-29T21:33:37.559214+00:00,1256.283647,current,rgb,35.000,0.000,5,700,0.258700,0.259119318,25.0399,3.720628977,3.760175943,1.634282351
2026-07-29T21:33:37.709564+00:00,1256.433968,current,rgb,35.000,0.000,6,700,0.258700,0.259204545,25.0797,3.720528841,3.760192156,1.635137320
2026-07-29T21:33:37.859992+00:00,1256.584426,current,rgb,35.000,0.000,7,700,0.258700,0.259119318,25.0399,3.720523357,3.760168552,1.634951472
2026-07-29T21:33:38.010365+00:00,1256.734797,current,rgb,35.000,0.000,8,700,0.258700,0.259119318,25.0399,3.720679283,3.760367393,1.634912133
2026-07-29T21:33:38.160808+00:00,1256.885239,current,rgb,35.000,0.000,9,700,0.258700,0.259090909,25.0399,3.720487595,3.760187626,1.635163903
2026-07-29T21:33:38.311233+00:00,1257.035668,current,rgb,35.000,0.000,10,700,0.258700,0.259147727,25.0399,3.720944166,3.760510921,1.634941220
2026-07-29T21:33:38.461591+00:00,1257.186024,current,rgb,35.000,0.000,11,700,0.258700,0.259062500,25.0399,3.720978498,3.760612011,1.634979844
2026-07-29T21:33:38.611903+00:00,1257.336338,current,rgb,35.000,0.000,12,700,0.258700,0.259062500,25.0399,3.720920086,3.760535240,1.634952903
2026-07-29T21:33:38.762274+00:00,1257.486707,current,rgb,35.000,0.000,13,700,0.258700,0.259119318,25.0399,3.721035957,3.760733843,1.634972930
2026-07-29T21:33:38.912596+00:00,1257.637032,current,rgb,35.000,0.000,14,700,0.258700,0.259034091,25.0399,3.721086979,3.760750055,1.635005236
2026-07-29T21:33:39.062984+00:00,1257.787418,current,rgb,35.000,0.000,15,700,0.258700,0.258948864,25.0399,3.720862389,3.760586739,1.634771585
2026-07-29T21:33:39.213289+00:00,1257.937724,current,rgb,35.000,0.000,16,700,0.258700,0.259062500,25.0399,3.721070290,3.760761023,1.635076046
2026-07-29T21:33:39.363628+00:00,1258.088063,current,rgb,35.000,0.000,17,700,0.258700,0.258977273,25.0399,3.721064568,3.760721684,1.635066271
2026-07-29T21:33:39.513927+00:00,1258.238361,current,rgb,35.000,0.000,18,700,0.258700,0.258977273,25.0399,3.721132755,3.760674000,1.634868026
2026-07-29T21:33:39.664298+00:00,1258.388731,current,rgb,35.000,0.000,19,700,0.258700,0.259062500,25.0399,3.721144676,3.760811329,1.634984970
2026-07-29T21:33:43.365574+00:00,1262.090003,current,rgb,35.000,45.000,0,700,0.258700,0.258977273,25.1196,3.721876383,3.761203289,1.635017157
2026-07-29T21:33:43.516120+00:00,1262.240553,current,rgb,35.000,45.000,1,700,0.258700,0.259034091,25.0399,3.721967936,3.761367798,1.635056019
2026-07-29T21:33:43.666556+00:00,1262.390988,current,rgb,35.000,45.000,2,700,0.258700,0.259005682,25.0399,3.721685410,3.761154413,1.634945869
2026-07-29T21:33:43.816992+00:00,1262.541426,current,rgb,35.000,45.000,3,700,0.258700,0.259034091,25.0399,3.721932173,3.761260033,1.635111451
2026-07-29T21:33:43.967427+00:00,1262.691861,current,rgb,35.000,45.000,4,700,0.258700,0.259005682,25.0399,3.721878290,3.761339426,1.635111690
2026-07-29T21:33:44.117849+00:00,1262.842280,current,rgb,35.000,45.000,5,700,0.258700,0.258948864,25.0399,3.721726894,3.761137009,1.634895802
2026-07-29T21:33:44.268307+00:00,1262.992739,current,rgb,35.000,45.000,6,700,0.258700,0.259005682,25.0399,3.721974134,3.761293411,1.635080934
2026-07-29T21:33:44.418756+00:00,1263.143189,current,rgb,35.000,45.000,7,700,0.258700,0.258948864,25.0399,3.721873760,3.761275291,1.635178089
2026-07-29T21:33:44.569208+00:00,1263.293637,current,rgb,35.000,45.000,8,700,0.258700,0.259005682,25.0399,3.722034931,3.760891199,1.635041118
2026-07-29T21:33:44.719718+00:00,1263.444148,current,rgb,35.000,45.000,9,700,0.258700,0.259090909,25.0000,3.721634150,3.760933876,1.635209322
2026-07-29T21:33:44.870140+00:00,1263.594574,current,rgb,35.000,45.000,10,700,0.258700,0.259062500,25.0399,3.721555471,3.760933876,1.635105014
2026-07-29T21:33:45.020570+00:00,1263.745005,current,rgb,35.000,45.000,11,700,0.258700,0.259090909,25.0399,3.721732616,3.761101246,1.635064006
2026-07-29T21:33:45.170988+00:00,1263.895421,current,rgb,35.000,45.000,12,700,0.258700,0.259062500,25.0000,3.721531630,3.760851860,1.635318637
2026-07-29T21:33:45.321434+00:00,1264.045867,current,rgb,35.000,45.000,13,700,0.258700,0.259062500,25.0000,3.721416950,3.760824442,1.635171175
2026-07-29T21:33:45.471877+00:00,1264.196311,current,rgb,35.000,45.000,14,700,0.258700,0.259119318,25.0000,3.721579552,3.761013031,1.635277629
2026-07-29T21:33:45.622269+00:00,1264.346702,current,rgb,35.000,45.000,15,700,0.258700,0.259034091,25.0000,3.721680164,3.761010170,1.635169268
2026-07-29T21:33:45.772650+00:00,1264.497084,current,rgb,35.000,45.000,16,700,0.258700,0.259062500,25.0000,3.722061157,3.761182308,1.634947062
2026-07-29T21:33:45.923023+00:00,1264.647456,current,rgb,35.000,45.000,17,700,0.258700,0.258977273,25.0000,3.721724987,3.761033535,1.635101676
2026-07-29T21:33:46.073708+00:00,1264.798136,current,rgb,35.000,45.000,18,700,0.258700,0.259090909,25.0000,3.721710205,3.761011600,1.635121703
2026-07-29T21:33:46.224453+00:00,1264.948883,current,rgb,35.000,45.000,19,700,0.258700,0.259062500,25.0399,3.721896410,3.761200428,1.635013461
2026-07-29T21:33:49.925815+00:00,1268.650246,current,rgb,35.000,90.000,0,700,0.258700,0.258920455,25.0000,3.722880840,3.762014389,1.634930253
2026-07-29T21:33:50.076305+00:00,1268.800739,current,rgb,35.000,90.000,1,700,0.258700,0.258863636,25.0399,3.723121166,3.762240171,1.634959340
2026-07-29T21:33:50.226757+00:00,1268.951191,current,rgb,35.000,90.000,2,700,0.258700,0.258920455,25.0399,3.722972631,3.762104750,1.635162234
2026-07-29T21:33:50.377124+00:00,1269.101559,current,rgb,35.000,90.000,3,700,0.258700,0.258948864,25.0399,3.722911835,3.761865139,1.634995937
2026-07-29T21:33:50.527441+00:00,1269.251874,current,rgb,35.000,90.000,4,700,0.258700,0.258977273,25.0399,3.722877979,3.762084484,1.635323524
2026-07-29T21:33:50.677800+00:00,1269.402232,current,rgb,35.000,90.000,5,700,0.258700,0.258948864,25.0399,3.722991467,3.762087345,1.635162473
2026-07-29T21:33:50.828201+00:00,1269.552635,current,rgb,35.000,90.000,6,700,0.258700,0.258892045,25.0399,3.723038197,3.762179375,1.635058165
2026-07-29T21:33:50.978459+00:00,1269.702893,current,rgb,35.000,90.000,7,700,0.258700,0.259005682,25.0399,3.723056078,3.762254238,1.635108471
2026-07-29T21:33:51.128554+00:00,1269.852982,current,rgb,35.000,90.000,8,700,0.258700,0.258778409,25.0399,3.722622156,3.761597633,1.634872198
2026-07-29T21:33:51.279337+00:00,1270.003763,current,rgb,35.000,90.000,9,700,0.258700,0.259005682,25.0399,3.722867012,3.762198687,1.634940982
2026-07-29T21:33:51.430046+00:00,1270.154478,current,rgb,35.000,90.000,10,700,0.258700,0.258863636,25.0399,3.722793818,3.761887789,1.634571910
2026-07-29T21:33:51.580666+00:00,1270.305094,current,rgb,35.000,90.000,11,700,0.258700,0.258977273,25.0399,3.722843170,3.761847496,1.634902477
2026-07-29T21:33:51.731243+00:00,1270.455675,current,rgb,35.000,90.000,12,700,0.258700,0.259034091,25.0399,3.722886562,3.761984348,1.635009885
2026-07-29T21:33:51.881613+00:00,1270.606048,current,rgb,35.000,90.000,13,700,0.258700,0.258892045,25.0399,3.722813606,3.761896133,1.634979844
2026-07-29T21:33:52.032012+00:00,1270.756445,current,rgb,35.000,90.000,14,700,0.258700,0.258977273,25.0399,3.722921848,3.762014151,1.634932399
2026-07-29T21:33:52.182342+00:00,1270.906777,current,rgb,35.000,90.000,15,700,0.258700,0.259034091,25.0399,3.722773552,3.761888981,1.635208130
2026-07-29T21:33:52.332660+00:00,1271.057093,current,rgb,35.000,90.000,16,700,0.258700,0.259034091,25.0399,3.722757816,3.761861801,1.634977341
2026-07-29T21:33:52.482959+00:00,1271.207393,current,rgb,35.000,90.000,17,700,0.258700,0.259005682,25.0399,3.722918510,3.761981726,1.635080457
2026-07-29T21:33:52.633293+00:00,1271.357727,current,rgb,35.000,90.000,18,700,0.258700,0.258892045,25.0399,3.722895145,3.761974335,1.635144830
2026-07-29T21:33:52.783822+00:00,1271.508256,current,rgb,35.000,90.000,19,700,0.258700,0.258920455,25.0399,3.722956419,3.761927605,1.634912133
2026-07-29T21:34:03.237902+00:00,1281.962331,current,dark,40.000,-90.000,0,0,,0.000710227,25.0000,4.896413326,4.903057098,1.649706841
2026-07-29T21:34:03.388561+00:00,1282.112993,current,dark,40.000,-90.000,1,0,,0.000710227,25.0000,4.896426678,4.903062820,1.649570584
2026-07-29T21:34:03.538943+00:00,1282.263377,current,dark,40.000,-90.000,2,0,,0.000710227,25.0399,4.896427155,4.903054714,1.649692178
2026-07-29T21:34:03.689297+00:00,1282.413730,current,dark,40.000,-90.000,3,0,,0.000710227,25.0399,4.896420956,4.903066158,1.649478555
2026-07-29T21:34:03.839675+00:00,1282.564109,current,dark,40.000,-90.000,4,0,,0.000710227,25.0399,4.896430016,4.903054714,1.649607301
2026-07-29T21:34:03.990036+00:00,1282.714470,current,dark,40.000,-90.000,5,0,,0.000738636,25.0399,4.896410942,4.903056622,1.649724245
2026-07-29T21:34:04.140316+00:00,1282.864750,current,dark,40.000,-90.000,6,0,,0.000710227,25.0399,4.896409035,4.903061867,1.649487376
2026-07-29T21:34:04.290658+00:00,1283.015093,current,dark,40.000,-90.000,7,0,,0.000710227,25.0399,4.896420002,4.903066158,1.649693489
2026-07-29T21:34:04.440963+00:00,1283.165399,current,dark,40.000,-90.000,8,0,,0.000710227,25.0399,4.896413803,4.903064728,1.649605274
2026-07-29T21:34:04.591303+00:00,1283.315736,current,dark,40.000,-90.000,9,0,,0.000738636,25.0399,4.896403313,4.903072357,1.649587989
2026-07-29T21:34:04.741746+00:00,1283.466180,current,dark,40.000,-90.000,10,0,,0.000710227,25.0399,4.896407604,4.903074265,1.649755955
2026-07-29T21:34:04.892162+00:00,1283.616596,current,dark,40.000,-90.000,11,0,,0.000710227,25.0399,4.896409035,4.903079033,1.649524689
2026-07-29T21:34:05.042460+00:00,1283.766896,current,dark,40.000,-90.000,12,0,,0.000710227,25.0399,4.896407604,4.903066635,1.649620175
2026-07-29T21:34:05.192771+00:00,1283.917205,current,dark,40.000,-90.000,13,0,,0.000710227,25.0399,4.896389008,4.903059006,1.649707794
2026-07-29T21:34:05.343137+00:00,1284.067569,current,dark,40.000,-90.000,14,0,,0.000710227,25.0399,4.896401405,4.903080940,1.649751306
2026-07-29T21:34:05.493482+00:00,1284.217916,current,dark,40.000,-90.000,15,0,,0.000710227,25.0399,4.896399975,4.903069019,1.649782538
2026-07-29T21:34:05.643926+00:00,1284.368356,current,dark,40.000,-90.000,16,0,,0.000710227,25.0399,4.896397114,4.903069019,1.649658561
2026-07-29T21:34:05.794388+00:00,1284.518820,current,dark,40.000,-90.000,17,0,,0.000710227,25.0399,4.896397591,4.903070450,1.649455905
2026-07-29T21:34:05.944836+00:00,1284.669269,current,dark,40.000,-90.000,18,0,,0.000710227,25.0399,4.896402359,4.903067112,1.649640203
2026-07-29T21:34:06.095237+00:00,1284.819670,current,dark,40.000,-90.000,19,0,,0.000710227,25.0399,4.896402836,4.903062820,1.649549127
2026-07-29T21:34:10.289346+00:00,1289.013776,current,rgb,40.000,-90.000,0,700,0.258700,0.259119318,25.0000,3.717191458,3.757014275,1.635843873
2026-07-29T21:34:10.439892+00:00,1289.164320,current,rgb,40.000,-90.000,1,700,0.258700,0.259119318,25.0399,3.717157364,3.756992817,1.635564566
2026-07-29T21:34:10.590482+00:00,1289.314914,current,rgb,40.000,-90.000,2,700,0.258700,0.259090909,25.0399,3.717434645,3.757236481,1.635655642
2026-07-29T21:34:10.740858+00:00,1289.465291,current,rgb,40.000,-90.000,3,700,0.258700,0.259062500,25.0399,3.717520714,3.757122517,1.635625839
2026-07-29T21:34:10.891211+00:00,1289.615646,current,rgb,40.000,-90.000,4,700,0.258700,0.259090909,25.0399,3.717401505,3.757101059,1.635738850
2026-07-29T21:34:11.041585+00:00,1289.766019,current,rgb,40.000,-90.000,5,700,0.258700,0.259119318,25.0399,3.717500210,3.757327795,1.635891914
2026-07-29T21:34:11.192014+00:00,1289.916443,current,rgb,40.000,-90.000,6,700,0.258700,0.259062500,25.0399,3.717491150,3.757340908,1.635806918
2026-07-29T21:34:11.342488+00:00,1290.066920,current,rgb,40.000,-90.000,7,700,0.258700,0.259119318,25.0399,3.717792988,3.757508039,1.635764956
2026-07-29T21:34:11.492989+00:00,1290.217419,current,rgb,40.000,-90.000,8,700,0.258700,0.259090909,25.0399,3.717772722,3.757741213,1.635835767
2026-07-29T21:34:11.643618+00:00,1290.368047,current,rgb,40.000,-90.000,9,700,0.258700,0.259119318,25.0399,3.717749357,3.757549524,1.635620952
2026-07-29T21:34:11.794147+00:00,1290.518580,current,rgb,40.000,-90.000,10,700,0.258700,0.259119318,25.0399,3.717899323,3.757680893,1.635844588
2026-07-29T21:34:11.944533+00:00,1290.668968,current,rgb,40.000,-90.000,11,700,0.258700,0.259062500,25.0399,3.717977524,3.757688046,1.635850668
2026-07-29T21:34:12.095005+00:00,1290.819436,current,rgb,40.000,-90.000,12,700,0.258700,0.259062500,25.0399,3.718147039,3.757764101,1.635632396
2026-07-29T21:34:12.245335+00:00,1290.969763,current,rgb,40.000,-90.000,13,700,0.258700,0.259090909,25.0399,3.717409372,3.757879496,1.635815501
2026-07-29T21:34:12.395892+00:00,1291.120323,current,rgb,40.000,-90.000,14,700,0.258700,0.259034091,25.0399,3.718125582,3.757825136,1.635762811
2026-07-29T21:34:12.546383+00:00,1291.270816,current,rgb,40.000,-90.000,15,700,0.258700,0.259090909,25.0399,3.718319893,3.758045435,1.635702252
2026-07-29T21:34:12.696856+00:00,1291.421286,current,rgb,40.000,-90.000,16,700,0.258700,0.259176136,25.0399,3.718320131,3.758000851,1.635879755
2026-07-29T21:34:12.847297+00:00,1291.571730,current,rgb,40.000,-90.000,17,700,0.258700,0.259090909,25.0000,3.718301296,3.758016825,1.635661244
2026-07-29T21:34:12.997748+00:00,1291.722181,current,rgb,40.000,-90.000,18,700,0.258700,0.259062500,25.0399,3.718447208,3.758163214,1.635746121
2026-07-29T21:34:13.148145+00:00,1291.872579,current,rgb,40.000,-90.000,19,700,0.258700,0.259062500,25.0000,3.718478441,3.758187771,1.635819435
2026-07-29T21:34:16.848798+00:00,1295.573228,current,rgb,40.000,-45.000,0,700,0.258700,0.259119318,25.0000,3.719303846,3.759113312,1.635696650
2026-07-29T21:34:16.999236+00:00,1295.723669,current,rgb,40.000,-45.000,1,700,0.258700,0.259090909,25.0000,3.719229937,3.759008646,1.635792613
2026-07-29T21:34:17.149621+00:00,1295.874053,current,rgb,40.000,-45.000,2,700,0.258700,0.259204545,25.0000,3.719433308,3.759034157,1.635722518
2026-07-29T21:34:17.300351+00:00,1296.024782,current,rgb,40.000,-45.000,3,700,0.258700,0.259119318,25.0399,3.719444036,3.759170771,1.635743260
2026-07-29T21:34:17.452107+00:00,1296.176524,current,rgb,40.000,-45.000,4,700,0.258700,0.259062500,25.0399,3.719335556,3.758824348,1.635541558
2026-07-29T21:34:17.602489+00:00,1296.326917,current,rgb,40.000,-45.000,5,700,0.258700,0.259289773,25.0399,3.719448090,3.759305954,1.635677338
2026-07-29T21:34:17.753063+00:00,1296.477495,current,rgb,40.000,-45.000,6,700,0.258700,0.259034091,25.0399,3.719494581,3.759240150,1.635830164
2026-07-29T21:34:17.903404+00:00,1296.627838,current,rgb,40.000,-45.000,7,700,0.258700,0.259119318,25.0399,3.719446421,3.759263754,1.635602117
2026-07-29T21:34:18.053897+00:00,1296.778329,current,rgb,40.000,-45.000,8,700,0.258700,0.259147727,25.0399,3.719641924,3.759366035,1.635681033
2026-07-29T21:34:18.204296+00:00,1296.928730,current,rgb,40.000,-45.000,9,700,0.258700,0.259090909,25.0399,3.719635248,3.759584427,1.635846972
2026-07-29T21:34:18.354757+00:00,1297.079192,current,rgb,40.000,-45.000,10,700,0.258700,0.259090909,25.0399,3.720014095,3.759586811,1.635628700
2026-07-29T21:34:18.505077+00:00,1297.229510,current,rgb,40.000,-45.000,11,700,0.258700,0.259062500,25.0399,3.719960451,3.759688854,1.635825038
2026-07-29T21:34:18.655504+00:00,1297.379935,current,rgb,40.000,-45.000,12,700,0.258700,0.259090909,25.0399,3.719913721,3.759658098,1.635621428
2026-07-29T21:34:18.805912+00:00,1297.530345,current,rgb,40.000,-45.000,13,700,0.258700,0.259062500,25.0399,3.720093727,3.759842396,1.635724425
2026-07-29T21:34:18.956277+00:00,1297.680711,current,rgb,40.000,-45.000,14,700,0.258700,0.259005682,25.0399,3.720150471,3.760010004,1.635690212
2026-07-29T21:34:19.106618+00:00,1297.831052,current,rgb,40.000,-45.000,15,700,0.258700,0.258948864,25.0399,3.720018387,3.759820700,1.634881616
2026-07-29T21:34:19.256936+00:00,1297.981370,current,rgb,40.000,-45.000,16,700,0.258700,0.259062500,25.0399,3.720189333,3.759905100,1.635706425
2026-07-29T21:34:19.407234+00:00,1298.131668,current,rgb,40.000,-45.000,17,700,0.258700,0.258948864,25.0399,3.720105886,3.759987354,1.635699272
2026-07-29T21:34:19.557661+00:00,1298.282094,current,rgb,40.000,-45.000,18,700,0.258700,0.259005682,25.0399,3.720284462,3.759873867,1.635549426
2026-07-29T21:34:19.708180+00:00,1298.432610,current,rgb,40.000,-45.000,19,700,0.258700,0.259034091,25.0399,3.719833851,3.759637117,1.635830164
2026-07-29T21:34:23.409456+00:00,1302.133885,current,rgb,40.000,0.000,0,700,0.258700,0.259119318,25.0000,3.720787048,3.760372639,1.635811090
2026-07-29T21:34:23.560139+00:00,1302.284570,current,rgb,40.000,0.000,1,700,0.258700,0.259090909,25.0000,3.720739126,3.760306835,1.635957599
2026-07-29T21:34:23.710565+00:00,1302.434995,current,rgb,40.000,0.000,2,700,0.258700,0.259034091,25.0399,3.720714808,3.760330439,1.635828495
2026-07-29T21:34:23.861118+00:00,1302.585549,current,rgb,40.000,0.000,3,700,0.258700,0.259034091,25.0399,3.720912457,3.760523796,1.635857940
2026-07-29T21:34:24.011565+00:00,1302.735998,current,rgb,40.000,0.000,4,700,0.258700,0.259005682,25.0399,3.720948458,3.760593414,1.635880709
2026-07-29T21:34:24.161937+00:00,1302.886369,current,rgb,40.000,0.000,5,700,0.258700,0.258977273,25.0399,3.720891953,3.760251760,1.635637283
2026-07-29T21:34:24.312331+00:00,1303.036764,current,rgb,40.000,0.000,6,700,0.258700,0.259090909,25.0000,3.720916748,3.760511398,1.635986924
2026-07-29T21:34:24.462715+00:00,1303.187148,current,rgb,40.000,0.000,7,700,0.258700,0.259005682,25.0000,3.720791578,3.760304689,1.635892153
2026-07-29T21:34:24.613085+00:00,1303.337518,current,rgb,40.000,0.000,8,700,0.258700,0.259090909,25.0000,3.720852375,3.760380268,1.635325551
2026-07-29T21:34:24.763478+00:00,1303.487909,current,rgb,40.000,0.000,9,700,0.258700,0.259090909,25.0000,3.720512152,3.760088682,1.636037946
2026-07-29T21:34:24.913914+00:00,1303.638347,current,rgb,40.000,0.000,10,700,0.258700,0.259119318,25.0000,3.720531464,3.760149002,1.635825038
2026-07-29T21:34:25.064293+00:00,1303.788727,current,rgb,40.000,0.000,11,700,0.258700,0.259147727,25.0000,3.720633745,3.760165930,1.635856032
2026-07-29T21:34:25.214636+00:00,1303.939070,current,rgb,40.000,0.000,12,700,0.258700,0.259119318,25.0000,3.720582008,3.760199547,1.635935426
2026-07-29T21:34:25.364933+00:00,1304.089368,current,rgb,40.000,0.000,13,700,0.258700,0.259119318,25.0000,3.720726728,3.760109425,1.635714889
2026-07-29T21:34:25.515250+00:00,1304.239684,current,rgb,40.000,0.000,14,700,0.258700,0.259147727,25.0000,3.720723152,3.760279655,1.635835528
2026-07-29T21:34:25.665604+00:00,1304.390037,current,rgb,40.000,0.000,15,700,0.258700,0.259090909,25.0000,3.720593452,3.760144234,1.635780573
2026-07-29T21:34:25.815933+00:00,1304.540367,current,rgb,40.000,0.000,16,700,0.258700,0.259147727,25.0000,3.720716000,3.760246038,1.635898471
2026-07-29T21:34:25.966317+00:00,1304.690752,current,rgb,40.000,0.000,17,700,0.258700,0.259176136,25.0000,3.720700502,3.760273933,1.635889292
2026-07-29T21:34:26.116608+00:00,1304.841042,current,rgb,40.000,0.000,18,700,0.258700,0.259119318,25.0000,3.720558167,3.760131359,1.635759592
2026-07-29T21:34:26.267122+00:00,1304.991551,current,rgb,40.000,0.000,19,700,0.258700,0.259119318,25.0000,3.720753431,3.760331154,1.635883808
2026-07-29T21:34:29.968270+00:00,1308.692698,current,rgb,40.000,45.000,0,700,0.258700,0.259090909,25.0000,3.721374512,3.760632515,1.635773540
2026-07-29T21:34:30.118786+00:00,1308.843219,current,rgb,40.000,45.000,1,700,0.258700,0.259119318,25.0000,3.721854448,3.760960340,1.635573506
2026-07-29T21:34:30.269159+00:00,1308.993592,current,rgb,40.000,45.000,2,700,0.258700,0.259034091,25.0000,3.721752167,3.761015892,1.635808229
2026-07-29T21:34:30.419579+00:00,1309.144014,current,rgb,40.000,45.000,3,700,0.258700,0.259090909,25.0000,3.721836090,3.760771751,1.635603070
2026-07-29T21:34:30.569921+00:00,1309.294355,current,rgb,40.000,45.000,4,700,0.258700,0.259090909,25.0000,3.721545935,3.760894537,1.635894179
2026-07-29T21:34:30.720278+00:00,1309.444713,current,rgb,40.000,45.000,5,700,0.258700,0.259062500,25.0000,3.721452713,3.760780096,1.635767221
2026-07-29T21:34:30.870639+00:00,1309.595071,current,rgb,40.000,45.000,6,700,0.258700,0.259090909,25.0000,3.721663713,3.760911465,1.635914326
2026-07-29T21:34:31.021048+00:00,1309.745482,current,rgb,40.000,45.000,7,700,0.258700,0.259062500,25.0399,3.721587181,3.760879993,1.636009574
2026-07-29T21:34:31.171290+00:00,1309.895719,current,rgb,40.000,45.000,8,700,0.258700,0.259034091,25.0000,3.721520662,3.760797501,1.635800600
2026-07-29T21:34:31.321771+00:00,1310.046205,current,rgb,40.000,45.000,9,700,0.258700,0.259062500,25.0000,3.721674919,3.760959864,1.635975957
2026-07-29T21:34:31.472147+00:00,1310.196581,current,rgb,40.000,45.000,10,700,0.258700,0.259090909,25.0399,3.721742868,3.760978222,1.635914087
2026-07-29T21:34:31.622545+00:00,1310.346978,current,rgb,40.000,45.000,11,700,0.258700,0.259062500,25.0399,3.721776485,3.760971546,1.635765195
2026-07-29T21:34:31.772852+00:00,1310.497285,current,rgb,40.000,45.000,12,700,0.258700,0.259090909,25.0399,3.721734285,3.761012316,1.635864377
2026-07-29T21:34:31.923210+00:00,1310.647645,current,rgb,40.000,45.000,13,700,0.258700,0.259034091,25.0399,3.721654177,3.760882854,1.635744452
2026-07-29T21:34:32.073586+00:00,1310.798020,current,rgb,40.000,45.000,14,700,0.258700,0.259090909,25.0399,3.721702099,3.760977268,1.635939240
2026-07-29T21:34:32.223878+00:00,1310.948314,current,rgb,40.000,45.000,15,700,0.258700,0.259062500,25.0399,3.721669674,3.760960579,1.636105061
2026-07-29T21:34:32.374160+00:00,1311.098595,current,rgb,40.000,45.000,16,700,0.258700,0.259119318,25.0000,3.721662521,3.760886669,1.635874391
2026-07-29T21:34:32.524631+00:00,1311.249060,current,rgb,40.000,45.000,17,700,0.258700,0.259147727,25.0399,3.722002983,3.761193752,1.636034727
2026-07-29T21:34:32.675349+00:00,1311.399778,current,rgb,40.000,45.000,18,700,0.258700,0.258977273,25.0399,3.721773863,3.761062384,1.635404348
2026-07-29T21:34:32.825802+00:00,1311.550235,current,rgb,40.000,45.000,19,700,0.258700,0.259062500,25.0000,3.721989632,3.761216402,1.635988593
2026-07-29T21:34:36.526963+00:00,1315.251391,current,rgb,40.000,90.000,0,700,0.258700,0.258920455,25.0000,3.722395897,3.761565447,1.635793328
2026-07-29T21:34:36.677473+00:00,1315.401905,current,rgb,40.000,90.000,1,700,0.258700,0.259090909,25.0399,3.722575903,3.761704206,1.635824084
2026-07-29T21:34:36.828007+00:00,1315.552442,current,rgb,40.000,90.000,2,700,0.258700,0.259090909,25.0399,3.722566128,3.761701345,1.635834575
2026-07-29T21:34:36.978391+00:00,1315.702826,current,rgb,40.000,90.000,3,700,0.258700,0.259034091,25.0399,3.722557783,3.761718750,1.635607004
2026-07-29T21:34:37.128709+00:00,1315.853143,current,rgb,40.000,90.000,4,700,0.258700,0.259005682,25.0399,3.722763062,3.761851549,1.635681748
2026-07-29T21:34:37.279115+00:00,1316.003547,current,rgb,40.000,90.000,5,700,0.258700,0.259005682,25.0399,3.722648144,3.761731625,1.635845304
2026-07-29T21:34:37.429473+00:00,1316.153907,current,rgb,40.000,90.000,6,700,0.258700,0.259005682,25.0399,3.722628593,3.761644125,1.635748148
2026-07-29T21:34:37.579949+00:00,1316.304380,current,rgb,40.000,90.000,7,700,0.258700,0.259034091,25.0399,3.722684860,3.761762142,1.635879993
2026-07-29T21:34:37.730375+00:00,1316.454808,current,rgb,40.000,90.000,8,700,0.258700,0.258977273,25.0399,3.722642422,3.761799812,1.635701537
2026-07-29T21:34:37.880858+00:00,1316.605291,current,rgb,40.000,90.000,9,700,0.258700,0.259005682,25.0399,3.722808361,3.761932850,1.635802627
2026-07-29T21:34:38.031234+00:00,1316.755668,current,rgb,40.000,90.000,10,700,0.258700,0.259005682,25.0399,3.722683907,3.761805296,1.635901213
2026-07-29T21:34:38.181676+00:00,1316.906106,current,rgb,40.000,90.000,11,700,0.258700,0.258948864,25.0399,3.722608566,3.761792421,1.635727644
2026-07-29T21:34:38.332195+00:00,1317.056629,current,rgb,40.000,90.000,12,700,0.258700,0.259034091,25.0399,3.722850323,3.762115479,1.635705352
2026-07-29T21:34:38.482154+00:00,1317.206582,current,rgb,40.000,90.000,13,700,0.258700,0.258835227,25.0399,3.721975088,3.761864662,1.635266900
2026-07-29T21:34:38.632835+00:00,1317.357265,current,rgb,40.000,90.000,14,700,0.258700,0.259005682,25.0399,3.722937107,3.761813879,1.635591626
2026-07-29T21:34:38.783292+00:00,1317.507725,current,rgb,40.000,90.000,15,700,0.258700,0.258977273,25.0399,3.722853422,3.761939049,1.635774255
2026-07-29T21:34:38.933776+00:00,1317.658210,current,rgb,40.000,90.000,16,700,0.258700,0.259005682,25.0399,3.722816944,3.761923075,1.635662913
2026-07-29T21:34:39.084299+00:00,1317.808731,current,rgb,40.000,90.000,17,700,0.258700,0.259005682,25.0399,3.722953796,3.761989594,1.635623336
2026-07-29T21:34:39.234782+00:00,1317.959216,current,rgb,40.000,90.000,18,700,0.258700,0.259005682,25.0399,3.722841263,3.761903286,1.635799408
2026-07-29T21:34:39.385133+00:00,1318.109567,current,rgb,40.000,90.000,19,700,0.258700,0.258920455,25.0399,3.722712517,3.761797905,1.635577202
2026-07-29T21:34:49.840157+00:00,1328.564585,current,dark,45.000,-90.000,0,0,,0.000710227,25.0000,4.896439552,4.903098106,1.649607778
2026-07-29T21:34:49.990657+00:00,1328.715091,current,dark,45.000,-90.000,1,0,,0.000710227,25.0399,4.896442890,4.903083324,1.649520397
2026-07-29T21:34:50.141048+00:00,1328.865481,current,dark,45.000,-90.000,2,0,,0.000710227,25.0399,4.896439075,4.903106213,1.649543524
2026-07-29T21:34:50.291400+00:00,1329.015833,current,dark,45.000,-90.000,3,0,,0.000710227,25.0399,4.896445274,4.903094769,1.649579167
2026-07-29T21:34:50.441809+00:00,1329.166244,current,dark,45.000,-90.000,4,0,,0.000710227,25.0399,4.896442413,4.903107643,1.649511576
2026-07-29T21:34:50.592181+00:00,1329.316615,current,dark,45.000,-90.000,5,0,,0.000710227,25.0399,4.896452904,4.903107643,1.649684668
2026-07-29T21:34:50.742514+00:00,1329.466948,current,dark,45.000,-90.000,6,0,,0.000710227,25.0399,4.896438122,4.903115273,1.649438500
2026-07-29T21:34:50.892816+00:00,1329.617249,current,dark,45.000,-90.000,7,0,,0.000710227,25.0399,4.896447659,4.903106213,1.649634838
2026-07-29T21:34:51.043132+00:00,1329.767565,current,dark,45.000,-90.000,8,0,,0.000710227,25.0399,4.896440506,4.903088570,1.649653912
2026-07-29T21:34:51.193675+00:00,1329.918104,current,dark,45.000,-90.000,9,0,,0.000710227,25.0000,4.896423817,4.903071404,1.649547696
2026-07-29T21:34:51.344222+00:00,1330.068653,current,dark,45.000,-90.000,10,0,,0.000710227,25.0399,4.896419525,4.903074265,1.649807453
2026-07-29T21:34:51.494631+00:00,1330.219065,current,dark,45.000,-90.000,11,0,,0.000738636,25.0399,4.896409035,4.903070927,1.649694920
2026-07-29T21:34:51.644940+00:00,1330.369374,current,dark,45.000,-90.000,12,0,,0.000738636,25.0399,4.896425247,4.903065205,1.649665833
2026-07-29T21:34:51.795380+00:00,1330.519813,current,dark,45.000,-90.000,13,0,,0.000710227,25.0399,4.896426678,4.903065205,1.649598241
2026-07-29T21:34:51.945702+00:00,1330.670135,current,dark,45.000,-90.000,14,0,,0.000710227,25.0399,4.896417618,4.903056622,1.649423718
2026-07-29T21:34:52.096067+00:00,1330.820502,current,dark,45.000,-90.000,15,0,,0.000710227,25.0399,4.896427155,4.903049946,1.649646044
2026-07-29T21:34:52.246336+00:00,1330.970770,current,dark,45.000,-90.000,16,0,,0.000710227,25.0399,4.896417618,4.903066158,1.649445415
2026-07-29T21:34:52.396789+00:00,1331.121223,current,dark,45.000,-90.000,17,0,,0.000710227,25.0399,4.896430016,4.903070450,1.649461269
2026-07-29T21:34:52.547125+00:00,1331.271559,current,dark,45.000,-90.000,18,0,,0.000710227,25.0399,4.896434784,4.903040886,1.649715662
2026-07-29T21:34:52.697483+00:00,1331.421917,current,dark,45.000,-90.000,19,0,,0.000738636,25.0399,4.896424294,4.903073311,1.649662375
2026-07-29T21:34:56.891765+00:00,1335.616195,current,rgb,45.000,-90.000,0,700,0.258700,0.259034091,25.0000,3.717700005,3.757495642,1.636894345
2026-07-29T21:34:57.042256+00:00,1335.766688,current,rgb,45.000,-90.000,1,700,0.258700,0.258977273,25.0399,3.717599154,3.757416248,1.636865020
2026-07-29T21:34:57.192648+00:00,1335.917082,current,rgb,45.000,-90.000,2,700,0.258700,0.258977273,25.0399,3.717876911,3.757700920,1.636922717
2026-07-29T21:34:57.342962+00:00,1336.067397,current,rgb,45.000,-90.000,3,700,0.258700,0.259034091,25.0399,3.718046665,3.757822037,1.636898994
2026-07-29T21:34:57.493289+00:00,1336.217723,current,rgb,45.000,-90.000,4,700,0.258700,0.259005682,25.0399,3.717910290,3.757691383,1.636622906
2026-07-29T21:34:57.643753+00:00,1336.368184,current,rgb,45.000,-90.000,5,700,0.258700,0.259062500,25.0399,3.718086720,3.757912159,1.636909008
2026-07-29T21:34:57.794158+00:00,1336.518591,current,rgb,45.000,-90.000,6,700,0.258700,0.259005682,25.0399,3.718394995,3.758096933,1.636603117
2026-07-29T21:34:57.944545+00:00,1336.668979,current,rgb,45.000,-90.000,7,700,0.258700,0.259005682,25.0399,3.718267918,3.757856846,1.636714458
2026-07-29T21:34:58.094834+00:00,1336.819269,current,rgb,45.000,-90.000,8,700,0.258700,0.258948864,25.0399,3.718384743,3.758142948,1.636855245
2026-07-29T21:34:58.245149+00:00,1336.969582,current,rgb,45.000,-90.000,9,700,0.258700,0.258977273,25.0399,3.718343258,3.758067846,1.636799097
2026-07-29T21:34:58.395474+00:00,1337.119909,current,rgb,45.000,-90.000,10,700,0.258700,0.259005682,25.0399,3.718828678,3.758611917,1.636901736
2026-07-29T21:34:58.545779+00:00,1337.270213,current,rgb,45.000,-90.000,11,700,0.258700,0.258977273,25.0399,3.718960762,3.758729935,1.636759639
2026-07-29T21:34:58.696159+00:00,1337.420593,current,rgb,45.000,-90.000,12,700,0.258700,0.258948864,25.0399,3.718925953,3.758654118,1.636544228
2026-07-29T21:34:58.846463+00:00,1337.570897,current,rgb,45.000,-90.000,13,700,0.258700,0.258920455,25.0399,3.719121456,3.758946657,1.636706114
2026-07-29T21:34:58.996828+00:00,1337.721263,current,rgb,45.000,-90.000,14,700,0.258700,0.258892045,25.0399,3.719061375,3.758819342,1.636842847
2026-07-29T21:34:59.147200+00:00,1337.871634,current,rgb,45.000,-90.000,15,700,0.258700,0.258948864,25.0399,3.719164848,3.758768559,1.636789680
2026-07-29T21:34:59.297573+00:00,1338.022008,current,rgb,45.000,-90.000,16,700,0.258700,0.258977273,25.0399,3.719206810,3.758927345,1.636847973
2026-07-29T21:34:59.448250+00:00,1338.172673,current,rgb,45.000,-90.000,17,700,0.258700,0.258863636,25.0399,3.719056129,3.758682251,1.636733174
2026-07-29T21:34:59.598950+00:00,1338.323377,current,rgb,45.000,-90.000,18,700,0.258700,0.259119318,25.0399,3.719272852,3.759109974,1.636884570
2026-07-29T21:34:59.749439+00:00,1338.473873,current,rgb,45.000,-90.000,19,700,0.258700,0.258948864,25.0399,3.719335794,3.759174347,1.636919737
2026-07-29T21:35:03.450525+00:00,1342.174956,current,rgb,45.000,-45.000,0,700,0.258700,0.258892045,25.0000,3.720387459,3.760187149,1.636671185
2026-07-29T21:35:03.600983+00:00,1342.325416,current,rgb,45.000,-45.000,1,700,0.258700,0.258920455,25.0399,3.720219612,3.760053873,1.636902928
2026-07-29T21:35:03.751386+00:00,1342.475820,current,rgb,45.000,-45.000,2,700,0.258700,0.258948864,25.0399,3.720258713,3.760062456,1.636722207
2026-07-29T21:35:03.901773+00:00,1342.626207,current,rgb,45.000,-45.000,3,700,0.258700,0.258948864,25.0399,3.720372677,3.760141373,1.636796236
2026-07-29T21:35:04.052397+00:00,1342.776825,current,rgb,45.000,-45.000,4,700,0.258700,0.258948864,25.0399,3.720253468,3.760176659,1.636430740
2026-07-29T21:35:04.203040+00:00,1342.927470,current,rgb,45.000,-45.000,5,700,0.258700,0.258892045,25.0399,3.720441818,3.760151386,1.636132360
2026-07-29T21:35:04.353644+00:00,1343.078077,current,rgb,45.000,-45.000,6,700,0.258700,0.258948864,25.0399,3.720398426,3.760267258,1.636780381
2026-07-29T21:35:04.504181+00:00,1343.228613,current,rgb,45.000,-45.000,7,700,0.258700,0.258892045,25.0399,3.720419884,3.760215044,1.636518598
2026-07-29T21:35:04.654607+00:00,1343.379040,current,rgb,45.000,-45.000,8,700,0.258700,0.258920455,25.0399,3.720572948,3.760273457,1.636685133
2026-07-29T21:35:04.805223+00:00,1343.529651,current,rgb,45.000,-45.000,9,700,0.258700,0.258920455,25.0399,3.720500469,3.760244370,1.636859417
2026-07-29T21:35:04.955764+00:00,1343.680196,current,rgb,45.000,-45.000,10,700,0.258700,0.258892045,25.0399,3.720638514,3.760255575,1.636600852
2026-07-29T21:35:05.106157+00:00,1343.830591,current,rgb,45.000,-45.000,11,700,0.258700,0.258948864,25.0399,3.720589638,3.760344744,1.636715412
2026-07-29T21:35:05.256656+00:00,1343.981088,current,rgb,45.000,-45.000,12,700,0.258700,0.258948864,25.0399,3.720601797,3.760367632,1.636640906
2026-07-29T21:35:05.406999+00:00,1344.131434,current,rgb,45.000,-45.000,13,700,0.258700,0.258948864,25.0399,3.720722437,3.760418892,1.636665821
2026-07-29T21:35:05.557283+00:00,1344.281717,current,rgb,45.000,-45.000,14,700,0.258700,0.258920455,25.0399,3.720679045,3.760480404,1.636750817
2026-07-29T21:35:05.707891+00:00,1344.432320,current,rgb,45.000,-45.000,15,700,0.258700,0.258920455,25.0399,3.720631123,3.760458231,1.636465907
2026-07-29T21:35:05.858387+00:00,1344.582820,current,rgb,45.000,-45.000,16,700,0.258700,0.258920455,25.0399,3.720710039,3.760566711,1.636714458
2026-07-29T21:35:06.008721+00:00,1344.733156,current,rgb,45.000,-45.000,17,700,0.258700,0.258948864,25.0399,3.720700741,3.760541439,1.636776686
2026-07-29T21:35:06.159047+00:00,1344.883480,current,rgb,45.000,-45.000,18,700,0.258700,0.258835227,25.0399,3.720746279,3.760487080,1.635839701
2026-07-29T21:35:06.309632+00:00,1345.034062,current,rgb,45.000,-45.000,19,700,0.258700,0.258892045,25.0399,3.720369577,3.760155201,1.636741757
2026-07-29T21:35:10.010073+00:00,1348.734500,current,rgb,45.000,0.000,0,700,0.258700,0.258948864,25.0000,3.721274137,3.760713339,1.636599422
2026-07-29T21:35:10.160725+00:00,1348.885156,current,rgb,45.000,0.000,1,700,0.258700,0.258977273,25.0399,3.721214294,3.760779142,1.636783004
2026-07-29T21:35:10.311195+00:00,1349.035629,current,rgb,45.000,0.000,2,700,0.258700,0.259005682,25.0399,3.721087217,3.760713100,1.636737108
2026-07-29T21:35:10.461650+00:00,1349.186083,current,rgb,45.000,0.000,3,700,0.258700,0.258948864,25.0399,3.721285343,3.760901690,1.636821389
2026-07-29T21:35:10.612138+00:00,1349.336570,current,rgb,45.000,0.000,4,700,0.258700,0.258977273,25.0399,3.721208811,3.760847092,1.636918306
2026-07-29T21:35:10.762480+00:00,1349.486913,current,rgb,45.000,0.000,5,700,0.258700,0.258920455,25.0399,3.721220016,3.760823250,1.636715651
2026-07-29T21:35:10.912854+00:00,1349.637288,current,rgb,45.000,0.000,6,700,0.258700,0.258977273,25.0399,3.721377850,3.760925293,1.636726141
2026-07-29T21:35:11.063225+00:00,1349.787660,current,rgb,45.000,0.000,7,700,0.258700,0.258920455,25.0399,3.721332312,3.760865688,1.636819124
2026-07-29T21:35:11.213765+00:00,1349.938194,current,rgb,45.000,0.000,8,700,0.258700,0.258920455,25.0399,3.721489906,3.760395527,1.636634588
2026-07-29T21:35:11.364283+00:00,1350.088717,current,rgb,45.000,0.000,9,700,0.258700,0.259034091,25.0399,3.721004009,3.760602236,1.636832595
2026-07-29T21:35:11.514763+00:00,1350.239198,current,rgb,45.000,0.000,10,700,0.258700,0.259034091,25.0399,3.720883369,3.760441780,1.636836767
2026-07-29T21:35:11.665320+00:00,1350.389748,current,rgb,45.000,0.000,11,700,0.258700,0.259062500,25.0399,3.721053839,3.760550261,1.636289835
2026-07-29T21:35:11.815851+00:00,1350.540285,current,rgb,45.000,0.000,12,700,0.258700,0.259005682,25.0399,3.720938683,3.760527134,1.637008667
2026-07-29T21:35:11.966267+00:00,1350.690700,current,rgb,45.000,0.000,13,700,0.258700,0.259090909,25.0399,3.720929384,3.760517597,1.636776924
2026-07-29T21:35:12.116765+00:00,1350.841199,current,rgb,45.000,0.000,14,700,0.258700,0.259062500,25.0399,3.721126556,3.760677338,1.636899710
2026-07-29T21:35:12.267113+00:00,1350.991547,current,rgb,45.000,0.000,15,700,0.258700,0.259034091,25.0399,3.721020699,3.760581493,1.636940718
2026-07-29T21:35:12.417489+00:00,1351.141924,current,rgb,45.000,0.000,16,700,0.258700,0.259062500,25.0399,3.721141338,3.760421276,1.636841655
2026-07-29T21:35:12.567847+00:00,1351.292280,current,rgb,45.000,0.000,17,700,0.258700,0.259062500,25.0399,3.720962763,3.760572672,1.637136817
2026-07-29T21:35:12.718186+00:00,1351.442620,current,rgb,45.000,0.000,18,700,0.258700,0.259090909,25.0399,3.720994949,3.760569096,1.636957645
2026-07-29T21:35:12.868534+00:00,1351.592969,current,rgb,45.000,0.000,19,700,0.258700,0.259090909,25.0399,3.721165657,3.760697842,1.636883616
2026-07-29T21:35:16.569005+00:00,1355.293432,current,rgb,45.000,45.000,0,700,0.258700,0.259034091,25.0000,3.721541405,3.760869026,1.636950731
2026-07-29T21:35:16.719579+00:00,1355.444012,current,rgb,45.000,45.000,1,700,0.258700,0.259176136,25.0399,3.721686602,3.761028290,1.637099743
2026-07-29T21:35:16.869925+00:00,1355.594360,current,rgb,45.000,45.000,2,700,0.258700,0.259090909,25.0399,3.721675396,3.760960340,1.637204170
2026-07-29T21:35:17.020322+00:00,1355.744756,current,rgb,45.000,45.000,3,700,0.258700,0.259119318,25.0399,3.721592903,3.760809898,1.637006879
2026-07-29T21:35:17.170706+00:00,1355.895139,current,rgb,45.000,45.000,4,700,0.258700,0.259119318,25.0399,3.721927166,3.761082888,1.636858225
2026-07-29T21:35:17.321090+00:00,1356.045521,current,rgb,45.000,45.000,5,700,0.258700,0.259062500,25.0000,3.721675873,3.760931969,1.637098432
2026-07-29T21:35:17.471483+00:00,1356.195916,current,rgb,45.000,45.000,6,700,0.258700,0.259062500,25.0399,3.721770763,3.761021852,1.637076259
2026-07-29T21:35:17.621313+00:00,1356.345740,current,rgb,45.000,45.000,7,700,0.258700,0.259119318,25.0000,3.721776009,3.761065483,1.637177825
2026-07-29T21:35:17.771839+00:00,1356.496272,current,rgb,45.000,45.000,8,700,0.258700,0.259090909,25.0000,3.721734047,3.761036873,1.636908531
2026-07-29T21:35:17.922225+00:00,1356.646658,current,rgb,45.000,45.000,9,700,0.258700,0.259062500,25.0399,3.721902370,3.761201143,1.637046695
2026-07-29T21:35:18.072600+00:00,1356.797034,current,rgb,45.000,45.000,10,700,0.258700,0.259062500,25.0399,3.721894264,3.761126995,1.637076259
2026-07-29T21:35:18.222950+00:00,1356.947384,current,rgb,45.000,45.000,11,700,0.258700,0.259062500,25.0399,3.722019196,3.761117458,1.636816978
2026-07-29T21:35:18.373233+00:00,1357.097668,current,rgb,45.000,45.000,12,700,0.258700,0.259062500,25.0399,3.721828222,3.761134624,1.637062550
2026-07-29T21:35:18.523573+00:00,1357.248008,current,rgb,45.000,45.000,13,700,0.258700,0.259062500,25.0399,3.722210884,3.761506319,1.636964679
2026-07-29T21:35:18.673859+00:00,1357.398292,current,rgb,45.000,45.000,14,700,0.258700,0.258948864,25.0399,3.722343683,3.761584759,1.636953712
2026-07-29T21:35:18.824151+00:00,1357.548586,current,rgb,45.000,45.000,15,700,0.258700,0.259034091,25.0399,3.722190380,3.761472225,1.637189507
2026-07-29T21:35:18.974377+00:00,1357.698811,current,rgb,45.000,45.000,16,700,0.258700,0.258977273,25.0399,3.722175360,3.761445522,1.637021542
2026-07-29T21:35:19.124769+00:00,1357.849202,current,rgb,45.000,45.000,17,700,0.258700,0.258977273,25.0399,3.721965790,3.761253119,1.637058377
2026-07-29T21:35:19.275142+00:00,1357.999575,current,rgb,45.000,45.000,18,700,0.258700,0.259062500,25.0399,3.721887827,3.761192799,1.637155294
2026-07-29T21:35:19.425503+00:00,1358.149936,current,rgb,45.000,45.000,19,700,0.258700,0.259034091,25.0399,3.722028255,3.761169434,1.636976123
2026-07-29T21:35:23.127500+00:00,1361.851928,current,rgb,45.000,90.000,0,700,0.258700,0.258977273,25.0000,3.722823620,3.761854649,1.636784792
2026-07-29T21:35:23.277973+00:00,1362.002405,current,rgb,45.000,90.000,1,700,0.258700,0.258977273,25.0399,3.722929478,3.761814117,1.636607528
2026-07-29T21:35:23.428369+00:00,1362.152800,current,rgb,45.000,90.000,2,700,0.258700,0.258920455,25.0399,3.722926378,3.762350559,1.636593580
2026-07-29T21:35:23.578866+00:00,1362.303293,current,rgb,45.000,90.000,3,700,0.258700,0.258806818,25.0399,3.723113775,3.762136698,1.636410236
2026-07-29T21:35:23.729314+00:00,1362.453745,current,rgb,45.000,90.000,4,700,0.258700,0.258920455,25.0399,3.723311186,3.762383938,1.636638045
2026-07-29T21:35:23.879782+00:00,1362.604215,current,rgb,45.000,90.000,5,700,0.258700,0.258920455,25.0399,3.723223209,3.762235641,1.636756897
2026-07-29T21:35:24.030092+00:00,1362.754526,current,rgb,45.000,90.000,6,700,0.258700,0.258948864,25.0399,3.722995281,3.762123585,1.636603117
2026-07-29T21:35:24.180426+00:00,1362.904859,current,rgb,45.000,90.000,7,700,0.258700,0.259005682,25.0399,3.723217964,3.762252569,1.636883855
2026-07-29T21:35:24.330847+00:00,1363.055281,current,rgb,45.000,90.000,8,700,0.258700,0.258977273,25.0399,3.723133802,3.762257099,1.636812329
2026-07-29T21:35:24.481108+00:00,1363.205543,current,rgb,45.000,90.000,9,700,0.258700,0.258892045,25.0399,3.723297119,3.762250900,1.636726379
2026-07-29T21:35:24.631391+00:00,1363.355824,current,rgb,45.000,90.000,10,700,0.258700,0.258920455,25.0399,3.723237038,3.762269020,1.636785030
2026-07-29T21:35:24.781801+00:00,1363.506234,current,rgb,45.000,90.000,11,700,0.258700,0.258948864,25.0399,3.723152161,3.762198687,1.636587501
2026-07-29T21:35:24.932281+00:00,1363.656712,current,rgb,45.000,90.000,12,700,0.258700,0.258948864,25.0399,3.722923279,3.761984110,1.636739373
2026-07-29T21:35:25.082777+00:00,1363.807211,current,rgb,45.000,90.000,13,700,0.258700,0.259005682,25.0399,3.722840786,3.761917591,1.636913180
2026-07-29T21:35:25.233174+00:00,1363.957606,current,rgb,45.000,90.000,14,700,0.258700,0.259034091,25.0399,3.722848892,3.761898279,1.636744261
2026-07-29T21:35:25.383565+00:00,1364.107999,current,rgb,45.000,90.000,15,700,0.258700,0.259005682,25.0399,3.723069191,3.762092590,1.636709332
2026-07-29T21:35:25.533930+00:00,1364.258363,current,rgb,45.000,90.000,16,700,0.258700,0.258920455,25.0399,3.722922564,3.761891842,1.636131167
2026-07-29T21:35:25.684531+00:00,1364.408961,current,rgb,45.000,90.000,17,700,0.258700,0.259034091,25.0399,3.723090887,3.762048721,1.636749864
2026-07-29T21:35:25.835011+00:00,1364.559439,current,rgb,45.000,90.000,18,700,0.258700,0.258948864,25.0399,3.723090887,3.762089968,1.636798382
2026-07-29T21:35:25.985505+00:00,1364.709939,current,rgb,45.000,90.000,19,700,0.258700,0.258892045,25.0000,3.723054886,3.762150764,1.636557460
2026-07-29T21:35:36.440747+00:00,1375.165177,current,dark,50.000,-90.000,0,0,,0.000710227,25.0000,4.896398067,4.903081894,1.649679542
2026-07-29T21:35:36.591294+00:00,1375.315726,current,dark,50.000,-90.000,1,0,,0.000710227,25.0000,4.896411896,4.903069973,1.648722768
2026-07-29T21:35:36.741802+00:00,1375.466233,current,dark,50.000,-90.000,2,0,,0.000738636,25.0000,4.896411896,4.903090477,1.649798632
2026-07-29T21:35:36.892270+00:00,1375.616704,current,dark,50.000,-90.000,3,0,,0.000738636,25.0000,4.896406651,4.903061390,1.649841428
2026-07-29T21:35:37.042643+00:00,1375.767076,current,dark,50.000,-90.000,4,0,,0.000710227,25.0000,4.896395683,4.903067112,1.649606466
2026-07-29T21:35:37.192957+00:00,1375.917390,current,dark,50.000,-90.000,5,0,,0.000710227,25.0000,4.896402836,4.903076172,1.649755716
2026-07-29T21:35:37.343287+00:00,1376.067721,current,dark,50.000,-90.000,6,0,,0.000710227,25.0000,4.896399021,4.903050900,1.649608731
2026-07-29T21:35:37.493767+00:00,1376.218201,current,dark,50.000,-90.000,7,0,,0.000710227,25.0000,4.896401882,4.903082371,1.649601936
2026-07-29T21:35:37.644174+00:00,1376.368605,current,dark,50.000,-90.000,8,0,,0.000710227,25.0000,4.896405697,4.903076649,1.649744749
2026-07-29T21:35:37.794585+00:00,1376.519018,current,dark,50.000,-90.000,9,0,,0.000710227,25.0000,4.896412373,4.903067589,1.649423957
2026-07-29T21:35:37.944867+00:00,1376.669301,current,dark,50.000,-90.000,10,0,,0.000738636,25.0000,4.896419048,4.903081894,1.649557233
2026-07-29T21:35:38.095324+00:00,1376.819749,current,dark,50.000,-90.000,11,0,,0.000710227,25.0000,4.896414280,4.903044701,1.649674416
2026-07-29T21:35:38.245962+00:00,1376.970393,current,dark,50.000,-90.000,12,0,,0.000710227,25.0000,4.896417141,4.903059006,1.649598718
2026-07-29T21:35:38.396360+00:00,1377.120793,current,dark,50.000,-90.000,13,0,,0.000738636,25.0000,4.896411419,4.903053761,1.649529576
2026-07-29T21:35:38.546748+00:00,1377.271182,current,dark,50.000,-90.000,14,0,,0.000710227,25.0000,4.896415710,4.903049469,1.649341106
2026-07-29T21:35:38.697150+00:00,1377.421583,current,dark,50.000,-90.000,15,0,,0.000738636,25.0000,4.896418571,4.903068066,1.649364829
2026-07-29T21:35:38.847432+00:00,1377.571866,current,dark,50.000,-90.000,16,0,,0.000738636,25.0000,4.896410942,4.903077602,1.649760604
2026-07-29T21:35:38.997701+00:00,1377.722135,current,dark,50.000,-90.000,17,0,,0.000738636,25.0000,4.896419048,4.903069496,1.649595499
2026-07-29T21:35:39.148023+00:00,1377.872457,current,dark,50.000,-90.000,18,0,,0.000710227,25.0000,4.896420956,4.903072357,1.649646759
2026-07-29T21:35:39.298324+00:00,1378.022759,current,dark,50.000,-90.000,19,0,,0.000710227,25.0000,4.896391869,4.903038979,1.649608731
2026-07-29T21:35:43.492435+00:00,1382.216865,current,rgb,50.000,-90.000,0,700,0.258700,0.259005682,25.0797,3.717823267,3.757573605,1.637866259
2026-07-29T21:35:43.642946+00:00,1382.367377,current,rgb,50.000,-90.000,1,700,0.258700,0.258948864,25.0399,3.717875481,3.757632971,1.637821078
2026-07-29T21:35:43.793301+00:00,1382.517733,current,rgb,50.000,-90.000,2,700,0.258700,0.258948864,25.0399,3.717977524,3.757571697,1.637736917
2026-07-29T21:35:43.943682+00:00,1382.668117,current,rgb,50.000,-90.000,3,700,0.258700,0.258948864,25.0000,3.718062639,3.757788658,1.637827516
2026-07-29T21:35:44.093928+00:00,1382.818363,current,rgb,50.000,-90.000,4,700,0.258700,0.258892045,25.0399,3.717969418,3.757777214,1.637640953
2026-07-29T21:35:44.244406+00:00,1382.968839,current,rgb,50.000,-90.000,5,700,0.258700,0.258920455,25.0000,3.718242168,3.757978916,1.637797952
2026-07-29T21:35:44.394789+00:00,1383.119224,current,rgb,50.000,-90.000,6,700,0.258700,0.258920455,25.0000,3.718181133,3.757961035,1.637895107
2026-07-29T21:35:44.545121+00:00,1383.269556,current,rgb,50.000,-90.000,7,700,0.258700,0.258977273,25.0000,3.718230486,3.757961035,1.637854815
2026-07-29T21:35:44.695491+00:00,1383.419918,current,rgb,50.000,-90.000,8,700,0.258700,0.258948864,25.0000,3.718429089,3.757717848,1.637952447
2026-07-29T21:35:44.845936+00:00,1383.570370,current,rgb,50.000,-90.000,9,700,0.258700,0.259062500,25.0000,3.718300819,3.758006573,1.637788653
2026-07-29T21:35:44.996294+00:00,1383.720728,current,rgb,50.000,-90.000,10,700,0.258700,0.259034091,25.0000,3.718316555,3.757831812,1.637900710
2026-07-29T21:35:45.146640+00:00,1383.871074,current,rgb,50.000,-90.000,11,700,0.258700,0.259062500,25.0000,3.718226194,3.757948637,1.637950778
2026-07-29T21:35:45.296946+00:00,1384.021381,current,rgb,50.000,-90.000,12,700,0.258700,0.259005682,25.0399,3.718248844,3.757987976,1.637747645
2026-07-29T21:35:45.447280+00:00,1384.171715,current,rgb,50.000,-90.000,13,700,0.258700,0.259034091,25.0399,3.718400478,3.758115292,1.637931943
2026-07-29T21:35:45.597601+00:00,1384.322035,current,rgb,50.000,-90.000,14,700,0.258700,0.259005682,25.0399,3.718409061,3.758143425,1.638037920
2026-07-29T21:35:45.747858+00:00,1384.472292,current,rgb,50.000,-90.000,15,700,0.258700,0.259062500,25.0399,3.718328476,3.758050919,1.637815714
2026-07-29T21:35:45.898145+00:00,1384.622581,current,rgb,50.000,-90.000,16,700,0.258700,0.259090909,25.0000,3.718526125,3.758259773,1.638072371
2026-07-29T21:35:46.048542+00:00,1384.772974,current,rgb,50.000,-90.000,17,700,0.258700,0.259062500,25.0399,3.718467712,3.758137465,1.637953162
2026-07-29T21:35:46.198972+00:00,1384.923405,current,rgb,50.000,-90.000,18,700,0.258700,0.259090909,25.0399,3.718646765,3.758331776,1.637995720
2026-07-29T21:35:46.349460+00:00,1385.073890,current,rgb,50.000,-90.000,19,700,0.258700,0.259062500,25.0399,3.718662262,3.758379221,1.637943387
2026-07-29T21:35:50.051462+00:00,1388.775892,current,rgb,50.000,-45.000,0,700,0.258700,0.258920455,25.0000,3.720277786,3.759887218,1.637675405
2026-07-29T21:35:50.202085+00:00,1388.926517,current,rgb,50.000,-45.000,1,700,0.258700,0.258977273,25.0000,3.720215559,3.759886265,1.637814999
2026-07-29T21:35:50.352634+00:00,1389.077065,current,rgb,50.000,-45.000,2,700,0.258700,0.258977273,25.0399,3.720368385,3.760102272,1.637634873
2026-07-29T21:35:50.503120+00:00,1389.227552,current,rgb,50.000,-45.000,3,700,0.258700,0.258835227,25.0399,3.720327616,3.760061264,1.637666106
2026-07-29T21:35:50.653440+00:00,1389.377874,current,rgb,50.000,-45.000,4,700,0.258700,0.258892045,25.0399,3.720285654,3.760043621,1.637773991
2026-07-29T21:35:50.803873+00:00,1389.528306,current,rgb,50.000,-45.000,5,700,0.258700,0.258892045,25.0399,3.720442295,3.759957790,1.637557149
2026-07-29T21:35:50.954256+00:00,1389.678690,current,rgb,50.000,-45.000,6,700,0.258700,0.258892045,25.0000,3.720352650,3.760145903,1.637700081
2026-07-29T21:35:51.104572+00:00,1389.829007,current,rgb,50.000,-45.000,7,700,0.258700,0.258920455,25.0399,3.720390320,3.760073423,1.637608290
2026-07-29T21:35:51.254823+00:00,1389.979252,current,rgb,50.000,-45.000,8,700,0.258700,0.258920455,25.0000,3.720585346,3.759982109,1.637577415
2026-07-29T21:35:51.405130+00:00,1390.129560,current,rgb,50.000,-45.000,9,700,0.258700,0.259090909,25.0399,3.720097542,3.759767532,1.637875319
2026-07-29T21:35:51.555631+00:00,1390.280065,current,rgb,50.000,-45.000,10,700,0.258700,0.259034091,25.0000,3.719959259,3.759696245,1.637679219
2026-07-29T21:35:51.706120+00:00,1390.430553,current,rgb,50.000,-45.000,11,700,0.258700,0.259062500,25.0000,3.720250607,3.759902477,1.637731552
2026-07-29T21:35:51.856576+00:00,1390.581009,current,rgb,50.000,-45.000,12,700,0.258700,0.258977273,25.0399,3.720014572,3.759765625,1.637971044
2026-07-29T21:35:52.006717+00:00,1390.731146,current,rgb,50.000,-45.000,13,700,0.258700,0.259090909,25.0000,3.720009565,3.759731770,1.637813807
2026-07-29T21:35:52.157372+00:00,1390.881803,current,rgb,50.000,-45.000,14,700,0.258700,0.259090909,25.0000,3.720237255,3.759875059,1.637801886
2026-07-29T21:35:52.307884+00:00,1391.032317,current,rgb,50.000,-45.000,15,700,0.258700,0.259062500,25.0000,3.720153332,3.759777069,1.637787461
2026-07-29T21:35:52.458330+00:00,1391.182763,current,rgb,50.000,-45.000,16,700,0.258700,0.259005682,25.0000,3.720240116,3.759982824,1.637823105
2026-07-29T21:35:52.608861+00:00,1391.333293,current,rgb,50.000,-45.000,17,700,0.258700,0.259062500,25.0000,3.720245600,3.759954214,1.637920737
2026-07-29T21:35:52.759301+00:00,1391.483733,current,rgb,50.000,-45.000,18,700,0.258700,0.259034091,25.0000,3.720254660,3.759883642,1.637656093
2026-07-29T21:35:52.909756+00:00,1391.634189,current,rgb,50.000,-45.000,19,700,0.258700,0.259034091,25.0000,3.720403194,3.760090113,1.637721777
2026-07-29T21:35:56.610907+00:00,1395.335336,current,rgb,50.000,0.000,0,700,0.258700,0.259062500,25.0000,3.720760345,3.760219574,1.637922883
2026-07-29T21:35:56.761463+00:00,1395.485893,current,rgb,50.000,0.000,1,700,0.258700,0.259062500,25.0000,3.720821857,3.760427475,1.637895823
2026-07-29T21:35:56.912009+00:00,1395.636443,current,rgb,50.000,0.000,2,700,0.258700,0.259034091,25.0000,3.720852137,3.760316133,1.637901425
2026-07-29T21:35:57.062578+00:00,1395.787007,current,rgb,50.000,0.000,3,700,0.258700,0.259062500,25.0000,3.720954657,3.760281801,1.637350917
2026-07-29T21:35:57.213039+00:00,1395.937468,current,rgb,50.000,0.000,4,700,0.258700,0.259062500,25.0000,3.720928431,3.759475946,1.637917280
2026-07-29T21:35:57.363717+00:00,1396.088147,current,rgb,50.000,0.000,5,700,0.258700,0.259034091,25.0000,3.720836639,3.760266066,1.637717605
2026-07-29T21:35:57.514141+00:00,1396.238575,current,rgb,50.000,0.000,6,700,0.258700,0.259062500,25.0000,3.720984697,3.760519981,1.637890458
2026-07-29T21:35:57.664650+00:00,1396.389080,current,rgb,50.000,0.000,7,700,0.258700,0.259005682,25.0000,3.720959425,3.760506630,1.638022542
2026-07-29T21:35:57.815118+00:00,1396.539550,current,rgb,50.000,0.000,8,700,0.258700,0.259005682,25.0000,3.720921516,3.760335207,1.637796164
2026-07-29T21:35:57.965605+00:00,1396.690039,current,rgb,50.000,0.000,9,700,0.258700,0.259034091,25.0000,3.721368074,3.760830402,1.637929797
2026-07-29T21:35:58.115993+00:00,1396.840428,current,rgb,50.000,0.000,10,700,0.258700,0.258977273,25.0399,3.721296787,3.760788441,1.637853622
2026-07-29T21:35:58.266328+00:00,1396.990761,current,rgb,50.000,0.000,11,700,0.258700,0.258977273,25.0399,3.721443176,3.760828972,1.637826204
2026-07-29T21:35:58.416684+00:00,1397.141118,current,rgb,50.000,0.000,12,700,0.258700,0.258977273,25.0399,3.721380234,3.760796785,1.637973428
2026-07-29T21:35:58.566954+00:00,1397.291389,current,rgb,50.000,0.000,13,700,0.258700,0.258948864,25.0399,3.721352100,3.760822296,1.637732506
2026-07-29T21:35:58.717363+00:00,1397.441796,current,rgb,50.000,0.000,14,700,0.258700,0.258977273,25.0399,3.721587896,3.760916710,1.637331128
2026-07-29T21:35:58.867670+00:00,1397.592104,current,rgb,50.000,0.000,15,700,0.258700,0.258948864,25.0399,3.721498489,3.760959864,1.637870908
2026-07-29T21:35:59.018137+00:00,1397.742568,current,rgb,50.000,0.000,16,700,0.258700,0.258977273,25.0399,3.721341133,3.760730267,1.637617946
2026-07-29T21:35:59.168596+00:00,1397.893031,current,rgb,50.000,0.000,17,700,0.258700,0.259034091,25.0399,3.721440315,3.760890722,1.637942672
2026-07-29T21:35:59.318973+00:00,1398.043406,current,rgb,50.000,0.000,18,700,0.258700,0.259005682,25.0399,3.721527576,3.760914564,1.637863398
2026-07-29T21:35:59.469300+00:00,1398.193734,current,rgb,50.000,0.000,19,700,0.258700,0.258948864,25.0000,3.721607208,3.760932922,1.637766242
2026-07-29T21:36:03.170466+00:00,1401.894895,current,rgb,50.000,45.000,0,700,0.258700,0.259062500,25.0000,3.721663713,3.760828972,1.638176322
2026-07-29T21:36:03.320977+00:00,1402.045409,current,rgb,50.000,45.000,1,700,0.258700,0.259090909,25.0000,3.721790075,3.761207819,1.638217807
2026-07-29T21:36:03.471376+00:00,1402.195810,current,rgb,50.000,45.000,2,700,0.258700,0.259034091,25.0399,3.722179174,3.761355400,1.638198376
2026-07-29T21:36:03.621751+00:00,1402.346185,current,rgb,50.000,45.000,3,700,0.258700,0.258948864,25.0399,3.722055912,3.761190176,1.638012528
2026-07-29T21:36:03.772203+00:00,1402.496636,current,rgb,50.000,45.000,4,700,0.258700,0.259005682,25.0000,3.722229958,3.761388779,1.638172150
2026-07-29T21:36:03.922493+00:00,1402.646928,current,rgb,50.000,45.000,5,700,0.258700,0.258948864,25.0000,3.722162485,3.761306763,1.638299346
2026-07-29T21:36:04.072814+00:00,1402.797249,current,rgb,50.000,45.000,6,700,0.258700,0.259005682,25.0000,3.722301722,3.761294127,1.638071418
2026-07-29T21:36:04.223251+00:00,1402.947683,current,rgb,50.000,45.000,7,700,0.258700,0.258977273,25.0000,3.722509146,3.761642218,1.638050556
2026-07-29T21:36:04.373608+00:00,1403.098042,current,rgb,50.000,45.000,8,700,0.258700,0.259005682,25.0000,3.722141027,3.761358023,1.638096213
2026-07-29T21:36:04.523996+00:00,1403.248431,current,rgb,50.000,45.000,9,700,0.258700,0.258948864,25.0000,3.722371101,3.761512756,1.638128042
2026-07-29T21:36:04.674328+00:00,1403.398761,current,rgb,50.000,45.000,10,700,0.258700,0.258920455,25.0000,3.722188234,3.761403799,1.638200045
2026-07-29T21:36:04.824679+00:00,1403.549113,current,rgb,50.000,45.000,11,700,0.258700,0.258977273,25.0000,3.722192287,3.761340618,1.637952209
2026-07-29T21:36:04.974952+00:00,1403.699388,current,rgb,50.000,45.000,12,700,0.258700,0.259034091,25.0000,3.722238064,3.761469126,1.638177872
2026-07-29T21:36:05.125258+00:00,1403.849692,current,rgb,50.000,45.000,13,700,0.258700,0.258920455,25.0000,3.722315311,3.761348724,1.638174415
2026-07-29T21:36:05.275641+00:00,1404.000076,current,rgb,50.000,45.000,14,700,0.258700,0.258977273,25.0000,3.722463846,3.761409760,1.638056278
2026-07-29T21:36:05.425931+00:00,1404.150366,current,rgb,50.000,45.000,15,700,0.258700,0.258977273,25.0000,3.722389698,3.761562347,1.638061404
2026-07-29T21:36:05.576372+00:00,1404.300799,current,rgb,50.000,45.000,16,700,0.258700,0.258892045,25.0000,3.722251654,3.761328697,1.637973666
2026-07-29T21:36:05.726842+00:00,1404.451274,current,rgb,50.000,45.000,17,700,0.258700,0.259005682,25.0000,3.722436905,3.761586189,1.638176560
2026-07-29T21:36:05.877301+00:00,1404.601736,current,rgb,50.000,45.000,18,700,0.258700,0.258977273,25.0000,3.722300291,3.761405468,1.638409495
2026-07-29T21:36:06.027667+00:00,1404.752102,current,rgb,50.000,45.000,19,700,0.258700,0.258977273,25.0000,3.722229242,3.761359215,1.638236642
2026-07-29T21:36:09.728685+00:00,1408.453114,current,rgb,50.000,90.000,0,700,0.258700,0.258977273,25.0000,3.723037243,3.761908531,1.638042092
2026-07-29T21:36:09.879243+00:00,1408.603674,current,rgb,50.000,90.000,1,700,0.258700,0.258977273,25.0000,3.722584009,3.761428595,1.637765646
2026-07-29T21:36:10.029671+00:00,1408.754104,current,rgb,50.000,90.000,2,700,0.258700,0.259090909,25.0000,3.722722054,3.761651039,1.637740254
2026-07-29T21:36:10.180134+00:00,1408.904567,current,rgb,50.000,90.000,3,700,0.258700,0.259005682,25.0399,3.722571135,3.761423826,1.637779593
2026-07-29T21:36:10.330505+00:00,1409.054938,current,rgb,50.000,90.000,4,700,0.258700,0.259062500,25.0000,3.722703934,3.761415720,1.637786508
2026-07-29T21:36:10.480839+00:00,1409.205273,current,rgb,50.000,90.000,5,700,0.258700,0.259090909,25.0000,3.722591639,3.761520386,1.637998343
2026-07-29T21:36:10.631241+00:00,1409.355674,current,rgb,50.000,90.000,6,700,0.258700,0.259034091,25.0000,3.722567320,3.761381149,1.637760043
2026-07-29T21:36:10.781680+00:00,1409.506111,current,rgb,50.000,90.000,7,700,0.258700,0.259119318,25.0000,3.722737074,3.761601925,1.637807727
2026-07-29T21:36:10.932163+00:00,1409.656596,current,rgb,50.000,90.000,8,700,0.258700,0.259062500,25.0000,3.722622871,3.761434555,1.637887478
2026-07-29T21:36:11.082496+00:00,1409.806931,current,rgb,50.000,90.000,9,700,0.258700,0.259090909,25.0000,3.722554445,3.761292696,1.637721777
2026-07-29T21:36:11.232904+00:00,1409.957338,current,rgb,50.000,90.000,10,700,0.258700,0.259119318,25.0000,3.722658634,3.761503458,1.637940049
2026-07-29T21:36:11.383412+00:00,1410.107841,current,rgb,50.000,90.000,11,700,0.258700,0.259062500,25.0000,3.722613811,3.761465788,1.637964725
2026-07-29T21:36:11.533789+00:00,1410.258222,current,rgb,50.000,90.000,12,700,0.258700,0.259119318,25.0000,3.722699642,3.761539698,1.637906075
2026-07-29T21:36:11.684441+00:00,1410.408871,current,rgb,50.000,90.000,13,700,0.258700,0.259090909,25.0000,3.722693443,3.761569023,1.637963414
2026-07-29T21:36:11.834960+00:00,1410.559392,current,rgb,50.000,90.000,14,700,0.258700,0.259119318,25.0000,3.722676992,3.761501789,1.637655377
2026-07-29T21:36:11.985316+00:00,1410.709750,current,rgb,50.000,90.000,15,700,0.258700,0.259090909,25.0000,3.722825050,3.761657238,1.637798429
2026-07-29T21:36:12.135695+00:00,1410.860130,current,rgb,50.000,90.000,16,700,0.258700,0.259062500,25.0000,3.722716331,3.761548042,1.638048410
2026-07-29T21:36:12.286105+00:00,1411.010539,current,rgb,50.000,90.000,17,700,0.258700,0.259119318,25.0000,3.722671986,3.761461020,1.637810826
2026-07-29T21:36:12.436531+00:00,1411.160963,current,rgb,50.000,90.000,18,700,0.258700,0.259147727,25.0000,3.722720623,3.761593342,1.637953162
2026-07-29T21:36:12.586954+00:00,1411.311388,current,rgb,50.000,90.000,19,700,0.258700,0.259090909,25.0000,3.722640991,3.761464596,1.637256384
2026-07-29T21:36:23.042068+00:00,1421.766497,current,dark,55.000,-90.000,0,0,,0.000710227,25.0000,4.896380424,4.903091431,1.649626493
2026-07-29T21:36:23.192621+00:00,1421.917055,current,dark,55.000,-90.000,1,0,,0.000710227,25.0000,4.896388531,4.903066635,1.649372578
2026-07-29T21:36:23.343057+00:00,1422.067488,current,dark,55.000,-90.000,2,0,,0.000710227,25.0000,4.896386147,4.903051376,1.649459362
2026-07-29T21:36:23.493481+00:00,1422.217907,current,dark,55.000,-90.000,3,0,,0.000738636,25.0000,4.896353722,4.903084278,1.649640918
2026-07-29T21:36:23.644253+00:00,1422.368681,current,dark,55.000,-90.000,4,0,,0.000738636,25.0000,4.896419048,4.903100967,1.648723483
2026-07-29T21:36:23.794794+00:00,1422.519226,current,dark,55.000,-90.000,5,0,,0.000710227,25.0000,4.896421432,4.903077126,1.649533033
2026-07-29T21:36:23.945176+00:00,1422.669608,current,dark,55.000,-90.000,6,0,,0.000710227,25.0000,4.896410942,4.903100967,1.649598002
2026-07-29T21:36:24.095685+00:00,1422.820118,current,dark,55.000,-90.000,7,0,,0.000738636,25.0399,4.896409035,4.903083324,1.649387002
2026-07-29T21:36:24.246082+00:00,1422.970516,current,dark,55.000,-90.000,8,0,,0.000710227,25.0399,4.896407127,4.903093338,1.649647832
2026-07-29T21:36:24.396438+00:00,1423.120872,current,dark,55.000,-90.000,9,0,,0.000738636,25.0399,4.896406651,4.903100967,1.649548173
2026-07-29T21:36:24.546806+00:00,1423.271240,current,dark,55.000,-90.000,10,0,,0.000710227,25.0399,4.896407604,4.903110504,1.649526715
2026-07-29T21:36:24.697162+00:00,1423.421595,current,dark,55.000,-90.000,11,0,,0.000738636,25.0399,4.896407604,4.903087616,1.649756908
2026-07-29T21:36:24.847675+00:00,1423.572107,current,dark,55.000,-90.000,12,0,,0.000738636,25.0000,4.896386623,4.903069973,1.649554014
2026-07-29T21:36:24.998081+00:00,1423.722514,current,dark,55.000,-90.000,13,0,,0.000710227,25.0399,4.896381855,4.903087139,1.649596810
2026-07-29T21:36:25.148457+00:00,1423.872892,current,dark,55.000,-90.000,14,0,,0.000710227,25.0000,4.896388531,4.903065205,1.649700284
2026-07-29T21:36:25.298798+00:00,1424.023232,current,dark,55.000,-90.000,15,0,,0.000738636,25.0399,4.896393776,4.903082848,1.649581671
2026-07-29T21:36:25.449170+00:00,1424.173603,current,dark,55.000,-90.000,16,0,,0.000710227,25.0000,4.896382332,4.903078079,1.649551630
2026-07-29T21:36:25.599595+00:00,1424.324028,current,dark,55.000,-90.000,17,0,,0.000710227,25.0000,4.896389961,4.903062820,1.649392605
2026-07-29T21:36:25.750034+00:00,1424.474466,current,dark,55.000,-90.000,18,0,,0.000710227,25.0000,4.896389008,4.903085709,1.649547219
2026-07-29T21:36:25.900441+00:00,1424.624875,current,dark,55.000,-90.000,19,0,,0.000710227,25.0000,4.896389484,4.903069973,1.649746418
2026-07-29T21:36:30.094555+00:00,1428.818984,current,rgb,55.000,-90.000,0,700,0.258700,0.259062500,25.0000,3.717310190,3.757218361,1.639371634
2026-07-29T21:36:30.245130+00:00,1428.969561,current,rgb,55.000,-90.000,1,700,0.258700,0.259062500,25.0000,3.717225552,3.757068872,1.639559627
2026-07-29T21:36:30.395545+00:00,1429.119979,current,rgb,55.000,-90.000,2,700,0.258700,0.259119318,25.0399,3.717241764,3.757065535,1.639376998
2026-07-29T21:36:30.545913+00:00,1429.270345,current,rgb,55.000,-90.000,3,700,0.258700,0.259062500,25.0399,3.717445374,3.757319689,1.639566541
2026-07-29T21:36:30.696287+00:00,1429.420719,current,rgb,55.000,-90.000,4,700,0.258700,0.259062500,25.0000,3.717476368,3.757270575,1.639539838
2026-07-29T21:36:30.846712+00:00,1429.571145,current,rgb,55.000,-90.000,5,700,0.258700,0.259062500,25.0399,3.717648506,3.757507324,1.639469028
2026-07-29T21:36:30.997160+00:00,1429.721595,current,rgb,55.000,-90.000,6,700,0.258700,0.259119318,25.0000,3.717876673,3.757730722,1.639325500
2026-07-29T21:36:31.147457+00:00,1429.871891,current,rgb,55.000,-90.000,7,700,0.258700,0.259005682,25.0000,3.717675209,3.757558823,1.639170051
2026-07-29T21:36:31.297816+00:00,1430.022243,current,rgb,55.000,-90.000,8,700,0.258700,0.259090909,25.0399,3.717975616,3.757730484,1.639407992
2026-07-29T21:36:31.448456+00:00,1430.172890,current,rgb,55.000,-90.000,9,700,0.258700,0.259005682,25.0399,3.717989683,3.757802010,1.639448285
2026-07-29T21:36:31.598806+00:00,1430.323241,current,rgb,55.000,-90.000,10,700,0.258700,0.259062500,25.0000,3.717851877,3.757667542,1.639234424
2026-07-29T21:36:31.749213+00:00,1430.473643,current,rgb,55.000,-90.000,11,700,0.258700,0.259034091,25.0000,3.718064785,3.757868290,1.639553785
2026-07-29T21:36:31.899659+00:00,1430.624094,current,rgb,55.000,-90.000,12,700,0.258700,0.259034091,25.0399,3.718340874,3.758211374,1.639297009
2026-07-29T21:36:32.049962+00:00,1430.774397,current,rgb,55.000,-90.000,13,700,0.258700,0.259034091,25.0000,3.718357325,3.758021832,1.639324546
2026-07-29T21:36:32.200304+00:00,1430.924737,current,rgb,55.000,-90.000,14,700,0.258700,0.259062500,25.0000,3.718297958,3.758086920,1.639460325
2026-07-29T21:36:32.350721+00:00,1431.075153,current,rgb,55.000,-90.000,15,700,0.258700,0.259005682,25.0000,3.718239784,3.758106232,1.639217615
2026-07-29T21:36:32.501150+00:00,1431.225585,current,rgb,55.000,-90.000,16,700,0.258700,0.259062500,25.0000,3.718503952,3.758323669,1.639294982
2026-07-29T21:36:32.651636+00:00,1431.376069,current,rgb,55.000,-90.000,17,700,0.258700,0.259005682,25.0000,3.718293905,3.758120060,1.639579177
2026-07-29T21:36:32.802047+00:00,1431.526479,current,rgb,55.000,-90.000,18,700,0.258700,0.259090909,25.0000,3.718351126,3.758111238,1.639428020
2026-07-29T21:36:32.952497+00:00,1431.676931,current,rgb,55.000,-90.000,19,700,0.258700,0.259147727,25.0000,3.718475342,3.758370638,1.639420271
2026-07-29T21:36:36.653767+00:00,1435.378196,current,rgb,55.000,-45.000,0,700,0.258700,0.259005682,25.0000,3.719662428,3.759306431,1.638633132
2026-07-29T21:36:36.804409+00:00,1435.528842,current,rgb,55.000,-45.000,1,700,0.258700,0.259062500,25.0000,3.719746113,3.759550810,1.638796687
2026-07-29T21:36:36.954784+00:00,1435.679218,current,rgb,55.000,-45.000,2,700,0.258700,0.259062500,25.0000,3.719659090,3.759477377,1.638694882
2026-07-29T21:36:37.105103+00:00,1435.829538,current,rgb,55.000,-45.000,3,700,0.258700,0.259034091,25.0000,3.719854832,3.759626150,1.638720751
2026-07-29T21:36:37.255387+00:00,1435.979821,current,rgb,55.000,-45.000,4,700,0.258700,0.259062500,25.0000,3.719779253,3.759597301,1.638869762
2026-07-29T21:36:37.405751+00:00,1436.130186,current,rgb,55.000,-45.000,5,700,0.258700,0.259034091,25.0000,3.719845295,3.759640217,1.638631225
2026-07-29T21:36:37.556167+00:00,1436.280601,current,rgb,55.000,-45.000,6,700,0.258700,0.258977273,25.0000,3.719810963,3.759651661,1.638723493
2026-07-29T21:36:37.706356+00:00,1436.430786,current,rgb,55.000,-45.000,7,700,0.258700,0.259062500,25.0000,3.719785690,3.759580612,1.638865829
2026-07-29T21:36:37.856819+00:00,1436.581252,current,rgb,55.000,-45.000,8,700,0.258700,0.259034091,25.0000,3.720058918,3.759625435,1.638626814
2026-07-29T21:36:38.007246+00:00,1436.731678,current,rgb,55.000,-45.000,9,700,0.258700,0.258977273,25.0000,3.719970703,3.759774208,1.638784528
2026-07-29T21:36:38.157696+00:00,1436.882125,current,rgb,55.000,-45.000,10,700,0.258700,0.258977273,25.0000,3.719918966,3.759712219,1.638556242
2026-07-29T21:36:38.308185+00:00,1437.032617,current,rgb,55.000,-45.000,11,700,0.258700,0.259005682,25.0000,3.720086575,3.759946346,1.638694167
2026-07-29T21:36:38.458656+00:00,1437.183089,current,rgb,55.000,-45.000,12,700,0.258700,0.258977273,25.0000,3.719944477,3.759717464,1.638900995
2026-07-29T21:36:38.608978+00:00,1437.333412,current,rgb,55.000,-45.000,13,700,0.258700,0.259034091,25.0000,3.719892025,3.759636641,1.638728857
2026-07-29T21:36:38.759306+00:00,1437.483738,current,rgb,55.000,-45.000,14,700,0.258700,0.259062500,25.0000,3.720042229,3.759814501,1.638756156
2026-07-29T21:36:38.909607+00:00,1437.634039,current,rgb,55.000,-45.000,15,700,0.258700,0.259005682,25.0000,3.719975948,3.759780407,1.638922215
2026-07-29T21:36:39.060195+00:00,1437.784623,current,rgb,55.000,-45.000,16,700,0.258700,0.259005682,25.0000,3.720292091,3.759687424,1.638097286
2026-07-29T21:36:39.210721+00:00,1437.935147,current,rgb,55.000,-45.000,17,700,0.258700,0.259090909,25.0000,3.720122337,3.759215117,1.638900757
2026-07-29T21:36:39.361180+00:00,1438.085611,current,rgb,55.000,-45.000,18,700,0.258700,0.259147727,25.0000,3.720022440,3.759798527,1.638827205
2026-07-29T21:36:39.511694+00:00,1438.236128,current,rgb,55.000,-45.000,19,700,0.258700,0.259062500,25.0000,3.720159769,3.759884596,1.638896823
2026-07-29T21:36:43.212529+00:00,1441.936958,current,rgb,55.000,0.000,0,700,0.258700,0.259005682,25.0000,3.720844030,3.760392427,1.638939977
2026-07-29T21:36:43.362978+00:00,1442.087411,current,rgb,55.000,0.000,1,700,0.258700,0.258977273,25.0000,3.721060276,3.760508060,1.638998866
2026-07-29T21:36:43.513275+00:00,1442.237709,current,rgb,55.000,0.000,2,700,0.258700,0.258977273,25.0000,3.720818758,3.760349751,1.639277935
2026-07-29T21:36:43.663677+00:00,1442.388110,current,rgb,55.000,0.000,3,700,0.258700,0.259034091,25.0000,3.720835447,3.760388374,1.639079928
2026-07-29T21:36:43.814137+00:00,1442.538570,current,rgb,55.000,0.000,4,700,0.258700,0.259005682,25.0000,3.720976353,3.760505676,1.638953924
2026-07-29T21:36:43.964475+00:00,1442.688909,current,rgb,55.000,0.000,5,700,0.258700,0.258948864,25.0000,3.720948696,3.760402203,1.638957620
2026-07-29T21:36:44.114789+00:00,1442.839224,current,rgb,55.000,0.000,6,700,0.258700,0.258948864,25.0000,3.721166611,3.760492802,1.638866067
2026-07-29T21:36:44.265215+00:00,1442.989646,current,rgb,55.000,0.000,7,700,0.258700,0.259034091,25.0000,3.720996618,3.760479927,1.639149189
2026-07-29T21:36:44.415947+00:00,1443.140376,current,rgb,55.000,0.000,8,700,0.258700,0.259005682,25.0000,3.720905304,3.760421753,1.638387322
2026-07-29T21:36:44.567013+00:00,1443.291441,current,rgb,55.000,0.000,9,700,0.258700,0.259005682,25.0000,3.721117020,3.760602474,1.639145613
2026-07-29T21:36:44.717648+00:00,1443.442079,current,rgb,55.000,0.000,10,700,0.258700,0.259005682,25.0000,3.721115828,3.760654449,1.639031529
2026-07-29T21:36:44.868170+00:00,1443.592601,current,rgb,55.000,0.000,11,700,0.258700,0.258948864,25.0000,3.720677376,3.760128498,1.638847232
2026-07-29T21:36:45.018715+00:00,1443.743147,current,rgb,55.000,0.000,12,700,0.258700,0.259090909,25.0000,3.720784426,3.760269642,1.639079213
2026-07-29T21:36:45.169149+00:00,1443.893582,current,rgb,55.000,0.000,13,700,0.258700,0.259062500,25.0000,3.720714808,3.760235310,1.639005899
2026-07-29T21:36:45.319553+00:00,1444.043986,current,rgb,55.000,0.000,14,700,0.258700,0.259119318,25.0000,3.720871449,3.760275364,1.638968825
2026-07-29T21:36:45.469890+00:00,1444.194326,current,rgb,55.000,0.000,15,700,0.258700,0.259119318,25.0000,3.720921516,3.760351181,1.639000773
2026-07-29T21:36:45.620238+00:00,1444.344673,current,rgb,55.000,0.000,16,700,0.258700,0.259034091,25.0000,3.720695019,3.760244608,1.638805032
2026-07-29T21:36:45.770525+00:00,1444.494959,current,rgb,55.000,0.000,17,700,0.258700,0.259034091,25.0000,3.721138239,3.760437965,1.638617516
2026-07-29T21:36:45.920851+00:00,1444.645286,current,rgb,55.000,0.000,18,700,0.258700,0.259062500,25.0000,3.720813274,3.760347605,1.639110684
2026-07-29T21:36:46.071146+00:00,1444.795580,current,rgb,55.000,0.000,19,700,0.258700,0.259062500,25.0000,3.720946074,3.760278702,1.638875127
2026-07-29T21:36:49.771785+00:00,1448.496212,current,rgb,55.000,45.000,0,700,0.258700,0.259034091,25.0000,3.721646786,3.760853291,1.639270782
2026-07-29T21:36:49.922358+00:00,1448.646790,current,rgb,55.000,45.000,1,700,0.258700,0.259034091,25.0000,3.721851110,3.760788441,1.639066219
2026-07-29T21:36:50.072690+00:00,1448.797124,current,rgb,55.000,45.000,2,700,0.258700,0.259090909,25.0000,3.721727133,3.760869503,1.639294982
2026-07-29T21:36:50.222957+00:00,1448.947388,current,rgb,55.000,45.000,3,700,0.258700,0.259005682,25.0000,3.721755981,3.760845184,1.639133811
2026-07-29T21:36:50.373303+00:00,1449.097737,current,rgb,55.000,45.000,4,700,0.258700,0.259005682,25.0000,3.721977711,3.761117220,1.639068961
2026-07-29T21:36:50.523835+00:00,1449.248265,current,rgb,55.000,45.000,5,700,0.258700,0.259005682,25.0000,3.721885681,3.760964394,1.639156580
2026-07-29T21:36:50.674280+00:00,1449.398713,current,rgb,55.000,45.000,6,700,0.258700,0.258977273,25.0000,3.721836090,3.760895967,1.639010310
2026-07-29T21:36:50.824655+00:00,1449.549089,current,rgb,55.000,45.000,7,700,0.258700,0.259005682,25.0000,3.721969366,3.761046886,1.639187336
2026-07-29T21:36:50.974970+00:00,1449.699405,current,rgb,55.000,45.000,8,700,0.258700,0.259005682,25.0000,3.721846342,3.760991335,1.639226198
2026-07-29T21:36:51.125214+00:00,1449.849648,current,rgb,55.000,45.000,9,700,0.258700,0.259062500,25.0000,3.722066641,3.761011600,1.639028430
2026-07-29T21:36:51.275571+00:00,1450.000004,current,rgb,55.000,45.000,10,700,0.258700,0.259005682,25.0000,3.722228050,3.761395454,1.638943434
2026-07-29T21:36:51.426072+00:00,1450.150502,current,rgb,55.000,45.000,11,700,0.258700,0.258892045,25.0000,3.721511364,3.760611534,1.638999820
2026-07-29T21:36:51.576634+00:00,1450.301067,current,rgb,55.000,45.000,12,700,0.258700,0.259090909,25.0000,3.721620798,3.760753632,1.639172912
2026-07-29T21:36:51.727154+00:00,1450.451585,current,rgb,55.000,45.000,13,700,0.258700,0.259090909,25.0000,3.721480846,3.760659218,1.639358997
2026-07-29T21:36:51.877615+00:00,1450.602049,current,rgb,55.000,45.000,14,700,0.258700,0.259090909,25.0000,3.721524477,3.760682583,1.639086246
2026-07-29T21:36:52.028006+00:00,1450.752441,current,rgb,55.000,45.000,15,700,0.258700,0.259090909,25.0000,3.721667290,3.760796785,1.639228344
2026-07-29T21:36:52.178314+00:00,1450.902749,current,rgb,55.000,45.000,16,700,0.258700,0.259090909,25.0000,3.721585274,3.760705233,1.639351606
2026-07-29T21:36:52.328652+00:00,1451.053086,current,rgb,55.000,45.000,17,700,0.258700,0.259119318,25.0000,3.721717596,3.760556698,1.639145374
2026-07-29T21:36:52.478950+00:00,1451.203385,current,rgb,55.000,45.000,18,700,0.258700,0.259147727,25.0000,3.721495152,3.760644913,1.639473677
2026-07-29T21:36:52.629275+00:00,1451.353708,current,rgb,55.000,45.000,19,700,0.258700,0.259147727,25.0000,3.721539497,3.760638714,1.639363885
2026-07-29T21:36:56.330176+00:00,1455.054604,current,rgb,55.000,90.000,0,700,0.258700,0.259062500,25.1196,3.722479820,3.761250973,1.639094591
2026-07-29T21:36:56.480644+00:00,1455.205077,current,rgb,55.000,90.000,1,700,0.258700,0.259090909,25.0399,3.721910715,3.760860920,1.638893127
2026-07-29T21:36:56.631112+00:00,1455.355546,current,rgb,55.000,90.000,2,700,0.258700,0.259147727,25.0000,3.722067833,3.760947704,1.639225364
2026-07-29T21:36:56.781603+00:00,1455.506033,current,rgb,55.000,90.000,3,700,0.258700,0.259090909,25.0399,3.722329378,3.761264801,1.639332891
2026-07-29T21:36:56.932147+00:00,1455.656577,current,rgb,55.000,90.000,4,700,0.258700,0.259034091,25.0000,3.722031116,3.760876417,1.638955593
2026-07-29T21:36:57.082528+00:00,1455.806961,current,rgb,55.000,90.000,5,700,0.258700,0.259147727,24.9980,3.722091198,3.760953903,1.639382362
2026-07-29T21:36:57.232884+00:00,1455.957316,current,rgb,55.000,90.000,6,700,0.258700,0.259147727,25.0000,3.722057343,3.760890007,1.639285445
2026-07-29T21:36:57.383333+00:00,1456.107767,current,rgb,55.000,90.000,7,700,0.258700,0.259147727,25.0000,3.722119093,3.760935783,1.639350891
2026-07-29T21:36:57.533694+00:00,1456.258129,current,rgb,55.000,90.000,8,700,0.258700,0.259090909,25.0000,3.722169399,3.761038542,1.639274001
2026-07-29T21:36:57.684145+00:00,1456.408574,current,rgb,55.000,90.000,9,700,0.258700,0.259119318,25.0000,3.722071409,3.760888815,1.639092326
2026-07-29T21:36:57.834602+00:00,1456.559035,current,rgb,55.000,90.000,10,700,0.258700,0.259147727,25.0000,3.722123861,3.761075974,1.639333844
2026-07-29T21:36:57.985015+00:00,1456.709446,current,rgb,55.000,90.000,11,700,0.258700,0.259147727,25.0000,3.722088337,3.760988235,1.639433622
2026-07-29T21:36:58.135393+00:00,1456.859828,current,rgb,55.000,90.000,12,700,0.258700,0.259176136,25.0399,3.722203970,3.760958672,1.639281273
2026-07-29T21:36:58.285700+00:00,1457.010134,current,rgb,55.000,90.000,13,700,0.258700,0.259119318,25.0000,3.722178698,3.761049509,1.639363885
2026-07-29T21:36:58.436070+00:00,1457.160504,current,rgb,55.000,90.000,14,700,0.258700,0.259090909,25.0000,3.722121954,3.760974646,1.639304519
2026-07-29T21:36:58.586343+00:00,1457.310778,current,rgb,55.000,90.000,15,700,0.258700,0.259147727,25.0000,3.722343683,3.761124849,1.639270067
2026-07-29T21:36:58.736631+00:00,1457.461066,current,rgb,55.000,90.000,16,700,0.258700,0.259176136,25.0000,3.722152472,3.761106968,1.639448762
2026-07-29T21:36:58.886952+00:00,1457.611387,current,rgb,55.000,90.000,17,700,0.258700,0.259147727,25.0000,3.722094536,3.760991096,1.639169216
2026-07-29T21:36:59.037292+00:00,1457.761727,current,rgb,55.000,90.000,18,700,0.258700,0.259090909,25.0000,3.722211838,3.761099815,1.639397025
2026-07-29T21:36:59.187638+00:00,1457.912072,current,rgb,55.000,90.000,19,700,0.258700,0.259147727,25.0000,3.722147703,3.761070967,1.639512539
2026-07-29T21:37:09.642332+00:00,1468.366761,current,dark,60.000,-90.000,0,0,,0.000738636,25.0000,4.896399975,4.903066635,1.649670482
2026-07-29T21:37:09.792800+00:00,1468.517232,current,dark,60.000,-90.000,1,0,,0.000710227,25.0000,4.896407604,4.903066635,1.649699807
2026-07-29T21:37:09.943381+00:00,1468.667815,current,dark,60.000,-90.000,2,0,,0.000738636,25.0000,4.896399021,4.903056145,1.649554968
2026-07-29T21:37:10.093850+00:00,1468.818282,current,dark,60.000,-90.000,3,0,,0.000710227,25.0000,4.896392822,4.903056622,1.649716377
2026-07-29T21:37:10.244261+00:00,1468.968693,current,dark,60.000,-90.000,4,0,,0.000710227,25.0000,4.896397591,4.903077126,1.649550319
2026-07-29T21:37:10.394624+00:00,1469.119058,current,dark,60.000,-90.000,5,0,,0.000710227,25.0000,4.896407127,4.903052807,1.649543047
2026-07-29T21:37:10.544953+00:00,1469.269388,current,dark,60.000,-90.000,6,0,,0.000710227,25.0000,4.896402359,4.903052330,1.649650216
2026-07-29T21:37:10.695612+00:00,1469.420034,current,dark,60.000,-90.000,7,0,,0.000710227,25.0000,4.896386147,4.903040409,1.648664594
2026-07-29T21:37:10.845966+00:00,1469.570395,current,dark,60.000,-90.000,8,0,,0.000710227,25.0000,4.896403790,4.903051376,1.649662733
2026-07-29T21:37:10.996566+00:00,1469.720999,current,dark,60.000,-90.000,9,0,,0.000710227,25.0000,4.896415234,4.903041840,1.649609923
2026-07-29T21:37:11.146932+00:00,1469.871365,current,dark,60.000,-90.000,10,0,,0.000710227,25.0000,4.896408081,4.903047562,1.649631619
2026-07-29T21:37:11.297285+00:00,1470.021716,current,dark,60.000,-90.000,11,0,,0.000738636,25.0000,4.896398067,4.903045177,1.649702430
2026-07-29T21:37:11.447772+00:00,1470.172202,current,dark,60.000,-90.000,12,0,,0.000710227,25.0000,4.896404266,4.903062820,1.649409771
2026-07-29T21:37:11.598124+00:00,1470.322552,current,dark,60.000,-90.000,13,0,,0.000710227,25.0000,4.896391392,4.903052807,1.649712682
2026-07-29T21:37:11.748719+00:00,1470.473151,current,dark,60.000,-90.000,14,0,,0.000710227,25.0000,4.896397591,4.903056145,1.649725914
2026-07-29T21:37:11.899109+00:00,1470.623542,current,dark,60.000,-90.000,15,0,,0.000710227,25.0000,4.896404743,4.903032303,1.649499297
2026-07-29T21:37:12.049626+00:00,1470.774057,current,dark,60.000,-90.000,16,0,,0.000738636,25.0399,4.896401405,4.903045654,1.649653196
2026-07-29T21:37:12.200124+00:00,1470.924557,current,dark,60.000,-90.000,17,0,,0.000710227,25.0000,4.896405697,4.903065681,1.649640679
2026-07-29T21:37:12.350471+00:00,1471.074904,current,dark,60.000,-90.000,18,0,,0.000710227,25.0000,4.896389008,4.903061867,1.649653673
2026-07-29T21:37:12.500851+00:00,1471.225286,current,dark,60.000,-90.000,19,0,,0.000710227,25.0399,4.896403313,4.903051376,1.649686098
2026-07-29T21:37:16.694859+00:00,1475.419288,current,rgb,60.000,-90.000,0,700,0.258700,0.259062500,25.0000,3.716919899,3.756569386,1.640557408
2026-07-29T21:37:16.845404+00:00,1475.569835,current,rgb,60.000,-90.000,1,700,0.258700,0.259062500,25.0000,3.716893435,3.756747484,1.640860200
2026-07-29T21:37:16.995851+00:00,1475.720283,current,rgb,60.000,-90.000,2,700,0.258700,0.259090909,25.0000,3.716761827,3.756641150,1.640603065
2026-07-29T21:37:17.146154+00:00,1475.870587,current,rgb,60.000,-90.000,3,700,0.258700,0.259119318,25.0000,3.717086554,3.756931782,1.640785694
2026-07-29T21:37:17.296581+00:00,1476.021014,current,rgb,60.000,-90.000,4,700,0.258700,0.259034091,25.0000,3.717109919,3.756907940,1.640827417
2026-07-29T21:37:17.446957+00:00,1476.171392,current,rgb,60.000,-90.000,5,700,0.258700,0.259090909,25.0000,3.717042446,3.756699800,1.640674353
2026-07-29T21:37:17.597105+00:00,1476.321532,current,rgb,60.000,-90.000,6,700,0.258700,0.259147727,25.0000,3.717034817,3.756939888,1.640970588
2026-07-29T21:37:17.747672+00:00,1476.472104,current,rgb,60.000,-90.000,7,700,0.258700,0.259119318,25.0000,3.717190981,3.757038116,1.640910268
2026-07-29T21:37:17.898114+00:00,1476.622547,current,rgb,60.000,-90.000,8,700,0.258700,0.259147727,25.0000,3.717451572,3.757200003,1.640707135
2026-07-29T21:37:18.048590+00:00,1476.773024,current,rgb,60.000,-90.000,9,700,0.258700,0.259090909,25.0000,3.717424631,3.757283926,1.640801787
2026-07-29T21:37:18.198973+00:00,1476.923404,current,rgb,60.000,-90.000,10,700,0.258700,0.259147727,25.0000,3.717456341,3.757274628,1.640646338
2026-07-29T21:37:18.349561+00:00,1477.073962,current,rgb,60.000,-90.000,11,700,0.258700,0.259090909,25.0000,3.717636824,3.757513046,1.640696406
2026-07-29T21:37:18.499963+00:00,1477.224390,current,rgb,60.000,-90.000,12,700,0.258700,0.259090909,25.0000,3.717520714,3.757290840,1.640914917
2026-07-29T21:37:18.650413+00:00,1477.374846,current,rgb,60.000,-90.000,13,700,0.258700,0.259062500,25.0000,3.717650414,3.757353067,1.640667081
2026-07-29T21:37:18.800819+00:00,1477.525252,current,rgb,60.000,-90.000,14,700,0.258700,0.259176136,25.0000,3.717656136,3.757565260,1.640810132
2026-07-29T21:37:18.951230+00:00,1477.675662,current,rgb,60.000,-90.000,15,700,0.258700,0.259090909,25.0000,3.717827320,3.757635593,1.640879750
2026-07-29T21:37:19.101644+00:00,1477.826078,current,rgb,60.000,-90.000,16,700,0.258700,0.259090909,25.0000,3.717844248,3.757575989,1.640808702
2026-07-29T21:37:19.252005+00:00,1477.976439,current,rgb,60.000,-90.000,17,700,0.258700,0.259147727,25.0399,3.717998981,3.757755995,1.640695095
2026-07-29T21:37:19.402323+00:00,1478.126757,current,rgb,60.000,-90.000,18,700,0.258700,0.259062500,25.0000,3.717808247,3.757648706,1.640517354
2026-07-29T21:37:19.552696+00:00,1478.277130,current,rgb,60.000,-90.000,19,700,0.258700,0.259147727,25.0399,3.718066216,3.757887125,1.640747190
2026-07-29T21:37:23.253491+00:00,1481.977920,current,rgb,60.000,-45.000,0,700,0.258700,0.259034091,25.0000,3.719051123,3.758788109,1.639845729
2026-07-29T21:37:23.404087+00:00,1482.128519,current,rgb,60.000,-45.000,1,700,0.258700,0.259119318,25.0000,3.719198465,3.758995295,1.640103817
2026-07-29T21:37:23.554421+00:00,1482.278856,current,rgb,60.000,-45.000,2,700,0.258700,0.259034091,25.0000,3.719556808,3.759300947,1.640200257
2026-07-29T21:37:23.704939+00:00,1482.429368,current,rgb,60.000,-45.000,3,700,0.258700,0.258977273,25.0000,3.719732761,3.759189844,1.640045285
2026-07-29T21:37:23.855436+00:00,1482.579869,current,rgb,60.000,-45.000,4,700,0.258700,0.259005682,25.0000,3.719584703,3.759266138,1.640163660
2026-07-29T21:37:24.005795+00:00,1482.730229,current,rgb,60.000,-45.000,5,700,0.258700,0.258977273,25.0399,3.719517708,3.759251118,1.640021086
2026-07-29T21:37:24.156148+00:00,1482.880584,current,rgb,60.000,-45.000,6,700,0.258700,0.259062500,25.0399,3.719662189,3.759381294,1.640102386
2026-07-29T21:37:24.306495+00:00,1483.030929,current,rgb,60.000,-45.000,7,700,0.258700,0.258977273,25.0399,3.719680786,3.759440184,1.640101194
2026-07-29T21:37:24.456877+00:00,1483.181312,current,rgb,60.000,-45.000,8,700,0.258700,0.258977273,25.0399,3.719820023,3.759612083,1.639847994
2026-07-29T21:37:24.607232+00:00,1483.331665,current,rgb,60.000,-45.000,9,700,0.258700,0.258948864,25.0000,3.719776630,3.759562492,1.639820099
2026-07-29T21:37:24.757567+00:00,1483.482000,current,rgb,60.000,-45.000,10,700,0.258700,0.259005682,25.0399,3.719718456,3.759328365,1.640022755
2026-07-29T21:37:24.907902+00:00,1483.632335,current,rgb,60.000,-45.000,11,700,0.258700,0.259119318,25.0000,3.719570637,3.758922100,1.639893651
2026-07-29T21:37:25.058318+00:00,1483.782751,current,rgb,60.000,-45.000,12,700,0.258700,0.259147727,25.0000,3.719376087,3.759208918,1.640296221
2026-07-29T21:37:25.208684+00:00,1483.933118,current,rgb,60.000,-45.000,13,700,0.258700,0.259062500,25.0000,3.719445229,3.759204865,1.640009642
2026-07-29T21:37:25.359037+00:00,1484.083471,current,rgb,60.000,-45.000,14,700,0.258700,0.259034091,25.0000,3.719656706,3.759406567,1.640060186
2026-07-29T21:37:25.509340+00:00,1484.233776,current,rgb,60.000,-45.000,15,700,0.258700,0.259062500,25.0399,3.719604492,3.759376049,1.640092134
2026-07-29T21:37:25.659666+00:00,1484.384100,current,rgb,60.000,-45.000,16,700,0.258700,0.259062500,25.0000,3.719511271,3.759201050,1.639855742
2026-07-29T21:37:25.810068+00:00,1484.534501,current,rgb,60.000,-45.000,17,700,0.258700,0.259119318,25.0000,3.719728231,3.759505510,1.639963269
2026-07-29T21:37:25.960432+00:00,1484.684866,current,rgb,60.000,-45.000,18,700,0.258700,0.259062500,25.0000,3.719691992,3.759423494,1.639960289
2026-07-29T21:37:26.110820+00:00,1484.835255,current,rgb,60.000,-45.000,19,700,0.258700,0.259119318,25.0000,3.719764233,3.759214640,1.639963269
2026-07-29T21:37:29.812609+00:00,1488.537037,current,rgb,60.000,0.000,0,700,0.258700,0.259034091,25.0000,3.720242739,3.759607077,1.640312076
2026-07-29T21:37:29.963248+00:00,1488.687681,current,rgb,60.000,0.000,1,700,0.258700,0.259147727,25.0000,3.720439672,3.759871483,1.640221715
2026-07-29T21:37:30.113746+00:00,1488.838178,current,rgb,60.000,0.000,2,700,0.258700,0.259090909,25.0000,3.720311880,3.759736776,1.639883161
2026-07-29T21:37:30.264169+00:00,1488.988603,current,rgb,60.000,0.000,3,700,0.258700,0.259062500,25.0000,3.720282316,3.759668350,1.640268683
2026-07-29T21:37:30.414530+00:00,1489.138963,current,rgb,60.000,0.000,4,700,0.258700,0.259090909,25.0000,3.720498323,3.759925842,1.640327215
2026-07-29T21:37:30.564836+00:00,1489.289270,current,rgb,60.000,0.000,5,700,0.258700,0.259005682,25.0000,3.720464468,3.759915829,1.640206099
2026-07-29T21:37:30.715220+00:00,1489.439652,current,rgb,60.000,0.000,6,700,0.258700,0.259062500,25.0000,3.720459461,3.759737968,1.640087724
2026-07-29T21:37:30.865611+00:00,1489.590044,current,rgb,60.000,0.000,7,700,0.258700,0.259034091,25.0000,3.720539093,3.759906769,1.640340209
2026-07-29T21:37:31.015876+00:00,1489.740311,current,rgb,60.000,0.000,8,700,0.258700,0.259090909,25.0000,3.720349073,3.759795189,1.640337706
2026-07-29T21:37:31.166251+00:00,1489.890683,current,rgb,60.000,0.000,9,700,0.258700,0.259119318,25.0000,3.720510483,3.759894609,1.640320182
2026-07-29T21:37:31.316790+00:00,1490.041225,current,rgb,60.000,0.000,10,700,0.258700,0.259119318,25.0000,3.720566988,3.759973288,1.640285730
2026-07-29T21:37:31.467240+00:00,1490.191669,current,rgb,60.000,0.000,11,700,0.258700,0.259062500,25.0000,3.720520496,3.760025024,1.640084743
2026-07-29T21:37:31.617900+00:00,1490.342332,current,rgb,60.000,0.000,12,700,0.258700,0.259090909,25.0000,3.720699787,3.760082483,1.640144110
2026-07-29T21:37:31.767861+00:00,1490.492287,current,rgb,60.000,0.000,13,700,0.258700,0.259090909,25.0000,3.720568657,3.760187626,1.640015960
2026-07-29T21:37:31.918382+00:00,1490.642813,current,rgb,60.000,0.000,14,700,0.258700,0.259090909,25.0000,3.720646858,3.759939909,1.640230536
2026-07-29T21:37:32.068957+00:00,1490.793391,current,rgb,60.000,0.000,15,700,0.258700,0.259090909,25.0000,3.720635414,3.760048866,1.640413404
2026-07-29T21:37:32.219391+00:00,1490.943823,current,rgb,60.000,0.000,16,700,0.258700,0.259062500,25.0000,3.720467567,3.759922028,1.640313745
2026-07-29T21:37:32.369860+00:00,1491.094293,current,rgb,60.000,0.000,17,700,0.258700,0.259090909,25.0000,3.720688820,3.760052204,1.640362144
2026-07-29T21:37:32.520373+00:00,1491.244807,current,rgb,60.000,0.000,18,700,0.258700,0.259147727,25.0000,3.720695496,3.760121346,1.640477896
2026-07-29T21:37:32.670732+00:00,1491.395164,current,rgb,60.000,0.000,19,700,0.258700,0.259090909,25.0000,3.720469952,3.759854078,1.640217304
2026-07-29T21:37:36.371711+00:00,1495.096136,current,rgb,60.000,45.000,0,700,0.258700,0.259119318,25.0000,3.721177578,3.760171413,1.640238881
2026-07-29T21:37:36.522427+00:00,1495.246855,current,rgb,60.000,45.000,1,700,0.258700,0.259119318,25.0000,3.721069813,3.760208130,1.639969110
2026-07-29T21:37:36.673150+00:00,1495.397580,current,rgb,60.000,45.000,2,700,0.258700,0.259062500,25.0000,3.721368551,3.760479927,1.640116811
2026-07-29T21:37:36.823690+00:00,1495.548122,current,rgb,60.000,45.000,3,700,0.258700,0.259034091,25.0000,3.721220016,3.760343790,1.640179276
2026-07-29T21:37:36.976331+00:00,1495.700755,current,rgb,60.000,45.000,4,700,0.258700,0.259119318,25.0000,3.721017361,3.759748697,1.640114546
2026-07-29T21:37:37.127009+00:00,1495.851440,current,rgb,60.000,45.000,5,700,0.258700,0.259176136,25.0000,3.721269369,3.760379314,1.640289903
2026-07-29T21:37:37.277467+00:00,1496.001899,current,rgb,60.000,45.000,6,700,0.258700,0.259090909,25.0000,3.721308231,3.760434389,1.639993191
2026-07-29T21:37:37.427929+00:00,1496.152360,current,rgb,60.000,45.000,7,700,0.258700,0.259090909,25.0000,3.721489668,3.760607719,1.640053511
2026-07-29T21:37:37.578560+00:00,1496.302990,current,rgb,60.000,45.000,8,700,0.258700,0.259062500,25.0000,3.721358776,3.760395050,1.640172482
2026-07-29T21:37:37.729088+00:00,1496.453521,current,rgb,60.000,45.000,9,700,0.258700,0.259090909,25.0000,3.721342564,3.760452747,1.640027404
2026-07-29T21:37:37.879573+00:00,1496.604006,current,rgb,60.000,45.000,10,700,0.258700,0.259119318,25.0000,3.721465111,3.760603666,1.640100121
2026-07-29T21:37:38.029966+00:00,1496.754400,current,rgb,60.000,45.000,11,700,0.258700,0.259034091,25.0000,3.721229553,3.760396242,1.640285492
2026-07-29T21:37:38.180598+00:00,1496.905026,current,rgb,60.000,45.000,12,700,0.258700,0.259062500,25.0000,3.721378803,3.760467768,1.640166044
2026-07-29T21:37:38.331131+00:00,1497.055562,current,rgb,60.000,45.000,13,700,0.258700,0.259119318,25.0000,3.721785069,3.760838985,1.640013456
2026-07-29T21:37:38.481578+00:00,1497.206012,current,rgb,60.000,45.000,14,700,0.258700,0.259005682,25.0000,3.721304893,3.760417700,1.639836073
2026-07-29T21:37:38.631856+00:00,1497.356291,current,rgb,60.000,45.000,15,700,0.258700,0.259119318,25.0000,3.721393347,3.760526657,1.640174866
2026-07-29T21:37:38.782140+00:00,1497.506573,current,rgb,60.000,45.000,16,700,0.258700,0.259147727,25.0000,3.721454382,3.760562897,1.640159249
2026-07-29T21:37:38.932507+00:00,1497.656941,current,rgb,60.000,45.000,17,700,0.258700,0.259062500,25.0000,3.721418142,3.760550499,1.639957786
2026-07-29T21:37:39.082805+00:00,1497.807239,current,rgb,60.000,45.000,18,700,0.258700,0.259147727,25.0000,3.721508741,3.760687828,1.640043736
2026-07-29T21:37:39.233104+00:00,1497.957539,current,rgb,60.000,45.000,19,700,0.258700,0.259034091,25.0000,3.721783161,3.760943890,1.640050411
2026-07-29T21:37:42.933792+00:00,1501.658221,current,rgb,60.000,90.000,0,700,0.258700,0.259090909,25.0000,3.721980810,3.760944843,1.640769124
2026-07-29T21:37:43.084296+00:00,1501.808730,current,rgb,60.000,90.000,1,700,0.258700,0.259034091,25.0000,3.721956968,3.760832787,1.640629172
2026-07-29T21:37:43.234710+00:00,1501.959143,current,rgb,60.000,90.000,2,700,0.258700,0.259090909,25.0000,3.722126484,3.760993004,1.640544534
2026-07-29T21:37:43.385088+00:00,1502.109521,current,rgb,60.000,90.000,3,700,0.258700,0.259090909,25.0000,3.722013474,3.760959864,1.640642643
2026-07-29T21:37:43.535377+00:00,1502.259811,current,rgb,60.000,90.000,4,700,0.258700,0.259062500,25.0000,3.721835852,3.760721207,1.640509129
2026-07-29T21:37:43.685683+00:00,1502.410119,current,rgb,60.000,90.000,5,700,0.258700,0.259062500,25.0000,3.722028732,3.760916948,1.640725613
2026-07-29T21:37:43.836090+00:00,1502.560523,current,rgb,60.000,90.000,6,700,0.258700,0.259090909,25.0000,3.722144127,3.761476040,1.640810847
2026-07-29T21:37:43.986458+00:00,1502.710892,current,rgb,60.000,90.000,7,700,0.258700,0.258948864,25.0000,3.722392321,3.761070251,1.640364051
2026-07-29T21:37:44.136703+00:00,1502.861139,current,rgb,60.000,90.000,8,700,0.258700,0.259005682,25.0000,3.722442389,3.761374712,1.640742302
2026-07-29T21:37:44.287034+00:00,1503.011466,current,rgb,60.000,90.000,9,700,0.258700,0.259005682,25.0000,3.722455263,3.761217833,1.640569687
2026-07-29T21:37:44.437474+00:00,1503.161906,current,rgb,60.000,90.000,10,700,0.258700,0.258977273,25.0000,3.722613335,3.761451483,1.640563011
2026-07-29T21:37:44.587857+00:00,1503.312290,current,rgb,60.000,90.000,11,700,0.258700,0.259034091,25.0000,3.722497940,3.761301517,1.640724897
2026-07-29T21:37:44.738288+00:00,1503.462720,current,rgb,60.000,90.000,12,700,0.258700,0.259062500,25.0000,3.721998692,3.760922432,1.640494227
2026-07-29T21:37:44.888826+00:00,1503.613257,current,rgb,60.000,90.000,13,700,0.258700,0.259062500,25.0000,3.722214460,3.761128187,1.640650272
2026-07-29T21:37:45.039388+00:00,1503.763822,current,rgb,60.000,90.000,14,700,0.258700,0.259062500,25.0000,3.722146749,3.761051178,1.640850902
2026-07-29T21:37:45.189753+00:00,1503.914187,current,rgb,60.000,90.000,15,700,0.258700,0.259090909,25.0000,3.722215891,3.760869265,1.640669465
2026-07-29T21:37:45.340117+00:00,1504.064551,current,rgb,60.000,90.000,16,700,0.258700,0.259119318,25.0000,3.722077608,3.760961056,1.640879035
2026-07-29T21:37:45.490663+00:00,1504.215095,current,rgb,60.000,90.000,17,700,0.258700,0.259090909,25.0000,3.722114801,3.761032820,1.640779853
2026-07-29T21:37:45.641036+00:00,1504.365471,current,rgb,60.000,90.000,18,700,0.258700,0.259062500,25.0000,3.722186089,3.761138916,1.640631437
2026-07-29T21:37:45.791323+00:00,1504.515756,current,rgb,60.000,90.000,19,700,0.258700,0.259090909,25.0000,3.722223282,3.761123657,1.640743256
2026-07-29T21:37:56.247251+00:00,1514.971681,current,dark,65.000,-90.000,0,0,,0.000738636,25.0000,4.896371365,4.903082371,1.649633646
2026-07-29T21:37:56.397876+00:00,1515.122302,current,dark,65.000,-90.000,1,0,,0.000710227,25.0000,4.896364689,4.903069496,1.649598002
2026-07-29T21:37:56.548358+00:00,1515.272790,current,dark,65.000,-90.000,2,0,,0.000710227,25.0000,4.896381378,4.903078556,1.649380922
2026-07-29T21:37:56.698799+00:00,1515.423229,current,dark,65.000,-90.000,3,0,,0.000710227,25.0399,4.896372795,4.903082371,1.649590611
2026-07-29T21:37:56.849269+00:00,1515.573703,current,dark,65.000,-90.000,4,0,,0.000710227,25.0000,4.896381378,4.903058052,1.649532557
2026-07-29T21:37:56.999702+00:00,1515.724135,current,dark,65.000,-90.000,5,0,,0.000710227,25.0000,4.896386147,4.903058052,1.649485469
2026-07-29T21:37:57.150143+00:00,1515.874575,current,dark,65.000,-90.000,6,0,,0.000710227,25.0000,4.896374702,4.903071404,1.649590611
2026-07-29T21:37:57.300609+00:00,1516.025042,current,dark,65.000,-90.000,7,0,,0.000738636,25.0000,4.896378994,4.903051376,1.649421692
2026-07-29T21:37:57.450964+00:00,1516.175397,current,dark,65.000,-90.000,8,0,,0.000710227,25.0000,4.896378040,4.903061390,1.649698019
2026-07-29T21:37:57.601260+00:00,1516.325690,current,dark,65.000,-90.000,9,0,,0.000710227,25.0000,4.896376610,4.903069973,1.649736643
2026-07-29T21:37:57.751846+00:00,1516.476278,current,dark,65.000,-90.000,10,0,,0.000710227,25.0000,4.896370411,4.903066635,1.648971796
2026-07-29T21:37:57.902503+00:00,1516.626931,current,dark,65.000,-90.000,11,0,,0.000738636,25.0000,4.896376610,4.903059959,1.649107695
2026-07-29T21:37:58.053219+00:00,1516.777647,current,dark,65.000,-90.000,12,0,,0.000710227,25.0000,4.896363735,4.903074741,1.649700046
2026-07-29T21:37:58.203861+00:00,1516.928293,current,dark,65.000,-90.000,13,0,,0.000710227,25.0000,4.896374702,4.903073788,1.649594545
2026-07-29T21:37:58.354377+00:00,1517.078810,current,dark,65.000,-90.000,14,0,,0.000710227,25.0000,4.896369457,4.903049946,1.649654150
2026-07-29T21:37:58.504768+00:00,1517.229201,current,dark,65.000,-90.000,15,0,,0.000738636,25.0000,4.896410942,4.903077602,1.649497151
2026-07-29T21:37:58.655112+00:00,1517.379546,current,dark,65.000,-90.000,16,0,,0.000738636,25.0000,4.896399021,4.903076172,1.649653673
2026-07-29T21:37:58.805437+00:00,1517.529869,current,dark,65.000,-90.000,17,0,,0.000710227,25.0000,4.896409988,4.903088093,1.649779916
2026-07-29T21:37:58.955832+00:00,1517.680266,current,dark,65.000,-90.000,18,0,,0.000710227,25.0000,4.896407604,4.903081894,1.649605274
2026-07-29T21:37:59.106196+00:00,1517.830630,current,dark,65.000,-90.000,19,0,,0.000710227,25.0000,4.896410465,4.903103828,1.649630666
2026-07-29T21:38:03.300511+00:00,1522.024938,current,rgb,65.000,-90.000,0,700,0.258700,0.258948864,25.0000,3.716875076,3.756658792,1.640423656
2026-07-29T21:38:03.451139+00:00,1522.175570,current,rgb,65.000,-90.000,1,700,0.258700,0.259034091,25.0000,3.717028618,3.756849527,1.641971946
2026-07-29T21:38:03.601586+00:00,1522.326019,current,rgb,65.000,-90.000,2,700,0.258700,0.258948864,25.0000,3.717336893,3.757145882,1.642064571
2026-07-29T21:38:03.752067+00:00,1522.476498,current,rgb,65.000,-90.000,3,700,0.258700,0.258948864,25.0000,3.717598677,3.757353306,1.641972542
2026-07-29T21:38:03.902458+00:00,1522.626888,current,rgb,65.000,-90.000,4,700,0.258700,0.258863636,25.0000,3.717702627,3.757449150,1.641989827
2026-07-29T21:38:04.052867+00:00,1522.777300,current,rgb,65.000,-90.000,5,700,0.258700,0.258892045,25.0000,3.717755795,3.757447243,1.641712427
2026-07-29T21:38:04.203327+00:00,1522.927761,current,rgb,65.000,-90.000,6,700,0.258700,0.258977273,25.0000,3.717899799,3.757669449,1.641820192
2026-07-29T21:38:04.353684+00:00,1523.078118,current,rgb,65.000,-90.000,7,700,0.258700,0.258892045,25.0000,3.717909336,3.757557631,1.642010331
2026-07-29T21:38:04.504090+00:00,1523.228525,current,rgb,65.000,-90.000,8,700,0.258700,0.258892045,25.0000,3.717925549,3.757635593,1.641808152
2026-07-29T21:38:04.654390+00:00,1523.378824,current,rgb,65.000,-90.000,9,700,0.258700,0.258948864,25.0000,3.718046188,3.757839680,1.641916037
2026-07-29T21:38:04.804759+00:00,1523.529191,current,rgb,65.000,-90.000,10,700,0.258700,0.258948864,25.0000,3.718098164,3.757838011,1.641825080
2026-07-29T21:38:04.955142+00:00,1523.679576,current,rgb,65.000,-90.000,11,700,0.258700,0.258920455,25.0000,3.718304396,3.758012295,1.641733766
2026-07-29T21:38:05.105449+00:00,1523.829884,current,rgb,65.000,-90.000,12,700,0.258700,0.259005682,25.0000,3.718080759,3.757911205,1.642106533
2026-07-29T21:38:05.255736+00:00,1523.980170,current,rgb,65.000,-90.000,13,700,0.258700,0.258892045,25.0000,3.718194485,3.757934332,1.641842365
2026-07-29T21:38:05.406129+00:00,1524.130563,current,rgb,65.000,-90.000,14,700,0.258700,0.258948864,25.0000,3.718369007,3.758049965,1.641952753
2026-07-29T21:38:05.556469+00:00,1524.280903,current,rgb,65.000,-90.000,15,700,0.258700,0.258948864,25.0000,3.718444347,3.758083820,1.641978621
2026-07-29T21:38:05.706950+00:00,1524.431382,current,rgb,65.000,-90.000,16,700,0.258700,0.258920455,25.0000,3.718349695,3.758031130,1.641782284
2026-07-29T21:38:05.857367+00:00,1524.581801,current,rgb,65.000,-90.000,17,700,0.258700,0.258948864,25.0000,3.718424797,3.758265495,1.642032027
2026-07-29T21:38:06.007833+00:00,1524.732265,current,rgb,65.000,-90.000,18,700,0.258700,0.258892045,25.0000,3.718801498,3.758486748,1.641865849
2026-07-29T21:38:06.158159+00:00,1524.882594,current,rgb,65.000,-90.000,19,700,0.258700,0.258835227,25.0000,3.718669653,3.758400679,1.641845822
2026-07-29T21:38:09.858881+00:00,1528.583309,current,rgb,65.000,-45.000,0,700,0.258700,0.259034091,25.0000,3.719123363,3.758791924,1.641274452
2026-07-29T21:38:10.009374+00:00,1528.733807,current,rgb,65.000,-45.000,1,700,0.258700,0.259034091,25.0000,3.719290257,3.758966684,1.641521096
2026-07-29T21:38:10.159851+00:00,1528.884284,current,rgb,65.000,-45.000,2,700,0.258700,0.258977273,25.0000,3.719145298,3.758882999,1.641603112
2026-07-29T21:38:10.310149+00:00,1529.034583,current,rgb,65.000,-45.000,3,700,0.258700,0.259062500,25.0000,3.719109535,3.758774281,1.641375303
2026-07-29T21:38:10.460477+00:00,1529.184911,current,rgb,65.000,-45.000,4,700,0.258700,0.259062500,25.0000,3.719301462,3.758965731,1.641585231
2026-07-29T21:38:10.610838+00:00,1529.335271,current,rgb,65.000,-45.000,5,700,0.258700,0.259034091,25.0000,3.719221115,3.758846521,1.641638756
2026-07-29T21:38:10.761142+00:00,1529.485576,current,rgb,65.000,-45.000,6,700,0.258700,0.259062500,25.0000,3.719367504,3.758934498,1.641457319
2026-07-29T21:38:10.911604+00:00,1529.636037,current,rgb,65.000,-45.000,7,700,0.258700,0.259119318,25.0000,3.719438076,3.759060383,1.641481519
2026-07-29T21:38:11.061909+00:00,1529.786343,current,rgb,65.000,-45.000,8,700,0.258700,0.259034091,25.0000,3.719331980,3.758925915,1.641268373
2026-07-29T21:38:11.212205+00:00,1529.936640,current,rgb,65.000,-45.000,9,700,0.258700,0.259005682,25.0000,3.719437361,3.759099483,1.641481519
2026-07-29T21:38:11.362547+00:00,1530.086982,current,rgb,65.000,-45.000,10,700,0.258700,0.259062500,25.0000,3.719448566,3.759093761,1.641578913
2026-07-29T21:38:11.512947+00:00,1530.237377,current,rgb,65.000,-45.000,11,700,0.258700,0.259005682,25.0000,3.719516277,3.759260654,1.641377807
2026-07-29T21:38:11.663589+00:00,1530.388017,current,rgb,65.000,-45.000,12,700,0.258700,0.258977273,25.0000,3.719555378,3.759238720,1.641167045
2026-07-29T21:38:11.814115+00:00,1530.538547,current,rgb,65.000,-45.000,13,700,0.258700,0.259062500,25.0000,3.719461441,3.759144545,1.641527176
2026-07-29T21:38:11.964510+00:00,1530.688944,current,rgb,65.000,-45.000,14,700,0.258700,0.259062500,25.0399,3.719558716,3.759064198,1.641496897
2026-07-29T21:38:12.115034+00:00,1530.839468,current,rgb,65.000,-45.000,15,700,0.258700,0.259062500,25.0399,3.719646692,3.759286642,1.641401410
2026-07-29T21:38:12.265324+00:00,1530.989759,current,rgb,65.000,-45.000,16,700,0.258700,0.259034091,25.0000,3.719463348,3.759202480,1.641202211
2026-07-29T21:38:12.415745+00:00,1531.140178,current,rgb,65.000,-45.000,17,700,0.258700,0.259034091,25.0000,3.719722986,3.759348392,1.641390204
2026-07-29T21:38:12.566130+00:00,1531.290563,current,rgb,65.000,-45.000,18,700,0.258700,0.259062500,25.0000,3.719582319,3.759228230,1.641506910
2026-07-29T21:38:12.716567+00:00,1531.441001,current,rgb,65.000,-45.000,19,700,0.258700,0.259034091,24.9980,3.719590902,3.759183407,1.641262531
2026-07-29T21:38:16.417930+00:00,1535.142358,current,rgb,65.000,0.000,0,700,0.258700,0.259204545,25.0000,3.719810009,3.759189129,1.641740322
2026-07-29T21:38:16.568568+00:00,1535.292997,current,rgb,65.000,0.000,1,700,0.258700,0.259119318,25.0000,3.719779491,3.759181261,1.641635537
2026-07-29T21:38:16.719159+00:00,1535.443592,current,rgb,65.000,0.000,2,700,0.258700,0.259119318,25.0000,3.719941378,3.759407043,1.641505241
2026-07-29T21:38:16.869596+00:00,1535.594029,current,rgb,65.000,0.000,3,700,0.258700,0.259147727,25.0000,3.719874382,3.759343863,1.641512275
2026-07-29T21:38:17.019983+00:00,1535.744417,current,rgb,65.000,0.000,4,700,0.258700,0.259147727,25.0000,3.719994545,3.759489298,1.641528845
2026-07-29T21:38:17.170269+00:00,1535.894703,current,rgb,65.000,0.000,5,700,0.258700,0.259090909,25.0000,3.719869137,3.759280682,1.641107202
2026-07-29T21:38:17.320716+00:00,1536.045150,current,rgb,65.000,0.000,6,700,0.258700,0.259147727,24.9980,3.719803095,3.759193897,1.641558409
2026-07-29T21:38:17.470990+00:00,1536.195425,current,rgb,65.000,0.000,7,700,0.258700,0.259204545,25.0000,3.719963074,3.759391308,1.641680002
2026-07-29T21:38:17.620916+00:00,1536.345343,current,rgb,65.000,0.000,8,700,0.258700,0.259147727,25.0000,3.719914436,3.759311676,1.641712427
2026-07-29T21:38:17.771402+00:00,1536.495833,current,rgb,65.000,0.000,9,700,0.258700,0.259090909,25.0000,3.720039368,3.759405613,1.641511559
2026-07-29T21:38:17.921804+00:00,1536.646234,current,rgb,65.000,0.000,10,700,0.258700,0.259176136,25.0000,3.720091820,3.759500742,1.641577482
2026-07-29T21:38:18.072277+00:00,1536.796710,current,rgb,65.000,0.000,11,700,0.258700,0.259062500,25.0000,3.720008850,3.759452105,1.641395330
2026-07-29T21:38:18.222690+00:00,1536.947123,current,rgb,65.000,0.000,12,700,0.258700,0.259119318,25.0000,3.720225096,3.759593964,1.641428351
2026-07-29T21:38:18.373081+00:00,1537.097513,current,rgb,65.000,0.000,13,700,0.258700,0.259147727,25.0000,3.720062971,3.759548903,1.641507626
2026-07-29T21:38:18.523472+00:00,1537.247907,current,rgb,65.000,0.000,14,700,0.258700,0.259147727,25.0000,3.720057249,3.759411812,1.641352415
2026-07-29T21:38:18.673776+00:00,1537.398211,current,rgb,65.000,0.000,15,700,0.258700,0.259119318,24.9602,3.720129490,3.759579420,1.641562819
2026-07-29T21:38:18.824133+00:00,1537.548565,current,rgb,65.000,0.000,16,700,0.258700,0.259119318,25.0000,3.720197678,3.759589195,1.641525269
2026-07-29T21:38:18.976804+00:00,1537.701227,current,rgb,65.000,0.000,17,700,0.258700,0.259062500,25.0000,3.719892025,3.758921385,1.641359687
2026-07-29T21:38:19.127451+00:00,1537.851883,current,rgb,65.000,0.000,18,700,0.258700,0.259119318,25.0000,3.720121861,3.759561777,1.641531348
2026-07-29T21:38:19.277964+00:00,1538.002396,current,rgb,65.000,0.000,19,700,0.258700,0.259090909,25.0000,3.720089197,3.759480715,1.641484499
2026-07-29T21:38:22.978942+00:00,1541.703370,current,rgb,65.000,45.000,0,700,0.258700,0.259176136,25.0000,3.720662117,3.759773254,1.641635776
2026-07-29T21:38:23.129463+00:00,1541.853896,current,rgb,65.000,45.000,1,700,0.258700,0.259119318,25.0000,3.720689297,3.759837389,1.641455173
2026-07-29T21:38:23.279861+00:00,1542.004294,current,rgb,65.000,45.000,2,700,0.258700,0.259147727,25.0000,3.720885754,3.760025263,1.641312599
2026-07-29T21:38:23.430462+00:00,1542.154892,current,rgb,65.000,45.000,3,700,0.258700,0.259062500,25.0000,3.720695972,3.759821653,1.641523480
2026-07-29T21:38:23.581000+00:00,1542.305426,current,rgb,65.000,45.000,4,700,0.258700,0.259119318,25.0000,3.720706463,3.759761095,1.641391397
2026-07-29T21:38:23.731478+00:00,1542.455911,current,rgb,65.000,45.000,5,700,0.258700,0.259147727,25.0000,3.720917702,3.760009766,1.641387582
2026-07-29T21:38:23.881982+00:00,1542.606409,current,rgb,65.000,45.000,6,700,0.258700,0.259062500,25.0000,3.721212387,3.760284424,1.641363382
2026-07-29T21:38:24.034606+00:00,1542.759034,current,rgb,65.000,45.000,7,700,0.258700,0.259034091,25.0399,3.721405029,3.760168314,1.640671730
2026-07-29T21:38:24.185139+00:00,1542.909573,current,rgb,65.000,45.000,8,700,0.258700,0.259090909,25.0000,3.721303463,3.760359764,1.641363382
2026-07-29T21:38:24.335591+00:00,1543.060020,current,rgb,65.000,45.000,9,700,0.258700,0.259062500,25.0000,3.720804691,3.759824991,1.641200066
2026-07-29T21:38:24.486157+00:00,1543.210590,current,rgb,65.000,45.000,10,700,0.258700,0.259176136,25.0399,3.720896244,3.759968519,1.641444683
2026-07-29T21:38:24.636572+00:00,1543.361005,current,rgb,65.000,45.000,11,700,0.258700,0.259119318,25.0000,3.720865488,3.759898186,1.641567469
2026-07-29T21:38:24.787074+00:00,1543.511504,current,rgb,65.000,45.000,12,700,0.258700,0.259119318,25.0000,3.720755577,3.759719372,1.641432643
2026-07-29T21:38:24.937556+00:00,1543.661962,current,rgb,65.000,45.000,13,700,0.258700,0.259176136,25.0000,3.720842600,3.759953499,1.641596794
2026-07-29T21:38:25.087842+00:00,1543.812276,current,rgb,65.000,45.000,14,700,0.258700,0.259119318,25.0000,3.720865488,3.759965658,1.641497612
2026-07-29T21:38:25.238392+00:00,1543.962823,current,rgb,65.000,45.000,15,700,0.258700,0.259119318,25.0000,3.721083641,3.759987593,1.641385078
2026-07-29T21:38:25.388838+00:00,1544.113272,current,rgb,65.000,45.000,16,700,0.258700,0.259176136,25.0000,3.721281528,3.760348558,1.641446829
2026-07-29T21:38:25.539233+00:00,1544.263669,current,rgb,65.000,45.000,17,700,0.258700,0.258977273,25.0000,3.720924616,3.759899378,1.641300321
2026-07-29T21:38:25.689596+00:00,1544.414031,current,rgb,65.000,45.000,18,700,0.258700,0.259119318,25.0000,3.721047401,3.760169983,1.641440034
2026-07-29T21:38:25.839875+00:00,1544.564309,current,rgb,65.000,45.000,19,700,0.258700,0.259062500,25.0000,3.721050024,3.760104179,1.641455412
2026-07-29T21:38:29.541053+00:00,1548.265481,current,rgb,65.000,90.000,0,700,0.258700,0.259119318,25.0000,3.721523762,3.760517836,1.642087221
2026-07-29T21:38:29.691702+00:00,1548.416132,current,rgb,65.000,90.000,1,700,0.258700,0.259062500,25.0000,3.721580267,3.760469913,1.642080665
2026-07-29T21:38:29.842171+00:00,1548.566603,current,rgb,65.000,90.000,2,700,0.258700,0.259090909,25.0000,3.721555233,3.760334969,1.641925097
2026-07-29T21:38:29.992656+00:00,1548.717087,current,rgb,65.000,90.000,3,700,0.258700,0.259147727,25.0000,3.721632957,3.760558128,1.642105341
2026-07-29T21:38:30.143011+00:00,1548.867444,current,rgb,65.000,90.000,4,700,0.258700,0.259119318,25.1196,3.721496582,3.760468006,1.642031550
2026-07-29T21:38:30.293336+00:00,1549.017771,current,rgb,65.000,90.000,5,700,0.258700,0.259119318,25.0399,3.721675634,3.760605097,1.642088890
2026-07-29T21:38:30.443736+00:00,1549.168171,current,rgb,65.000,90.000,6,700,0.258700,0.259119318,25.0000,3.721606493,3.760528326,1.642087460
2026-07-29T21:38:30.594076+00:00,1549.318510,current,rgb,65.000,90.000,7,700,0.258700,0.259062500,25.0000,3.721475363,3.760438442,1.641933680
2026-07-29T21:38:30.744447+00:00,1549.468880,current,rgb,65.000,90.000,8,700,0.258700,0.259090909,25.0000,3.721640348,3.760574818,1.642126322
2026-07-29T21:38:30.894797+00:00,1549.619230,current,rgb,65.000,90.000,9,700,0.258700,0.259090909,25.0797,3.721698523,3.760703087,1.642252803
2026-07-29T21:38:31.045134+00:00,1549.769568,current,rgb,65.000,90.000,10,700,0.258700,0.259005682,25.0797,3.721717596,3.760596514,1.641778350
2026-07-29T21:38:31.195566+00:00,1549.919997,current,rgb,65.000,90.000,11,700,0.258700,0.259034091,25.0797,3.721774578,3.760730982,1.641901493
2026-07-29T21:38:31.346087+00:00,1550.070520,current,rgb,65.000,90.000,12,700,0.258700,0.259034091,25.0797,3.721639872,3.760509968,1.641843081
2026-07-29T21:38:31.496461+00:00,1550.220890,current,rgb,65.000,90.000,13,700,0.258700,0.259062500,25.0817,3.721787453,3.760704756,1.642012477
2026-07-29T21:38:31.646941+00:00,1550.371375,current,rgb,65.000,90.000,14,700,0.258700,0.259090909,25.0797,3.721748829,3.760682344,1.642109752
2026-07-29T21:38:31.797279+00:00,1550.521712,current,rgb,65.000,90.000,15,700,0.258700,0.259090909,25.0797,3.721681595,3.760579109,1.641867280
2026-07-29T21:38:31.947742+00:00,1550.672175,current,rgb,65.000,90.000,16,700,0.258700,0.259119318,25.0399,3.721795321,3.760741234,1.641954184
2026-07-29T21:38:32.098072+00:00,1550.822507,current,rgb,65.000,90.000,17,700,0.258700,0.259062500,25.0399,3.721768379,3.760680914,1.642148733
2026-07-29T21:38:32.248370+00:00,1550.972804,current,rgb,65.000,90.000,18,700,0.258700,0.259034091,25.0399,3.721906662,3.760565519,1.641925097
2026-07-29T21:38:32.398724+00:00,1551.123157,current,rgb,65.000,90.000,19,700,0.258700,0.259090909,25.0399,3.721838951,3.760679960,1.642084599
2026-07-29T21:38:42.854067+00:00,1561.578496,current,dark,70.000,-90.000,0,0,,0.000710227,24.9980,4.896409035,4.903093338,1.649424434
2026-07-29T21:38:43.004613+00:00,1561.729046,current,dark,70.000,-90.000,1,0,,0.000710227,25.0000,4.896410942,4.903126240,1.649585724
2026-07-29T21:38:43.154963+00:00,1561.879397,current,dark,70.000,-90.000,2,0,,0.000710227,24.9980,4.896414757,4.903106213,1.649426579
2026-07-29T21:38:43.305304+00:00,1562.029739,current,dark,70.000,-90.000,3,0,,0.000710227,25.0000,4.896424294,4.903105736,1.649687290
2026-07-29T21:38:43.455659+00:00,1562.180094,current,dark,70.000,-90.000,4,0,,0.000710227,25.0000,4.896416187,4.903100014,1.649824977
2026-07-29T21:38:43.606025+00:00,1562.330460,current,dark,70.000,-90.000,5,0,,0.000710227,25.0000,4.896426201,4.903120041,1.649537683
2026-07-29T21:38:43.756297+00:00,1562.480732,current,dark,70.000,-90.000,6,0,,0.000738636,25.0000,4.896412373,4.903097630,1.649740100
2026-07-29T21:38:43.906637+00:00,1562.631069,current,dark,70.000,-90.000,7,0,,0.000710227,25.0000,4.896421909,4.903121471,1.649641633
2026-07-29T21:38:44.056956+00:00,1562.781391,current,dark,70.000,-90.000,8,0,,0.000738636,25.0000,4.896425724,4.903108597,1.649550557
2026-07-29T21:38:44.207272+00:00,1562.931706,current,dark,70.000,-90.000,9,0,,0.000710227,24.9980,4.896424294,4.903090477,1.649757624
2026-07-29T21:38:44.357591+00:00,1563.082026,current,dark,70.000,-90.000,10,0,,0.000710227,24.9582,4.896412849,4.903111458,1.649537444
2026-07-29T21:38:44.507837+00:00,1563.232272,current,dark,70.000,-90.000,11,0,,0.000710227,24.9582,4.896430492,4.903101444,1.649455428
2026-07-29T21:38:44.658128+00:00,1563.382562,current,dark,70.000,-90.000,12,0,,0.000710227,24.9582,4.896430492,4.903111935,1.649694443
2026-07-29T21:38:44.808449+00:00,1563.532883,current,dark,70.000,-90.000,13,0,,0.000710227,24.9582,4.896422863,4.903121471,1.648795009
2026-07-29T21:38:44.959323+00:00,1563.683750,current,dark,70.000,-90.000,14,0,,0.000710227,24.9183,4.896401405,4.903087616,1.649518132
2026-07-29T21:38:45.110436+00:00,1563.834867,current,dark,70.000,-90.000,15,0,,0.000738636,24.9602,4.896421909,4.903095245,1.649489045
2026-07-29T21:38:45.260546+00:00,1563.984973,current,dark,70.000,-90.000,16,0,,0.000710227,25.0000,4.896429062,4.903115749,1.649402618
2026-07-29T21:38:45.411136+00:00,1564.135568,current,dark,70.000,-90.000,17,0,,0.000738636,25.0000,4.896434784,4.903084278,1.649775982
2026-07-29T21:38:45.561488+00:00,1564.285921,current,dark,70.000,-90.000,18,0,,0.000710227,24.9980,4.896423340,4.903095722,1.649477363
2026-07-29T21:38:45.711835+00:00,1564.436267,current,dark,70.000,-90.000,19,0,,0.000738636,25.0000,4.896425724,4.903107643,1.649543762
2026-07-29T21:38:49.906033+00:00,1568.630462,current,rgb,70.000,-90.000,0,700,0.258700,0.258948864,25.0000,3.717321396,3.756864071,1.642822623
2026-07-29T21:38:50.056667+00:00,1568.781099,current,rgb,70.000,-90.000,1,700,0.258700,0.258948864,24.9582,3.717442751,3.757019043,1.642870188
2026-07-29T21:38:50.207240+00:00,1568.931673,current,rgb,70.000,-90.000,2,700,0.258700,0.258835227,24.9183,3.717516899,3.757166862,1.643017173
2026-07-29T21:38:50.357918+00:00,1569.082347,current,rgb,70.000,-90.000,3,700,0.258700,0.258835227,24.9183,3.717764854,3.757135630,1.641499400
2026-07-29T21:38:50.507785+00:00,1569.232213,current,rgb,70.000,-90.000,4,700,0.258700,0.258920455,24.8785,3.717636585,3.757230997,1.642958045
2026-07-29T21:38:50.658361+00:00,1569.382792,current,rgb,70.000,-90.000,5,700,0.258700,0.258892045,24.8785,3.717600822,3.757260799,1.642967820
2026-07-29T21:38:50.808800+00:00,1569.533232,current,rgb,70.000,-90.000,6,700,0.258700,0.258920455,24.8785,3.717950821,3.757423401,1.642891407
2026-07-29T21:38:50.959227+00:00,1569.683659,current,rgb,70.000,-90.000,7,700,0.258700,0.258892045,24.8785,3.717945814,3.757472038,1.642974257
2026-07-29T21:38:51.109606+00:00,1569.834040,current,rgb,70.000,-90.000,8,700,0.258700,0.258835227,24.9183,3.717894077,3.757440805,1.642732024
2026-07-29T21:38:51.259994+00:00,1569.984428,current,rgb,70.000,-90.000,9,700,0.258700,0.258920455,24.9183,3.718096256,3.757637978,1.642886758
2026-07-29T21:38:51.410341+00:00,1570.134775,current,rgb,70.000,-90.000,10,700,0.258700,0.258863636,24.9183,3.718179464,3.757745266,1.642861128
2026-07-29T21:38:51.560860+00:00,1570.285288,current,rgb,70.000,-90.000,11,700,0.258700,0.258863636,24.9183,3.717828274,3.757194996,1.642671466
2026-07-29T21:38:51.711411+00:00,1570.435844,current,rgb,70.000,-90.000,12,700,0.258700,0.258977273,24.9183,3.717973471,3.757539749,1.642861128
2026-07-29T21:38:51.861776+00:00,1570.586205,current,rgb,70.000,-90.000,13,700,0.258700,0.258920455,24.9582,3.717826843,3.757393599,1.642850161
2026-07-29T21:38:52.012263+00:00,1570.736696,current,rgb,70.000,-90.000,14,700,0.258700,0.258977273,24.9582,3.718026638,3.757573366,1.642908573
2026-07-29T21:38:52.162623+00:00,1570.887057,current,rgb,70.000,-90.000,15,700,0.258700,0.259005682,24.9582,3.717932224,3.757504940,1.643126845
2026-07-29T21:38:52.313008+00:00,1571.037442,current,rgb,70.000,-90.000,16,700,0.258700,0.258948864,24.9582,3.717943668,3.757521868,1.642892361
2026-07-29T21:38:52.463309+00:00,1571.187741,current,rgb,70.000,-90.000,17,700,0.258700,0.259005682,24.9582,3.718193769,3.757737875,1.642975688
2026-07-29T21:38:52.613669+00:00,1571.338103,current,rgb,70.000,-90.000,18,700,0.258700,0.258948864,24.9582,3.718110085,3.757672548,1.643132210
2026-07-29T21:38:52.764091+00:00,1571.488526,current,rgb,70.000,-90.000,19,700,0.258700,0.259005682,24.9582,3.718319178,3.757786274,1.642953992
2026-07-29T21:38:56.464980+00:00,1575.189409,current,rgb,70.000,-45.000,0,700,0.258700,0.258977273,25.0000,3.719158411,3.758713722,1.642904639
2026-07-29T21:38:56.615587+00:00,1575.340016,current,rgb,70.000,-45.000,1,700,0.258700,0.259090909,25.0000,3.719076633,3.758397102,1.642809153
2026-07-29T21:38:56.766199+00:00,1575.490627,current,rgb,70.000,-45.000,2,700,0.258700,0.259090909,25.0000,3.719045162,3.758565903,1.642845988
2026-07-29T21:38:56.916730+00:00,1575.641159,current,rgb,70.000,-45.000,3,700,0.258700,0.259034091,25.0000,3.719036579,3.758575678,1.642630935
2026-07-29T21:38:57.067243+00:00,1575.791677,current,rgb,70.000,-45.000,4,700,0.258700,0.259005682,25.0000,3.719248772,3.758753777,1.642592311
2026-07-29T21:38:57.217614+00:00,1575.942048,current,rgb,70.000,-45.000,5,700,0.258700,0.259034091,25.0000,3.719043255,3.758584023,1.642856240
2026-07-29T21:38:57.368056+00:00,1576.092490,current,rgb,70.000,-45.000,6,700,0.258700,0.259062500,25.0000,3.718969822,3.758485794,1.642652869
2026-07-29T21:38:57.518378+00:00,1576.242812,current,rgb,70.000,-45.000,7,700,0.258700,0.259062500,25.0000,3.719119549,3.758579493,1.642920732
2026-07-29T21:38:57.668777+00:00,1576.393207,current,rgb,70.000,-45.000,8,700,0.258700,0.259062500,25.0000,3.719140291,3.758725882,1.642822385
2026-07-29T21:38:57.819269+00:00,1576.543703,current,rgb,70.000,-45.000,9,700,0.258700,0.259062500,25.0000,3.719322205,3.758648396,1.642691016
2026-07-29T21:38:57.969764+00:00,1576.694197,current,rgb,70.000,-45.000,10,700,0.258700,0.259090909,25.0000,3.719234228,3.758763790,1.642890692
2026-07-29T21:38:58.120177+00:00,1576.844610,current,rgb,70.000,-45.000,11,700,0.258700,0.259005682,25.0000,3.719284296,3.758732080,1.642675161
2026-07-29T21:38:58.270555+00:00,1576.994988,current,rgb,70.000,-45.000,12,700,0.258700,0.259034091,25.0000,3.719478607,3.758936405,1.642682910
2026-07-29T21:38:58.420858+00:00,1577.145292,current,rgb,70.000,-45.000,13,700,0.258700,0.259005682,25.0000,3.719261885,3.758814335,1.643027663
2026-07-29T21:38:58.571199+00:00,1577.295633,current,rgb,70.000,-45.000,14,700,0.258700,0.259062500,25.0000,3.719495296,3.759116173,1.642808676
2026-07-29T21:38:58.721608+00:00,1577.446042,current,rgb,70.000,-45.000,15,700,0.258700,0.258948864,25.0000,3.719570160,3.759367704,1.642408490
2026-07-29T21:38:58.871887+00:00,1577.596321,current,rgb,70.000,-45.000,16,700,0.258700,0.258948864,25.0000,3.719766140,3.759277821,1.642767906
2026-07-29T21:38:59.022177+00:00,1577.746611,current,rgb,70.000,-45.000,17,700,0.258700,0.258948864,25.0000,3.719925404,3.759238958,1.642651200
2026-07-29T21:38:59.172465+00:00,1577.896900,current,rgb,70.000,-45.000,18,700,0.258700,0.258977273,25.0000,3.719781399,3.759337664,1.642810106
2026-07-29T21:38:59.322810+00:00,1578.047244,current,rgb,70.000,-45.000,19,700,0.258700,0.258948864,25.0399,3.719638824,3.759203196,1.642605305
2026-07-29T21:39:03.024222+00:00,1581.748652,current,rgb,70.000,0.000,0,700,0.258700,0.259090909,25.0000,3.719911098,3.759288788,1.643161893
2026-07-29T21:39:03.174873+00:00,1581.899306,current,rgb,70.000,0.000,1,700,0.258700,0.259090909,25.0000,3.719884396,3.759198427,1.642964721
2026-07-29T21:39:03.325172+00:00,1582.049605,current,rgb,70.000,0.000,2,700,0.258700,0.259090909,25.0000,3.720033169,3.759405375,1.642979026
2026-07-29T21:39:03.475543+00:00,1582.199977,current,rgb,70.000,0.000,3,700,0.258700,0.259034091,25.0000,3.720083475,3.759375572,1.643008828
2026-07-29T21:39:03.625896+00:00,1582.350330,current,rgb,70.000,0.000,4,700,0.258700,0.259090909,25.0000,3.720504761,3.759759665,1.642854810
2026-07-29T21:39:03.776272+00:00,1582.500706,current,rgb,70.000,0.000,5,700,0.258700,0.258977273,25.0000,3.720540762,3.759921789,1.642768860
2026-07-29T21:39:03.926637+00:00,1582.651070,current,rgb,70.000,0.000,6,700,0.258700,0.258977273,25.0000,3.720444679,3.759753466,1.642784238
2026-07-29T21:39:04.076941+00:00,1582.801376,current,rgb,70.000,0.000,7,700,0.258700,0.259005682,25.0000,3.720546961,3.759908915,1.642885566
2026-07-29T21:39:04.227229+00:00,1582.951663,current,rgb,70.000,0.000,8,700,0.258700,0.258948864,25.0000,3.720543861,3.759905338,1.642241240
2026-07-29T21:39:04.377648+00:00,1583.102081,current,rgb,70.000,0.000,9,700,0.258700,0.258948864,25.0000,3.720594645,3.759886026,1.642704129
2026-07-29T21:39:04.528005+00:00,1583.252438,current,rgb,70.000,0.000,10,700,0.258700,0.258977273,25.0000,3.720807552,3.760079145,1.642744899
2026-07-29T21:39:04.678336+00:00,1583.402769,current,rgb,70.000,0.000,11,700,0.258700,0.258892045,25.0000,3.720596075,3.759924173,1.642982483
2026-07-29T21:39:04.828709+00:00,1583.553142,current,rgb,70.000,0.000,12,700,0.258700,0.258948864,25.0000,3.720636129,3.759844065,1.642788649
2026-07-29T21:39:04.979120+00:00,1583.703552,current,rgb,70.000,0.000,13,700,0.258700,0.259005682,25.0000,3.720688820,3.759916782,1.642939329
2026-07-29T21:39:05.129464+00:00,1583.853899,current,rgb,70.000,0.000,14,700,0.258700,0.258920455,25.0000,3.720545769,3.759897947,1.642922163
2026-07-29T21:39:05.279834+00:00,1584.004268,current,rgb,70.000,0.000,15,700,0.258700,0.258977273,25.0000,3.720662355,3.759956598,1.643024445
2026-07-29T21:39:05.430136+00:00,1584.154569,current,rgb,70.000,0.000,16,700,0.258700,0.259005682,25.0000,3.720679045,3.759977579,1.643046498
2026-07-29T21:39:05.580575+00:00,1584.305003,current,rgb,70.000,0.000,17,700,0.258700,0.258977273,25.0000,3.720561266,3.759800434,1.642801881
2026-07-29T21:39:05.731205+00:00,1584.455638,current,rgb,70.000,0.000,18,700,0.258700,0.259062500,25.0000,3.720710278,3.760014057,1.643057227
2026-07-29T21:39:05.881611+00:00,1584.606042,current,rgb,70.000,0.000,19,700,0.258700,0.258948864,25.0000,3.720722437,3.760029316,1.643094778
2026-07-29T21:39:09.583024+00:00,1588.307452,current,rgb,70.000,45.000,0,700,0.258700,0.259005682,25.0000,3.721387148,3.760341406,1.642762542
2026-07-29T21:39:09.733456+00:00,1588.457889,current,rgb,70.000,45.000,1,700,0.258700,0.258977273,25.0000,3.721381664,3.760312557,1.642097235
2026-07-29T21:39:09.883895+00:00,1588.608328,current,rgb,70.000,45.000,2,700,0.258700,0.259005682,25.0000,3.721518278,3.760138988,1.642651677
2026-07-29T21:39:10.034259+00:00,1588.758693,current,rgb,70.000,45.000,3,700,0.258700,0.259090909,25.0000,3.721299410,3.760396957,1.643060327
2026-07-29T21:39:10.184611+00:00,1588.909045,current,rgb,70.000,45.000,4,700,0.258700,0.258977273,25.0000,3.721297264,3.760332584,1.642818689
2026-07-29T21:39:10.334922+00:00,1589.059356,current,rgb,70.000,45.000,5,700,0.258700,0.259005682,25.0000,3.721487761,3.760516167,1.642701745
2026-07-29T21:39:10.485149+00:00,1589.209582,current,rgb,70.000,45.000,6,700,0.258700,0.258948864,25.0000,3.721434832,3.760418653,1.642879963
2026-07-29T21:39:10.635436+00:00,1589.359869,current,rgb,70.000,45.000,7,700,0.258700,0.259005682,25.0399,3.721250057,3.760277987,1.642664433
2026-07-29T21:39:10.785808+00:00,1589.510242,current,rgb,70.000,45.000,8,700,0.258700,0.259005682,25.0000,3.721450567,3.760485172,1.642865777
2026-07-29T21:39:10.936153+00:00,1589.660587,current,rgb,70.000,45.000,9,700,0.258700,0.258948864,25.0000,3.721313477,3.760421515,1.642953157
2026-07-29T21:39:11.086838+00:00,1589.811269,current,rgb,70.000,45.000,10,700,0.258700,0.258977273,25.0000,3.721467972,3.760362148,1.642739534
2026-07-29T21:39:11.237265+00:00,1589.961699,current,rgb,70.000,45.000,11,700,0.258700,0.259034091,25.0000,3.721457958,3.760468483,1.642858028
2026-07-29T21:39:11.387650+00:00,1590.112085,current,rgb,70.000,45.000,12,700,0.258700,0.258892045,25.0000,3.721418858,3.760423422,1.642701745
2026-07-29T21:39:11.538999+00:00,1590.263426,current,rgb,70.000,45.000,13,700,0.258700,0.259005682,25.0000,3.721189260,3.760209322,1.642791867
2026-07-29T21:39:11.689674+00:00,1590.414102,current,rgb,70.000,45.000,14,700,0.258700,0.259005682,25.0000,3.721163750,3.760191917,1.642952919
2026-07-29T21:39:11.840298+00:00,1590.564730,current,rgb,70.000,45.000,15,700,0.258700,0.259062500,25.0000,3.721106529,3.760091305,1.642666578
2026-07-29T21:39:11.990772+00:00,1590.715204,current,rgb,70.000,45.000,16,700,0.258700,0.259062500,25.0000,3.721244812,3.760273933,1.642818213
2026-07-29T21:39:12.141181+00:00,1590.865614,current,rgb,70.000,45.000,17,700,0.258700,0.259062500,25.0000,3.721153259,3.760119438,1.642896771
2026-07-29T21:39:12.291552+00:00,1591.015986,current,rgb,70.000,45.000,18,700,0.258700,0.258977273,25.0000,3.721322775,3.760169506,1.642796516
2026-07-29T21:39:12.441827+00:00,1591.166262,current,rgb,70.000,45.000,19,700,0.258700,0.259119318,25.0000,3.721304893,3.760371447,1.643010616
2026-07-29T21:39:16.142635+00:00,1594.867065,current,rgb,70.000,90.000,0,700,0.258700,0.258920455,25.0000,3.721684217,3.760528326,1.642769337
2026-07-29T21:39:16.293278+00:00,1595.017710,current,rgb,70.000,90.000,1,700,0.258700,0.259062500,25.0000,3.721632719,3.760575056,1.642990828
2026-07-29T21:39:16.443727+00:00,1595.168159,current,rgb,70.000,90.000,2,700,0.258700,0.258977273,25.0000,3.721467495,3.760462761,1.642788410
2026-07-29T21:39:16.594222+00:00,1595.318651,current,rgb,70.000,90.000,3,700,0.258700,0.259034091,25.0000,3.721669197,3.760626793,1.642853379
2026-07-29T21:39:16.743892+00:00,1595.468318,current,rgb,70.000,90.000,4,700,0.258700,0.259034091,25.0000,3.720926285,3.760457516,1.643014669
2026-07-29T21:39:16.894502+00:00,1595.618933,current,rgb,70.000,90.000,5,700,0.258700,0.259062500,25.0000,3.721617699,3.760385275,1.642860651
2026-07-29T21:39:17.044931+00:00,1595.769364,current,rgb,70.000,90.000,6,700,0.258700,0.259090909,25.0000,3.721656561,3.760545492,1.642935395
2026-07-29T21:39:17.195410+00:00,1595.919841,current,rgb,70.000,90.000,7,700,0.258700,0.258977273,25.0000,3.721611500,3.760536671,1.642818689
2026-07-29T21:39:17.345902+00:00,1596.070335,current,rgb,70.000,90.000,8,700,0.258700,0.259062500,25.0000,3.721753597,3.760660887,1.642831922
2026-07-29T21:39:17.496272+00:00,1596.220706,current,rgb,70.000,90.000,9,700,0.258700,0.259062500,25.0000,3.721644402,3.760615826,1.642946124
2026-07-29T21:39:17.646848+00:00,1596.371277,current,rgb,70.000,90.000,10,700,0.258700,0.259005682,25.0000,3.721556664,3.760516405,1.642730594
2026-07-29T21:39:17.797461+00:00,1596.521893,current,rgb,70.000,90.000,11,700,0.258700,0.259062500,25.0000,3.721654177,3.760583162,1.642994761
2026-07-29T21:39:17.947899+00:00,1596.672331,current,rgb,70.000,90.000,12,700,0.258700,0.259005682,25.0000,3.721863747,3.760925293,1.642798901
2026-07-29T21:39:18.098157+00:00,1596.822591,current,rgb,70.000,90.000,13,700,0.258700,0.258948864,25.0000,3.721817732,3.760510683,1.642253280
2026-07-29T21:39:18.248520+00:00,1596.972954,current,rgb,70.000,90.000,14,700,0.258700,0.259090909,25.0000,3.721697330,3.760653973,1.642957568
2026-07-29T21:39:18.398791+00:00,1597.123226,current,rgb,70.000,90.000,15,700,0.258700,0.259005682,25.0000,3.721757412,3.760671377,1.642810822
2026-07-29T21:39:18.549129+00:00,1597.273563,current,rgb,70.000,90.000,16,700,0.258700,0.259062500,25.0000,3.721893072,3.760832310,1.642728567
2026-07-29T21:39:18.699422+00:00,1597.423856,current,rgb,70.000,90.000,17,700,0.258700,0.259034091,25.0000,3.721699238,3.760700703,1.643007398
2026-07-29T21:39:18.849754+00:00,1597.574188,current,rgb,70.000,90.000,18,700,0.258700,0.259005682,25.0000,3.721706867,3.760589600,1.642846704
2026-07-29T21:39:19.000075+00:00,1597.724509,current,rgb,70.000,90.000,19,700,0.258700,0.259119318,25.0000,3.721790075,3.760715723,1.642919540
2026-07-29T21:39:29.454168+00:00,1608.178597,current,dark,75.000,-90.000,0,0,,0.000710227,25.0000,4.896431923,4.903147697,1.649470568
2026-07-29T21:39:29.604517+00:00,1608.328945,current,dark,75.000,-90.000,1,0,,0.000710227,25.0000,4.896436691,4.903148651,1.649639010
2026-07-29T21:39:29.754985+00:00,1608.479419,current,dark,75.000,-90.000,2,0,,0.000710227,25.0000,4.896440029,4.903133869,1.649575472
2026-07-29T21:39:29.905350+00:00,1608.629783,current,dark,75.000,-90.000,3,0,,0.000710227,25.0000,4.896435738,4.903155804,1.649428844
2026-07-29T21:39:30.055854+00:00,1608.780285,current,dark,75.000,-90.000,4,0,,0.000710227,25.0000,4.896410465,4.903140068,1.649560571
2026-07-29T21:39:30.206235+00:00,1608.930669,current,dark,75.000,-90.000,5,0,,0.000710227,25.0000,4.896420479,4.903118610,1.649385810
2026-07-29T21:39:30.356608+00:00,1609.081040,current,dark,75.000,-90.000,6,0,,0.000710227,25.0000,4.896416187,4.903149128,1.649597526
2026-07-29T21:39:30.507047+00:00,1609.231481,current,dark,75.000,-90.000,7,0,,0.000710227,25.0000,4.896403313,4.903136730,1.649746656
2026-07-29T21:39:30.657378+00:00,1609.381811,current,dark,75.000,-90.000,8,0,,0.000738636,24.9980,4.896412849,4.903125286,1.649519563
2026-07-29T21:39:30.807764+00:00,1609.532198,current,dark,75.000,-90.000,9,0,,0.000710227,25.0000,4.896406174,4.903138161,1.649694443
2026-07-29T21:39:30.958119+00:00,1609.682552,current,dark,75.000,-90.000,10,0,,0.000710227,25.0000,4.896412849,4.903116703,1.649593592
2026-07-29T21:39:31.108507+00:00,1609.832942,current,dark,75.000,-90.000,11,0,,0.000710227,25.0000,4.896406651,4.903134346,1.649482965
2026-07-29T21:39:31.258973+00:00,1609.983406,current,dark,75.000,-90.000,12,0,,0.000710227,25.0000,4.896402359,4.903139591,1.649612665
2026-07-29T21:39:31.409302+00:00,1610.133737,current,dark,75.000,-90.000,13,0,,0.000710227,25.0000,4.896404743,4.903115749,1.649420500
2026-07-29T21:39:31.559684+00:00,1610.284113,current,dark,75.000,-90.000,14,0,,0.000738636,25.0000,4.896389961,4.903116703,1.649730802
2026-07-29T21:39:31.710147+00:00,1610.434580,current,dark,75.000,-90.000,15,0,,0.000710227,25.0000,4.896406651,4.903118610,1.649707794
2026-07-29T21:39:31.860769+00:00,1610.585197,current,dark,75.000,-90.000,16,0,,0.000710227,25.0000,4.896370888,4.903103828,1.648271084
2026-07-29T21:39:32.012139+00:00,1610.736567,current,dark,75.000,-90.000,17,0,,0.000710227,25.0000,4.896401882,4.903119087,1.649373889
2026-07-29T21:39:32.162625+00:00,1610.887059,current,dark,75.000,-90.000,18,0,,0.000710227,25.0000,4.896394730,4.903127670,1.649689555
2026-07-29T21:39:32.313065+00:00,1611.037493,current,dark,75.000,-90.000,19,0,,0.000710227,25.0000,4.896399021,4.903120995,1.649735689
2026-07-29T21:39:36.507446+00:00,1615.231876,current,rgb,75.000,-90.000,0,700,0.258700,0.258920455,25.0000,3.716971636,3.756556988,1.644282818
2026-07-29T21:39:36.658145+00:00,1615.382573,current,rgb,75.000,-90.000,1,700,0.258700,0.258892045,25.0000,3.716825485,3.756219864,1.644226432
2026-07-29T21:39:36.808693+00:00,1615.533125,current,rgb,75.000,-90.000,2,700,0.258700,0.259062500,25.0000,3.716865778,3.756387234,1.644499540
2026-07-29T21:39:36.959145+00:00,1615.683578,current,rgb,75.000,-90.000,3,700,0.258700,0.258977273,25.0000,3.716789246,3.756372452,1.644225121
2026-07-29T21:39:37.109605+00:00,1615.834037,current,rgb,75.000,-90.000,4,700,0.258700,0.259005682,25.0000,3.717054129,3.756585121,1.644380450
2026-07-29T21:39:37.260000+00:00,1615.984434,current,rgb,75.000,-90.000,5,700,0.258700,0.259005682,25.0000,3.716987371,3.756539583,1.644536972
2026-07-29T21:39:37.410148+00:00,1616.134579,current,rgb,75.000,-90.000,6,700,0.258700,0.259034091,25.0000,3.717205524,3.756588936,1.643768907
2026-07-29T21:39:37.560846+00:00,1616.285276,current,rgb,75.000,-90.000,7,700,0.258700,0.258948864,25.0000,3.717220068,3.756789684,1.644370675
2026-07-29T21:39:37.711044+00:00,1616.435473,current,rgb,75.000,-90.000,8,700,0.258700,0.258948864,25.0000,3.717222214,3.755888462,1.644323111
2026-07-29T21:39:37.861317+00:00,1616.585747,current,rgb,75.000,-90.000,9,700,0.258700,0.258948864,25.0000,3.717381477,3.756788731,1.644327521
2026-07-29T21:39:38.011912+00:00,1616.736344,current,rgb,75.000,-90.000,10,700,0.258700,0.258977273,25.0000,3.717373371,3.756878376,1.644507647
2026-07-29T21:39:38.162338+00:00,1616.886771,current,rgb,75.000,-90.000,11,700,0.258700,0.258948864,25.0000,3.717264891,3.756789207,1.644350171
2026-07-29T21:39:38.312732+00:00,1617.037165,current,rgb,75.000,-90.000,12,700,0.258700,0.259034091,25.0000,3.717551708,3.757107735,1.644457102
2026-07-29T21:39:38.463132+00:00,1617.187565,current,rgb,75.000,-90.000,13,700,0.258700,0.258948864,25.0000,3.717572212,3.757084846,1.644380689
2026-07-29T21:39:38.613458+00:00,1617.337889,current,rgb,75.000,-90.000,14,700,0.258700,0.258948864,25.0000,3.717559814,3.756971359,1.644203424
2026-07-29T21:39:38.764139+00:00,1617.488570,current,rgb,75.000,-90.000,15,700,0.258700,0.258977273,25.0000,3.718066692,3.757486343,1.644514680
2026-07-29T21:39:38.914489+00:00,1617.638923,current,rgb,75.000,-90.000,16,700,0.258700,0.258892045,25.0000,3.718096256,3.757573605,1.644321799
2026-07-29T21:39:39.064908+00:00,1617.789342,current,rgb,75.000,-90.000,17,700,0.258700,0.258892045,25.0000,3.718235970,3.757620811,1.644321799
2026-07-29T21:39:39.215260+00:00,1617.939694,current,rgb,75.000,-90.000,18,700,0.258700,0.258948864,25.0000,3.718257189,3.757782221,1.644335985
2026-07-29T21:39:39.365598+00:00,1618.090033,current,rgb,75.000,-90.000,19,700,0.258700,0.258863636,25.0000,3.718296289,3.757730484,1.644151926
2026-07-29T21:39:43.066647+00:00,1621.791074,current,rgb,75.000,-45.000,0,700,0.258700,0.259005682,25.0000,3.718821526,3.758378506,1.644116044
2026-07-29T21:39:43.217202+00:00,1621.941634,current,rgb,75.000,-45.000,1,700,0.258700,0.258920455,24.9980,3.718617439,3.758063793,1.644000292
2026-07-29T21:39:43.367675+00:00,1622.092109,current,rgb,75.000,-45.000,2,700,0.258700,0.259034091,25.0000,3.718806744,3.758320808,1.644363403
2026-07-29T21:39:43.518060+00:00,1622.242493,current,rgb,75.000,-45.000,3,700,0.258700,0.259034091,25.0000,3.718729019,3.758260965,1.644394875
2026-07-29T21:39:43.668467+00:00,1622.392900,current,rgb,75.000,-45.000,4,700,0.258700,0.258948864,25.0000,3.719386578,3.758626938,1.644241810
2026-07-29T21:39:43.818944+00:00,1622.543377,current,rgb,75.000,-45.000,5,700,0.258700,0.258977273,25.0000,3.719265938,3.758652449,1.644308209
2026-07-29T21:39:43.969291+00:00,1622.693725,current,rgb,75.000,-45.000,6,700,0.258700,0.258920455,25.0000,3.719201088,3.758690119,1.644101620
2026-07-29T21:39:44.119678+00:00,1622.844113,current,rgb,75.000,-45.000,7,700,0.258700,0.258920455,25.0000,3.719403982,3.758839607,1.644192457
2026-07-29T21:39:44.270034+00:00,1622.994467,current,rgb,75.000,-45.000,8,700,0.258700,0.258835227,25.0000,3.719458818,3.758960962,1.644063115
2026-07-29T21:39:44.420336+00:00,1623.144772,current,rgb,75.000,-45.000,9,700,0.258700,0.258892045,25.0000,3.719317436,3.758875370,1.643795729
2026-07-29T21:39:44.570798+00:00,1623.295231,current,rgb,75.000,-45.000,10,700,0.258700,0.258920455,25.0000,3.719577789,3.759024620,1.644050598
2026-07-29T21:39:44.721133+00:00,1623.445568,current,rgb,75.000,-45.000,11,700,0.258700,0.258863636,25.0000,3.719458103,3.758845806,1.644113898
2026-07-29T21:39:44.871523+00:00,1623.595956,current,rgb,75.000,-45.000,12,700,0.258700,0.258920455,25.0000,3.719577312,3.758918047,1.644062877
2026-07-29T21:39:45.021849+00:00,1623.746279,current,rgb,75.000,-45.000,13,700,0.258700,0.258920455,25.0000,3.719580173,3.758698940,1.644094586
2026-07-29T21:39:45.172451+00:00,1623.896881,current,rgb,75.000,-45.000,14,700,0.258700,0.259005682,25.0000,3.719122648,3.758620739,1.643996119
2026-07-29T21:39:45.322973+00:00,1624.047404,current,rgb,75.000,-45.000,15,700,0.258700,0.259005682,25.0000,3.719249725,3.758704424,1.644092083
2026-07-29T21:39:45.473304+00:00,1624.197738,current,rgb,75.000,-45.000,16,700,0.258700,0.259034091,25.0000,3.719033718,3.758529425,1.644431233
2026-07-29T21:39:45.623655+00:00,1624.348089,current,rgb,75.000,-45.000,17,700,0.258700,0.258948864,25.0000,3.719049931,3.758798838,1.644169569
2026-07-29T21:39:45.774078+00:00,1624.498513,current,rgb,75.000,-45.000,18,700,0.258700,0.259005682,25.0000,3.719127178,3.758687735,1.643840909
2026-07-29T21:39:45.924372+00:00,1624.648807,current,rgb,75.000,-45.000,19,700,0.258700,0.258977273,25.0000,3.719109535,3.758625984,1.644302368
2026-07-29T21:39:49.625589+00:00,1628.350018,current,rgb,75.000,0.000,0,700,0.258700,0.258948864,25.0000,3.720072508,3.759441376,1.644105315
2026-07-29T21:39:49.776131+00:00,1628.500564,current,rgb,75.000,0.000,1,700,0.258700,0.258920455,25.0000,3.719875574,3.759283066,1.644223213
2026-07-29T21:39:49.926509+00:00,1628.650943,current,rgb,75.000,0.000,2,700,0.258700,0.259005682,25.0000,3.720021248,3.759353399,1.644183397
2026-07-29T21:39:50.076904+00:00,1628.801337,current,rgb,75.000,0.000,3,700,0.258700,0.258977273,25.0000,3.720054865,3.759368658,1.644235373
2026-07-29T21:39:50.227247+00:00,1628.951682,current,rgb,75.000,0.000,4,700,0.258700,0.258948864,25.0000,3.719995975,3.759420156,1.643995166
2026-07-29T21:39:50.377705+00:00,1629.102139,current,rgb,75.000,0.000,5,700,0.258700,0.258920455,25.0000,3.720185518,3.759648561,1.644020557
2026-07-29T21:39:50.528084+00:00,1629.252518,current,rgb,75.000,0.000,6,700,0.258700,0.258892045,25.0000,3.720047235,3.759477377,1.644253731
2026-07-29T21:39:50.678364+00:00,1629.402798,current,rgb,75.000,0.000,7,700,0.258700,0.258948864,25.0000,3.720076561,3.759441853,1.644053102
2026-07-29T21:39:50.828779+00:00,1629.553213,current,rgb,75.000,0.000,8,700,0.258700,0.258977273,25.0000,3.720118523,3.759535551,1.644231558
2026-07-29T21:39:50.979111+00:00,1629.703546,current,rgb,75.000,0.000,9,700,0.258700,0.258948864,25.0000,3.720071793,3.759510517,1.644113660
2026-07-29T21:39:51.129492+00:00,1629.853926,current,rgb,75.000,0.000,10,700,0.258700,0.258920455,25.0000,3.720325947,3.759635448,1.644111395
2026-07-29T21:39:51.279813+00:00,1630.004249,current,rgb,75.000,0.000,11,700,0.258700,0.258948864,25.0000,3.720247269,3.759687185,1.643434167
2026-07-29T21:39:51.430116+00:00,1630.154550,current,rgb,75.000,0.000,12,700,0.258700,0.258892045,25.0000,3.720112324,3.759569168,1.643939972
2026-07-29T21:39:51.580485+00:00,1630.304913,current,rgb,75.000,0.000,13,700,0.258700,0.258948864,25.0000,3.720161676,3.759119034,1.644185185
2026-07-29T21:39:51.730944+00:00,1630.455378,current,rgb,75.000,0.000,14,700,0.258700,0.259005682,25.0000,3.719820023,3.759255648,1.644361854
2026-07-29T21:39:51.881280+00:00,1630.605715,current,rgb,75.000,0.000,15,700,0.258700,0.258977273,25.0000,3.719885588,3.759115219,1.644100666
2026-07-29T21:39:52.031777+00:00,1630.756210,current,rgb,75.000,0.000,16,700,0.258700,0.259062500,25.0000,3.719886303,3.759252071,1.644223452
2026-07-29T21:39:52.182115+00:00,1630.906550,current,rgb,75.000,0.000,17,700,0.258700,0.258977273,25.0000,3.719899893,3.759243011,1.644216657
2026-07-29T21:39:52.332471+00:00,1631.056906,current,rgb,75.000,0.000,18,700,0.258700,0.258977273,25.0000,3.719961405,3.759372473,1.644230247
2026-07-29T21:39:52.482760+00:00,1631.207194,current,rgb,75.000,0.000,19,700,0.258700,0.259005682,25.0000,3.720096350,3.759469986,1.644150972
2026-07-29T21:39:56.185344+00:00,1634.909773,current,rgb,75.000,45.000,0,700,0.258700,0.259034091,25.0000,3.720585823,3.759767532,1.644243479
2026-07-29T21:39:56.335829+00:00,1635.060262,current,rgb,75.000,45.000,1,700,0.258700,0.258977273,25.0000,3.720503807,3.759680986,1.644289851
2026-07-29T21:39:56.486146+00:00,1635.210581,current,rgb,75.000,45.000,2,700,0.258700,0.258977273,25.0000,3.720470905,3.759660959,1.644087911
2026-07-29T21:39:56.636626+00:00,1635.361055,current,rgb,75.000,45.000,3,700,0.258700,0.258948864,25.0000,3.720666409,3.759832859,1.644254923
2026-07-29T21:39:56.787157+00:00,1635.511588,current,rgb,75.000,45.000,4,700,0.258700,0.258948864,25.0000,3.720725775,3.759766817,1.643757105
2026-07-29T21:39:56.937647+00:00,1635.662079,current,rgb,75.000,45.000,5,700,0.258700,0.258977273,25.0000,3.720754385,3.759696245,1.644066453
2026-07-29T21:39:57.088127+00:00,1635.812559,current,rgb,75.000,45.000,6,700,0.258700,0.258977273,25.0000,3.720613003,3.759857416,1.644297242
2026-07-29T21:39:57.238496+00:00,1635.962931,current,rgb,75.000,45.000,7,700,0.258700,0.258948864,25.0000,3.720515966,3.759738207,1.644081593
2026-07-29T21:39:57.388843+00:00,1636.113277,current,rgb,75.000,45.000,8,700,0.258700,0.259034091,25.0000,3.720654488,3.759865761,1.644228101
2026-07-29T21:39:57.539107+00:00,1636.263540,current,rgb,75.000,45.000,9,700,0.258700,0.258948864,25.0000,3.720621824,3.759809971,1.644328475
2026-07-29T21:39:57.689657+00:00,1636.414088,current,rgb,75.000,45.000,10,700,0.258700,0.259005682,25.0000,3.720590591,3.759731770,1.644043565
2026-07-29T21:39:57.840173+00:00,1636.564603,current,rgb,75.000,45.000,11,700,0.258700,0.259005682,25.0000,3.720664501,3.759904146,1.644223452
2026-07-29T21:39:57.990622+00:00,1636.715054,current,rgb,75.000,45.000,12,700,0.258700,0.258948864,25.0000,3.720665932,3.759885788,1.644239545
2026-07-29T21:39:58.140949+00:00,1636.865383,current,rgb,75.000,45.000,13,700,0.258700,0.258948864,25.0000,3.720865488,3.759802818,1.644017935
2026-07-29T21:39:58.291390+00:00,1637.015824,current,rgb,75.000,45.000,14,700,0.258700,0.259005682,25.0000,3.720723152,3.759994984,1.644290805
2026-07-29T21:39:58.441736+00:00,1637.166171,current,rgb,75.000,45.000,15,700,0.258700,0.258948864,25.0000,3.720679760,3.759843826,1.644096732
2026-07-29T21:39:58.592222+00:00,1637.316654,current,rgb,75.000,45.000,16,700,0.258700,0.258948864,25.0000,3.720752001,3.759982824,1.644129276
2026-07-29T21:39:58.742550+00:00,1637.466976,current,rgb,75.000,45.000,17,700,0.258700,0.258977273,25.0000,3.720143080,3.760030270,1.644370675
2026-07-29T21:39:58.893187+00:00,1637.617618,current,rgb,75.000,45.000,18,700,0.258700,0.258892045,25.0000,3.721051455,3.760210991,1.644149780
2026-07-29T21:39:59.043702+00:00,1637.768135,current,rgb,75.000,45.000,19,700,0.258700,0.258892045,25.0000,3.721265793,3.760373592,1.644106507
2026-07-29T21:40:02.744771+00:00,1641.469200,current,rgb,75.000,90.000,0,700,0.258700,0.258920455,25.0000,3.721295357,3.760099649,1.644091845
2026-07-29T21:40:02.895256+00:00,1641.619690,current,rgb,75.000,90.000,1,700,0.258700,0.259005682,25.0000,3.721339703,3.760295868,1.644127250
2026-07-29T21:40:03.045778+00:00,1641.770212,current,rgb,75.000,90.000,2,700,0.258700,0.258920455,25.0000,3.721290588,3.760203123,1.644120455
2026-07-29T21:40:03.196148+00:00,1641.920582,current,rgb,75.000,90.000,3,700,0.258700,0.258948864,25.0000,3.721500635,3.760318279,1.644137263
2026-07-29T21:40:03.346482+00:00,1642.070916,current,rgb,75.000,90.000,4,700,0.258700,0.258948864,25.0000,3.721370935,3.760243416,1.644280314
2026-07-29T21:40:03.496823+00:00,1642.221258,current,rgb,75.000,90.000,5,700,0.258700,0.258948864,24.9980,3.721293926,3.760213375,1.644138694
2026-07-29T21:40:03.647252+00:00,1642.371686,current,rgb,75.000,90.000,6,700,0.258700,0.259005682,25.0000,3.721571207,3.760601521,1.644205213
2026-07-29T21:40:03.797956+00:00,1642.522384,current,rgb,75.000,90.000,7,700,0.258700,0.258977273,25.0000,3.721354246,3.760221243,1.644310355
2026-07-29T21:40:03.948663+00:00,1642.673084,current,rgb,75.000,90.000,8,700,0.258700,0.258977273,25.0000,3.721465111,3.760053635,1.644059896
2026-07-29T21:40:04.099333+00:00,1642.823761,current,rgb,75.000,90.000,9,700,0.258700,0.259204545,25.0000,3.721535444,3.760432005,1.644196868
2026-07-29T21:40:04.249805+00:00,1642.974237,current,rgb,75.000,90.000,10,700,0.258700,0.258948864,25.0000,3.721352816,3.760283470,1.644169211
2026-07-29T21:40:04.400040+00:00,1643.124470,current,rgb,75.000,90.000,11,700,0.258700,0.258977273,25.0000,3.721477985,3.760364294,1.644246697
2026-07-29T21:40:04.550498+00:00,1643.274930,current,rgb,75.000,90.000,12,700,0.258700,0.258977273,25.0000,3.721472025,3.760401249,1.644312143
2026-07-29T21:40:04.700913+00:00,1643.425346,current,rgb,75.000,90.000,13,700,0.258700,0.258948864,25.0000,3.721513748,3.760312796,1.644142389
2026-07-29T21:40:04.851287+00:00,1643.575721,current,rgb,75.000,90.000,14,700,0.258700,0.258920455,25.0000,3.721649170,3.760585546,1.644053340
2026-07-29T21:40:05.001629+00:00,1643.726060,current,rgb,75.000,90.000,15,700,0.258700,0.258920455,25.0000,3.721443653,3.760552883,1.644442439
2026-07-29T21:40:05.152098+00:00,1643.876533,current,rgb,75.000,90.000,16,700,0.258700,0.258977273,25.0000,3.721442223,3.760168314,1.643802762
2026-07-29T21:40:05.302388+00:00,1644.026823,current,rgb,75.000,90.000,17,700,0.258700,0.258977273,25.0000,3.721530199,3.760385036,1.644374371
2026-07-29T21:40:05.452695+00:00,1644.177130,current,rgb,75.000,90.000,18,700,0.258700,0.258920455,25.0000,3.721382856,3.760251522,1.644283295
2026-07-29T21:40:05.603001+00:00,1644.327430,current,rgb,75.000,90.000,19,700,0.258700,0.259005682,25.0000,3.721484661,3.760412216,1.644230008
2026-07-29T21:40:16.058431+00:00,1654.782860,current,dark,80.000,-90.000,0,0,,0.000710227,25.0000,4.896432877,4.903117180,1.649363637
2026-07-29T21:40:16.208884+00:00,1654.933318,current,dark,80.000,-90.000,1,0,,0.000710227,25.0000,4.896435738,4.903117180,1.648851395
2026-07-29T21:40:16.359245+00:00,1655.083679,current,dark,80.000,-90.000,2,0,,0.000710227,25.0000,4.896440029,4.903115273,1.649490595
2026-07-29T21:40:16.509629+00:00,1655.234061,current,dark,80.000,-90.000,3,0,,0.000710227,25.0000,4.896438599,4.903104782,1.649322867
2026-07-29T21:40:16.660169+00:00,1655.384598,current,dark,80.000,-90.000,4,0,,0.000710227,25.0000,4.896412849,4.903089523,1.649490833
2026-07-29T21:40:16.810776+00:00,1655.535207,current,dark,80.000,-90.000,5,0,,0.000710227,25.0000,4.896412849,4.903093338,1.649534225
2026-07-29T21:40:16.961172+00:00,1655.685606,current,dark,80.000,-90.000,6,0,,0.000710227,25.0000,4.896410465,4.903080463,1.649348736
2026-07-29T21:40:17.111561+00:00,1655.835994,current,dark,80.000,-90.000,7,0,,0.000710227,25.0000,4.896423340,4.903089523,1.649587035
2026-07-29T21:40:17.261923+00:00,1655.986357,current,dark,80.000,-90.000,8,0,,0.000710227,25.0000,4.896428585,4.903063774,1.649411201
2026-07-29T21:40:17.412281+00:00,1656.136716,current,dark,80.000,-90.000,9,0,,0.000710227,25.0000,4.896413326,4.903082371,1.649555206
2026-07-29T21:40:17.562649+00:00,1656.287082,current,dark,80.000,-90.000,10,0,,0.000710227,25.0000,4.896410465,4.903078556,1.649781108
2026-07-29T21:40:17.713312+00:00,1656.437742,current,dark,80.000,-90.000,11,0,,0.000738636,24.9980,4.896418571,4.903075218,1.649583817
2026-07-29T21:40:17.863827+00:00,1656.588261,current,dark,80.000,-90.000,12,0,,0.000710227,25.0000,4.896418571,4.903095245,1.649539828
2026-07-29T21:40:18.014119+00:00,1656.738552,current,dark,80.000,-90.000,13,0,,0.000710227,25.0000,4.896423817,4.903096199,1.649661660
2026-07-29T21:40:18.164531+00:00,1656.888964,current,dark,80.000,-90.000,14,0,,0.000710227,25.0000,4.896416187,4.903085232,1.649667501
2026-07-29T21:40:18.314858+00:00,1657.039291,current,dark,80.000,-90.000,15,0,,0.000710227,25.0000,4.896422386,4.903069973,1.649777651
2026-07-29T21:40:18.465181+00:00,1657.189616,current,dark,80.000,-90.000,16,0,,0.000710227,25.0000,4.896410942,4.903069496,1.649603128
2026-07-29T21:40:18.615574+00:00,1657.340006,current,dark,80.000,-90.000,17,0,,0.000710227,25.0000,4.896416664,4.903070450,1.649568677
2026-07-29T21:40:18.765956+00:00,1657.490390,current,dark,80.000,-90.000,18,0,,0.000710227,25.0000,4.896414757,4.903075695,1.649538159
2026-07-29T21:40:18.916334+00:00,1657.640768,current,dark,80.000,-90.000,19,0,,0.000710227,25.0000,4.896419048,4.903078556,1.649009109
2026-07-29T21:40:23.110416+00:00,1661.834844,current,rgb,80.000,-90.000,0,700,0.258700,0.258892045,25.0000,3.716316462,3.755781412,1.645977616
2026-07-29T21:40:23.260928+00:00,1661.985361,current,rgb,80.000,-90.000,1,700,0.258700,0.258948864,25.0000,3.716348171,3.755847216,1.645817161
2026-07-29T21:40:23.411357+00:00,1662.135793,current,rgb,80.000,-90.000,2,700,0.258700,0.258920455,25.0000,3.716532230,3.756020308,1.645941019
2026-07-29T21:40:23.561683+00:00,1662.286117,current,rgb,80.000,-90.000,3,700,0.258700,0.258920455,25.0000,3.716507196,3.755989313,1.645962954
2026-07-29T21:40:23.712199+00:00,1662.436630,current,rgb,80.000,-90.000,4,700,0.258700,0.258948864,25.0000,3.716763973,3.756122112,1.645848989
2026-07-29T21:40:23.862658+00:00,1662.587090,current,rgb,80.000,-90.000,5,700,0.258700,0.258977273,25.0000,3.717136145,3.756611586,1.645925641
2026-07-29T21:40:24.012964+00:00,1662.737397,current,rgb,80.000,-90.000,6,700,0.258700,0.258835227,24.9980,3.717121124,3.756626844,1.645740271
2026-07-29T21:40:24.163306+00:00,1662.887738,current,rgb,80.000,-90.000,7,700,0.258700,0.258835227,25.0000,3.717241049,3.756809235,1.645798445
2026-07-29T21:40:24.313839+00:00,1663.038266,current,rgb,80.000,-90.000,8,700,0.258700,0.258835227,25.0000,3.716968536,3.756498814,1.645585775
2026-07-29T21:40:24.464595+00:00,1663.189024,current,rgb,80.000,-90.000,9,700,0.258700,0.258892045,25.0000,3.717031002,3.756269455,1.644745946
2026-07-29T21:40:24.615112+00:00,1663.339545,current,rgb,80.000,-90.000,10,700,0.258700,0.258977273,25.0000,3.717046738,3.756494284,1.646077514
2026-07-29T21:40:24.765602+00:00,1663.490034,current,rgb,80.000,-90.000,11,700,0.258700,0.258948864,25.0000,3.717113733,3.756543636,1.645870686
2026-07-29T21:40:24.916254+00:00,1663.640685,current,rgb,80.000,-90.000,12,700,0.258700,0.258892045,25.0000,3.717352152,3.756748199,1.645693421
2026-07-29T21:40:25.068049+00:00,1663.792476,current,rgb,80.000,-90.000,13,700,0.258700,0.258948864,25.0000,3.717241526,3.756712437,1.646020889
2026-07-29T21:40:25.218544+00:00,1663.942977,current,rgb,80.000,-90.000,14,700,0.258700,0.258920455,25.0000,3.717182875,3.756617546,1.645838022
2026-07-29T21:40:25.368959+00:00,1664.093393,current,rgb,80.000,-90.000,15,700,0.258700,0.258920455,25.0000,3.717373610,3.756852627,1.645958781
2026-07-29T21:40:25.519392+00:00,1664.243824,current,rgb,80.000,-90.000,16,700,0.258700,0.258892045,25.0000,3.717312336,3.756788254,1.646117210
2026-07-29T21:40:25.669782+00:00,1664.394216,current,rgb,80.000,-90.000,17,700,0.258700,0.258920455,25.0000,3.717293262,3.756666183,1.645911694
2026-07-29T21:40:25.820151+00:00,1664.544585,current,rgb,80.000,-90.000,18,700,0.258700,0.258920455,25.0000,3.717441320,3.756882668,1.646057248
2026-07-29T21:40:25.970466+00:00,1664.694899,current,rgb,80.000,-90.000,19,700,0.258700,0.258892045,25.0000,3.717505455,3.756942511,1.645987153
2026-07-29T21:40:29.671283+00:00,1668.395712,current,rgb,80.000,-45.000,0,700,0.258700,0.258920455,25.0000,3.718712807,3.758226633,1.645776391
2026-07-29T21:40:29.821768+00:00,1668.546201,current,rgb,80.000,-45.000,1,700,0.258700,0.258863636,25.0000,3.718720675,3.758245707,1.645671248
2026-07-29T21:40:29.972481+00:00,1668.696912,current,rgb,80.000,-45.000,2,700,0.258700,0.258863636,25.0000,3.719074965,3.758574009,1.645641685
2026-07-29T21:40:30.122982+00:00,1668.847414,current,rgb,80.000,-45.000,3,700,0.258700,0.258892045,25.0000,3.718438387,3.758028984,1.645783544
2026-07-29T21:40:30.273446+00:00,1668.997873,current,rgb,80.000,-45.000,4,700,0.258700,0.258920455,24.9980,3.718359470,3.757942677,1.645677567
2026-07-29T21:40:30.424022+00:00,1669.148453,current,rgb,80.000,-45.000,5,700,0.258700,0.258948864,25.0000,3.718487740,3.758057594,1.645777702
2026-07-29T21:40:30.574508+00:00,1669.298941,current,rgb,80.000,-45.000,6,700,0.258700,0.258892045,25.0000,3.718479872,3.757994652,1.645840883
2026-07-29T21:40:30.724935+00:00,1669.449366,current,rgb,80.000,-45.000,7,700,0.258700,0.258948864,25.0000,3.718639612,3.757919073,1.645663619
2026-07-29T21:40:30.875475+00:00,1669.599908,current,rgb,80.000,-45.000,8,700,0.258700,0.259034091,25.0000,3.718531609,3.758095503,1.645817518
2026-07-29T21:40:31.025821+00:00,1669.750254,current,rgb,80.000,-45.000,9,700,0.258700,0.258948864,25.0000,3.718567133,3.758101702,1.645716667
2026-07-29T21:40:31.176202+00:00,1669.900635,current,rgb,80.000,-45.000,10,700,0.258700,0.258920455,25.0000,3.718702793,3.758290291,1.645738602
2026-07-29T21:40:31.326617+00:00,1670.051051,current,rgb,80.000,-45.000,11,700,0.258700,0.258948864,25.0000,3.718534946,3.758077383,1.645923615
2026-07-29T21:40:31.477020+00:00,1670.201451,current,rgb,80.000,-45.000,12,700,0.258700,0.258977273,25.0000,3.718568087,3.758123398,1.645731568
2026-07-29T21:40:31.627363+00:00,1670.351793,current,rgb,80.000,-45.000,13,700,0.258700,0.258977273,25.0000,3.718645096,3.758299351,1.645797253
2026-07-29T21:40:31.777949+00:00,1670.502381,current,rgb,80.000,-45.000,14,700,0.258700,0.258892045,25.0000,3.718662262,3.758222580,1.645791769
2026-07-29T21:40:31.928354+00:00,1670.652788,current,rgb,80.000,-45.000,15,700,0.258700,0.259005682,25.0000,3.718822241,3.758069277,1.645703435
2026-07-29T21:40:32.078888+00:00,1670.803321,current,rgb,80.000,-45.000,16,700,0.258700,0.259005682,25.0000,3.718603849,3.758193016,1.645907283
2026-07-29T21:40:32.229243+00:00,1670.953678,current,rgb,80.000,-45.000,17,700,0.258700,0.258977273,25.0000,3.718654633,3.758232594,1.645810366
2026-07-29T21:40:32.379638+00:00,1671.104072,current,rgb,80.000,-45.000,18,700,0.258700,0.258948864,25.0000,3.718833923,3.758389711,1.645696640
2026-07-29T21:40:32.530008+00:00,1671.254443,current,rgb,80.000,-45.000,19,700,0.258700,0.258892045,25.0000,3.718825817,3.758338451,1.645827413
2026-07-29T21:40:36.231249+00:00,1674.955679,current,rgb,80.000,0.000,0,700,0.258700,0.258948864,25.0000,3.719462872,3.759154081,1.645687819
2026-07-29T21:40:36.381775+00:00,1675.106207,current,rgb,80.000,0.000,1,700,0.258700,0.258892045,25.0000,3.719368458,3.758983850,1.645836234
2026-07-29T21:40:36.532165+00:00,1675.256599,current,rgb,80.000,0.000,2,700,0.258700,0.258948864,25.0000,3.719330072,3.758857727,1.645692706
2026-07-29T21:40:36.682083+00:00,1675.406510,current,rgb,80.000,0.000,3,700,0.258700,0.258948864,25.0000,3.718750954,3.758717060,1.645714402
2026-07-29T21:40:36.832735+00:00,1675.557167,current,rgb,80.000,0.000,4,700,0.258700,0.258977273,25.0000,3.719029903,3.758687496,1.645728111
2026-07-29T21:40:36.983230+00:00,1675.707663,current,rgb,80.000,0.000,5,700,0.258700,0.258920455,25.0000,3.719232321,3.758810043,1.645679951
2026-07-29T21:40:37.133670+00:00,1675.858103,current,rgb,80.000,0.000,6,700,0.258700,0.258977273,25.0000,3.719190598,3.758807659,1.645732045
2026-07-29T21:40:37.284088+00:00,1676.008523,current,rgb,80.000,0.000,7,700,0.258700,0.259005682,25.0000,3.718998194,3.758699417,1.645509124
2026-07-29T21:40:37.434393+00:00,1676.158824,current,rgb,80.000,0.000,8,700,0.258700,0.259005682,25.0000,3.719098330,3.758792639,1.645805240
2026-07-29T21:40:37.584933+00:00,1676.309363,current,rgb,80.000,0.000,9,700,0.258700,0.258948864,25.0000,3.719046593,3.758746386,1.645866990
2026-07-29T21:40:37.735386+00:00,1676.459820,current,rgb,80.000,0.000,10,700,0.258700,0.259062500,25.0000,3.719097614,3.758540154,1.645614147
2026-07-29T21:40:37.885844+00:00,1676.610278,current,rgb,80.000,0.000,11,700,0.258700,0.259062500,25.0000,3.719079971,3.758741379,1.645958781
2026-07-29T21:40:38.036204+00:00,1676.760638,current,rgb,80.000,0.000,12,700,0.258700,0.259034091,25.0000,3.719110489,3.758752584,1.645836711
2026-07-29T21:40:38.186746+00:00,1676.911173,current,rgb,80.000,0.000,13,700,0.258700,0.258977273,25.0000,3.719283104,3.758891106,1.645688057
2026-07-29T21:40:38.337147+00:00,1677.061577,current,rgb,80.000,0.000,14,700,0.258700,0.259034091,25.0000,3.719178200,3.758911848,1.645119905
2026-07-29T21:40:38.487682+00:00,1677.212116,current,rgb,80.000,0.000,15,700,0.258700,0.259005682,25.0000,3.719088554,3.758774281,1.645579934
2026-07-29T21:40:38.638136+00:00,1677.362568,current,rgb,80.000,0.000,16,700,0.258700,0.259062500,24.9980,3.719200134,3.758818865,1.645765901
2026-07-29T21:40:38.788629+00:00,1677.513063,current,rgb,80.000,0.000,17,700,0.258700,0.259005682,25.0000,3.719233990,3.758925438,1.645761609
2026-07-29T21:40:38.938951+00:00,1677.663384,current,rgb,80.000,0.000,18,700,0.258700,0.258977273,25.0000,3.719265461,3.758760452,1.645583868
2026-07-29T21:40:39.089293+00:00,1677.813726,current,rgb,80.000,0.000,19,700,0.258700,0.259005682,25.0000,3.719289064,3.758933544,1.645786405
2026-07-29T21:40:42.790176+00:00,1681.514605,current,rgb,80.000,45.000,0,700,0.258700,0.258977273,25.0000,3.719694138,3.759117126,1.645729303
2026-07-29T21:40:42.940663+00:00,1681.665096,current,rgb,80.000,45.000,1,700,0.258700,0.259062500,25.0000,3.719691038,3.759220839,1.645829916
2026-07-29T21:40:43.091115+00:00,1681.815547,current,rgb,80.000,45.000,2,700,0.258700,0.259005682,25.0000,3.719606161,3.759171963,1.645671487
2026-07-29T21:40:43.241458+00:00,1681.965892,current,rgb,80.000,45.000,3,700,0.258700,0.258977273,25.0000,3.719779015,3.759256840,1.645774245
2026-07-29T21:40:43.391912+00:00,1682.116346,current,rgb,80.000,45.000,4,700,0.258700,0.258977273,25.0000,3.719688892,3.759221554,1.645863891
2026-07-29T21:40:43.542148+00:00,1682.266583,current,rgb,80.000,45.000,5,700,0.258700,0.259005682,25.0000,3.719775438,3.759262562,1.645543814
2026-07-29T21:40:43.692556+00:00,1682.416989,current,rgb,80.000,45.000,6,700,0.258700,0.259005682,25.0000,3.720002413,3.759700298,1.645676136
2026-07-29T21:40:43.842947+00:00,1682.567381,current,rgb,80.000,45.000,7,700,0.258700,0.258920455,25.0000,3.720242023,3.759579659,1.645432949
2026-07-29T21:40:43.993307+00:00,1682.717739,current,rgb,80.000,45.000,8,700,0.258700,0.258920455,25.0000,3.720166683,3.759530783,1.645753264
2026-07-29T21:40:44.143693+00:00,1682.868127,current,rgb,80.000,45.000,9,700,0.258700,0.258920455,25.0000,3.720311880,3.759795666,1.645715714
2026-07-29T21:40:44.294088+00:00,1683.018522,current,rgb,80.000,45.000,10,700,0.258700,0.258863636,25.0000,3.720101118,3.759610415,1.645536900
2026-07-29T21:40:44.444415+00:00,1683.168851,current,rgb,80.000,45.000,11,700,0.258700,0.258948864,25.0000,3.720239162,3.759805918,1.645694852
2026-07-29T21:40:44.594719+00:00,1683.319152,current,rgb,80.000,45.000,12,700,0.258700,0.258863636,25.0000,3.720191002,3.759737492,1.645838261
2026-07-29T21:40:44.745121+00:00,1683.469555,current,rgb,80.000,45.000,13,700,0.258700,0.258948864,25.0000,3.720102310,3.759683609,1.645649195
2026-07-29T21:40:44.895405+00:00,1683.619840,current,rgb,80.000,45.000,14,700,0.258700,0.258892045,25.0000,3.720298290,3.759837627,1.645717382
2026-07-29T21:40:45.045670+00:00,1683.770105,current,rgb,80.000,45.000,15,700,0.258700,0.258863636,25.0000,3.720256805,3.759820700,1.645679235
2026-07-29T21:40:45.196128+00:00,1683.920558,current,rgb,80.000,45.000,16,700,0.258700,0.258892045,25.0000,3.720014334,3.759424448,1.645667315
2026-07-29T21:40:45.346622+00:00,1684.071055,current,rgb,80.000,45.000,17,700,0.258700,0.258977273,25.0000,3.720058441,3.759626865,1.645590901
2026-07-29T21:40:45.496969+00:00,1684.221404,current,rgb,80.000,45.000,18,700,0.258700,0.258920455,25.0000,3.719868898,3.759446621,1.645500302
2026-07-29T21:40:45.647292+00:00,1684.371725,current,rgb,80.000,45.000,19,700,0.258700,0.258977273,25.0000,3.720082760,3.759523630,1.645657778
2026-07-29T21:40:49.348806+00:00,1688.073235,current,rgb,80.000,90.000,0,700,0.258700,0.258892045,25.0000,3.721086979,3.760156870,1.645671964
2026-07-29T21:40:49.499294+00:00,1688.223728,current,rgb,80.000,90.000,1,700,0.258700,0.258977273,25.0000,3.721062183,3.760087490,1.645865321
2026-07-29T21:40:49.649625+00:00,1688.374058,current,rgb,80.000,90.000,2,700,0.258700,0.258948864,25.0000,3.720937729,3.760018349,1.645913839
2026-07-29T21:40:49.800098+00:00,1688.524531,current,rgb,80.000,90.000,3,700,0.258700,0.258892045,25.0000,3.721058130,3.759953737,1.645710230
2026-07-29T21:40:49.950418+00:00,1688.674852,current,rgb,80.000,90.000,4,700,0.258700,0.258892045,25.0000,3.721164465,3.760213375,1.645723701
2026-07-29T21:40:50.100730+00:00,1688.825163,current,rgb,80.000,90.000,5,700,0.258700,0.258863636,25.0000,3.721092224,3.760080099,1.645694852
2026-07-29T21:40:50.251123+00:00,1688.975556,current,rgb,80.000,90.000,6,700,0.258700,0.258920455,25.0000,3.721234798,3.760308981,1.645706177
2026-07-29T21:40:50.401461+00:00,1689.125894,current,rgb,80.000,90.000,7,700,0.258700,0.258920455,25.0000,3.721124649,3.760126114,1.645942926
2026-07-29T21:40:50.551828+00:00,1689.276262,current,rgb,80.000,90.000,8,700,0.258700,0.258892045,25.0000,3.721055746,3.759996414,1.645768166
2026-07-29T21:40:50.702149+00:00,1689.426582,current,rgb,80.000,90.000,9,700,0.258700,0.258920455,25.0000,3.721210480,3.760274887,1.645770311
2026-07-29T21:40:50.852515+00:00,1689.576950,current,rgb,80.000,90.000,10,700,0.258700,0.258892045,25.0000,3.721159458,3.760179996,1.645795226
2026-07-29T21:40:51.002867+00:00,1689.727297,current,rgb,80.000,90.000,11,700,0.258700,0.258948864,25.0000,3.720818520,3.759689093,1.645649195
2026-07-29T21:40:51.153455+00:00,1689.877885,current,rgb,80.000,90.000,12,700,0.258700,0.258977273,25.0000,3.720883131,3.759890795,1.645768642
2026-07-29T21:40:51.304385+00:00,1690.028813,current,rgb,80.000,90.000,13,700,0.258700,0.258977273,25.0000,3.720719576,3.759730339,1.645754933
2026-07-29T21:40:51.454973+00:00,1690.179407,current,rgb,80.000,90.000,14,700,0.258700,0.258977273,25.0000,3.720952988,3.759915829,1.645869732
2026-07-29T21:40:51.605312+00:00,1690.329745,current,rgb,80.000,90.000,15,700,0.258700,0.258977273,25.0000,3.720939159,3.759976625,1.645846009
2026-07-29T21:40:51.755767+00:00,1690.480195,current,rgb,80.000,90.000,16,700,0.258700,0.258977273,25.0000,3.720875263,3.759901524,1.645636559
2026-07-29T21:40:51.906265+00:00,1690.630698,current,rgb,80.000,90.000,17,700,0.258700,0.258977273,25.0000,3.721047401,3.760075092,1.645763278
2026-07-29T21:40:52.056658+00:00,1690.781091,current,rgb,80.000,90.000,18,700,0.258700,0.258948864,25.0000,3.720955849,3.760133266,1.645894170
2026-07-29T21:40:52.207172+00:00,1690.931600,current,rgb,80.000,90.000,19,700,0.258700,0.258948864,25.0000,3.720984221,3.759848833,1.645169258
2026-07-29T21:41:02.664198+00:00,1701.388627,current,dark,85.000,-90.000,0,0,,0.000710227,25.0000,4.896457672,4.903100014,1.649730563
2026-07-29T21:41:02.814733+00:00,1701.539166,current,dark,85.000,-90.000,1,0,,0.000710227,25.0000,4.896452427,4.903120995,1.649602890
2026-07-29T21:41:02.965099+00:00,1701.689531,current,dark,85.000,-90.000,2,0,,0.000710227,25.0000,4.896447659,4.903136253,1.649683952
2026-07-29T21:41:03.115439+00:00,1701.839872,current,dark,85.000,-90.000,3,0,,0.000710227,25.0000,4.896437645,4.903118134,1.649437308
2026-07-29T21:41:03.265770+00:00,1701.990205,current,dark,85.000,-90.000,4,0,,0.000710227,25.0000,4.896436214,4.903099060,1.648752809
2026-07-29T21:41:03.416129+00:00,1702.140564,current,dark,85.000,-90.000,5,0,,0.000710227,25.0000,4.896438599,4.903098106,1.649814725
2026-07-29T21:41:03.566500+00:00,1702.290934,current,dark,85.000,-90.000,6,0,,0.000710227,25.0000,4.896433830,4.903117180,1.649564981
2026-07-29T21:41:03.716861+00:00,1702.441294,current,dark,85.000,-90.000,7,0,,0.000738636,25.0000,4.896446228,4.903121471,1.649533987
2026-07-29T21:41:03.867232+00:00,1702.591666,current,dark,85.000,-90.000,8,0,,0.000710227,25.0000,4.896450043,4.903121471,1.649515986
2026-07-29T21:41:04.017569+00:00,1702.742003,current,dark,85.000,-90.000,9,0,,0.000710227,25.0000,4.896460533,4.903131008,1.649526477
2026-07-29T21:41:04.167860+00:00,1702.892294,current,dark,85.000,-90.000,10,0,,0.000710227,25.0000,4.896454334,4.903129578,1.649619699
2026-07-29T21:41:04.318178+00:00,1703.042612,current,dark,85.000,-90.000,11,0,,0.000710227,25.0000,4.896450043,4.903131485,1.649392366
2026-07-29T21:41:04.468464+00:00,1703.192897,current,dark,85.000,-90.000,12,0,,0.000710227,25.0399,4.896444321,4.903116703,1.649427056
2026-07-29T21:41:04.618817+00:00,1703.343251,current,dark,85.000,-90.000,13,0,,0.000710227,25.0000,4.896451950,4.903128624,1.649725437
2026-07-29T21:41:04.769178+00:00,1703.493612,current,dark,85.000,-90.000,14,0,,0.000738636,25.0000,4.896446228,4.903125286,1.649465919
2026-07-29T21:41:04.919433+00:00,1703.643868,current,dark,85.000,-90.000,15,0,,0.000710227,25.0000,4.896432877,4.903110981,1.649546027
2026-07-29T21:41:05.069663+00:00,1703.794098,current,dark,85.000,-90.000,16,0,,0.000738636,25.0000,4.896433830,4.903108597,1.649547219
2026-07-29T21:41:05.220112+00:00,1703.944545,current,dark,85.000,-90.000,17,0,,0.000710227,25.0000,4.896431446,4.903125286,1.649528861
2026-07-29T21:41:05.370385+00:00,1704.094818,current,dark,85.000,-90.000,18,0,,0.000710227,25.0000,4.896440983,4.903129578,1.649619222
2026-07-29T21:41:05.520694+00:00,1704.245129,current,dark,85.000,-90.000,19,0,,0.000710227,25.0000,4.896446705,4.903122425,1.649396539
2026-07-29T21:41:09.714862+00:00,1708.439291,current,rgb,85.000,-90.000,0,700,0.258700,0.258948864,25.0000,3.716178894,3.755643845,1.647676349
2026-07-29T21:41:09.865384+00:00,1708.589815,current,rgb,85.000,-90.000,1,700,0.258700,0.258892045,24.9980,3.715810776,3.755411625,1.647395849
2026-07-29T21:41:10.015850+00:00,1708.740284,current,rgb,85.000,-90.000,2,700,0.258700,0.258977273,25.0000,3.716034412,3.755617380,1.647547483
2026-07-29T21:41:10.166170+00:00,1708.890603,current,rgb,85.000,-90.000,3,700,0.258700,0.258948864,25.0000,3.716081381,3.755542994,1.647690535
2026-07-29T21:41:10.316638+00:00,1709.041071,current,rgb,85.000,-90.000,4,700,0.258700,0.259005682,25.0000,3.716025829,3.755442619,1.647446394
2026-07-29T21:41:10.466963+00:00,1709.191398,current,rgb,85.000,-90.000,5,700,0.258700,0.259034091,25.0000,3.716087580,3.755609035,1.647757411
2026-07-29T21:41:10.617338+00:00,1709.341768,current,rgb,85.000,-90.000,6,700,0.258700,0.258948864,25.0000,3.716169834,3.755764484,1.647719502
2026-07-29T21:41:10.767778+00:00,1709.492210,current,rgb,85.000,-90.000,7,700,0.258700,0.258948864,25.0000,3.716539860,3.756010532,1.647521019
2026-07-29T21:41:10.918172+00:00,1709.642607,current,rgb,85.000,-90.000,8,700,0.258700,0.258948864,25.0000,3.716373444,3.755903721,1.647685885
2026-07-29T21:41:11.068539+00:00,1709.792972,current,rgb,85.000,-90.000,9,700,0.258700,0.258977273,25.0000,3.716397524,3.755904198,1.647493958
2026-07-29T21:41:11.218819+00:00,1709.943253,current,rgb,85.000,-90.000,10,700,0.258700,0.258977273,25.0000,3.716600418,3.756122828,1.647477865
2026-07-29T21:41:11.369142+00:00,1710.093575,current,rgb,85.000,-90.000,11,700,0.258700,0.258977273,25.0000,3.716509104,3.756057024,1.647695899
2026-07-29T21:41:11.519410+00:00,1710.243844,current,rgb,85.000,-90.000,12,700,0.258700,0.258948864,25.0000,3.716855049,3.756056309,1.647091627
2026-07-29T21:41:11.669960+00:00,1710.394386,current,rgb,85.000,-90.000,13,700,0.258700,0.258977273,25.0000,3.716786146,3.756268978,1.647591829
2026-07-29T21:41:11.820559+00:00,1710.544990,current,rgb,85.000,-90.000,14,700,0.258700,0.259005682,25.0000,3.716814518,3.756310701,1.647484660
2026-07-29T21:41:11.971137+00:00,1710.695570,current,rgb,85.000,-90.000,15,700,0.258700,0.259005682,25.0000,3.717005253,3.756544113,1.647387505
2026-07-29T21:41:12.121692+00:00,1710.846124,current,rgb,85.000,-90.000,16,700,0.258700,0.258977273,25.0000,3.716864109,3.756373405,1.647767425
2026-07-29T21:41:12.272358+00:00,1710.996785,current,rgb,85.000,-90.000,17,700,0.258700,0.258977273,25.0000,3.716903925,3.756422997,1.647515655
2026-07-29T21:41:12.422878+00:00,1711.147310,current,rgb,85.000,-90.000,18,700,0.258700,0.258977273,25.0000,3.717193604,3.756661892,1.647469044
2026-07-29T21:41:12.573241+00:00,1711.297674,current,rgb,85.000,-90.000,19,700,0.258700,0.258948864,25.0000,3.717012644,3.756573677,1.647652864
2026-07-29T21:41:16.274384+00:00,1714.998813,current,rgb,85.000,-45.000,0,700,0.258700,0.258892045,25.0000,3.718517065,3.758108139,1.647350430
2026-07-29T21:41:16.424843+00:00,1715.149277,current,rgb,85.000,-45.000,1,700,0.258700,0.258835227,25.0000,3.718486309,3.758048058,1.647379041
2026-07-29T21:41:16.575251+00:00,1715.299685,current,rgb,85.000,-45.000,2,700,0.258700,0.258835227,25.0000,3.718595028,3.757973671,1.647266865
2026-07-29T21:41:16.725777+00:00,1715.450205,current,rgb,85.000,-45.000,3,700,0.258700,0.258863636,25.0000,3.718223333,3.757719517,1.647430062
2026-07-29T21:41:16.876268+00:00,1715.600700,current,rgb,85.000,-45.000,4,700,0.258700,0.258977273,25.0000,3.718133926,3.757685661,1.647244215
2026-07-29T21:41:17.026694+00:00,1715.751126,current,rgb,85.000,-45.000,5,700,0.258700,0.258920455,25.0000,3.718634129,3.758177757,1.647224665
2026-07-29T21:41:17.177219+00:00,1715.901651,current,rgb,85.000,-45.000,6,700,0.258700,0.258750000,25.0000,3.718262911,3.757891417,1.647426367
2026-07-29T21:41:17.327690+00:00,1716.052124,current,rgb,85.000,-45.000,7,700,0.258700,0.258920455,25.0000,3.718130589,3.757756710,1.647214890
2026-07-29T21:41:17.478066+00:00,1716.202490,current,rgb,85.000,-45.000,8,700,0.258700,0.258977273,25.0000,3.717832565,3.757596016,1.647547960
2026-07-29T21:41:17.628574+00:00,1716.353002,current,rgb,85.000,-45.000,9,700,0.258700,0.258948864,25.0000,3.718390703,3.758020878,1.647313356
2026-07-29T21:41:17.779240+00:00,1716.503671,current,rgb,85.000,-45.000,10,700,0.258700,0.258920455,25.0000,3.718571424,3.757914305,1.647197127
2026-07-29T21:41:17.929608+00:00,1716.654042,current,rgb,85.000,-45.000,11,700,0.258700,0.258920455,25.0000,3.718444347,3.758002758,1.647407293
2026-07-29T21:41:18.079933+00:00,1716.804364,current,rgb,85.000,-45.000,12,700,0.258700,0.258948864,25.0000,3.718348742,3.757908821,1.647253275
2026-07-29T21:41:18.230417+00:00,1716.954850,current,rgb,85.000,-45.000,13,700,0.258700,0.258948864,25.0000,3.718478203,3.758051634,1.647446394
2026-07-29T21:41:18.380797+00:00,1717.105231,current,rgb,85.000,-45.000,14,700,0.258700,0.258920455,25.0000,3.718499184,3.758028984,1.647414684
2026-07-29T21:41:18.531111+00:00,1717.255544,current,rgb,85.000,-45.000,15,700,0.258700,0.258892045,25.0000,3.718468189,3.758025169,1.647173882
2026-07-29T21:41:18.681438+00:00,1717.405873,current,rgb,85.000,-45.000,16,700,0.258700,0.258948864,25.0000,3.718581676,3.758236885,1.647329211
2026-07-29T21:41:18.831836+00:00,1717.556270,current,rgb,85.000,-45.000,17,700,0.258700,0.258948864,25.0000,3.718815804,3.758374691,1.647406101
2026-07-29T21:41:18.982128+00:00,1717.706562,current,rgb,85.000,-45.000,18,700,0.258700,0.258835227,25.0000,3.718991756,3.758502007,1.647404671
2026-07-29T21:41:19.132514+00:00,1717.856948,current,rgb,85.000,-45.000,19,700,0.258700,0.258892045,25.0000,3.719048500,3.758554697,1.647316933
2026-07-29T21:41:22.833334+00:00,1721.557763,current,rgb,85.000,0.000,0,700,0.258700,0.258948864,24.9980,3.718960762,3.758612871,1.647353888
2026-07-29T21:41:22.983898+00:00,1721.708329,current,rgb,85.000,0.000,1,700,0.258700,0.258977273,25.0000,3.718863010,3.758454084,1.647497416
2026-07-29T21:41:23.134352+00:00,1721.858782,current,rgb,85.000,0.000,2,700,0.258700,0.259005682,25.0000,3.718817472,3.758468628,1.647230029
2026-07-29T21:41:23.284867+00:00,1722.009298,current,rgb,85.000,0.000,3,700,0.258700,0.259062500,24.9980,3.719075203,3.758675098,1.647240281
2026-07-29T21:41:23.435380+00:00,1722.159814,current,rgb,85.000,0.000,4,700,0.258700,0.258948864,25.0000,3.719052792,3.758620977,1.647289395
2026-07-29T21:41:23.585957+00:00,1722.310383,current,rgb,85.000,0.000,5,700,0.258700,0.258948864,25.0000,3.719047546,3.758500099,1.647110224
2026-07-29T21:41:23.736634+00:00,1722.461066,current,rgb,85.000,0.000,6,700,0.258700,0.258977273,25.0000,3.719184637,3.758763790,1.647239566
2026-07-29T21:41:23.887012+00:00,1722.611445,current,rgb,85.000,0.000,7,700,0.258700,0.258948864,25.0000,3.718960524,3.758534908,1.647226453
2026-07-29T21:41:24.037385+00:00,1722.761819,current,rgb,85.000,0.000,8,700,0.258700,0.258977273,25.0000,3.719123840,3.758767128,1.647220969
2026-07-29T21:41:24.187818+00:00,1722.912252,current,rgb,85.000,0.000,9,700,0.258700,0.258977273,25.0000,3.719007730,3.758561850,1.647443414
2026-07-29T21:41:24.338135+00:00,1723.062569,current,rgb,85.000,0.000,10,700,0.258700,0.258977273,25.0000,3.719033003,3.758632660,1.647314072
2026-07-29T21:41:24.488462+00:00,1723.212897,current,rgb,85.000,0.000,11,700,0.258700,0.258977273,25.0000,3.719294310,3.758866310,1.647208810
2026-07-29T21:41:24.638796+00:00,1723.363229,current,rgb,85.000,0.000,12,700,0.258700,0.258920455,25.0000,3.719039440,3.758660316,1.647382855
2026-07-29T21:41:24.789189+00:00,1723.513620,current,rgb,85.000,0.000,13,700,0.258700,0.258892045,25.0000,3.719141960,3.758683443,1.647221804
2026-07-29T21:41:24.939555+00:00,1723.663990,current,rgb,85.000,0.000,14,700,0.258700,0.258920455,25.0000,3.719294071,3.758903503,1.647212029
2026-07-29T21:41:25.089828+00:00,1723.814261,current,rgb,85.000,0.000,15,700,0.258700,0.258920455,25.0000,3.719061375,3.758682013,1.647089720
2026-07-29T21:41:25.240155+00:00,1723.964589,current,rgb,85.000,0.000,16,700,0.258700,0.259005682,25.0000,3.719192028,3.758802414,1.647313356
2026-07-29T21:41:25.390476+00:00,1724.114910,current,rgb,85.000,0.000,17,700,0.258700,0.258948864,25.0000,3.719196796,3.758732080,1.646939516
2026-07-29T21:41:25.540748+00:00,1724.265183,current,rgb,85.000,0.000,18,700,0.258700,0.258920455,25.0000,3.719102383,3.758718491,1.647297144
2026-07-29T21:41:25.691027+00:00,1724.415460,current,rgb,85.000,0.000,19,700,0.258700,0.258948864,25.0000,3.719296455,3.758921385,1.647439241
2026-07-29T21:41:29.391925+00:00,1728.116355,current,rgb,85.000,45.000,0,700,0.258700,0.258892045,25.0000,3.719894648,3.759438038,1.647129774
2026-07-29T21:41:29.542512+00:00,1728.266946,current,rgb,85.000,45.000,1,700,0.258700,0.258948864,25.0000,3.719966412,3.759670496,1.647296429
2026-07-29T21:41:29.693044+00:00,1728.417474,current,rgb,85.000,45.000,2,700,0.258700,0.258863636,25.0000,3.719787836,3.759430647,1.647416115
2026-07-29T21:41:29.843577+00:00,1728.568009,current,rgb,85.000,45.000,3,700,0.258700,0.258892045,25.0000,3.720081329,3.759528637,1.647421241
2026-07-29T21:41:29.993963+00:00,1728.718394,current,rgb,85.000,45.000,4,700,0.258700,0.258835227,25.0000,3.719970226,3.759551525,1.647355556
2026-07-29T21:41:30.144442+00:00,1728.868875,current,rgb,85.000,45.000,5,700,0.258700,0.258835227,25.0000,3.719869614,3.759438992,1.647220731
2026-07-29T21:41:30.294888+00:00,1729.019319,current,rgb,85.000,45.000,6,700,0.258700,0.258863636,25.0000,3.719734907,3.759327173,1.647452235
2026-07-29T21:41:30.445293+00:00,1729.169727,current,rgb,85.000,45.000,7,700,0.258700,0.258977273,25.0000,3.719775200,3.759374380,1.647497416
2026-07-29T21:41:30.595714+00:00,1729.320147,current,rgb,85.000,45.000,8,700,0.258700,0.258948864,25.0000,3.719622850,3.759160042,1.647171736
2026-07-29T21:41:30.746151+00:00,1729.470582,current,rgb,85.000,45.000,9,700,0.258700,0.259034091,25.0000,3.719755411,3.759290695,1.647384405
2026-07-29T21:41:30.896576+00:00,1729.621010,current,rgb,85.000,45.000,10,700,0.258700,0.258948864,25.0000,3.719785690,3.759222507,1.647050142
2026-07-29T21:41:31.046949+00:00,1729.771382,current,rgb,85.000,45.000,11,700,0.258700,0.258977273,25.0000,3.719749451,3.759374142,1.647389770
2026-07-29T21:41:31.197363+00:00,1729.921797,current,rgb,85.000,45.000,12,700,0.258700,0.258948864,25.0000,3.719722748,3.759295702,1.647436142
2026-07-29T21:41:31.347697+00:00,1730.072130,current,rgb,85.000,45.000,13,700,0.258700,0.259005682,25.0000,3.719810963,3.759322405,1.647212029
2026-07-29T21:41:31.498065+00:00,1730.222499,current,rgb,85.000,45.000,14,700,0.258700,0.258977273,25.0000,3.719947338,3.759496212,1.647334337
2026-07-29T21:41:31.648430+00:00,1730.372864,current,rgb,85.000,45.000,15,700,0.258700,0.258920455,25.0000,3.719870567,3.759417534,1.647341847
2026-07-29T21:41:31.798836+00:00,1730.523265,current,rgb,85.000,45.000,16,700,0.258700,0.258920455,25.0000,3.719870567,3.759267092,1.647205591
2026-07-29T21:41:31.949288+00:00,1730.673720,current,rgb,85.000,45.000,17,700,0.258700,0.258977273,25.0000,3.719799519,3.759447336,1.647392154
2026-07-29T21:41:32.099672+00:00,1730.824106,current,rgb,85.000,45.000,18,700,0.258700,0.258892045,25.0000,3.719784260,3.759349585,1.647347212
2026-07-29T21:41:32.250090+00:00,1730.974522,current,rgb,85.000,45.000,19,700,0.258700,0.258920455,25.0000,3.719967365,3.759426117,1.647258401
2026-07-29T21:41:35.950974+00:00,1734.675402,current,rgb,85.000,90.000,0,700,0.258700,0.258920455,25.0000,3.720376492,3.759498835,1.647278905
2026-07-29T21:41:36.101445+00:00,1734.825879,current,rgb,85.000,90.000,1,700,0.258700,0.259005682,25.0000,3.720529079,3.759585857,1.647296667
2026-07-29T21:41:36.251852+00:00,1734.976285,current,rgb,85.000,90.000,2,700,0.258700,0.259034091,25.0000,3.720584154,3.759650230,1.647386789
2026-07-29T21:41:36.402231+00:00,1735.126665,current,rgb,85.000,90.000,3,700,0.258700,0.258977273,25.0000,3.720542192,3.759629726,1.647111654
2026-07-29T21:41:36.552634+00:00,1735.277067,current,rgb,85.000,90.000,4,700,0.258700,0.258977273,25.0000,3.720551491,3.759630919,1.647414088
2026-07-29T21:41:36.703069+00:00,1735.427496,current,rgb,85.000,90.000,5,700,0.258700,0.258920455,25.0000,3.720586538,3.759573698,1.647397280
2026-07-29T21:41:36.853799+00:00,1735.578227,current,rgb,85.000,90.000,6,700,0.258700,0.259005682,25.0000,3.720705986,3.759559631,1.646999121
2026-07-29T21:41:37.004362+00:00,1735.728794,current,rgb,85.000,90.000,7,700,0.258700,0.259005682,25.0000,3.720487595,3.759581566,1.647505879
2026-07-29T21:41:37.154795+00:00,1735.879228,current,rgb,85.000,90.000,8,700,0.258700,0.259090909,25.0000,3.720508099,3.759536505,1.647312880
2026-07-29T21:41:37.305179+00:00,1736.029612,current,rgb,85.000,90.000,9,700,0.258700,0.258977273,25.0000,3.720698357,3.759749174,1.647325993
2026-07-29T21:41:37.455523+00:00,1736.179953,current,rgb,85.000,90.000,10,700,0.258700,0.258977273,25.0000,3.720680475,3.759743929,1.647327423
2026-07-29T21:41:37.605495+00:00,1736.329925,current,rgb,85.000,90.000,11,700,0.258700,0.258920455,25.0000,3.720577717,3.759640217,1.647107720
2026-07-29T21:41:37.756005+00:00,1736.480438,current,rgb,85.000,90.000,12,700,0.258700,0.258977273,25.0000,3.720601559,3.759787321,1.647198558
2026-07-29T21:41:37.906374+00:00,1736.630808,current,rgb,85.000,90.000,13,700,0.258700,0.258920455,25.0000,3.720512629,3.759641409,1.647382855
2026-07-29T21:41:38.056717+00:00,1736.781150,current,rgb,85.000,90.000,14,700,0.258700,0.259034091,25.0000,3.720715523,3.759664536,1.647258162
2026-07-29T21:41:38.207041+00:00,1736.931473,current,rgb,85.000,90.000,15,700,0.258700,0.258948864,25.0000,3.720712900,3.759806395,1.647309422
2026-07-29T21:41:38.357779+00:00,1737.082210,current,rgb,85.000,90.000,16,700,0.258700,0.258920455,25.0000,3.720726490,3.759789467,1.647140503
2026-07-29T21:41:38.508247+00:00,1737.232674,current,rgb,85.000,90.000,17,700,0.258700,0.258948864,25.0000,3.720675707,3.759899616,1.647272348
2026-07-29T21:41:38.658788+00:00,1737.383220,current,rgb,85.000,90.000,18,700,0.258700,0.258948864,25.0000,3.720679283,3.759710550,1.647490501
2026-07-29T21:41:38.809193+00:00,1737.533626,current,rgb,85.000,90.000,19,700,0.258700,0.258948864,25.0000,3.720620632,3.759727955,1.647272348
2026-07-29T21:41:49.263591+00:00,1747.988020,current,dark,90.000,-90.000,0,0,,0.000710227,25.0000,4.896363735,4.903151035,1.649671912
2026-07-29T21:41:49.414228+00:00,1748.138660,current,dark,90.000,-90.000,1,0,,0.000710227,25.0000,4.896358967,4.903139591,1.649479270
2026-07-29T21:41:49.564661+00:00,1748.289094,current,dark,90.000,-90.000,2,0,,0.000710227,25.0000,4.896368504,4.903154850,1.649608254
2026-07-29T21:41:49.715008+00:00,1748.439440,current,dark,90.000,-90.000,3,0,,0.000710227,25.0000,4.896369457,4.903153896,1.649559140
2026-07-29T21:41:49.865297+00:00,1748.589732,current,dark,90.000,-90.000,4,0,,0.000710227,25.0000,4.896376133,4.903127670,1.649556279
2026-07-29T21:41:50.015679+00:00,1748.740114,current,dark,90.000,-90.000,5,0,,0.000710227,25.0000,4.896370411,4.903139591,1.649616480
2026-07-29T21:41:50.166023+00:00,1748.890457,current,dark,90.000,-90.000,6,0,,0.000710227,25.0000,4.896383286,4.903140545,1.649393678
2026-07-29T21:41:50.316351+00:00,1749.040786,current,dark,90.000,-90.000,7,0,,0.000710227,25.0000,4.896381378,4.903151035,1.648781300
2026-07-29T21:41:50.466743+00:00,1749.191178,current,dark,90.000,-90.000,8,0,,0.000710227,25.0000,4.896371365,4.903131485,1.649830341
2026-07-29T21:41:50.617008+00:00,1749.341442,current,dark,90.000,-90.000,9,0,,0.000710227,25.0000,4.896385193,4.903150082,1.649567246
2026-07-29T21:41:50.767299+00:00,1749.491733,current,dark,90.000,-90.000,10,0,,0.000710227,25.0000,4.896392345,4.903127670,1.649579883
2026-07-29T21:41:50.917644+00:00,1749.642079,current,dark,90.000,-90.000,11,0,,0.000710227,25.0000,4.896372795,4.903139591,1.649479628
2026-07-29T21:41:51.068008+00:00,1749.792441,current,dark,90.000,-90.000,12,0,,0.000738636,25.0000,4.896392345,4.903136253,1.649486184
2026-07-29T21:41:51.218367+00:00,1749.942801,current,dark,90.000,-90.000,13,0,,0.000710227,25.0000,4.896374702,4.903133392,1.649546981
2026-07-29T21:41:51.368697+00:00,1750.093131,current,dark,90.000,-90.000,14,0,,0.000710227,25.0000,4.896392345,4.903132915,1.649403453
2026-07-29T21:41:51.518955+00:00,1750.243390,current,dark,90.000,-90.000,15,0,,0.000710227,25.0000,4.896387577,4.903138638,1.649542332
2026-07-29T21:41:51.669241+00:00,1750.393676,current,dark,90.000,-90.000,16,0,,0.000710227,25.0000,4.896397591,4.903122902,1.649587035
2026-07-29T21:41:51.819607+00:00,1750.544036,current,dark,90.000,-90.000,17,0,,0.000710227,25.0000,4.896385193,4.903122902,1.649495244
2026-07-29T21:41:51.970161+00:00,1750.694593,current,dark,90.000,-90.000,18,0,,0.000710227,25.0000,4.896392345,4.903118134,1.649623156
2026-07-29T21:41:52.120646+00:00,1750.845079,current,dark,90.000,-90.000,19,0,,0.000710227,25.0000,4.896395683,4.903131485,1.649548173
2026-07-29T21:41:56.314864+00:00,1755.039293,current,rgb,90.000,-90.000,0,700,0.258700,0.258892045,25.0000,3.716006517,3.755617619,1.649001241
2026-07-29T21:41:56.465328+00:00,1755.189760,current,rgb,90.000,-90.000,1,700,0.258700,0.258920455,25.0000,3.716089725,3.755625248,1.649018168
2026-07-29T21:41:56.615693+00:00,1755.340127,current,rgb,90.000,-90.000,2,700,0.258700,0.258920455,25.0000,3.716220856,3.755722523,1.649070144
2026-07-29T21:41:56.766104+00:00,1755.490532,current,rgb,90.000,-90.000,3,700,0.258700,0.258977273,25.0000,3.716206789,3.755779743,1.649229765
2026-07-29T21:41:56.916600+00:00,1755.641033,current,rgb,90.000,-90.000,4,700,0.258700,0.258977273,25.0000,3.716204405,3.755680561,1.648928523
2026-07-29T21:41:57.066949+00:00,1755.791383,current,rgb,90.000,-90.000,5,700,0.258700,0.258948864,25.0000,3.716333389,3.755862713,1.649144411
2026-07-29T21:41:57.217385+00:00,1755.941816,current,rgb,90.000,-90.000,6,700,0.258700,0.258948864,25.0000,3.716298103,3.755799770,1.649254203
2026-07-29T21:41:57.367841+00:00,1756.092273,current,rgb,90.000,-90.000,7,700,0.258700,0.258920455,25.0000,3.716493130,3.755755663,1.649125099
2026-07-29T21:41:57.518134+00:00,1756.242568,current,rgb,90.000,-90.000,8,700,0.258700,0.258977273,25.0000,3.716397047,3.755806923,1.649376035
2026-07-29T21:41:57.668593+00:00,1756.393022,current,rgb,90.000,-90.000,9,700,0.258700,0.258948864,25.0000,3.716532946,3.756011486,1.649211049
2026-07-29T21:41:57.818975+00:00,1756.543409,current,rgb,90.000,-90.000,10,700,0.258700,0.258948864,25.0000,3.716663122,3.756224632,1.649099231
2026-07-29T21:41:57.969335+00:00,1756.693769,current,rgb,90.000,-90.000,11,700,0.258700,0.258948864,25.0000,3.716649532,3.756142616,1.649234891
2026-07-29T21:41:58.119701+00:00,1756.844135,current,rgb,90.000,-90.000,12,700,0.258700,0.258977273,25.0000,3.716722012,3.756206036,1.649039149
2026-07-29T21:41:58.270054+00:00,1756.994489,current,rgb,90.000,-90.000,13,700,0.258700,0.258948864,25.0000,3.716921329,3.756432772,1.649063826
2026-07-29T21:41:58.420339+00:00,1757.144773,current,rgb,90.000,-90.000,14,700,0.258700,0.258892045,25.0000,3.716758728,3.756305695,1.649286509
2026-07-29T21:41:58.570621+00:00,1757.295055,current,rgb,90.000,-90.000,15,700,0.258700,0.258948864,25.0000,3.717184544,3.756327391,1.648869276
2026-07-29T21:41:58.721084+00:00,1757.445510,current,rgb,90.000,-90.000,16,700,0.258700,0.259005682,25.0000,3.716984272,3.756582737,1.649342656
2026-07-29T21:41:58.871866+00:00,1757.596294,current,rgb,90.000,-90.000,17,700,0.258700,0.258920455,25.0000,3.717225552,3.756840467,1.648639917
2026-07-29T21:41:59.022312+00:00,1757.746745,current,rgb,90.000,-90.000,18,700,0.258700,0.258892045,25.0000,3.717417240,3.756965160,1.649252295
2026-07-29T21:41:59.172676+00:00,1757.897110,current,rgb,90.000,-90.000,19,700,0.258700,0.258835227,25.0000,3.717381954,3.756909847,1.649230003
2026-07-29T21:42:02.873863+00:00,1761.598292,current,rgb,90.000,-45.000,0,700,0.258700,0.258948864,25.0000,3.718237400,3.757789135,1.648989081
2026-07-29T21:42:03.024352+00:00,1761.748786,current,rgb,90.000,-45.000,1,700,0.258700,0.258977273,25.0000,3.718226433,3.757809401,1.649045229
2026-07-29T21:42:03.174662+00:00,1761.899095,current,rgb,90.000,-45.000,2,700,0.258700,0.258920455,25.0000,3.718173742,3.757708311,1.648857713
2026-07-29T21:42:03.325018+00:00,1762.049452,current,rgb,90.000,-45.000,3,700,0.258700,0.258892045,25.0000,3.718307257,3.757898808,1.649009824
2026-07-29T21:42:03.475271+00:00,1762.199707,current,rgb,90.000,-45.000,4,700,0.258700,0.258920455,25.0000,3.718219995,3.757840157,1.649000049
2026-07-29T21:42:03.625603+00:00,1762.350037,current,rgb,90.000,-45.000,5,700,0.258700,0.258948864,25.0000,3.718422890,3.757852077,1.648944139
2026-07-29T21:42:03.776061+00:00,1762.500496,current,rgb,90.000,-45.000,6,700,0.258700,0.258948864,25.0000,3.718230963,3.757937193,1.649145365
2026-07-29T21:42:03.926388+00:00,1762.650821,current,rgb,90.000,-45.000,7,700,0.258700,0.258892045,25.0000,3.718589306,3.758177757,1.648934126
2026-07-29T21:42:04.076797+00:00,1762.801227,current,rgb,90.000,-45.000,8,700,0.258700,0.258892045,25.0000,3.719082117,3.758594990,1.649032831
2026-07-29T21:42:04.227225+00:00,1762.951659,current,rgb,90.000,-45.000,9,700,0.258700,0.258778409,25.0000,3.718783379,3.758338690,1.649080157
2026-07-29T21:42:04.377595+00:00,1763.102028,current,rgb,90.000,-45.000,10,700,0.258700,0.258863636,25.0000,3.718646765,3.758161306,1.648921251
2026-07-29T21:42:04.527884+00:00,1763.252318,current,rgb,90.000,-45.000,11,700,0.258700,0.258920455,25.0000,3.718716621,3.758310318,1.649214864
2026-07-29T21:42:04.678374+00:00,1763.402807,current,rgb,90.000,-45.000,12,700,0.258700,0.258778409,25.0000,3.718818665,3.758386612,1.649044037
2026-07-29T21:42:04.828980+00:00,1763.553408,current,rgb,90.000,-45.000,13,700,0.258700,0.258863636,25.0000,3.718854189,3.758374453,1.648895860
2026-07-29T21:42:04.979573+00:00,1763.704006,current,rgb,90.000,-45.000,14,700,0.258700,0.258892045,25.0000,3.718835354,3.758435249,1.649173379
2026-07-29T21:42:05.129965+00:00,1763.854397,current,rgb,90.000,-45.000,15,700,0.258700,0.258892045,25.0000,3.718886614,3.758529425,1.648931265
2026-07-29T21:42:05.280375+00:00,1764.004808,current,rgb,90.000,-45.000,16,700,0.258700,0.258806818,25.0000,3.719106913,3.758636713,1.648817897
2026-07-29T21:42:05.430792+00:00,1764.155225,current,rgb,90.000,-45.000,17,700,0.258700,0.258892045,25.0000,3.718915939,3.758542538,1.649072886
2026-07-29T21:42:05.581127+00:00,1764.305554,current,rgb,90.000,-45.000,18,700,0.258700,0.258863636,25.0000,3.718956947,3.758365154,1.648817182
2026-07-29T21:42:05.731695+00:00,1764.456128,current,rgb,90.000,-45.000,19,700,0.258700,0.258920455,25.0000,3.718987703,3.758673668,1.648982763
2026-07-29T21:42:09.432712+00:00,1768.157142,current,rgb,90.000,0.000,0,700,0.258700,0.258920455,25.0000,3.719136477,3.758889198,1.649096251
2026-07-29T21:42:09.583217+00:00,1768.307650,current,rgb,90.000,0.000,1,700,0.258700,0.258835227,25.0000,3.719350815,3.759131908,1.649090171
2026-07-29T21:42:09.733955+00:00,1768.458383,current,rgb,90.000,0.000,2,700,0.258700,0.258778409,25.0000,3.719103575,3.758760929,1.648642182
2026-07-29T21:42:09.884610+00:00,1768.609040,current,rgb,90.000,0.000,3,700,0.258700,0.258920455,25.0000,3.718987942,3.758643627,1.648849249
2026-07-29T21:42:10.035262+00:00,1768.759690,current,rgb,90.000,0.000,4,700,0.258700,0.258920455,25.0000,3.718850613,3.758604765,1.649162173
2026-07-29T21:42:10.185823+00:00,1768.910253,current,rgb,90.000,0.000,5,700,0.258700,0.258948864,25.0000,3.718920946,3.758579254,1.649009109
2026-07-29T21:42:10.336361+00:00,1769.060794,current,rgb,90.000,0.000,6,700,0.258700,0.258948864,25.0000,3.718973637,3.758689404,1.649092078
2026-07-29T21:42:10.486804+00:00,1769.211236,current,rgb,90.000,0.000,7,700,0.258700,0.258920455,25.0000,3.718857765,3.758619785,1.649218559
2026-07-29T21:42:10.637145+00:00,1769.361578,current,rgb,90.000,0.000,8,700,0.258700,0.258948864,25.0000,3.719002724,3.758443832,1.649075985
2026-07-29T21:42:10.787589+00:00,1769.512021,current,rgb,90.000,0.000,9,700,0.258700,0.259034091,25.0000,3.718904257,3.758611202,1.649308920
2026-07-29T21:42:10.938034+00:00,1769.662468,current,rgb,90.000,0.000,10,700,0.258700,0.259005682,25.0000,3.718973637,3.758714199,1.649091840
2026-07-29T21:42:11.088445+00:00,1769.812879,current,rgb,90.000,0.000,11,700,0.258700,0.258977273,25.0000,3.719179630,3.758831978,1.649053812
2026-07-29T21:42:11.238781+00:00,1769.963216,current,rgb,90.000,0.000,12,700,0.258700,0.258892045,25.0000,3.719058514,3.758801937,1.649119496
2026-07-29T21:42:11.389143+00:00,1770.113578,current,rgb,90.000,0.000,13,700,0.258700,0.259005682,25.0000,3.718971014,3.758719921,1.648931265
2026-07-29T21:42:11.539462+00:00,1770.263897,current,rgb,90.000,0.000,14,700,0.258700,0.258977273,25.0000,3.719152212,3.758923531,1.649037719
2026-07-29T21:42:11.689961+00:00,1770.414390,current,rgb,90.000,0.000,15,700,0.258700,0.258948864,25.0000,3.719002247,3.758688927,1.649176359
2026-07-29T21:42:11.840569+00:00,1770.564999,current,rgb,90.000,0.000,16,700,0.258700,0.259005682,25.0000,3.719200134,3.758695364,1.649009109
2026-07-29T21:42:11.990989+00:00,1770.715422,current,rgb,90.000,0.000,17,700,0.258700,0.258948864,25.0000,3.719102859,3.758829594,1.649200559
2026-07-29T21:42:12.141321+00:00,1770.865755,current,rgb,90.000,0.000,18,700,0.258700,0.258977273,25.0000,3.718996286,3.758697033,1.648978114
2026-07-29T21:42:12.291678+00:00,1771.016109,current,rgb,90.000,0.000,19,700,0.258700,0.259034091,25.0000,3.719197273,3.758916855,1.649183154
2026-07-29T21:42:15.992364+00:00,1774.716793,current,rgb,90.000,45.000,0,700,0.258700,0.258892045,25.0000,3.719677687,3.759298563,1.649035454
2026-07-29T21:42:16.142820+00:00,1774.867254,current,rgb,90.000,45.000,1,700,0.258700,0.258948864,25.0000,3.719775915,3.759474277,1.649043083
2026-07-29T21:42:16.293172+00:00,1775.017605,current,rgb,90.000,45.000,2,700,0.258700,0.258863636,25.0000,3.719721794,3.759467363,1.649264455
2026-07-29T21:42:16.443541+00:00,1775.167973,current,rgb,90.000,45.000,3,700,0.258700,0.258863636,25.0000,3.719678402,3.759320736,1.649030328
2026-07-29T21:42:16.593944+00:00,1775.318376,current,rgb,90.000,45.000,4,700,0.258700,0.258920455,25.0000,3.719853401,3.759572983,1.649051309
2026-07-29T21:42:16.744409+00:00,1775.468835,current,rgb,90.000,45.000,5,700,0.258700,0.258892045,25.0000,3.719674349,3.759298801,1.648979545
2026-07-29T21:42:16.894891+00:00,1775.619322,current,rgb,90.000,45.000,6,700,0.258700,0.259005682,25.0000,3.719465256,3.759047508,1.649113894
2026-07-29T21:42:17.045206+00:00,1775.769638,current,rgb,90.000,45.000,7,700,0.258700,0.259034091,25.0000,3.719529867,3.759194374,1.649172425
2026-07-29T21:42:17.195696+00:00,1775.920129,current,rgb,90.000,45.000,8,700,0.258700,0.258948864,25.0000,3.719378471,3.759094715,1.648902416
2026-07-29T21:42:17.346126+00:00,1776.070559,current,rgb,90.000,45.000,9,700,0.258700,0.258977273,25.0000,3.719488144,3.759227991,1.649092555
2026-07-29T21:42:17.496503+00:00,1776.220937,current,rgb,90.000,45.000,10,700,0.258700,0.258948864,25.0000,3.719538450,3.759237766,1.649131894
2026-07-29T21:42:17.646971+00:00,1776.371400,current,rgb,90.000,45.000,11,700,0.258700,0.258977273,25.0000,3.719548941,3.759199142,1.648877978
2026-07-29T21:42:17.797520+00:00,1776.521952,current,rgb,90.000,45.000,12,700,0.258700,0.258977273,25.0000,3.719682932,3.759386539,1.648958325
2026-07-29T21:42:17.947868+00:00,1776.672302,current,rgb,90.000,45.000,13,700,0.258700,0.259005682,25.0000,3.719709873,3.759212494,1.648694873
2026-07-29T21:42:18.098159+00:00,1776.822594,current,rgb,90.000,45.000,14,700,0.258700,0.258977273,25.0000,3.719622612,3.759299278,1.649100184
2026-07-29T21:42:18.248462+00:00,1776.972896,current,rgb,90.000,45.000,15,700,0.258700,0.258948864,25.0000,3.719679117,3.759305000,1.649047494
2026-07-29T21:42:18.398839+00:00,1777.123273,current,rgb,90.000,45.000,16,700,0.258700,0.258977273,25.0000,3.719620466,3.759295464,1.648798227
2026-07-29T21:42:18.549101+00:00,1777.273535,current,rgb,90.000,45.000,17,700,0.258700,0.259005682,25.0000,3.719815016,3.759367466,1.648938298
2026-07-29T21:42:18.699398+00:00,1777.423832,current,rgb,90.000,45.000,18,700,0.258700,0.258920455,25.0000,3.719649315,3.759205341,1.649185419
2026-07-29T21:42:18.849680+00:00,1777.574114,current,rgb,90.000,45.000,19,700,0.258700,0.259005682,25.0000,3.720022678,3.759597540,1.649025440
2026-07-29T21:42:22.550419+00:00,1781.274849,current,rgb,90.000,90.000,0,700,0.258700,0.258920455,25.0000,3.720279694,3.759414196,1.649305463
2026-07-29T21:42:22.700819+00:00,1781.425252,current,rgb,90.000,90.000,1,700,0.258700,0.258948864,25.0000,3.720446587,3.759436607,1.649121881
2026-07-29T21:42:22.851230+00:00,1781.575663,current,rgb,90.000,90.000,2,700,0.258700,0.259005682,25.0000,3.720438957,3.759621620,1.649234176
2026-07-29T21:42:23.001456+00:00,1781.725887,current,rgb,90.000,90.000,3,700,0.258700,0.258948864,25.0000,3.720339298,3.759520054,1.649030328
2026-07-29T21:42:23.152010+00:00,1781.876443,current,rgb,90.000,90.000,4,700,0.258700,0.259005682,25.0000,3.720506668,3.759665489,1.649111390
2026-07-29T21:42:23.302376+00:00,1782.026807,current,rgb,90.000,90.000,5,700,0.258700,0.258920455,25.0000,3.720426321,3.759519100,1.649319649
2026-07-29T21:42:23.452796+00:00,1782.177229,current,rgb,90.000,90.000,6,700,0.258700,0.258977273,25.0000,3.720369339,3.759496689,1.649106741
2026-07-29T21:42:23.603234+00:00,1782.327664,current,rgb,90.000,90.000,7,700,0.258700,0.258977273,25.0000,3.720329285,3.759582281,1.649350882
2026-07-29T21:42:23.753635+00:00,1782.478070,current,rgb,90.000,90.000,8,700,0.258700,0.258977273,25.0000,3.720475435,3.759647608,1.649322391
2026-07-29T21:42:23.904275+00:00,1782.628704,current,rgb,90.000,90.000,9,700,0.258700,0.258977273,25.0000,3.720529079,3.759467363,1.649078965
2026-07-29T21:42:24.054802+00:00,1782.779234,current,rgb,90.000,90.000,10,700,0.258700,0.258977273,25.0000,3.720947742,3.760026455,1.649133921
2026-07-29T21:42:24.205081+00:00,1782.929510,current,rgb,90.000,90.000,11,700,0.258700,0.258892045,25.0000,3.720448017,3.759582520,1.648942947
2026-07-29T21:42:24.355576+00:00,1783.080008,current,rgb,90.000,90.000,12,700,0.258700,0.258977273,25.0000,3.720653534,3.759777546,1.649036169
2026-07-29T21:42:24.505909+00:00,1783.230343,current,rgb,90.000,90.000,13,700,0.258700,0.258977273,25.0000,3.720640659,3.759742975,1.649142623
2026-07-29T21:42:24.656269+00:00,1783.380703,current,rgb,90.000,90.000,14,700,0.258700,0.258920455,25.0000,3.720498323,3.759633064,1.648876786
2026-07-29T21:42:24.806711+00:00,1783.531141,current,rgb,90.000,90.000,15,700,0.258700,0.258948864,25.0000,3.720666409,3.759808540,1.649105072
2026-07-29T21:42:24.957266+00:00,1783.681700,current,rgb,90.000,90.000,16,700,0.258700,0.258948864,25.0000,3.720619440,3.759737253,1.649067760
2026-07-29T21:42:25.107649+00:00,1783.832082,current,rgb,90.000,90.000,17,700,0.258700,0.258920455,25.0000,3.720755339,3.759678364,1.648921490
2026-07-29T21:42:25.258022+00:00,1783.982456,current,rgb,90.000,90.000,18,700,0.258700,0.259062500,25.0000,3.720685244,3.759859562,1.649027944
2026-07-29T21:42:25.408353+00:00,1784.132786,current,rgb,90.000,90.000,19,700,0.258700,0.258920455,25.0000,3.720558167,3.759707212,1.648804784
2026-07-29T21:42:36.737661+00:00,1795.462090,current,rgb_repeat,0.000,-90.000,0,700,0.258700,0.258920455,25.0000,3.720942020,3.760577679,1.632880926
2026-07-29T21:42:36.888515+00:00,1795.612944,current,rgb_repeat,0.000,-90.000,1,700,0.258700,0.258920455,25.0000,3.721099854,3.760821342,1.632913351
2026-07-29T21:42:37.039043+00:00,1795.763475,current,rgb_repeat,0.000,-90.000,2,700,0.258700,0.258892045,25.0000,3.720921040,3.760623932,1.633080363
2026-07-29T21:42:37.189425+00:00,1795.913859,current,rgb_repeat,0.000,-90.000,3,700,0.258700,0.258977273,25.0000,3.720921516,3.760523796,1.632958770
2026-07-29T21:42:37.339802+00:00,1796.064235,current,rgb_repeat,0.000,-90.000,4,700,0.258700,0.258977273,25.0000,3.721245766,3.760722637,1.632604837
2026-07-29T21:42:37.490138+00:00,1796.214573,current,rgb_repeat,0.000,-90.000,5,700,0.258700,0.258977273,25.0000,3.720872641,3.760566711,1.633021116
2026-07-29T21:42:37.640530+00:00,1796.364961,current,rgb_repeat,0.000,-90.000,6,700,0.258700,0.258977273,25.0000,3.721034050,3.760703802,1.633054256
2026-07-29T21:42:37.791012+00:00,1796.515444,current,rgb_repeat,0.000,-90.000,7,700,0.258700,0.259034091,25.0000,3.721004009,3.760691643,1.633086562
2026-07-29T21:42:37.941319+00:00,1796.665752,current,rgb_repeat,0.000,-90.000,8,700,0.258700,0.258920455,25.0000,3.721033573,3.760690689,1.632883668
2026-07-29T21:42:38.091675+00:00,1796.816107,current,rgb_repeat,0.000,-90.000,9,700,0.258700,0.258948864,25.0000,3.721200228,3.760851860,1.633000135
2026-07-29T21:42:38.242384+00:00,1796.966814,current,rgb_repeat,0.000,-90.000,10,700,0.258700,0.258977273,25.0000,3.721062660,3.760762453,1.633099914
2026-07-29T21:42:38.392834+00:00,1797.117267,current,rgb_repeat,0.000,-90.000,11,700,0.258700,0.258920455,25.0000,3.721163511,3.760631323,1.632872343
2026-07-29T21:42:38.543207+00:00,1797.267641,current,rgb_repeat,0.000,-90.000,12,700,0.258700,0.258977273,25.0000,3.721055746,3.760727644,1.633124113
2026-07-29T21:42:38.693575+00:00,1797.418010,current,rgb_repeat,0.000,-90.000,13,700,0.258700,0.258977273,25.0000,3.721067429,3.760791779,1.633060575
2026-07-29T21:42:38.843858+00:00,1797.568292,current,rgb_repeat,0.000,-90.000,14,700,0.258700,0.259005682,25.0000,3.721280575,3.760928154,1.632954121
2026-07-29T21:42:38.994093+00:00,1797.718529,current,rgb_repeat,0.000,-90.000,15,700,0.258700,0.258948864,25.0000,3.721566200,3.761244774,1.633030057
2026-07-29T21:42:39.144447+00:00,1797.868881,current,rgb_repeat,0.000,-90.000,16,700,0.258700,0.258835227,25.0000,3.721450329,3.761135101,1.632770061
2026-07-29T21:42:39.294792+00:00,1798.019226,current,rgb_repeat,0.000,-90.000,17,700,0.258700,0.258892045,25.0000,3.721626997,3.761267185,1.633105755
2026-07-29T21:42:39.445197+00:00,1798.169630,current,rgb_repeat,0.000,-90.000,18,700,0.258700,0.258920455,25.0000,3.721474171,3.761172533,1.633180022
2026-07-29T21:42:39.595441+00:00,1798.319874,current,rgb_repeat,0.000,-90.000,19,700,0.258700,0.258920455,25.0000,3.721650839,3.761114120,1.633047938
